Price,Close,High,Low,Open,Volume,ticker
Ticker,AAPL,AAPL,AAPL,AAPL,AAPL,
Date,,,,,,
2021-09-27,141.78968811035156,142.3651683544505,140.2778748536838,141.88723117083788,74150700,AAPL
2021-09-28,138.41493225097656,141.18498292082313,138.20034939372246,139.72192610299075,108972300,AAPL
2021-09-29,139.31227111816406,140.89236770909372,138.53197117688373,138.9611368887371,74602000,AAPL
2021-09-30,138.01499938964844,140.8240726910163,137.80041657451724,140.12180436567434,89056700,AAPL
2021-10-01,139.1366729736328,139.40002732180153,135.68386603878685,138.40514469326044,94639600,AAPL
2021-10-04,135.71311950683594,138.70751560218017,134.8645515046284,138.26858674850567,98322000,AAPL
2021-10-05,137.63461303710938,138.73678711480215,135.9277136552574,136.0545166576062,80861100,AAPL
2021-10-06,138.5027313232422,138.64903107214994,134.962128569818,136.0350430050937,83221100,AAPL
2021-10-07,139.7609100341797,140.66801284222436,139.2049562794912,139.53657886179528,61732700,AAPL
2021-10-08,139.38050842285156,140.6289820985626,139.04888585839274,140.48268240335435,58773200,AAPL
2021-10-11,139.29275512695312,141.2434974770439,138.31738395190774,138.76606124094116,64452200,AAPL
2021-10-12,138.02474975585938,139.72190071402855,137.56632417893402,139.70238912610083,73035900,AAPL
2021-10-13,137.43951416015625,137.9174363658586,135.77162340821164,137.76138833625006,78762700,AAPL
2021-10-14,140.21934509277344,140.3363997461316,138.024760100328,138.60998871817293,69907100,AAPL
2021-10-15,141.2727508544922,141.3312707409973,139.97550546602724,140.22911148485912,67940300,AAPL
2021-10-18,142.94061279296875,143.22346381420707,139.63410593501254,139.91695695625089,85589200,AAPL
2021-10-19,145.09620666503906,145.49611240776287,142.94064476173952,143.38930715549284,76378900,AAPL
2021-10-20,145.58387756347656,146.06181473584434,144.4719551618084,145.03767215675973,58418800,AAPL
2021-10-21,145.79849243164062,145.95455540585698,144.22814410067642,145.14499547046705,61421000,AAPL
2021-10-22,145.02793884277344,146.481232332848,144.97916730862042,146.0033099939033,58883400,AAPL
2021-10-25,144.9791717529297,145.69118854784608,143.98428898104416,145.0181800516583,50720600,AAPL
2021-10-26,145.64242553710938,147.12497895180522,145.34004798248478,145.6521738906202,60893400,AAPL
2021-10-27,145.1840057373047,146.04232225315448,144.83287151805337,145.68143968000115,56094900,AAPL
2021-10-28,148.81239318847656,149.39760698679012,146.0325792767904,146.13012235133445,100077900,AAPL
2021-10-29,146.11058044433594,146.24713179057537,142.80407331191392,143.59412144965486,124953200,AAPL
2021-11-01,145.29132080078125,146.01308606451772,144.15988647877995,145.32058075023082,74588300,AAPL
2021-11-02,146.3251953125,147.8370236875447,144.98892661408803,144.99868985144568,69122000,AAPL
2021-11-03,147.75897216796875,148.22714612515688,146.1301042293714,146.68605801297326,54511500,AAPL
2021-11-04,147.2420196533203,148.67580139860405,146.92989377476803,147.84674493928904,60394600,AAPL
2021-11-05,147.7694854736328,148.66813471450217,146.57779487265975,148.36533077411934,65463900,AAPL
2021-11-08,146.94895935058594,148.0527418478978,146.67545809713351,147.8964511588677,55020900,AAPL
2021-11-09,147.31039428710938,147.91600218212633,146.57779832196186,146.71454897260128,56787900,AAPL
2021-11-10,144.48745727539062,146.64617992683026,144.4190894029692,146.5387319232798,65187100,AAPL
2021-11-11,144.43861389160156,145.96241109507744,144.25302053135974,145.50333134171993,41000000,AAPL
2021-11-12,146.5094451904297,146.9099196974308,144.0576809080353,144.9856329096499,63804000,AAPL
2021-11-15,146.51918029785156,148.35555879375588,145.96240025846288,146.88058950641502,59222800,AAPL
2021-11-16,147.49598693847656,147.97462166575806,145.87450429964008,146.46058703081326,59256200,AAPL
2021-11-17,149.92823791503906,151.40319268452978,147.48625093625634,147.4960135184774,88807000,AAPL
2021-11-18,154.2065887451172,154.9880275581461,149.49844560723523,150.14313374583702,137827700,AAPL
2021-11-19,156.8243865966797,157.28348128204507,152.89766786630707,153.9916731226482,117305600,AAPL
2021-11-22,157.28346252441406,161.85485386154411,157.26392246010866,157.92813559947206,117467900,AAPL
2021-11-23,157.6644287109375,158.04537802988585,155.36895531169498,157.3811499145866,96041900,AAPL
2021-11-24,158.18212890625,158.3774848564214,155.9354982175197,157.01974088138022,69463600,AAPL
2021-11-26,153.17120361328125,156.7267364003775,152.73164889573968,155.8671670363227,76959800,AAPL
2021-11-29,156.52159118652344,157.44954318891868,155.10522691977297,155.67176964553224,88748200,AAPL
2021-11-30,161.46417236328125,161.67906839694083,156.2090119296681,156.2773947152438,174048100,AAPL
2021-12-01,160.94642639160156,166.3480985309432,160.71199035690174,163.59353101584716,152052500,AAPL
2021-12-02,159.95989990234375,160.38969196905754,154.13821164787007,155.05640108044867,136739200,AAPL
2021-12-03,158.08444213867188,161.13205157338396,156.01364225594332,160.21386222018816,118023100,AAPL
2021-12-06,161.48367309570312,163.98426461858526,160.46779847409405,160.47756105335333,107497000,AAPL
2021-12-07,167.2077178955078,167.5984447377344,164.43362438687151,165.15645786646198,120405400,AAPL
2021-12-08,171.01718139648438,171.87676531869016,166.73881675330688,168.13564062689133,116998900,AAPL
2021-12-09,170.50926208496094,172.64844463234323,169.8841141404718,170.85114615502485,108923700,AAPL
2021-12-10,175.28575134277344,175.46158208445866,170.6362153845262,171.14415264365056,115402700,AAPL
2021-12-13,171.66189575195312,177.9036129181879,171.45676231906222,176.91704079075095,153237000,AAPL
2021-12-14,170.28460693359375,173.6154801461527,168.21380712036787,171.1832561903654,139380400,AAPL
2021-12-15,175.13931274414062,175.33466872556772,168.31151164367364,171.04654009777133,131063300,AAPL
2021-12-16,168.26263427734375,176.9365751900634,166.78767978084602,175.11973661793166,150185800,AAPL
2021-12-17,167.1686553955078,169.44458898529163,165.75230596796482,165.98672717242667,195432700,AAPL
2021-12-20,165.81088256835938,166.62162387110183,163.57402950297322,164.374993320752,107499100,AAPL
2021-12-21,168.9757080078125,169.1808265329912,165.1955026634982,167.57888393978646,91185900,AAPL
2021-12-22,171.56419372558594,171.7790897184107,168.15517538914062,169.02452194022183,92135300,AAPL
2021-12-23,172.1893310546875,172.74611106678847,171.20277398805894,171.76931657934202,68356600,AAPL
2021-12-27,176.1453857421875,176.2332936859138,172.96104046356876,172.9805656257053,74919600,AAPL
2021-12-28,175.12950134277344,177.12217071968058,174.38714279522745,175.9793227997058,79144300,AAPL
2021-12-29,175.21742248535156,176.43841575185178,174.0061917992903,175.16857977375096,62348900,AAPL
2021-12-30,174.06480407714844,176.3798175385403,173.95735606919604,175.30533745901636,59773000,AAPL
2021-12-31,173.4494171142578,175.07088475573076,173.14659828081136,173.95733955389892,64062300,AAPL
2022-01-03,177.78640747070312,178.6362290402615,173.58620196027948,173.70341256103026,104487900,AAPL
2022-01-04,175.53004455566406,178.6948654695981,174.9635017121674,178.39206142843958,99310400,AAPL
2022-01-05,170.8609161376953,175.9890879826122,170.587414831676,175.4420853705736,94537600,AAPL
2022-01-06,168.00869750976562,171.23212317548703,167.65705080251047,168.69245085589924,96904000,AAPL
2022-01-07,168.1747283935547,170.09901499255682,167.06118311991872,168.8780217142409,86709100,AAPL
2022-01-10,168.19427490234375,168.4970788622131,164.2675561955421,165.1564429133354,106765600,AAPL
2022-01-11,171.01718139648438,171.11485190283432,166.8560422275084,168.32123396506768,76138300,AAPL
2022-01-12,171.456787109375,173.06849253983535,170.76327115991117,172.03309245435602,74805200,AAPL
2022-01-13,168.19427490234375,172.52146809219963,167.80354809549323,171.70096415486904,84505800,AAPL
2022-01-14,169.0538787841797,169.7473947274692,167.11981439919933,167.36401309283474,80440800,AAPL
2022-01-18,165.85972595214844,168.53613361538314,165.47877665458643,167.53003637041928,90956700,AAPL
2022-01-19,162.37257385253906,167.1100339648471,162.08930995625335,166.05509393247632,94815000,AAPL
2022-01-20,160.69247436523438,165.74250066133902,160.3701303584997,163.10515822088573,91420500,AAPL
2022-01-21,158.64122009277344,162.470253269675,158.5337720868401,160.60457194151562,122848900,AAPL
2022-01-24,157.86956787109375,158.53379607319022,151.11014976934194,156.30670516297684,162294600,AAPL
2022-01-25,156.0721893310547,158.98303212081237,153.3762424759131,155.29075092378673,115798400,AAPL
2022-01-26,155.98434448242188,160.57527648713483,154.15774320444362,159.70592982008216,108275300,AAPL
2022-01-27,155.5252685546875,160.03805574105326,154.60707906202995,158.68031157129744,121954600,AAPL
2022-01-28,166.37742614746094,166.39696621279427,159.02216399560837,161.86463986114418,179935700,AAPL
2022-01-31,170.72418212890625,170.93907816240107,165.57646971606974,166.2113952349244,115541600,AAPL
2022-02-01,170.55810546875,170.78276405312576,168.31147491088436,169.97202274767105,86213900,AAPL
2022-02-02,171.7595672607422,171.79864739328102,169.30781806090394,170.69486467196293,84914300,AAPL
2022-02-03,168.8877716064453,172.15027672857178,168.12587305039293,170.43110878285196,89418100,AAPL
2022-02-04,168.6042022705078,170.27665611869838,166.9317484223172,167.9097877683782,82465400,AAPL
2022-02-07,167.8902130126953,170.1299162190593,167.19579861278513,169.0638570704662,77251200,AAPL
2022-02-08,170.99057006835938,171.49915455646115,167.6652283214683,167.9586430232075,74829200,AAPL
2022-02-09,172.40872192382812,172.77059159545334,171.05902326407136,172.18377712176584,71285000,AAPL
2022-02-10,168.34010314941406,171.6263154743887,167.78262856301606,170.31574652168356,90865900,AAPL
2022-02-11,164.9365234375,169.27901969811438,164.34969397169522,168.545490327705,98670700,AAPL
2022-02-14,165.17124938964844,165.85587378073802,162.90219149496014,163.69440078491326,86185500,AAPL
2022-02-15,168.99537658691406,169.1518664311418,166.5111637354937,167.2153531108256,62527400,AAPL
2022-02-16,168.76063537597656,169.5332796330186,166.31553783336227,168.07601104878276,61177400,AAPL
2022-02-17,165.17124938964844,168.13470669398032,164.77024977354867,167.274027503072,69589300,AAPL
2022-02-18,163.62596130371094,166.79479876362558,162.54033719370844,166.0906242687398,82772700,AAPL
2022-02-22,160.71142578125,163.0293741588099,158.58906735628025,161.3569203806229,91162800,AAPL
2022-02-23,156.5547637939453,162.50122982841887,156.24178404281724,161.904625236065,90009200,AAPL
2022-02-24,159.16612243652344,159.27370735740539,148.66197489078866,149.22923948055748,141147500,AAPL
2022-02-25,161.22975158691406,161.4938113988268,157.3371452242796,160.24192254485857,91974200,AAPL
2022-02-28,161.49383544921875,161.7872502076219,158.8629074909049,159.47907699118204,95056600,AAPL
2022-03-01,159.61599731445312,162.9413396082361,158.4130132555384,161.08305614073245,83474400,AAPL
2022-03-02,162.90216064453125,163.68459476775294,159.37143953517563,160.77981797223677,79724800,AAPL
2022-03-03,162.57945251464844,165.20060533866413,161.91439302006907,164.77026570160976,76678400,AAPL
2022-03-04,159.5866241455078,161.9143617747294,158.54013016070306,160.87764280753723,83737200,AAPL
2022-03-07,155.80165100097656,161.39603654297554,155.5473512521712,159.7724878532729,96418800,AAPL
2022-03-08,153.9824981689453,159.30303394754864,152.3785144348394,155.33219707675556,131148300,AAPL
2022-03-09,159.3714599609375,159.82136448965088,155.9092082958325,157.93374136581392,91454900,AAPL
2022-03-10,155.03875732421875,156.86768560681452,152.55452973284972,156.68185579600046,105342000,AAPL
2022-03-11,151.33200073242188,155.78208206231224,151.10705589580672,155.4397623739769,96970100,AAPL
2022-03-14,147.31224060058594,150.73537736075448,146.80367102699051,148.1240148231261,108732100,AAPL
2022-03-15,151.6841278076172,152.15359746728902,147.0775705652768,147.58614031104247,92964300,AAPL
2022-03-16,156.08526611328125,156.48626575095446,151.06793536575267,153.60105321090987,102300200,AAPL
2022-03-17,157.0926513671875,157.46431103838808,154.16832371335292,155.12679794973494,75615400,AAPL
2022-03-18,160.37879943847656,160.86781884211453,156.25147447787705,156.98500358333402,123511700,AAPL
2022-03-21,161.74810791015625,162.6968070121453,159.4301451412394,159.9191646814939,95811400,AAPL
2022-03-22,165.112548828125,165.69936326568208,161.28841281006214,161.8752272476192,81532000,AAPL
2022-03-23,166.4720458984375,168.84867380689857,163.9682532045546,164.30079784879288,98062700,AAPL
2022-03-24,170.2472686767578,170.31572365157868,166.47203725633872,167.30336151454603,90131400,AAPL
2022-03-25,170.8830108642578,171.43071043053845,168.95627243907444,170.06146151483682,80546200,AAPL
2022-03-28,171.74366760253906,171.87080253422522,168.22272096176943,168.38898581373743,90371900,AAPL
2022-03-29,175.0299072265625,175.07879724912362,172.46743429498167,172.80975399507543,100589400,AAPL
2022-03-30,173.8660125732422,175.66560091058673,172.8195035873902,174.628881866762,92633200,AAPL
2022-03-31,170.77542114257812,174.1203133341303,170.5700263491638,173.93448350287292,103049300,AAPL
2022-04-01,170.48199462890625,171.0394840841696,168.16404671715162,170.20814487239906,78751300,AAPL
2022-04-04,174.52133178710938,174.57023673592576,170.60917466091976,170.73632454310336,76468400,AAPL
2022-04-05,171.2155303955078,174.38438259894033,170.58958593943765,173.60194829792937,73401800,AAPL
2022-04-06,168.0564727783203,169.81694627331598,166.3938091700385,168.57483234577828,89058800,AAPL
2022-04-07,168.35964965820312,169.55285855113002,166.11994669119974,167.4011755212215,77594700,AAPL
2022-04-08,166.3546905517578,168.00757925318007,165.48423622614246,168.00757925318007,76575500,AAPL
2022-04-11,162.11001586914062,165.31798361672782,161.8655060412837,165.00501879739264,72246700,AAPL
2022-04-12,163.97804260253906,166.13950070260202,162.9804385205217,164.33013728303388,79265200,AAPL
2022-04-13,166.65785217285156,167.28379658301122,163.10758048377514,163.71395993382896,70618900,AAPL
2022-04-14,161.6600799560547,167.5087646523774,161.41557017548345,166.8730302686766,75329400,AAPL
2022-04-18,161.44488525390625,162.94128354797698,159.97782693237113,160.32013158651594,69023900,AAPL
2022-04-19,163.72373962402344,164.13452917950872,160.31039271090148,161.3960167105301,67723800,AAPL
2022-04-20,163.55751037597656,165.1712841990279,162.4523360987669,165.05390933318154,67929800,AAPL
2022-04-21,162.76528930664062,167.76307044383682,162.26649466439048,165.2006123983915,87227800,AAPL
2022-04-22,158.2369384765625,164.1834179598548,157.95331370568275,162.8043941791054,84882400,AAPL
2022-04-25,159.30299377441406,159.58661851207708,154.9800632753819,157.58163561913904,96046400,AAPL
2022-04-26,153.3565216064453,158.7748512209157,153.2782766938566,158.6868312906376,95623200,AAPL
2022-04-27,153.131591796875,156.28086402556207,151.96772285920957,152.48608239761126,88063200,AAPL
2022-04-28,160.04632568359375,160.9070049099631,155.43975472715812,155.7527344180899,130216800,AAPL
2022-04-29,154.1878662109375,162.55010393809633,153.79665651995063,158.28585264208988,131747600,AAPL
2022-05-02,154.4910430908203,154.7551028690703,149.90403790928826,153.268494371806,123055300,AAPL
2022-05-03,155.9776611328125,157.18065989099466,152.88706912402677,154.67686742533908,88966500,AAPL
2022-05-04,162.3740692138672,162.82395888042848,155.76251479077115,156.1635144371754,108256500,AAPL
2022-05-05,153.3272247314453,160.47668960295778,151.5471860479713,160.25174474333807,130525300,AAPL
2022-05-06,154.05201721191406,156.16768941381943,151.01563498071906,152.80807823964273,116124600,AAPL
2022-05-09,148.93914794921875,152.63177739233632,148.38085428930862,151.75023984870148,131577900,AAPL
2022-05-10,151.33885192871094,153.52309446613708,149.79127784510368,152.328132388233,115366700,AAPL
2022-05-11,143.4932403564453,152.25954795565056,142.81739949520818,150.34957266016625,142689800,AAPL
2022-05-12,139.63409423828125,143.19938623116693,135.95126990961808,139.83979077150929,182602000,AAPL
2022-05-13,144.09072875976562,145.06041547307086,140.17282438448345,141.6224448185645,113990900,AAPL
2022-05-16,142.55294799804688,144.49232147743598,141.22085987637433,142.56275232444813,86643800,AAPL
2022-05-17,146.17701721191406,146.69613834453236,143.66954586445135,145.80481151470883,78336300,AAPL
2022-05-18,137.9298553466797,144.33562356857507,137.02872402723415,143.83609605190958,109742900,AAPL
2022-05-19,134.53106689453125,138.75260707730666,133.7964597180681,137.00914057415054,136095600,AAPL
2022-05-20,134.76614379882812,137.81231576353846,129.88835589129073,136.23535828446418,137426100,AAPL
2022-05-23,140.17283630371094,140.31975175202894,134.82488980062982,134.96201586760006,117726300,AAPL
2022-05-24,137.4792938232422,139.05625126128453,134.51148183512868,137.92005516834,104132700,AAPL
2022-05-25,137.635986328125,138.87991021944293,135.50072064953915,135.58886991195646,92482700,AAPL
2022-05-26,140.82907104492188,141.37757526410218,134.32535040420584,134.57021942674126,90601500,AAPL
2022-05-27,146.56883239746094,146.6080048732437,142.27872143657157,142.4060581377044,90978500,AAPL
2022-05-31,145.7852783203125,147.5679327198994,143.82632532505232,146.0105686756176,103718400,AAPL
2022-06-01,145.6579132080078,148.62572491730577,144.6490389655957,146.8234773391278,74286600,AAPL
2022-06-02,148.1065673828125,148.16533354946895,143.84584095281429,144.79593383540592,72348100,AAPL
2022-06-03,142.39622497558594,144.93306421639832,141.49510885340763,143.8850177275583,88570300,AAPL
2022-06-06,143.14065551757812,145.5207905259265,141.9260996131152,144.01238876362018,71598400,AAPL
2022-06-07,145.6579132080078,145.94195473174813,141.14252729935507,141.3873963509184,67808200,AAPL
2022-06-08,144.9232940673828,146.79408210793065,144.4335560047601,145.5305644824367,53950200,AAPL
2022-06-09,139.7124786376953,144.91349464755012,139.60473566244548,144.06135517233236,69473000,AAPL
2022-06-10,134.31558227539062,137.87107088214006,134.24701176433422,137.40092646925825,91437900,AAPL
2022-06-13,129.17332458496094,132.4251777606438,128.7423526705115,130.14299644685158,122207100,AAPL
2022-06-14,130.03524780273438,131.1420606306549,128.7815195311164,130.39766413988795,84784300,AAPL
2022-06-15,132.65045166015625,134.52125474775525,129.4475753177957,131.5338494146611,91533000,AAPL
2022-06-16,127.39063262939453,129.67281326031437,126.3915630308045,129.3691781238841,108123900,AAPL
2022-06-17,128.85986328125,130.3486710219844,127.14578023984714,127.40045357119396,134520300,AAPL
2022-06-21,133.08140563964844,134.2469845261448,130.58375367786297,130.68169231513036,81000500,AAPL
2022-06-22,132.5720977783203,134.93262385029735,131.16164978530637,132.0235786011109,73409200,AAPL
2022-06-23,135.4321746826172,135.74559928638683,132.84635818263115,134.0119372202921,72433800,AAPL
2022-06-24,138.7526092529297,138.99747831559026,136.90139973704072,137.02872148660157,89116800,AAPL
2022-06-27,138.7526092529297,140.5450525850796,138.0767682486871,139.77125797752416,70207900,AAPL
2022-06-28,134.61923217773438,140.47649657650823,134.50169979812208,139.2129786588069,67083400,AAPL
2022-06-29,136.37245178222656,137.78289974267364,133.8649953839291,134.63878986432783,66242400,AAPL
2022-06-30,133.91397094726562,135.5301005021527,131.02451949836083,134.43309207438057,98964500,AAPL
2022-07-01,136.07861328125,136.1863562547321,132.87573705664798,133.2479278277153,71051600,AAPL
2022-07-05,138.65464782714844,138.70362462604172,134.11966825992553,134.94243962271915,73353800,AAPL
2022-07-06,139.9867401123047,141.16210859174285,138.1845074474581,138.44897021265854,74064300,AAPL
2022-07-07,143.34632873535156,143.54222096010838,140.33933002838788,140.34911940865916,66253700,AAPL
2022-07-08,144.02212524414062,144.5216675026719,142.02400104686257,142.27865939245598,64547800,AAPL
2022-07-11,141.896728515625,143.63040577238007,140.82910292265402,142.68031255423233,63141600,AAPL
2022-07-12,142.86639404296875,145.40323372369386,142.07302074051665,142.76844044820817,77588800,AAPL
2022-07-13,142.5039825439453,143.44427122627144,139.2031379384123,140.0552923046931,71185600,AAPL
2022-07-14,145.42282104492188,145.8929653987599,140.30995449187216,141.12292146669557,78140700,AAPL
2022-07-15,147.0879364013672,147.76377735798872,145.1583671279135,146.7059412883577,76259900,AAPL
2022-07-18,144.05154418945312,148.4591862413332,143.6891279021673,147.64621935829007,81420900,AAPL
2022-07-19,147.90089416503906,148.1261694879342,143.8948404199678,144.88410592104603,82982400,AAPL
2022-07-20,149.89901733398438,150.56506886066487,147.2838179131366,148.01842499581136,64823400,AAPL
2022-07-21,152.16162109375,152.3771070356204,148.821603940378,151.32906041419434,65086600,AAPL
2022-07-22,150.9274444580078,153.07249916430717,150.26140799071646,152.20076617293066,66675400,AAPL
2022-07-25,149.8108673095703,151.85796878260385,149.15462011252404,150.84910958984113,53623900,AAPL
2022-07-26,148.48858642578125,149.94799628582763,147.70500253719806,149.13502930916428,55138700,AAPL
2022-07-27,153.57203674316406,154.10096215711584,149.0370729884084,149.44845111836102,78620700,AAPL
2022-07-28,154.12057495117188,154.40461645264705,151.24091273921562,153.7581586202447,81378700,AAPL
2022-07-29,159.17469787597656,160.2717215621507,156.22647941293425,157.9307736596815,101786900,AAPL
2022-08-01,158.19515991210938,160.23247174092782,157.58788958801776,157.7054219228439,67829400,AAPL
2022-08-02,156.72598266601562,159.07673453265352,156.35379186998745,156.81414688340993,59907000,AAPL
2022-08-03,162.72036743164062,163.1709180629882,157.45078129075776,157.53893055181024,82507500,AAPL
2022-08-04,162.40695190429688,163.7586338892835,161.05526991931026,162.6028441618955,55474100,AAPL
2022-08-05,162.1813507080078,162.67176904705062,159.87637852795464,160.0823608155598,56697000,AAPL
2022-08-08,161.71054077148438,164.59420304327227,161.05338198319762,163.18179581085533,60276900,AAPL
2022-08-09,161.75958251953125,162.6423445061743,160.1215870695177,160.8768354992681,63135500,AAPL
2022-08-10,165.99681091308594,166.09488560468589,163.70164162721542,164.46669306704544,70170500,AAPL
2022-08-11,165.26119995117188,167.71329198279503,164.9669459141007,166.80110596451257,57149200,AAPL
2022-08-12,168.80201721191406,168.87066800455992,166.15374591104305,166.56571053244468,68039400,AAPL
2022-08-15,169.87109375,170.0672580774187,168.06635799154176,168.2330984181666,54091700,AAPL
2022-08-16,169.71417236328125,170.38114909928223,168.3704308785935,169.46896318920653,56377100,AAPL
2022-08-17,171.2050323486328,172.77436193637106,169.2629800618565,169.45914438952641,79542000,AAPL
2022-08-18,170.81271362304688,171.54834118381174,169.8024529702403,170.4203849105247,62290100,AAPL
2022-08-19,168.2331085205078,170.41056710828244,168.02712623620275,169.71416649279175,70346300,AAPL
2022-08-22,164.3588104248047,166.6049198473659,163.9370428679026,166.43817940694694,69026800,AAPL
2022-08-23,164.02532958984375,165.47697879172844,163.45644246473458,163.87821006023856,54147100,AAPL
2022-08-24,164.31954956054688,164.88843656775538,163.0640799468379,164.1135822617859,53841500,AAPL
2022-08-25,166.77166748046875,166.87956011908489,165.1238689631101,165.5456215718219,51218200,AAPL
2022-08-26,160.4844970703125,167.77212157949262,160.42564926256463,167.30132415112922,78961000,AAPL
2022-08-29,158.2874298095703,159.7782908024648,156.7573269679059,158.06182659509352,73314000,AAPL
2022-08-30,155.86473083496094,159.4447780510849,154.6975330126192,159.02302554257605,77906200,AAPL
2022-08-31,154.20713806152344,157.50274977749038,154.12866933419335,157.23791969354875,87991100,AAPL
2022-09-01,154.9329833984375,155.38415993328115,151.70602203096658,153.6382716729597,74229900,AAPL
2022-09-02,152.8241424560547,157.2869518100939,152.0002433352291,156.6886409081276,76957800,AAPL
2022-09-06,151.56869506835938,154.07963464254792,150.7447958267751,153.4715206737186,73714800,AAPL
2022-09-07,152.9713134765625,153.6676992214009,150.66634101658914,151.85316012640948,87449600,AAPL
2022-09-08,151.5000762939453,153.3636604436511,149.75417281827168,151.67661975456892,84923800,AAPL
2022-09-09,154.354248046875,154.79563648166842,151.7844609924952,152.49066452851048,68028800,AAPL
2022-09-12,160.298095703125,161.11219176205415,156.24725129466944,156.53168728327037,104956000,AAPL
2022-09-13,150.89193725585938,157.4635411507797,150.430942739526,156.83580616608484,122656600,AAPL
2022-09-14,152.33372497558594,154.0894308134101,150.66630580332588,151.82368576965968,87965400,AAPL
2022-09-15,149.45005798339844,152.26506901475514,148.47903939265456,151.68636408491093,90481100,AAPL
2022-09-16,147.81210327148438,148.44965617349064,145.52675172371437,148.312339619677,162278800,AAPL
2022-09-19,151.5196533203125,151.5981220543988,146.24276190884032,146.44872924023372,81474200,AAPL
2022-09-20,153.89324951171875,155.05064442927653,150.1464616536784,150.46032156880005,107689800,AAPL
2022-09-21,150.77423095703125,155.6980357811973,150.65653533272163,154.32485530993193,101696800,AAPL
2022-09-22,149.81298828125,151.50983141556574,148.0180554999838,149.45988650515864,86652500,AAPL
2022-09-23,147.54725646972656,148.5673350111051,145.7130966439831,148.29270193451399,96029900,AAPL
2022-09-26,147.8807373046875,150.82324708343862,146.77238716545008,146.79200808789446,93339400,AAPL
2022-09-27,148.85177612304688,151.75505941669135,147.07646404392761,149.81300689014782,84442700,AAPL
2022-09-28,146.9685516357422,147.75322390412563,142.06436866631904,144.81071412247172,146691400,AAPL
2022-09-29,139.74961853027344,143.9083718149734,137.98410935439225,143.30025780798485,128138200,AAPL
2022-09-30,135.55160522460938,140.35771319334796,135.35544091221504,138.5725835278908,124925300,AAPL
2022-10-03,139.7201690673828,140.32829792951577,135.05139229305564,135.5614315097669,114311700,AAPL
2022-10-04,143.30020141601562,143.4178969926313,141.49545109844763,142.2506993032743,87830100,AAPL
2022-10-05,143.594482421875,144.55571313373582,140.26944671107276,141.3091461524557,79471000,AAPL
2022-10-06,142.64306640625,144.71263233032042,142.43709909152813,143.0157891213956,68402200,AAPL
2022-10-07,137.40541076660156,140.3577388347644,136.7776758724346,139.80845770678545,85925600,AAPL
2022-10-10,137.72911071777344,139.17094210590585,135.91457149826957,137.72911071777344,74899000,AAPL
2022-10-11,136.3166961669922,138.64128959242282,135.57126557653487,137.2190642395612,77033700,AAPL
2022-10-12,135.68893432617188,137.67022848780448,135.51239091855444,136.4638036366148,70433700,AAPL
2022-10-13,140.2498321533203,140.83832513907973,131.79501040391918,132.40313927882985,113224000,AAPL
2022-10-14,135.72816467285156,141.75050040665323,135.54180333634727,141.54451814883853,88598000,AAPL
2022-10-17,139.6809844970703,140.16158499262147,137.5819941601383,138.3666666620457,85250900,AAPL
2022-10-18,140.99526977539062,143.88873492707052,137.91544326382163,142.7019309504816,99136600,AAPL
2022-10-19,141.10313415527344,142.172242307933,138.78835950411164,138.97472082668796,61758300,AAPL
2022-10-20,140.64215087890625,143.09424222902763,139.9163264513743,140.2792461483292,64522000,AAPL
2022-10-21,144.4478302001953,145.0167173026428,139.9163543059083,140.1321395849877,86548600,AAPL
2022-10-24,146.58604431152344,147.3510957532076,143.2021606323234,144.3693587197694,75981900,AAPL
2022-10-25,149.420654296875,149.56778877679034,146.4977652190575,147.21377179556336,74732300,AAPL
2022-10-26,146.4879913330078,149.0774000501519,145.20308247196704,148.06713927955596,88194300,AAPL
2022-10-27,142.02516174316406,146.1937178528811,141.36800292889203,145.23250204640354,109180200,AAPL
2022-10-28,152.75550842285156,154.48177557471033,144.98728378991743,145.35999154749908,164762400,AAPL
2022-10-31,150.4014892578125,151.28425122815005,149.00870300208484,150.22494584357278,97943200,AAPL
2022-11-01,147.7630157470703,152.4710340362063,146.27215501250635,152.1081293130579,80379300,AAPL
2022-11-02,142.25074768066406,149.25392123210702,142.2213237765035,146.0956258102425,93604600,AAPL
2022-11-03,136.21859741210938,140.06347524662803,136.0910838596121,139.3376507448135,97918500,AAPL
2022-11-04,135.9533233642578,140.16808578570755,132.02346880241154,139.59825507529519,140814800,AAPL
2022-11-07,136.48385620117188,136.70981865595215,133.29084915754692,134.70559929239224,83374600,AAPL
2022-11-08,137.0536651611328,138.94981261597127,135.07891882338652,137.94771058910516,89908500,AAPL
2022-11-09,132.5048828125,136.12035725287217,132.2297941583769,136.07123106652006,74917800,AAPL
2022-11-10,144.2944793701172,144.2944793701172,137.05372466357315,138.7632173787933,118854000,AAPL
2022-11-11,147.07481384277344,147.37937519314977,141.83828048896822,143.26286485614494,93979700,AAPL
2022-11-14,145.67971801757812,147.64464544159856,144.84461786588682,146.3576203774582,73374100,AAPL
2022-11-15,147.40884399414062,150.89659305740093,145.95480194485347,149.55062261259357,89868300,AAPL
2022-11-16,146.18077087402344,147.24183349471545,144.70707528826344,146.51481993344615,64218300,AAPL
2022-11-17,148.07693481445312,148.82360185357618,143.58706836561342,143.86215701114332,80389400,AAPL
2022-11-18,148.6369171142578,150.022194440957,147.3400729082456,149.63903422199823,74829600,AAPL
2022-11-21,145.41444396972656,147.73305885560603,145.12953609848137,147.52674987775407,58724100,AAPL
2022-11-22,147.54638671875,147.7821833963105,144.353379792247,145.5323481888436,51804100,AAPL
2022-11-23,148.42080688476562,149.16747394284351,146.72113379241404,146.82920540527334,58301400,AAPL
2022-11-25,145.51271057128906,146.2692118769101,144.54006603549058,145.7092003283938,35195900,AAPL
2022-11-28,141.69094848632812,144.0685093862778,140.86568238708142,142.59481349853306,69246000,AAPL
2022-11-29,138.6944122314453,142.27057984792378,137.8887997144492,141.7596944766532,83763800,AAPL
2022-11-30,145.43409729003906,146.1119996275474,138.08527316426236,138.9203582971881,111380900,AAPL
2022-12-01,145.70919799804688,146.51482547786148,144.03901260255705,145.61096061666942,71250400,AAPL
2022-12-02,145.21798706054688,145.40465760065473,143.09586143280922,143.40043783526434,65447400,AAPL
2022-12-05,144.0586700439453,148.27343309869434,143.21375058654476,145.17867816271277,68826400,AAPL
2022-12-06,140.40386962890625,144.71688401684585,139.43122531687646,144.4909215977212,64727200,AAPL
2022-12-07,138.4684600830078,140.85584008868295,137.5449416476374,139.69653991914743,69721100,AAPL
2022-12-08,140.14846801757812,141.00322179654424,138.62566097989853,139.8635600853956,62128300,AAPL
2022-12-09,139.66705322265625,143.01725827820258,138.42913927736055,139.84388950557997,76097000,AAPL
2022-12-12,141.9561767578125,141.96599599737974,138.58631867677312,140.19755844692216,70462700,AAPL
2022-12-13,142.91897583007812,147.34006186732648,141.71054984410077,146.87830279302864,93886200,AAPL
2022-12-14,140.69862365722656,144.0881201971517,138.6845702087708,142.80109523487565,82291200,AAPL
2022-12-15,134.1063232421875,139.31338494507114,133.64456400681874,138.63548245096763,98931900,AAPL
2022-12-16,132.15118408203125,135.23611943482993,131.38486361161162,134.29296269794702,160156900,AAPL
2022-12-19,130.0487060546875,132.82907992971283,129.01713123497163,132.74066180080095,79592600,AAPL
2022-12-20,129.9799346923828,130.91327209557377,127.61219386559817,129.08588923628005,77432800,AAPL
2022-12-21,133.07472229003906,134.41087369361549,130.42207295695286,130.64803543949063,85928000,AAPL
2022-12-22,129.91116333007812,132.20030541745464,128.01501569466643,131.9939964474779,77852100,AAPL
2022-12-23,129.54771423339844,130.0978917197954,127.3666427757447,128.62419559928406,63814900,AAPL
2022-12-27,127.74978637695312,129.10559142681458,126.46276099945749,129.076118707575,69007800,AAPL
2022-12-28,123.82974243164062,128.73223486036684,123.66272537894751,127.39608344761355,85438400,AAPL
2022-12-29,127.33711242675781,128.19185099265815,125.49008349000029,125.74551863845643,75703700,AAPL
2022-12-30,127.65149688720703,127.67115035805845,125.19534521858718,126.1581629090278,77034200,AAPL
2023-01-03,122.87673950195312,128.6044974020352,121.99252063798394,127.9953746812147,112117500,AAPL
2023-01-04,124.14411926269531,126.40378887161263,122.88656686996354,124.66482384759799,89113600,AAPL
2023-01-05,122.82762145996094,125.52939692056383,122.57218626779334,124.90062068574457,80962700,AAPL
2023-01-06,127.34696197509766,128.00521096875735,122.69991206962038,123.80027430194448,87754700,AAPL
2023-01-09,127.86763763427734,131.07047871721036,127.61220248294386,128.18203319703136,70790800,AAPL
2023-01-10,128.43746948242188,128.958174020526,125.87323874198964,127.9757103650532,63896200,AAPL
2023-01-11,131.14907836914062,131.1687168485226,128.17221470136022,128.94835439070522,69458900,AAPL
2023-01-12,131.0704803466797,131.90556546211644,129.1350257391296,131.53223946571177,71379600,AAPL
2023-01-13,132.3968048095703,132.55400260182785,129.35117628841525,129.71468306570503,57809700,AAPL
2023-01-17,133.55612182617188,134.88243886666353,131.77786487384603,132.4655864864573,63646600,AAPL
2023-01-18,132.8389434814453,136.17931456809228,132.66209219338052,134.4207108763407,69672800,AAPL
2023-01-19,132.8978729248047,133.86068318245066,131.4241773301355,131.72873868777404,58280400,AAPL
2023-01-20,135.45223999023438,135.5996185121786,131.86625415764433,132.90766308475472,80223600,AAPL
2023-01-23,138.6354522705078,140.806703627411,135.4817372209474,135.6978804326285,81760300,AAPL
2023-01-24,140.0305633544922,140.64952034187644,137.83967329148908,137.84949253259393,66435100,AAPL
2023-01-25,139.37232971191406,139.93232634052288,136.37581181311944,138.41933852785135,65799300,AAPL
2023-01-26,141.43545532226562,141.72036314771546,139.4115678729177,140.6593007442682,54105100,AAPL
2023-01-27,143.37091064453125,144.64811636457318,140.57089828761406,140.64949717713105,70555800,AAPL
2023-01-30,140.4923095703125,142.9975950119405,140.34494601130174,142.41794502488958,64015300,AAPL
2023-01-31,141.7596893310547,141.80881551729502,139.78494257033407,140.19757555057984,65874500,AAPL
2023-02-01,142.87969970703125,144.03901475780756,138.84178798038548,141.44531098955775,77663600,AAPL
2023-02-02,148.17518615722656,148.52885870656533,145.57164829200897,146.2888426135127,118339000,AAPL
2023-02-03,151.79063415527344,154.6201342687517,145.23760339877686,145.43409313083382,154357300,AAPL
2023-02-06,149.06922912597656,150.41521473457135,148.13589150827315,149.8945101165513,69858300,AAPL
2023-02-07,151.93798828125,152.50781896271047,147.9983146799996,147.9983146799996,83322600,AAPL
2023-02-08,149.25588989257812,151.8692470443083,148.51904208604415,151.18152542311802,64120100,AAPL
2023-02-09,148.2242889404297,151.62361983119905,147.78218328763404,151.08326181502397,56007100,AAPL
2023-02-10,148.58836364746094,148.9130734935689,146.8270751036462,147.0632318137508,57450700,AAPL
2023-02-13,151.3828582763672,151.78627208132363,148.49983612289876,148.52935383999073,62199000,AAPL
2023-02-14,150.7432403564453,151.3041068890254,148.4407688328002,149.68055772689488,61707600,AAPL
2023-02-15,152.83909606933594,153.00636811059493,150.42838780610393,150.6546952720313,65573800,AAPL
2023-02-16,151.24510192871094,153.82308261470098,150.890874314185,151.04829713189807,68167900,AAPL
2023-02-17,150.1036834716797,150.54646418705764,148.43094798353164,149.90689371085574,59144100,AAPL
2023-02-21,146.0989532470703,148.87373860585663,146.0300835825423,147.79137232815333,58867200,AAPL
2023-02-22,146.52206420898438,147.54538003263738,144.80012742797703,146.48269724609548,51011300,AAPL
2023-02-23,147.00418090820312,147.92910925221886,144.8788305804024,147.6831183102613,48394200,AAPL
2023-02-24,144.35733032226562,144.82962872471046,143.38320079150859,144.75090982195374,55469600,AAPL
2023-02-27,145.54791259765625,146.77786725557394,145.0854484451516,145.34128862301924,44998500,AAPL
2023-02-28,145.04611206054688,146.68932985809187,144.47541123636594,144.69188448050687,50547000,AAPL
2023-03-01,142.97979736328125,144.8690063216874,142.6846051791963,144.47542675230628,55479000,AAPL
2023-03-02,143.5701904296875,144.3573646302391,141.59241318636302,142.0647267151534,52238100,AAPL
2023-03-03,148.6080322265625,148.68675112203792,144.96736964186593,145.66597544130724,70732300,AAPL
2023-03-06,151.36314392089844,153.79353555974586,150.99908214162087,151.32377696340643,87558000,AAPL
2023-03-07,149.16891479492188,151.55993956940895,148.7064506179963,151.23522972088062,56182000,AAPL
2023-03-08,150.41854858398438,151.00893289820618,149.39523278864294,150.35951315538156,47204800,AAPL
2023-03-09,148.17510986328125,152.06176399701366,147.82088228318355,151.09748364556307,53833600,AAPL
2023-03-10,146.11865234375,148.51952687879202,145.2429249942403,147.80123737088158,68572400,AAPL
2023-03-13,148.05703735351562,150.6842189540097,145.33145336527863,145.43968998615728,84457100,AAPL
2023-03-14,150.14303588867188,150.94004418166887,147.6929755826584,148.85404568502526,73695900,AAPL
2023-03-15,150.53663635253906,150.79246155107444,147.51586009545082,148.76549840164833,77167900,AAPL
2023-03-16,153.35073852539062,153.95095694332394,149.2082450157043,149.7199103098672,76161100,AAPL
2023-03-17,152.51438903808594,154.22649145558808,151.80593390078133,153.57707174404283,98944600,AAPL
2023-03-20,154.8759002685547,155.28917828804447,151.67801783277878,152.58327776546486,73641400,AAPL
2023-03-21,156.72573852539062,156.8438093660786,154.0296725549558,154.79717806171172,73938300,AAPL
2023-03-22,155.2990264892578,159.5399085601911,155.27934300701256,156.7454546452784,75701800,AAPL
2023-03-23,156.38136291503906,158.9593583364734,155.15140813839363,156.28297554136526,67622100,AAPL
2023-03-24,157.68020629882812,157.76875944157217,155.31869907440637,156.31249715364865,59196500,AAPL
2023-03-27,155.74179077148438,158.19186606543823,155.33836200567538,157.37517430078694,52390300,AAPL
2023-03-28,155.1219024658203,155.94844355059743,153.47868455836303,155.4367781198492,45992200,AAPL
2023-03-29,158.19186401367188,158.46737267599337,156.7946372221569,156.8143056879684,51305700,AAPL
2023-03-30,159.75636291503906,159.86459953343115,158.68384597812414,158.93967116064357,49501700,AAPL
2023-03-31,162.25563049316406,162.35403288236776,159.31358823359025,159.8350878653574,68749800,AAPL
2023-04-03,163.50527954101562,163.62335040456196,161.58655293789977,161.63575413574327,56976200,AAPL
2023-04-04,162.97390747070312,164.16449510354033,162.46224215834394,163.92835343175463,46278300,AAPL
2023-04-05,161.13389587402344,162.4032175003463,159.2053353608918,162.09819114468434,51511700,AAPL
2023-04-06,162.01950073242188,162.31469290771022,159.40215313314846,159.82525040692016,45390100,AAPL
2023-04-10,159.43165588378906,159.43165588378906,157.51292944566782,158.8314373555464,47716900,AAPL
2023-04-11,158.22140502929688,159.75638637804428,157.93604707794614,159.74655214369014,47644200,AAPL
2023-04-12,157.5325927734375,159.46115319792995,157.2177171858746,158.6346273017189,50133100,AAPL
2023-04-13,162.90505981445312,163.14121655398105,158.83144989570576,159.0380889195549,68445600,AAPL
2023-04-14,162.56068420410156,163.6528847449455,161.19297496954,161.9506163702145,49386500,AAPL
2023-04-17,162.58033752441406,162.7377753387549,161.39958394505072,162.44258319038994,41516200,AAPL
2023-04-18,163.8004913330078,164.72541991249665,162.9936336312071,163.43642945073645,49923000,AAPL
2023-04-19,164.94187927246094,165.4633789570219,162.885383237049,163.14122346923992,47720200,AAPL
2023-04-20,163.97756958007812,165.17800667808302,162.90505258707114,163.42655222639002,52456400,AAPL
2023-04-21,162.3737030029297,163.78076396537094,161.85220341407148,162.40322071444277,58337300,AAPL
2023-04-24,162.6787109375,162.9443853251193,161.26180088898863,162.35400113354166,41949600,AAPL
2023-04-25,161.14373779296875,163.64299896057264,161.10437083745688,162.54096443175132,48714100,AAPL
2023-04-26,161.13389587402344,162.62952495549953,160.18929909610858,160.44512426219072,45498800,AAPL
2023-04-27,165.70933532714844,165.85692388096987,162.54097091629146,162.54097091629146,64902300,AAPL
2023-04-28,166.95896911621094,167.12625617335198,165.1878463008649,165.78806481489534,55275900,AAPL
2023-05-01,166.87039184570312,167.71660118549804,165.93562938076653,166.5653655163748,52472900,AAPL
2023-05-02,165.83721923828125,167.61820597364212,164.85325563412508,167.36236582754194,48425700,AAPL
2023-05-03,164.76475524902344,168.17911124939818,164.47941231869004,166.78188428598025,65136000,AAPL
2023-05-04,163.13133239746094,164.3612870012041,161.67507035057545,162.2457710884036,81235400,AAPL
2023-05-05,170.78662109375,171.50491053581004,168.02166992672903,168.23814318555767,113453200,AAPL
2023-05-08,170.71771240234375,171.06210572406735,169.35000337616833,169.7140651629481,55962800,AAPL
2023-05-09,169.0154571533203,170.75706217667226,168.84818511789587,170.27492954930042,45326900,AAPL
2023-05-10,170.77676391601562,171.23922812803062,169.14338031673282,170.24543004162442,53724500,AAPL
2023-05-11,170.96371459960938,171.79024060925457,169.40904995436452,171.06211698775132,49514700,AAPL
2023-05-12,170.03749084472656,171.50561502670146,168.4905238476374,171.0720697527437,45533100,AAPL
2023-05-15,169.5448455810547,170.66811525184778,168.95364468701064,170.6188460048669,37266700,AAPL
2023-05-16,169.5448455810547,170.5991352991019,169.27880367524853,169.46601779285794,42110300,AAPL
2023-05-17,170.15573120117188,170.39219951568867,167.91903983890595,169.19011716888295,57951600,AAPL
2023-05-18,172.4811248779297,172.66833901247392,170.04737119858373,170.46120584790356,65496700,AAPL
2023-05-19,172.58949279785156,173.80143807257875,172.3727201425523,173.80143807257875,55809500,AAPL
2023-05-22,171.64356994628906,172.1460951955022,170.9045763773169,171.42679729660153,43570900,AAPL
2023-05-23,169.04232788085938,170.83562631420236,168.7664381272472,170.58929510312979,50747300,AAPL
2023-05-24,169.31820678710938,169.8896969643689,168.01758589409968,168.57921320123526,45143500,AAPL
2023-05-25,170.4513397216797,171.3479738482291,169.17041449607095,169.8798495430277,56058300,AAPL
2023-05-26,172.85552978515625,173.19055165787438,170.56958397024448,170.77650880236848,54835000,AAPL
2023-05-30,174.69810485839844,176.36330631715728,173.9788219031772,174.36309800636275,55964400,AAPL
2023-05-31,174.64881896972656,176.71800704198733,174.16600441023556,174.72764675708407,99625300,AAPL
2023-06-01,177.44711303710938,177.47667157389162,174.33348352725068,175.09218771933737,68901800,AAPL
2023-06-02,178.2945098876953,179.11233123154489,176.62930866038764,178.37333767160567,61996900,AAPL
2023-06-05,176.94464111328125,182.2358308287415,175.4272324012079,179.949884959394,121946500,AAPL
2023-06-06,176.58006286621094,177.4766970018392,174.82617090162998,177.328904296753,64848400,AAPL
2023-06-07,175.21044921875,178.55069942371495,174.71778685793004,175.8213457350109,61944600,AAPL
2023-06-08,177.92007446289062,178.18610128610723,174.85571428274253,175.28924448775277,50214900,AAPL
2023-06-09,178.30438232421875,179.55573399442156,177.9792233362159,178.83645110058313,48900000,AAPL
2023-06-12,181.0928497314453,181.19138823156914,178.31424143935143,178.60984190485868,54274900,AAPL
2023-06-13,180.61988830566406,181.4475575367352,179.76266053311636,180.11737806569877,54929100,AAPL
2023-06-14,181.25048828125,181.68403358526143,179.34881869349235,180.67899811094975,57462900,AAPL
2023-06-15,183.28025817871094,183.78278344228747,181.08298811392547,181.26035439367692,65433200,AAPL
2023-06-16,182.2062530517578,184.245882524342,181.56579797087073,183.98968846409701,101256200,AAPL
2023-06-20,182.29495239257812,183.3689679486228,181.70376647980103,181.70376647980103,49799100,AAPL
2023-06-21,181.2603302001953,182.68904794337553,179.91042519875955,182.1865227468729,49515700,AAPL
2023-06-22,184.25576782226562,184.30503707731958,180.97463389589913,181.04361385994784,51245300,AAPL
2023-06-23,183.94044494628906,184.80753566864925,182.29495416898448,182.82703803401998,53117000,AAPL
2023-06-26,182.55111694335938,185.2903184900679,182.51169553463515,184.08822111663613,48088700,AAPL
2023-06-27,185.30018615722656,185.6253451571229,182.94526040179295,183.1620330683905,50730800,AAPL
2023-06-28,186.47271728515625,187.11317238738192,184.84693738882143,185.17208134019785,51216800,AAPL
2023-06-29,186.8077392578125,187.2807060224463,186.16728410364277,186.30522898461155,46347300,AAPL
2023-06-30,191.12344360351562,191.62595381515632,188.45320690668942,188.81778728912292,85213200,AAPL
2023-07-03,189.63558959960938,191.0347488046626,188.9458503136462,190.93621032527898,31458200,AAPL
2023-07-05,188.52220153808594,190.1479814937267,187.82261429340878,188.75868490984942,46920300,AAPL
2023-07-06,188.9951629638672,189.20208780415717,186.42346442381324,187.05407174607458,45094300,AAPL
2023-07-07,187.8817138671875,189.8425155087971,187.44818361165477,188.6010117511895,46815000,AAPL
2023-07-10,185.8421173095703,187.20187038994513,184.29515010539157,186.48257243692333,59922200,AAPL
2023-07-11,185.31988525390625,186.5219826806886,183.86160879849567,186.384037813756,46638100,AAPL
2023-07-12,186.985107421875,188.88677723101014,185.70418206587038,186.8964167558296,60750200,AAPL
2023-07-13,187.7437744140625,188.38424453327508,186.99493300399138,187.7043680387378,41342300,AAPL
2023-07-14,187.8916015625,188.37440112570727,186.8471596075647,187.43834550769154,41616200,AAPL
2023-07-17,191.14315795898438,191.46831693797242,188.9951421376018,189.08381775872684,50520200,AAPL
2023-07-18,190.88697814941406,191.47817907078496,189.5962050071137,190.5125649317522,48288200,AAPL
2023-07-19,192.23687744140625,195.32093388898534,189.82281961650222,190.26622781119138,80507300,AAPL
2023-07-20,190.2957763671875,193.58675746858663,189.6750169550875,192.22700448393437,59581200,AAPL
2023-07-21,189.12326049804688,192.10879369152832,188.42367321559357,191.25156585425083,71951700,AAPL
2023-07-24,189.92140197753906,192.04970767810678,189.42873945619655,190.57172011407926,45377800,AAPL
2023-07-25,190.778564453125,191.58653792745972,190.08884016702333,190.49282690419068,37283200,AAPL
2023-07-26,191.64569091796875,192.76896069007793,190.48301476563847,190.82786945588313,47471900,AAPL
2023-07-27,190.3844757080078,194.30606454519102,189.72430983845956,193.14338839624878,47460200,AAPL
2023-07-28,192.95616149902344,193.74442436278966,191.29096014596897,191.8131810983056,48291400,AAPL
2023-07-31,193.56707763671875,193.60649905306556,192.39453857567588,193.1828015190956,38824100,AAPL
2023-08-01,192.7394256591797,193.8429848583732,192.4142666019459,193.36018522615927,35175100,AAPL
2023-08-02,189.75387573242188,192.31571151477112,189.03459274742033,192.17776662675897,50389300,AAPL
2023-08-03,188.36453247070312,189.54691917513858,187.89158079590146,188.7586713954234,61235200,AAPL
2023-08-04,179.31927490234375,184.6301752435833,179.25029494609427,182.79747042079737,115956800,AAPL
2023-08-07,176.22537231445312,180.4425618735659,174.7473848978987,179.45723692919626,97576100,AAPL
2023-08-08,177.16139221191406,177.62449604499406,174.97397007455905,177.05300588853657,67823000,AAPL
2023-08-09,175.57501220703125,178.27479228591488,174.41232123291388,178.21567520898486,60378500,AAPL
2023-08-10,175.35826110839844,178.09746293161143,174.99369573264087,176.8460961883882,54686900,AAPL
2023-08-11,175.41744995117188,176.2363757071569,174.1940069392339,174.95373578240464,52036700,AAPL
2023-08-14,177.06515502929688,177.29208151781367,174.943837241764,175.59503330985302,43675600,AAPL
2023-08-15,175.08201599121094,177.0849254578291,174.68735981208974,176.49294118914725,43622600,AAPL
2023-08-16,174.21376037597656,176.15745776554937,174.14468726786023,174.7662850202376,46964900,AAPL
2023-08-17,171.67803955078125,175.1411945839284,171.1649745274817,174.7761369036864,66062900,AAPL
2023-08-18,172.16148376464844,172.76334408254257,169.6652471318657,170.00070631097662,61172200,AAPL
2023-08-21,173.4934844970703,173.77962299820936,171.42151715942626,172.7337706675176,46311900,AAPL
2023-08-22,174.8649444580078,175.30893640777694,173.89802631437342,174.69721483499137,42038900,AAPL
2023-08-23,178.70303344726562,179.1273031269572,175.95027131734813,176.13773826499084,52722800,AAPL
2023-08-24,174.02627563476562,178.68329009610582,173.6612029173666,178.25902046647073,54945800,AAPL
2023-08-25,176.2265167236328,176.7593040006282,173.4737548580186,175.0129348306344,51449600,AAPL
2023-08-28,177.7854461669922,178.1801023209798,176.1673318473753,177.68677460091166,43820700,AAPL
2023-08-29,181.6629638671875,182.4325537749521,177.1046213280948,177.30194937146643,53003900,AAPL
2023-08-30,185.14585876464844,185.34320186637345,182.27470331859433,182.47203136515444,60813900,AAPL
2023-08-31,185.36294555664062,186.59626480914432,184.97815055206615,185.33334709899387,60794500,AAPL
2023-09-01,186.9317626953125,187.3856158066575,185.7675013452281,186.96136115669725,45766500,AAPL
2023-09-05,187.1685333251953,187.44479564304942,185.1064270757959,185.7674844117445,45280000,AAPL
2023-09-06,180.4691619873047,186.32989809435446,179.04837565163587,185.88589107308178,81755800,AAPL
2023-09-07,175.19052124023438,175.83185624974686,171.22416252451072,172.84227669356144,112488800,AAPL
2023-09-08,175.80223083496094,177.83475336123297,175.4174358773743,175.96997548136457,65551300,AAPL
2023-09-11,176.9665069580078,177.89396541040293,174.97345890425444,177.6670388917848,58953100,AAPL
2023-09-12,173.94737243652344,177.726264911888,172.48712647188145,177.0948059767589,90370200,AAPL
2023-09-13,171.88522338867188,174.93398459835862,171.6582818339781,174.15451849429098,84267900,AAPL
2023-09-14,173.3948211669922,173.75001770449512,171.26364194197464,171.67803539320033,60895800,AAPL
2023-09-15,172.674560546875,174.14468255030425,171.5004532372104,174.12494522635322,109259500,AAPL
2023-09-18,175.59506225585938,176.98624997924455,173.8190795297471,174.12494029407293,67257600,AAPL
2023-09-19,176.6803741455078,177.23289871202428,174.7662604292434,175.1510553991506,51826900,AAPL
2023-09-20,173.14817810058594,177.3019893003594,173.05936766417838,176.86785847407558,58436200,AAPL
2023-09-21,171.6089630126953,173.94734650075085,171.53990496478352,172.22069958579337,63149100,AAPL
2023-09-22,172.45745849609375,174.71690737052137,171.72734327191537,172.33906468788402,56725400,AAPL
2023-09-25,173.7302703857422,174.6083930174941,171.82601779128095,171.87535356826675,46172700,AAPL
2023-09-26,169.66526794433594,172.8620217812148,169.3692683155077,172.4871029695211,64588900,AAPL
2023-09-27,168.1556854248047,170.7308568174817,166.79411110643792,170.31646332448594,66921800,AAPL
2023-09-28,168.41220092773438,169.73431545858824,165.38316183381656,167.0802102082604,56294400,AAPL
2023-09-29,168.92527770996094,170.76045735672912,168.06687727418498,169.7244661753788,51861100,AAPL
2023-10-02,171.43136596679688,171.9740294168616,168.6489906711008,168.93512915166482,52164500,AAPL
2023-10-03,170.09939575195312,171.31299281082715,168.54049336939298,169.96126458937815,49594600,AAPL
2023-10-04,171.3425750732422,171.88523853747708,168.68846972057472,168.80686354725646,53020300,AAPL
2023-10-05,172.5758819580078,173.10866919518492,170.3756298015613,171.47081778563683,48527900,AAPL
2023-10-06,175.12147521972656,175.61480292776608,170.8689777300858,171.48071432556827,57266700,AAPL
2023-10-09,176.60145568847656,176.66065260372454,173.45402254968238,174.45053908507856,42390800,AAPL
2023-10-10,176.00942993164062,177.32168322438636,175.57529921161475,175.72330653262233,43698000,AAPL
2023-10-11,177.400634765625,177.4499705441094,175.22999600880442,175.82198018511957,47551100,AAPL
2023-10-12,178.2985076904297,179.90674578858014,176.6507798893927,177.6670488234186,56743100,AAPL
2023-10-13,176.46334838867188,179.5022341867499,175.76281633481818,178.99904528395493,51427100,AAPL
2023-10-16,176.33505249023438,176.69024903281087,174.15453745424634,174.39134016768617,52517000,AAPL
2023-10-17,174.78598022460938,176.03903666999224,172.46734930467605,174.29265257502803,57549400,AAPL
2023-10-18,173.4934844970703,175.21027033840411,172.77323025982977,173.23695950912395,54764400,AAPL
2023-10-19,173.1185760498047,175.466805839834,172.85217485644313,173.69082297603654,59302900,AAPL
2023-10-20,170.57298278808594,173.07908076842247,170.33618008275127,172.97054807703984,64244000,AAPL
2023-10-23,170.69139099121094,171.68790756499885,167.6623515662161,168.62928473640696,55980100,AAPL
2023-10-24,171.12550354003906,171.35243005141567,169.1620540054936,170.74070856198063,43816600,AAPL
2023-10-25,168.8167266845703,170.75056262830392,168.37271975850888,169.5863166088348,57157000,AAPL
2023-10-26,164.6629180908203,169.0930062294273,163.459197305812,168.0964746462511,70625300,AAPL
2023-10-27,165.97515869140625,166.70528904611524,164.60370840247674,164.68264263448572,58499100,AAPL
2023-10-30,168.0175323486328,168.8857938712959,166.61648356307745,166.76449089816728,51131000,AAPL
2023-10-31,168.4911651611328,168.61942013954004,165.65945361827133,167.09011614768582,44846000,AAPL
2023-11-01,171.64842224121094,171.9049471971035,167.84979334743332,168.71805482147735,56934900,AAPL
2023-11-02,175.2003936767578,175.40758286457637,173.11855033416663,173.17774724497193,77334800,AAPL
2023-11-03,174.29269409179688,174.46043878115682,171.03674287311975,171.91486569633807,79829200,AAPL
2023-11-06,176.83824157714844,177.0355696443862,173.85855313497558,174.02628274488598,63841300,AAPL
2023-11-07,179.39369201660156,180.00541354681909,176.58171810512866,176.7889073081916,70530000,AAPL
2023-11-08,180.44940185546875,181.00192645947115,179.16674685036813,179.91661457451394,49340300,AAPL
2023-11-09,179.97581481933594,181.6629871195562,179.3838155582821,180.51847829944086,53763500,AAPL
2023-11-10,184.1548309326172,184.32279657138264,181.31940452226758,181.75410719319203,66133400,AAPL
2023-11-13,182.57412719726562,183.78930789371245,181.99123723697815,183.58184574005094,43627500,AAPL
2023-11-14,185.18235778808594,185.84428607992842,184.05608926427885,185.43922075842696,60108400,AAPL
2023-11-15,185.7454376220703,187.21749618530262,185.51821216432265,185.5873762590713,53790500,AAPL
2023-11-16,187.42498779296875,188.6599317940755,186.37774261703024,187.2866746678448,54412900,AAPL
2023-11-17,187.4052276611328,188.08691917335904,186.29872264128753,187.95848017105547,50922700,AAPL
2023-11-20,189.14402770996094,189.598493753426,187.59294582194016,187.60281994734135,46505100,AAPL
2023-11-21,188.3437957763672,189.21320125507725,187.45464204586924,189.10452557023848,38134500,AAPL
2023-11-22,189.00570678710938,190.60618938615343,188.53149251239262,189.18354656200316,39617700,AAPL
2023-11-24,187.68185424804688,188.60064536615056,186.970525284031,188.57100791556658,24048300,AAPL
2023-11-27,187.5040283203125,188.37343380166539,186.6247487130357,187.63246733233092,40552600,AAPL
2023-11-28,188.106689453125,188.77850691885152,187.11873411970524,187.4941619704054,38415400,AAPL
2023-11-29,187.08909606933594,189.77633577367203,186.6939199672285,188.60066651864972,43014200,AAPL
2023-11-30,187.66207885742188,188.02763251612237,185.92328320995222,187.55340318726755,48794400,AAPL
2023-12-01,188.9365692138672,189.25270705783993,186.95076949469112,188.0375263099119,45704800,AAPL
2023-12-04,187.14830017089844,187.76084249491643,185.19215357805768,187.6916784119643,43389500,AAPL
2023-12-05,191.09030151367188,192.05849343193452,187.8893210956394,187.91897362196437,66628400,AAPL
2023-12-06,190.00355529785156,192.4141533735728,189.79607806848605,192.10788966712872,41089700,AAPL
2023-12-07,191.93008422851562,192.65128739108172,191.25826677194576,191.29779342674496,47477700,AAPL
2023-12-08,193.35272216796875,193.62934842275146,191.33728508312288,191.86090014217592,53406400,AAPL
2023-12-11,190.8531951904297,191.15947399253523,189.11439931154695,190.78404615931,60943700,AAPL
2023-12-12,192.3647918701172,192.37466599656702,189.41079996137955,190.75441983366463,52696900,AAPL
2023-12-13,195.5756378173828,195.6151493963814,192.50309623143957,192.74019585543422,70404200,AAPL
2023-12-14,195.72381591796875,197.21562292408947,193.79730618821,195.63490356313392,66831600,AAPL
2023-12-15,195.19032287597656,196.01031245444227,194.62718115642724,195.1507962246044,128538400,AAPL
2023-12-18,193.53057861328125,194.26167102083278,192.0486455445977,193.72816667410518,55751900,AAPL
2023-12-19,194.5679168701172,194.5777909959987,193.53056080250687,193.79731295132126,40714100,AAPL
2023-12-20,192.4833221435547,195.2989855460905,192.4833221435547,194.5283816611859,52242800,AAPL
2023-12-21,192.33511352539062,194.70621508029078,191.16933361068988,193.73802319308166,46482500,AAPL
2023-12-22,191.26812744140625,193.05632389177538,190.64571085868127,192.82908334808235,37149600,AAPL
2023-12-26,190.72474670410156,191.55462542072405,190.50739536284337,191.2779991818499,28919300,AAPL
2023-12-27,190.8235321044922,191.16932243864449,188.78834689776542,190.17149315937536,48087700,AAPL
2023-12-28,191.2483673095703,192.3153607227681,190.8433020640508,191.80161980345068,34049900,AAPL
2023-12-29,190.2110595703125,192.05853141826742,189.42069220367281,191.56455369849306,42672100,AAPL
2024-01-02,183.4040069580078,186.17028459685415,181.6750853181039,184.89581391743906,82488700,AAPL
2024-01-03,182.03076171875,183.6411336613478,181.22063114701328,182.00112426612563,58414500,AAPL
2024-01-04,179.7189483642578,180.88472835710988,178.70135563320858,179.95604798314233,71983600,AAPL
2024-01-05,178.99771118164062,180.5586821654936,177.99988188294327,179.79796753554595,62379700,AAPL
2024-01-08,183.32498168945312,183.36450834315934,179.313885613353,179.89677561800764,59144500,AAPL
2024-01-09,182.9100341796875,182.9199083051763,180.52905841182087,181.7047275700206,42841800,AAPL
2024-01-10,183.94737243652344,184.15483457675245,181.70471001714742,182.129538572139,46792900,AAPL
2024-01-11,183.3546142578125,184.7970355796361,181.4083411771675,184.29316874581366,49128400,AAPL
2024-01-12,183.68063354492188,184.49076406507768,182.95943045197853,183.81894667336306,40477800,AAPL
2024-01-16,181.418212890625,182.04061439740983,178.75072186869164,179.9659175831278,65603000,AAPL
2024-01-17,180.4796600341797,180.72664884969066,178.12833676151584,179.08665457169852,47317400,AAPL
2024-01-18,186.35800170898438,186.86185345428623,183.59172402252184,183.8485869578717,78005800,AAPL
2024-01-19,189.252685546875,189.6379874512041,186.54569809210085,187.04954979006996,68903000,AAPL
2024-01-22,191.55465698242188,192.97731505960866,189.94428498185601,189.9838116367789,60133900,AAPL
2024-01-23,192.82908630371094,193.39222799671276,191.49535584528522,192.67102493067515,42355600,AAPL
2024-01-24,192.1573028564453,194.01466361551059,191.99922639290756,193.06621990928542,53631300,AAPL
2024-01-25,191.83128356933594,193.90599578100486,190.78405333725613,192.86863967517039,54822100,AAPL
2024-01-26,190.10235595703125,192.41416772814074,189.6281416366758,191.93007928184088,44594000,AAPL
2024-01-29,189.42066955566406,189.8850097627336,187.29657164460275,189.6972958396627,47145600,AAPL
2024-01-30,185.77513122558594,189.48985326642097,185.21200447312103,188.6402109991027,55859400,AAPL
2024-01-31,182.178955078125,184.84644650359252,182.12956937209933,184.78715652135838,55467800,AAPL
2024-02-01,184.6092987060547,184.69821105096443,181.60592170299904,181.77387226838383,64885400,AAPL
2024-02-02,183.61146545410156,185.0736348136651,177.09095561888776,177.69360884630905,102551700,AAPL
2024-02-05,185.41944885253906,186.97054595458332,183.6016146657499,185.8837890630235,69668800,AAPL
2024-02-06,187.01995849609375,187.02983262300086,184.52043256333454,184.6093449305071,43490800,AAPL
2024-02-07,187.1286163330078,188.74886241631054,186.33824908078662,188.3437971267345,53439000,AAPL
2024-02-08,186.0517578125,187.25704946443747,185.0934399218184,187.1088621926835,40962000,AAPL
2024-02-09,186.81344604492188,187.9411516715375,185.97260641439556,186.61559077121817,45155200,AAPL
2024-02-12,185.13174438476562,186.63535673641036,184.77562606711913,186.3880527684402,41781900,AAPL
2024-02-13,183.0445098876953,184.2019058140478,181.53101071537256,183.76664838776776,56529500,AAPL
2024-02-14,182.1641082763672,183.5292310959524,180.472557481369,183.3215042025078,54630500,AAPL
2024-02-15,181.87722778320312,182.50043860227981,179.3943014199978,181.57057328309747,65434500,AAPL
2024-02-16,180.34396362304688,182.8565806751117,179.71086599707365,181.44199396902647,49752500,AAPL
2024-02-20,179.60203552246094,180.46264852115328,178.0588611409836,179.82955095197704,53665600,AAPL
2024-02-21,180.35386657714844,180.91771184255438,178.71176441081158,179.97795967071906,41371400,AAPL
2024-02-22,182.3817138671875,182.9653626660908,180.4923231436991,181.50131240098546,52292200,AAPL
2024-02-23,180.55169677734375,183.04451006700117,180.2648157032703,183.0148347964746,45119700,AAPL
2024-02-26,179.20635986328125,180.78909628027105,178.7018500832812,180.27471486922383,40867400,AAPL
2024-02-27,180.66049194335938,181.9365737231629,177.62359209867634,179.14699293032547,54318900,AAPL
2024-02-28,179.46356201171875,181.145226165725,178.18748003378263,180.54180381169616,48953900,AAPL
2024-02-29,178.80075073242188,180.6011306821249,177.59390628342499,179.31514716008485,136682600,AAPL
2024-03-01,177.7225341796875,178.5831471920378,175.46712311031385,177.6137198257161,73563100,AAPL
2024-03-04,173.21173095703125,174.99230771576262,171.91584529303745,174.25039570154502,81510100,AAPL
2024-03-05,168.285400390625,170.1846930657021,167.7907924514621,168.91849794898403,95132400,AAPL
2024-03-06,167.29620361328125,169.39335177885377,166.8609461620447,169.2152850514215,68587700,AAPL
2024-03-07,167.177490234375,168.88882954707424,166.67299554984157,167.32586658446218,71765100,AAPL
2024-03-08,168.88882446289062,171.82679686006907,167.11813466346086,167.1774852017091,76267000,AAPL
2024-03-11,170.88705444335938,172.49948126334272,170.1946063009313,171.07500788792643,60139500,AAPL
2024-03-12,171.3618621826172,172.15323790323208,169.16580172767317,171.28272310113206,59825400,AAPL
2024-03-13,169.28451538085938,171.32229764254458,168.91849524765144,170.90682879160028,52488700,AAPL
2024-03-14,171.1343536376953,172.43022407386235,170.19460153541087,171.04532782778392,72913500,AAPL
2024-03-15,170.75843811035156,170.75843811035156,168.4535633292171,169.32407812222547,121752700,AAPL
2024-03-18,171.8466033935547,175.79358063684148,171.6487632139381,173.67665901704393,75604200,AAPL
2024-03-19,174.18113708496094,174.70542030322298,171.16402557801365,172.45989598897214,55215200,AAPL
2024-03-20,176.74319458007812,176.74319458007812,173.20180001631465,173.82501083363408,53423100,AAPL
2024-03-21,169.5219268798828,175.57593855649498,168.99764365136926,175.14068113790177,106181300,AAPL
2024-03-22,170.42210388183594,171.18380430580046,168.22604350725265,169.90770741812418,71160100,AAPL
2024-03-25,169.00755310058594,170.085794876263,167.6226416976105,168.73057383883838,54288300,AAPL
2024-03-26,167.8798370361328,169.57138777241732,167.7512341389727,168.16670300567833,57388400,AAPL
2024-03-27,171.44097900390625,171.72786002382026,168.2754916266955,168.5722593701728,60273300,AAPL
2024-03-28,169.63075256347656,170.37266455083602,168.67121185228598,169.8978451053126,65672700,AAPL
2024-04-01,168.19638061523438,169.40322523760474,167.65230884379906,169.3438746978549,46240500,AAPL
2024-04-02,167.0192108154297,167.51381877100314,166.41578850586058,167.25662806803024,49329500,AAPL
2024-04-03,167.82046508789062,168.83935621904524,166.76201196368757,166.96973884210524,47691700,AAPL
2024-04-04,166.9994354248047,170.06599565718972,166.9994354248047,168.4535689105981,53704400,AAPL
2024-04-05,167.75123596191406,168.5524984345705,167.12802510796487,167.7611226870966,42104800,AAPL
2024-04-08,166.6334228515625,167.37533481002382,166.4256959559663,167.20716991074772,37425500,AAPL
2024-04-09,167.84027099609375,168.24585316442327,166.53451377109624,166.88073030235694,42373800,AAPL
2024-04-10,165.97067260742188,167.26654325646084,165.30789964547978,166.97967723487736,49709300,AAPL
2024-04-11,173.15232849121094,173.56781241373886,166.34653399230652,166.52458559261675,91070300,AAPL
2024-04-12,174.6460723876953,176.43655077441642,172.33131077483722,172.38075949507746,101670900,AAPL
2024-04-15,170.82766723632812,174.72517963690404,170.63971383210225,173.46887143042125,73531800,AAPL
2024-04-16,167.55337524414062,171.88613013777277,166.45534511410173,169.89781183493915,73711200,AAPL
2024-04-17,166.1882781982422,168.80969440593617,166.1882781982422,167.78091646807817,50901200,AAPL
2024-04-18,165.2386474609375,166.82139922758353,164.75394124175978,166.21797681465168,43122900,AAPL
2024-04-19,163.2206268310547,164.60552308162337,162.31054999578998,164.41758473594675,68149400,AAPL
2024-04-22,164.05154418945312,165.45622881020677,162.9930911354229,163.7350029833429,48116400,AAPL
2024-04-23,165.10012817382812,165.24851961582092,163.14148491226467,163.56685559955991,49537800,AAPL
2024-04-24,167.197265625,167.4742448528629,164.41757152765254,164.7439994721628,48251800,AAPL
2024-04-25,168.05789184570312,168.77012851479734,166.33665071301928,167.70177351115603,50558300,AAPL
2024-04-26,167.4742431640625,169.49223681731962,167.35552700029277,168.04799015720317,44838400,AAPL
2024-04-29,171.6289520263672,174.1316669492416,171.2332717193323,171.50034913417457,68169400,AAPL
2024-04-30,168.49313354492188,173.10288291918897,168.16669051085722,171.46078102452523,65934800,AAPL
2024-05-01,167.4742431640625,170.84747276952126,167.28628974114312,167.75122238913238,50383100,AAPL
2024-05-02,171.1640167236328,171.5498103000238,169.04709541575278,170.64962025703286,94214900,AAPL
2024-05-03,181.40240478515625,184.98336128032037,180.69016817589636,184.63712970012278,163224100,AAPL
2024-05-06,179.75045776367188,182.21359610453806,178.47436058739535,180.38355544132992,78569700,AAPL
2024-05-07,180.43296813964844,182.9060078076493,179.36462828599997,181.47164781905605,77305800,AAPL
2024-05-08,180.76931762695312,181.09576068278213,179.4932206728727,180.87813197889614,45057100,AAPL
2024-05-09,182.57957458496094,182.6686003878229,180.14609698041687,180.59124108896245,48983000,AAPL
2024-05-10,181.3215789794922,183.34230991411323,180.4102677646858,183.15410154420678,50759500,AAPL
2024-05-13,184.52108764648438,185.33335221774516,182.8767582325011,183.68902280376187,72044800,AAPL
2024-05-14,185.66021728515625,186.52201273815805,184.53098214319476,185.7394637127145,52393600,AAPL
2024-05-15,187.9285888671875,188.849800179078,185.6007724639543,186.13568203158255,70400000,AAPL
2024-05-16,188.04747009277344,189.29558246787192,187.86917696187996,188.6715262803227,52845200,AAPL
2024-05-17,188.07716369628906,189.0082902438942,187.3936765447615,187.72056236134898,41282900,AAPL
2024-05-20,189.23611450195312,190.10781001398533,187.22528381236822,187.54226949481966,44361300,AAPL
2024-05-21,190.5337677001953,190.91016932460286,189.11726241831752,189.28565540299905,42309400,AAPL
2024-05-22,189.09744262695312,190.99932654838926,188.47340160760692,190.45451683728567,34648500,AAPL
2024-05-23,185.11546325683594,189.19655692553698,184.8678237844203,189.17674153562385,51005900,AAPL
2024-05-24,188.18612670898438,188.7804673088457,186.26444256610336,187.0370913918068,36327000,AAPL
2024-05-28,188.19606018066406,191.17763337385156,187.31446444482384,189.70169698060212,52280100,AAPL
2024-05-29,188.4932098388672,190.43470949642946,187.72057607583483,187.81963788738682,53068000,AAPL
2024-05-30,189.48374938964844,190.365345015264,188.82999288588945,188.95875509095092,49889100,AAPL
2024-05-31,190.43470764160156,190.7516933437122,188.11680637508078,189.63235836586054,75158300,AAPL
2024-06-03,192.19789123535156,193.14883318833753,190.7021546904014,191.07855630297723,50080500,AAPL
2024-06-04,192.51487731933594,193.47571940906454,191.2073340206378,192.80213237542046,47471400,AAPL
2024-06-05,194.0205078125,195.04078090785526,193.02995023528447,193.55494454203196,54156800,AAPL
2024-06-06,192.6436767578125,194.6446077464091,192.3366062580933,193.84225834657178,41181800,AAPL
2024-06-07,195.03089904785156,195.08042995429523,192.3068654552658,192.8120444256859,53103900,AAPL
2024-06-10,191.29647827148438,195.4370168860641,190.3356361933404,195.04078477848907,97010200,AAPL
2024-06-11,205.19400024414062,205.20391549352811,191.8016724106265,191.82147267998263,172373300,AAPL
2024-06-12,211.05812072753906,218.1207863262847,204.94636687125956,205.41193016487838,198134300,AAPL
2024-06-13,212.21705627441406,214.7033502990969,209.60198493072278,212.71233505249734,97862700,AAPL
2024-06-14,210.4835968017578,213.13828400218216,209.3048308005582,211.83075578674166,70122700,AAPL
2024-06-17,214.62413024902344,216.88260054537645,210.71143044440285,211.35528688913016,93728300,AAPL
2024-06-18,212.26658630371094,216.5656178731208,210.98877362098574,215.5354294813442,79943300,AAPL
2024-06-20,207.7001190185547,212.2170745602359,206.87796947703916,211.90998899500866,86172500,AAPL
2024-06-21,205.5308074951172,209.88925500861833,205.1543907600995,208.40341856791886,241805100,AAPL
2024-06-24,206.17466735839844,210.69160779538842,204.63929998769706,205.75863496180304,80727000,AAPL
2024-06-25,207.0959014892578,209.3840873125504,206.64023830581658,207.1751328027417,55549700,AAPL
2024-06-26,211.2364044189453,212.8312027309874,208.65104852463386,209.5029286499739,66213200,AAPL
2024-06-27,212.07838439941406,213.70289822966825,210.3449086305272,212.6628097453943,49772700,AAPL
2024-06-28,208.63125610351562,214.02980761283354,208.3142855019514,213.73263728250333,82542700,AAPL
2024-07-01,214.70335388183594,215.45617219578955,209.91895899194967,210.08735196554287,60402900,AAPL
2024-07-02,218.19015502929688,218.2991169839906,213.0689733881142,214.10904691098634,58046200,AAPL
2024-07-03,219.45802307128906,219.45802307128906,216.96181387179615,217.92265588190668,37369800,AAPL
2024-07-05,224.2028045654297,224.3117665065084,219.55708698216947,219.55708698216947,60412400,AAPL
2024-07-08,225.66885375976562,225.69856928044194,221.14199799041046,224.9457357840812,59085900,AAPL
2024-07-09,226.52069091796875,227.23389355571192,224.23250541967136,225.777772763212,48076100,AAPL
2024-07-10,230.7801055908203,230.8791673967792,227.0853299721382,227.13486087511765,62627700,AAPL
2024-07-11,225.4212188720703,230.19569903805672,223.63821202212716,229.2051413563895,64710600,AAPL
2024-07-12,228.36314392089844,230.44332094014862,226.5207061684713,226.7584454352943,53046500,AAPL
2024-07-15,232.1867218017578,234.99000194235262,230.88909361652622,234.2470836578572,62631300,AAPL
2024-07-16,232.60275268554688,234.03905824310993,230.1362587163494,232.781045805997,43234300,AAPL
2024-07-17,226.7188262939453,229.27446669281912,224.49997184852458,227.28343626123907,57345900,AAPL
2024-07-18,222.063232421875,228.26413370193544,220.1712785785942,228.10564083206222,66034600,AAPL
2024-07-19,222.19198608398438,224.65848009632384,221.1717129043359,222.6971801635164,49151500,AAPL
2024-07-22,221.84530639648438,225.62922890399747,220.98351093014816,224.86649525231948,48201800,AAPL
2024-07-23,222.88534545898438,224.7971293607533,220.57734458918785,222.25138924131514,39960300,AAPL
2024-07-24,216.47645568847656,222.67735606492835,215.0797809310421,221.88490694575157,61777600,AAPL
2024-07-25,215.43637084960938,218.7646448818125,212.59346035218633,216.86276105080302,51391200,AAPL
2024-07-26,215.90196228027344,217.41751434744816,213.97036267942912,216.6349653026102,41601300,AAPL
2024-07-29,216.1793212890625,217.2293100492215,213.71282713597697,214.91140862229943,36311800,AAPL
2024-07-30,216.73402404785156,218.24957609355639,214.07932159795172,217.1203409396055,41643800,AAPL
2024-07-31,219.9830322265625,221.70660788092644,218.5467267386139,219.34907597117163,50036300,AAPL
2024-08-01,216.29818725585938,222.36039574716864,214.97084352071977,222.2514337919132,62501000,AAPL
2024-08-02,217.78402709960938,223.469834014941,215.65433398710104,217.08072444799248,105568600,AAPL
2024-08-05,207.2939910888672,211.484045462397,194.14928763761037,197.21010696314244,119548600,AAPL
2024-08-06,205.27325439453125,208.00720313955475,199.17143085232243,203.36148541473497,69660500,AAPL
2024-08-07,207.83880615234375,211.62272838414273,204.441185671316,204.9463646139573,63516400,AAPL
2024-08-08,211.29580688476562,212.1774024091904,206.85811374836845,211.0976984180412,47161100,AAPL
2024-08-09,214.1981964111328,214.7330909034816,209.96851092003678,210.09728825409005,42201600,AAPL
2024-08-12,215.7254180908203,217.68898821235913,213.81143620679725,214.27753840147545,38028100,AAPL
2024-08-13,219.4343719482422,220.04922365215182,217.19311098226797,217.19311098226797,44155300,AAPL
2024-08-14,219.8806610107422,221.17979111862692,217.8774142480331,218.7402072098891,41960600,AAPL
2024-08-15,222.85577392578125,223.48055242779947,220.9120269929499,222.73677426147512,46414000,AAPL
2024-08-16,224.1747283935547,224.94825642777528,221.79462933024135,222.06239369045758,44340200,AAPL
2024-08-19,224.01605224609375,224.11522871504155,221.18968933533225,223.84746435464618,40687800,AAPL
2024-08-20,224.6309356689453,225.2854641390349,223.57973153152028,223.89708417115403,30299000,AAPL
2024-08-21,224.52183532714844,226.08872985229075,223.1830436738614,224.64085012661386,34765500,AAPL
2024-08-22,222.66734313964844,226.4457337259973,222.04256465043304,225.90029338876204,43695300,AAPL
2024-08-23,224.9581756591797,226.32673228874265,222.46900358067504,223.78797197411373,38677300,AAPL
2024-08-26,225.29534912109375,225.39452559231563,222.0326490158817,224.87883517993083,30602200,AAPL
2024-08-27,226.13829040527344,226.95149505120298,223.0243400581704,224.1251322421701,35934600,AAPL
2024-08-28,224.611083984375,227.95312221094204,223.80779089178384,226.02921369079436,38052200,AAPL
2024-08-29,227.8837127685547,230.98775191089825,226.9812734022471,228.1911537968638,51906300,AAPL
2024-08-30,227.1002655029297,228.4886453526855,225.59287085733376,228.28039594132485,52990800,AAPL
2024-09-03,220.9219512939453,227.10026429068756,219.335218503661,226.65400042223428,50190600,AAPL
2024-09-04,219.0178680419922,219.94014563997789,215.67581475954933,219.82114598403248,43840200,AAPL
2024-09-05,220.5352020263672,223.60947620664672,219.68233574260833,219.79142381839864,36615400,AAPL
2024-09-06,218.98814392089844,223.3714749735505,217.94685141211724,222.09216799264019,48423000,AAPL
2024-09-09,219.077392578125,219.4344067184307,214.91223769602945,218.98814282610013,67180000,AAPL
2024-09-10,218.28402709960938,219.64265710486697,214.9320618304677,217.10389659918582,51591000,AAPL
2024-09-11,220.81288146972656,221.23930705217748,216.08244775598524,219.62283934479092,44587100,AAPL
2024-09-12,220.9219512939453,221.69547936785247,217.9964268983011,220.6541869199912,37455600,AAPL
2024-09-13,220.65415954589844,222.18137718301287,220.0690577657977,221.72520177663733,36766600,AAPL
2024-09-16,214.52545166015625,215.41797935337752,212.14535259122513,214.7436126542421,59357400,AAPL
2024-09-17,214.9915771484375,215.10066523109435,212.72058086866357,213.96021129330612,45519300,AAPL
2024-09-18,218.8592071533203,220.86245391858552,215.7353297749969,215.7452565018275,59894900,AAPL
2024-09-19,226.97134399414062,227.91347512552952,222.76652771175563,223.12354184254357,66781300,AAPL
2024-09-20,226.306884765625,231.1563174701668,225.73169454082358,228.0622053540531,318679900,AAPL
2024-09-23,224.5912628173828,227.54653724680347,223.93673438033483,225.45404067299683,54146000,AAPL
2024-09-24,225.48377990722656,227.44736512534206,223.85738561877668,226.75316007712865,43556100,AAPL
2024-09-25,224.49209594726562,225.40446208089242,222.1615999382144,223.0640393442997,42308700,AAPL
2024-09-26,225.63253784179688,226.60440369502516,223.54004142995942,225.41436171300208,36636700,AAPL
2024-09-27,225.90029907226562,227.6159582791164,225.41437368594384,226.56475422029098,34026000,AAPL
2024-09-30,231.06707763671875,231.06707763671875,227.74486252768645,228.13162655878588,54541900,AAPL
2024-10-01,224.3334197998047,227.74486962890148,221.88390914906273,227.6159583693189,63285000,AAPL
2024-10-02,224.89869689941406,225.4837987967651,221.16989422947793,224.01608068964856,32880600,AAPL
2024-10-03,223.79788208007812,224.928424248049,221.46738631978812,223.27228007150777,34044200,AAPL
2024-10-04,224.91848754882812,226.1085294140403,222.27063948076494,226.00935295352124,37245100,AAPL
2024-10-07,219.8509063720703,223.81772316941647,219.49389225502094,222.63759275105315,39505400,AAPL
2024-10-08,223.89706420898438,224.10531361949606,221.3979653574062,222.43925780658088,31855700,AAPL
2024-10-09,227.63577270507812,227.84403724277382,222.96485445261254,223.36153007501719,33591100,AAPL
2024-10-10,227.13992309570312,227.59611368544336,225.28544108575701,225.89038125247495,28183500,AAPL
2024-10-11,225.66229248046875,227.5068628874906,225.4540279414576,227.39777482080956,31759200,AAPL
2024-10-14,229.38119506835938,229.80762063057296,226.70359663127624,226.80275797652766,39882100,AAPL
2024-10-15,231.9100341796875,235.51983687729248,230.44230106244424,231.67201972311165,64751400,AAPL
2024-10-16,229.85719299316406,230.19436878170097,227.93328446814013,229.67869350471682,34082200,AAPL
2024-10-17,230.22413635253906,231.91004568892726,228.6076687095473,231.49351658619665,32993800,AAPL
2024-10-18,233.0504913330078,234.2206950473064,232.0686987091599,234.2206950473064,46431500,AAPL
2024-10-21,234.5181884765625,234.8851292946414,232.5050303027995,232.5050303027995,36254500,AAPL
2024-10-22,233.90333557128906,234.26034966164363,230.67038557078126,231.9496772340994,38846600,AAPL
2024-10-23,228.8456573486328,233.18932661738793,225.87054472777703,232.13812257917175,52287000,AAPL
2024-10-24,228.65724182128906,228.90516786821388,226.51515714412935,228.07212485007065,31109500,AAPL
2024-10-25,229.49026489257812,231.28524701350278,227.665532857223,227.83412074973037,38802300,AAPL
2024-10-28,231.46372985839844,232.78269812140084,230.620790456467,231.38440684709022,36087100,AAPL
2024-10-29,231.73150634765625,232.38603471678388,230.39271482775456,231.1662428522856,35417200,AAPL
2024-10-30,228.191162109375,231.53320070866118,227.64572172599728,230.68033441798144,47070900,AAPL
2024-10-31,224.03591918945312,227.92339818004348,223.50039040024254,227.43745763164222,64370100,AAPL
2024-11-01,221.06077575683594,223.4805363045207,218.44267740554844,219.1368672842602,65276700,AAPL
2024-11-04,220.168212890625,220.94174084677013,217.88730565861934,219.15668564471403,44944500,AAPL
2024-11-05,221.59628295898438,222.0921350198155,219.30544885909725,219.9599772111233,28111300,AAPL
2024-11-06,220.87237548828125,224.19459083458287,219.35506917081855,220.76328741365683,54561100,AAPL
2024-11-07,225.5928497314453,225.98954046008802,222.70700223311508,222.76650205936048,42137700,AAPL
2024-11-08,225.32481384277344,227.01256271730918,224.77877343219782,225.53329235935942,38328800,AAPL
2024-11-11,222.61448669433594,224.07389700260043,219.90415975706793,223.3789433198207,42005600,AAPL
2024-11-12,222.61448669433594,223.96468891324545,221.75075962779928,222.93218846295187,40398300,AAPL
2024-11-13,223.49806213378906,225.01703765642938,221.15506473467502,222.39605879884869,48566200,AAPL
2024-11-14,226.57574462890625,227.22105551450989,223.3789425502784,223.398802697962,44923900,AAPL
2024-11-15,223.3789520263672,225.2851172657963,222.65421566813873,224.76885944610046,47923700,AAPL
2024-11-18,226.377197265625,228.08480645929455,223.5477244921184,223.6271499370396,44633700,AAPL
2024-11-19,226.6352996826172,228.50175961033486,225.02697621656037,225.34466282087314,36211800,AAPL
2024-11-20,227.35011291503906,228.27340522879027,224.26251907255318,226.4168829534927,35169600,AAPL
2024-11-21,226.87356567382812,228.50174921258224,224.08381355701644,227.2309725554499,42108300,AAPL
2024-11-22,228.21385192871094,229.05773399756174,226.41689485035167,226.41689485035167,38168300,AAPL
2024-11-25,231.19224548339844,231.56951255942457,228.08480637706975,229.79241557012372,90152800,AAPL
2024-11-26,233.36643981933594,233.8727750720934,231.64890834638587,231.64890834638587,45986200,AAPL
2024-11-27,233.2373809814453,233.99191506726265,232.12545514826604,232.78070364946953,33498400,AAPL
2024-11-29,235.62010192871094,236.0966394139658,232.28430923421996,233.11825362062933,28481400,AAPL
2024-12-02,237.86383056640625,239.0551819380818,235.45134517492735,235.5605532676808,48137100,AAPL
2024-12-03,240.90174865722656,241.01095673492534,237.17876666593097,238.0822139315433,38861000,AAPL
2024-12-04,241.2591552734375,242.3512360492442,239.51184118099928,241.12016455186688,44383900,AAPL
2024-12-05,241.28895568847656,242.77814859306412,240.38552350615552,242.2321233137982,40033900,AAPL
2024-12-06,241.0903778076172,242.86748966267425,240.33585892461636,241.1598807416467,36870600,AAPL
2024-12-09,244.97222900390625,245.45870413211114,240.0082527322972,240.08767817050534,44649200,AAPL
2024-12-10,245.98487854003906,246.4217108653419,243.57237825215392,245.11121388943334,36914800,AAPL
2024-12-11,244.71412658691406,248.99307203962232,244.48577275361333,246.17353693536344,45205800,AAPL
2024-12-12,246.1735076904297,246.9478867446912,243.90992066775823,245.11120954102955,32777500,AAPL
2024-12-13,246.34228515625,247.49391610940148,244.46590277835176,246.0345210589055,33155300,AAPL
2024-12-16,249.23133850097656,249.5689004337868,245.86576286364547,246.2033247964557,51694800,AAPL
2024-12-17,251.65374755859375,252.00123197197036,247.98040799068028,248.27824960945253,51356400,AAPL
2024-12-18,246.2628936767578,252.44800456803839,245.9551295369763,250.343283238806,56774100,AAPL
2024-12-19,247.99029541015625,250.18437937092787,245.30975151809525,245.7168011678756,60882300,AAPL
2024-12-20,252.65646362304688,253.16278373693368,243.9198625662762,246.25292226826556,147495300,AAPL
2024-12-23,253.43084716796875,253.80809906094288,251.62395254537785,252.93444954402884,40858800,AAPL
2024-12-24,256.3397216796875,256.34962902881983,253.45066898797964,253.64924013847912,23234700,AAPL
2024-12-26,257.15380859375,258.2260444048055,255.77383898408218,256.32980188696064,27237100,AAPL
2024-12-27,253.74853515625,256.836144148833,251.2367643772991,255.97238682838486,42355300,AAPL
2024-12-30,250.3829345703125,251.67357129905236,248.94338462815534,250.41271721299594,35557500,AAPL
2024-12-31,248.6157989501953,251.4551941340452,247.63292614272083,250.6212497119267,39480700,AAPL
2025-01-02,242.0931396484375,247.3053149666319,240.07776640397734,247.1365264348607,55740700,AAPL
2025-01-03,241.60665893554688,242.42074318433572,240.14724866814672,241.60665893554688,40244100,AAPL
2025-01-06,243.23484802246094,245.54806288478193,241.4478134561986,242.5498168429892,45045600,AAPL
2025-01-07,240.46495056152344,243.78088314896328,239.61114601786818,241.22939201717418,40856000,AAPL
2025-01-08,240.951416015625,241.9541489627904,238.32051453305579,240.17703689438372,37628900,AAPL
2025-01-10,235.14356994628906,238.4297199246896,231.32130202918376,238.28079154222544,61710900,AAPL
2025-01-13,232.7112274169922,232.97928640713008,228.06495238182922,231.84750029737077,49630700,AAPL
2025-01-14,231.59927368164062,234.41880854341963,230.7951119565212,233.05868390458076,39435300,AAPL
2025-01-15,236.1562042236328,237.2383625727966,232.74098609709984,232.94947976770305,39832000,AAPL
2025-01-16,226.6154327392578,236.29518618874627,226.38709407905125,235.63995285298606,71759100,AAPL
2025-01-17,228.3230438232422,230.61639839146835,226.83385097126646,230.44762501944012,68488300,AAPL
2025-01-21,221.0359344482422,222.8031087860845,217.79942737812888,222.38613659782595,98070400,AAPL
2025-01-22,222.21737670898438,222.5052806842356,218.2064751614249,218.2064751614249,64126500,AAPL
2025-01-23,222.04859924316406,225.394314538592,220.69839703644928,223.1208199792776,60234800,AAPL
2025-01-24,221.1749267578125,224.00439930767484,219.81480209957203,223.160517277336,54697900,AAPL
2025-01-27,228.20391845703125,230.47741293083342,222.36627749626697,222.4059977899183,94863400,AAPL
2025-01-28,236.5434112548828,238.45951413038736,229.1470890329199,229.1868093297106,75707600,AAPL
2025-01-29,237.63546752929688,238.1318651456976,232.3240069742682,232.43321505583046,45486100,AAPL
2025-01-30,235.8782196044922,239.05516137192973,235.50096771104396,236.95044029141235,55658300,AAPL
2025-01-31,234.29966735839844,245.40904807772534,231.7581140684966,245.40904807772534,100959800,AAPL
2025-02-03,226.36721801757812,230.15970278413624,224.07386363152474,228.3329633332112,73063300,AAPL
2025-02-04,231.12274169921875,231.45036595591674,225.01704170433482,225.61272492539547,45067300,AAPL
2025-02-05,230.7951202392578,230.99367626573292,226.625383087866,226.88350440739822,39620300,AAPL
2025-02-06,231.5397186279297,232.11554171369926,228.7698112868805,229.62361584180033,29925300,AAPL
2025-02-07,225.989990234375,232.31409120281862,225.62264568638093,230.9241838961893,39707200,AAPL
2025-02-10,226.25831604003906,229.18034555631772,225.81107002878403,228.16659197494192,33115600,AAPL
2025-02-11,231.19793701171875,233.7919821040532,226.7353950927951,226.8049592810601,53718400,AAPL
2025-02-12,235.42196655273438,235.51142789245534,229.26980470124647,229.78663009476247,45243300,AAPL
2025-02-13,240.053466796875,240.85851264219508,234.12991022790982,235.46171484030373,53614100,AAPL
2025-02-14,243.104736328125,244.0489258287467,239.5168040933544,239.77520922194773,40896200,AAPL
2025-02-18,242.9755096435547,243.6811607859394,240.36158248040348,242.6574585849239,48822500,AAPL
2025-02-19,243.37306213378906,244.50609250836237,241.6735241546838,243.16435439309654,32204200,AAPL
2025-02-20,244.32720947265625,245.2713989598738,242.7966152101895,243.44265077076676,32316900,AAPL
2025-02-21,244.0489044189453,247.1697083342209,243.72091995824803,244.44645306890683,53197400,AAPL
2025-02-24,245.58944702148438,247.33868242018207,242.92582237394555,243.43269920852308,51326400,AAPL
2025-02-25,245.52981567382812,248.47172760145406,243.41284686721102,246.48395378064242,48013300,AAPL
2025-02-26,238.89064025878906,243.48239258336395,237.66816369812489,242.83637220684057,44433600,AAPL
2025-02-27,235.84934997558594,240.9778097055873,235.61081167459415,237.94645181292123,41153600,AAPL
2025-02-28,240.36160278320312,240.61007450668035,228.79275994472408,235.50149647860906,56833400,AAPL
2025-03-03,236.5749053955078,242.53822699216576,234.6666443044386,240.3119148031628,47184000,AAPL
2025-03-04,234.48770141601562,238.60240725621293,233.24534293735957,236.25683384188991,53798100,AAPL
2025-03-05,234.2988739013672,235.1039197629907,227.82866128733946,233.98082285378285,47227600,AAPL
2025-03-06,233.89138793945312,236.4059203890797,231.73465535282332,233.00682927336524,45170400,AAPL
2025-03-07,237.60853576660156,239.89446338205195,233.32487071745646,233.67273718007357,46273600,AAPL
2025-03-10,226.08937072753906,234.71631625547707,222.84930513729455,234.10009611136832,72071200,AAPL
2025-03-11,219.48997497558594,224.45940937640347,216.12069905845206,222.44182022291236,76137400,AAPL
2025-03-12,215.653564453125,220.39440897367027,213.5962265598192,218.7942505386503,62547500,AAPL
2025-03-13,208.39817810058594,215.5144112677834,207.14588618522245,214.6298526174969,61368300,AAPL
2025-03-14,212.1848907470703,212.64207016591416,208.29878985935505,209.95857893569573,60107600,AAPL
2025-03-17,212.69178771972656,213.9043309003415,208.68642489319868,212.00600336087763,48073400,AAPL
2025-03-18,211.3897705078125,213.8347233648863,210.1971094678613,212.8507852105428,42432400,AAPL
2025-03-19,213.92420959472656,217.4226803637017,212.443312738742,212.91044076829724,54385400,AAPL
2025-03-20,212.79116821289062,216.16044383082547,210.9226561911479,212.6818400591608,48862900,AAPL
2025-03-21,216.93568420410156,217.5021918152461,209.9884097524224,210.26669685360034,94127800,AAPL
2025-03-24,219.38064575195312,220.1260609084734,217.24379503613238,219.64899945464327,44299500,AAPL
2025-03-25,222.38218688964844,222.73005335992565,218.73462390108503,219.4204082670252,34493600,AAPL
2025-03-26,220.17575073242188,223.64442126802376,219.12223310716143,222.1436424317859,34466100,AAPL
2025-03-27,222.48158264160156,223.61461307047793,219.21168633594712,220.03661426059983,37094800,AAPL
2025-03-28,216.5679473876953,222.44182255065115,216.34929105853038,220.31490521146458,39818600,AAPL
2025-03-31,220.7720947265625,224.24075018814546,214.90815310911736,215.6833836525119,65299300,AAPL
2025-04-01,221.82559204101562,222.31258685550372,217.56180927777046,218.46624988397502,36412700,AAPL
2025-04-02,222.5213165283203,223.8133724100327,219.66886624627372,219.9670353213626,35905900,AAPL
2025-04-03,201.9478759765625,206.22159255986557,200.01973301812973,204.2835010267849,103419000,AAPL
2025-04-04,187.22840881347656,198.65810753704542,186.19475800144227,192.70471987275084,125910900,AAPL
2025-04-07,180.3507080078125,192.96311894309866,173.55251067175698,176.11674047268428,160466300,AAPL
2025-04-08,171.365966796875,189.17641711488596,168.175598539417,185.55866963100107,120859500,AAPL
2025-04-09,197.6343994140625,199.38363475051753,170.83920418374143,170.89883496621582,184395900,AAPL
2025-04-10,189.2559356689453,193.5892830219747,181.88129692496375,187.9141974958541,121880000,AAPL
2025-04-11,196.9386749267578,198.32017705332044,184.92258644836306,184.96235041538483,87435900,AAPL
2025-04-14,201.28195190429688,211.63825017625834,199.93026529720834,210.14742002868311,101352900,AAPL
2025-04-15,200.90428161621094,202.26590170954893,198.57859009217825,200.6259945192588,51343900,AAPL
2025-04-16,193.08241271972656,199.47309822086447,191.19401850640656,197.1474065096439,59732400,AAPL
2025-04-17,195.7758331298828,197.61452992177487,193.2314851467638,195.9944894564487,52164700,AAPL
2025-04-21,191.9791717529297,192.6152586778503,188.64964501381652,192.08849990403363,46742500,AAPL
2025-04-22,198.5189666748047,200.3576482646354,194.77200897005906,194.92108593270402,52976400,AAPL
2025-04-23,203.3492431640625,206.7284521815966,201.56024391015845,204.74067860292737,52929200,AAPL
2025-04-24,207.09619140625,207.55338601533765,201.69939326414854,203.63746952607698,47311000,AAPL
2025-04-25,208.00062561035156,208.46775361357263,204.9394524859384,205.10841141990002,38222300,AAPL
2025-04-28,208.85536193847656,210.2070485309222,206.19175271644127,208.71621839949725,38743100,AAPL
2025-04-29,209.91885375976562,210.94255602883885,207.096203506044,207.41425458581946,36827600,AAPL
2025-04-30,211.20095825195312,212.2743578831654,205.4065960245207,208.0205233254963,52286500,AAPL
2025-05-01,212.01596069335938,213.2483707428857,207.62296725165953,207.80187477964563,57365700,AAPL
2025-05-02,204.0946807861328,205.72465469395448,200.92417915168144,204.8301473855031,101010600,AAPL
2025-05-05,197.6741485595703,202.85230555244996,196.99831280299983,201.85841873478097,69018500,AAPL
2025-05-06,197.2964630126953,199.42338015596502,195.81558138809015,196.9983091053983,51216500,AAPL
2025-05-07,195.05029296875,198.2207944248892,192.0686324392914,197.9524407308952,68536700,AAPL
2025-05-08,196.28271484375,198.82706269335065,193.48988012199126,196.51130456752412,50478900,AAPL
2025-05-09,197.31634521484375,199.31405222350435,196.3323918231404,197.7834732241415,36453900,AAPL
2025-05-12,209.77610778808594,210.25380995429242,205.75554659425106,209.9552498967622,63775800,AAPL
2025-05-13,211.90585327148438,212.37359390520234,207.9947628663851,209.41787763911134,51909300,AAPL
2025-05-14,211.30873107910156,212.91098786371114,209.56714827780408,211.40824098508043,49325800,AAPL
2025-05-15,210.43296813964844,211.93571508448807,208.53215118256114,209.9353730316401,45029500,AAPL
2025-05-16,210.24388122558594,211.54759317457453,208.76105751069144,211.33859654598928,54737900,AAPL
2025-05-19,207.77578735351562,208.4724173847277,203.27752386063855,206.909976827966,46140500,AAPL
2025-05-20,205.8650360107422,207.46729276724128,204.04383620537516,206.67113760639387,42496600,AAPL
2025-05-21,201.1179656982422,206.04415370597744,199.74461367242378,204.18315305948536,59211800,AAPL
2025-05-22,200.39149475097656,201.77480849030061,198.7394754118135,199.7446272097534,46742400,AAPL
2025-05-23,194.33078002929688,196.74908474491085,192.52948833207407,192.73846975457602,78432900,AAPL
2025-05-27,199.24703979492188,199.77448939448533,196.4803970243206,197.34622283817185,56288500,AAPL
2025-05-28,199.45602416992188,201.75491117265972,198.93852099816252,199.6252046868552,45339700,AAPL
2025-05-29,198.98825073242188,202.8296849960031,197.55517460719432,202.60079553265004,51396800,AAPL
2025-05-30,199.88392639160156,200.98858794774708,195.83349562393636,198.41103419314425,70819900,AAPL
2025-06-02,200.72982788085938,201.15776749414482,199.1574257965875,199.31665984736324,35423300,AAPL
2025-06-03,202.2923126220703,202.78990771325485,199.99342573046133,200.38154929416936,46381600,AAPL
2025-06-04,201.84446716308594,205.24801554678163,201.1279290627925,201.9340306292736,43604000,AAPL
2025-06-05,199.66500854492188,203.76518718349973,199.18730633012683,202.52119947175674,55126100,AAPL
2025-06-06,202.93917846679688,204.7106157617459,201.07817770068002,202.0236053289331,46607700,AAPL
2025-06-09,200.48106384277344,205.0091823144686,199.05794913802782,203.40692547634254,72862600,AAPL
2025-06-10,201.6951904296875,203.36711781582227,199.60530017876516,199.63515466910712,54672600,AAPL
2025-06-11,197.8238983154297,203.51638723180633,197.45568281643992,202.5211970741936,60989900,AAPL
2025-06-12,198.24188232421875,198.71956936233477,196.4107360236097,198.12246436103902,43904600,AAPL
2025-06-13,195.50511169433594,199.40625545491926,194.7587190445596,198.769334334526,51447300,AAPL
2025-06-16,197.4656524658203,197.73435809187652,195.61459794763022,196.3510442175849,43020700,AAPL
2025-06-17,194.69900512695312,197.4357781067605,194.27108064091922,196.25149936947125,38856200,AAPL
2025-06-18,195.63446044921875,196.61970405840015,194.1317289512304,194.9975394291991,45394700,AAPL
2025-06-20,200.03321838378906,200.72984844555882,195.9131318065836,197.28649906078425,96813500,AAPL
2025-06-23,200.53082275390625,201.3269779408771,198.00304635957568,200.6602023375907,55814300,AAPL
2025-06-24,199.33657836914062,202.4614746491071,199.23705328583006,201.61555699715424,54064000,AAPL
2025-06-25,200.5905303955078,202.690382284235,199.65504919597097,200.48105886821313,39525700,AAPL
2025-06-26,200.03321838378906,201.66532960796235,198.50063224789568,200.4611428555203,50799100,AAPL
2025-06-27,200.1128387451172,202.24254507531293,199.03803155248616,200.91894034324127,73188600,AAPL
2025-06-30,204.1831512451172,206.39247448465787,198.30157410241034,201.03834688076608,91912800,AAPL
2025-07-01,206.82041931152344,209.17901505124104,205.1484920031366,205.6759415551798,78788900,AAPL
2025-07-02,211.418212890625,212.31387801499196,207.13889190503232,207.90519262679368,67941800,AAPL
2025-07-03,212.52285766601562,213.61755770997246,210.7912213537831,211.12958235725722,34955800,AAPL
2025-07-07,208.940185546875,215.18997897032483,207.7957228576545,211.65705062020388,50229000,AAPL
2025-07-08,208.9998779296875,210.41304612040562,207.4473837253886,209.08945658408672,42848900,AAPL
2025-07-09,210.12445068359375,210.31353924447487,206.22330706177223,208.52219391164948,48749400,AAPL
2025-07-10,211.3883514404297,212.45319704499605,209.0197939340788,209.49748097232364,44443600,AAPL
2025-07-11,210.1443634033203,211.10969909895366,208.8506131239295,209.55720483784353,39765800,AAPL
2025-07-14,207.61656188964844,209.89555581124029,206.54175471753558,208.92025854176603,38840100,AAPL
2025-07-15,208.1042022705078,210.8708295317098,207.91511372197888,208.21367378884585,42296300,AAPL
2025-07-16,209.14915466308594,211.37837076419683,207.63646146204943,209.28848066940537,47490500,AAPL
2025-07-17,209.0098419189453,210.78127919114968,208.58190225319882,209.5571995447156,48068100,AAPL
2025-07-18,210.16427612304688,210.77134280149863,208.69139875998633,209.8557695657908,48974600,AAPL
2025-07-21,211.45799255371094,214.74212298846783,210.61209006251647,211.07983063398711,51377400,AAPL
2025-07-22,213.36875915527344,213.91611676733493,211.20919838168209,212.1148250502387,46404100,AAPL
2025-07-23,213.11996459960938,214.11515474984876,211.38834345684663,213.96588230147148,46989300,AAPL
2025-07-24,212.7318572998047,214.65258233290422,212.50296779967493,212.87118332406595,46022600,AAPL
2025-07-25,212.85125732421875,214.20471642869953,212.37355515647585,213.6673052863376,40268800,AAPL
2025-07-28,213.0204620361328,213.81661722083774,212.03521828670327,213.00055398053098,37858000,AAPL
2025-07-29,210.25384521484375,213.77681196541135,209.80601264614248,213.14983725799084,51411700,AAPL
2025-07-30,208.0445098876953,211.36844143995228,206.72090512781878,210.88079278566187,45512500,AAPL
2025-07-31,206.57162475585938,208.83069544134486,206.16359315375274,207.48719786288635,80698400,AAPL
2025-08-01,201.40658569335938,212.5527122409286,200.53081350952442,209.85574027592583,104434500,AAPL
2025-08-04,202.37191772460938,206.88012777005082,200.70993685491413,203.5263267271778,75109300,AAPL
2025-08-05,201.94400024414062,204.35235878558626,201.18766113385618,202.42168730403617,44155100,AAPL
2025-08-06,212.2242889404297,214.3440487139093,204.60112912578842,204.64094523363173,108483100,AAPL
2025-08-07,218.9716796875,219.78774287041324,215.5382768294147,217.8272171299369,90224800,AAPL
2025-08-08,228.2468719482422,229.88892965735022,218.19544514014734,219.76784743364436,113854000,AAPL
2025-08-11,226.3438720703125,228.71511750604432,223.9327805410339,227.08115402328403,61806100,AAPL
2025-08-12,228.80479431152344,229.95057099439725,226.23430307406312,227.17083074525974,55626200,AAPL
2025-08-13,232.47125244140625,234.1351043372746,229.58191650034667,230.2195756343437,69878500,AAPL
2025-08-14,231.9232940673828,234.2546784716922,230.00040438081015,233.1985820425246,51916300,AAPL
2025-08-15,230.73764038085938,233.41774239633352,228.49592139875156,233.13877413921495,56038700,AAPL
2025-08-18,230.0402374267578,232.26202593201924,229.26310933608104,230.8472538899505,37476200,AAPL
2025-08-19,229.71144104003906,232.01293684851592,228.50590285589897,230.4287923573085,39402600,AAPL
2025-08-20,225.17819213867188,229.6217843388592,224.93908515924198,229.13358225147155,42263900,AAPL
2025-08-21,224.07229614257812,225.68634440656763,222.9564229349862,225.43726447968498,30621200,AAPL
2025-08-22,226.9217529296875,228.2468598588307,224.58041092619504,225.33760837029214,42477800,AAPL
2025-08-25,226.32395935058594,228.45608264282492,225.3973742361901,225.64645413109014,30983100,AAPL
2025-08-26,228.46604919433594,228.6453946309622,223.86305742355088,226.03502689374838,54575100,AAPL
2025-08-27,229.64170837402344,230.05018785299507,227.41990473660533,227.76862267507164,31259500,AAPL
2025-08-28,231.70408630371094,232.55096405412047,228.4959359400532,229.9704999102399,38074700,AAPL
2025-08-29,231.28562927246094,232.52107103838586,230.51845893056873,231.65426265633033,39418400,AAPL
2025-09-02,228.8745574951172,230.00040359535532,226.13467838242784,228.4062860305561,44075600,AAPL
2025-09-03,237.59234619140625,237.9709525201245,233.49747185558658,236.33698891571112,66427800,AAPL
2025-09-04,238.8975067138672,239.0170601981439,235.8687018920251,237.57239985348932,47549400,AAPL
2025-09-05,238.80784606933594,240.43185187342493,237.61226559630578,239.1167027112504,54870400,AAPL
2025-09-08,237.0045166015625,239.2661511981365,235.47017586985078,238.41928864081726,48999500,AAPL
2025-09-09,233.4875030517578,237.90119155812317,232.5011411802574,236.12774389612645,66313900,AAPL
2025-09-10,225.955322265625,231.56460664903227,225.118417424808,231.33545739080094,83440800,AAPL
2025-09-11,229.1833953857422,229.60184779162614,225.81583028738913,226.04499474029723,50208600,AAPL
2025-09-12,233.2085418701172,233.6469097348115,228.17712472443904,228.37638560886936,55824200,AAPL
2025-09-15,235.828857421875,237.31337916896246,234.16500543557729,236.12775635652346,42699500,AAPL
2025-09-16,237.27349853515625,240.33220689969463,235.45024710789585,236.30706734003456,63421100,AAPL
2025-09-17,238.11044311523438,239.21635855568803,236.85507060288438,238.09051246512186,46508000,AAPL
2025-09-18,237.0045166015625,240.31228984200703,235.77903252032195,239.08682096339746,44249600,AAPL
2025-09-19,244.59645080566406,245.3935094903633,239.32592704772566,240.342162048153,163741300,AAPL
2025-09-22,255.13751220703125,255.69547916115815,247.2068166293636,247.38616206443075,105517400,AAPL
2025-09-23,253.4936065673828,256.3929004583055,252.64674396870498,254.93828225227924,60275200,AAPL
2025-09-24,251.3813934326172,254.7987775332095,250.11606329601622,254.28068708944184,42303700,AAPL
2025-09-25,255.9246063232422,256.22352044118514,250.7836088309123,252.27808820484515,55202100,AAPL
2025-09-26,254.51980590820312,256.6519291955366,252.84598111295833,253.16481067495934,46076300,AAPL
2025-09-29,253.4936065673828,254.06151607705354,252.07883445903423,253.6231329894407,40127700,AAPL
2025-09-30,253.69285583496094,254.97810138533342,252.1784458386236,253.9220050782957,37704300,AAPL
2025-10-01,254.5098419189453,257.83756097799323,253.9917514638179,254.10134722927504,48713900,AAPL
2025-10-02,256.1836853027344,257.22980880920034,253.21464169746508,255.63569123318152,42630200,AAPL
2025-10-03,257.0704040527344,258.28591533133675,253.0153906843864,253.7327421013528,49155600,AAPL
2025-10-06,255.74526977539062,258.11651518827176,254.11130630837613,257.0404730386864,44664100,AAPL
2025-10-07,255.53607177734375,256.45266881763376,254.48991791397023,255.86484387966763,31955800,AAPL
2025-10-08,257.1102294921875,257.56852798749276,255.16739414069707,255.5758888188916,36496900,AAPL
2025-10-09,253.10504150390625,257.05047407420307,252.20835988470006,256.8611709050607,38322000,AAPL
2025-10-10,244.3673095703125,255.436420799504,243.10197943699816,254.00171816056968,61999100,AAPL
2025-10-13,246.74851989746094,248.7710475029622,244.6562426215344,248.46219085423505,38142900,AAPL
2025-10-14,246.8581085205078,247.93413549962378,243.79940008876653,245.69241642712313,35478000,AAPL
2025-10-15,248.42233276367188,250.89321639065437,246.559219921403,248.57178982967116,33893600,AAPL
2025-10-16,246.53929138183594,248.1234359576197,244.22783772705108,247.33635013275978,39777000,AAPL
2025-10-17,251.36146545410156,252.44746537322095,246.35995200283696,247.10719170360767,49147000,AAPL
2025-10-20,261.27484130859375,263.4069798400544,254.68918336894043,254.94822099113512,90483000,AAPL
2025-10-21,261.8028869628906,264.3136317818121,260.86634411857244,260.9161783410852,46695900,AAPL
2025-10-22,257.498779296875,261.88257888575197,254.48987503678674,261.6833028295614,45015300,AAPL
2025-10-23,258.6246337890625,259.6608147081683,257.0604350924048,258.98332466328685,32754900,AAPL
2025-10-24,261.8527526855469,263.1579290692685,258.2261343576155,260.2287466983284,38253700,AAPL
2025-10-27,267.8206787109375,268.1295353654346,263.67598537979285,263.90514984178776,44888200,AAPL
2025-10-28,268.0099792480469,268.89671830922975,267.1631014853557,268.00000632210845,41534800,AAPL
2025-10-29,268.7073974609375,270.4110953948544,266.1269030442272,268.28892986747474,51086700,AAPL
2025-10-30,270.401123046875,273.1310593223432,267.49188695276854,270.98894793982623,69886500,AAPL
2025-10-31,269.37493896484375,276.29937269597025,268.16940070155243,275.9705701844509,86167100,AAPL
2025-11-03,268.05975341796875,269.8531467885877,265.2700709373508,269.424736694289,50194600,AAPL
2025-11-04,269.046142578125,270.49078769741067,266.6350358638735,267.3424142382169,49274800,AAPL
2025-11-05,269.14581298828125,270.7000692568828,265.94760492323326,267.6214146886098,43683100,AAPL
2025-11-06,268.7771301269531,272.3937751745226,266.90407480138714,266.90407480138714,51204000,AAPL
2025-11-07,267.48193359375,271.2878818962731,265.7881780523408,268.80702532983145,48227400,AAPL
2025-11-10,268.6986083984375,272.9869540449525,266.7339548671466,268.22988302493957,41312400,AAPL
2025-11-11,274.5028381347656,275.1610502271484,269.06761990152603,269.0776024957972,46208300,AAPL
2025-11-12,272.7276306152344,274.9815052844664,270.9624464716027,274.25347600982695,48398000,AAPL
2025-11-13,272.2090759277344,275.9488963676571,271.3513946141157,273.36590026791555,49602800,AAPL
2025-11-14,271.6705322265625,275.21088338895913,268.8681625557137,270.31420819279356,47431300,AAPL
2025-11-17,266.73394775390625,269.7557213346742,265.00866346949266,268.09027174019775,45018300,AAPL
2025-11-18,266.7140197753906,269.9751321987233,264.59977951795884,269.2570854665072,45677300,AAPL
2025-11-19,267.8309631347656,271.47104873805114,264.77927226211665,264.80918960656476,40424500,AAPL
2025-11-20,265.5272521972656,274.68232536305425,265.1981613886433,270.09480618650156,45823600,AAPL
2025-11-21,270.7530212402344,272.5880228442522,264.9488429624803,265.22808167538,59030800,AAPL
2025-11-24,275.1710205078125,276.24807542504453,270.164627965921,270.164627965921,65585800,AAPL
2025-11-25,276.2181396484375,279.6188865292943,274.5028075356392,274.52274228722064,46914200,AAPL
2025-11-26,276.79656982421875,278.7712060098946,275.8790842359358,276.2081750495132,33431400,AAPL
2025-11-28,278.093017578125,278.2426042891834,275.2407657367699,276.5073375714406,20135600,AAPL
2025-12-01,282.33148193359375,282.650620542313,275.390384584981,277.255303275414,46587700,AAPL
2025-12-02,285.4131164550781,286.619823290159,281.86278279875575,282.231773534172,53669500,AAPL
2025-12-03,283.378662109375,287.8365294074879,282.5309633672564,285.4231155973949,43538700,AAPL
2025-12-04,279.93804931640625,283.9571086251454,277.8337611056945,283.32881389666403,43989100,AAPL
2025-12-05,278.02325439453125,280.37686403379615,277.29522501275557,279.77848663840757,47265800,AAPL
2025-12-08,277.1356506347656,278.9108174051644,275.4003533668138,277.374989388386,38211800,AAPL
2025-12-09,276.4275817871094,279.2698514894354,276.16830825817004,277.40493251311347,32193300,AAPL
2025-12-10,278.02325439453125,278.9906225605669,275.6896099437804,276.99605153243056,33038300,AAPL
2025-12-11,277.2752380371094,278.83100071126506,273.06669274298736,278.342340640522,33248000,AAPL
2025-12-12,277.52459716796875,278.4620479370953,276.0685689150702,277.14562382282355,39532900,AAPL
2025-12-15,273.3658752441406,279.3894873363706,272.0993337942639,279.3894873363706,50409100,AAPL
2025-12-16,273.8645324707031,274.752131096348,271.0522107383373,272.07941349564567,37648600,AAPL
2025-12-17,271.10205078125,275.41033087528734,270.9026119684932,274.2634587890498,50138700,AAPL
2025-12-18,271.45111083984375,272.8872042261758,266.22534517191764,272.86723904028526,51630700,AAPL
2025-12-19,272.9271240234375,273.8545921928022,269.1673383776201,271.4112306527045,144632000,AAPL
2025-12-22,270.2344665527344,273.1365711538121,269.775723721713,272.1193204151364,36571800,AAPL
2025-12-23,271.62066650390625,271.7603010837797,268.8282792538215,270.1048034873943,29642000,AAPL
2025-12-24,273.0667419433594,274.68233959340455,271.46112688748974,271.60073103225574,17910600,AAPL
2025-12-26,272.6578063964844,274.6224597374741,272.11926379011726,273.4157529954652,21521800,AAPL
2025-12-29,273.0168762207031,273.61522314661676,271.6107000753325,271.9497734782625,23715200,AAPL
2025-12-30,272.33868408203125,273.3359694836473,271.54086793463244,272.06942798009953,22139600,AAPL
2025-12-31,271.12200927734375,272.9370761103812,271.0123224859311,272.3187639976345,27293600,AAPL
2026-01-02,270.2743225097656,277.0857683126949,268.2697691424855,271.52092924369913,37838100,AAPL
2026-01-05,266.5345153808594,270.7729784841199,265.41756056202854,269.9053450243044,45647200,AAPL
2026-01-06,261.6477966308594,266.82371056256306,261.40845786144683,266.27521573774703,52352100,AAPL
2026-01-07,259.623291015625,262.964203143993,259.1047135716701,262.48552563718374,48309800,AAPL
2026-01-08,258.33685302734375,258.5861744106298,255.00590778144198,256.32231677215987,50419300,AAPL
2026-01-09,258.6659240722656,259.5036402038468,255.52448097015204,258.3767027680543,39997000,AAPL
2026-01-12,259.54351806640625,260.5906555331263,256.1028713590674,258.45648066308013,45263800,AAPL
2026-01-13,260.3413391113281,261.0992857475004,257.6885867541948,258.0176775418968,45730800,AAPL
2026-01-14,259.25433349609375,261.10930037675524,256.0131555781144,258.78560808748875,40019400,AAPL
2026-01-15,257.5090637207031,260.3313985459844,256.35220896361545,259.9424426175537,39388600,AAPL
2026-01-16,254.8363494873047,258.1971965798445,254.23797213114116,257.1999111311508,72142800,AAPL
2026-01-20,246.0303192138672,254.09835490933511,242.75922413209136,252.04394930256512,80267500,AAPL
2026-01-21,246.97775268554688,250.8771427168815,244.51445623630568,248.02490552393743,54641700,AAPL
2026-01-22,247.67584228515625,250.31864258405668,247.47637302553753,248.52352576906395,39708300,AAPL
2026-01-23,247.36668395996094,248.7329754164565,244.01580413580567,246.6486524137701,41689000,AAPL
2026-01-26,254.7166748046875,255.86354695988197,249.12190294519746,250.7973351598156,55969200,AAPL
2026-01-27,257.5688781738281,261.23891141767155,257.50904348719195,258.4664593428383,49648300,AAPL
2026-01-28,255.74388122558594,258.1572949521919,253.81911240916085,256.9505880888889,41288000,AAPL
2026-01-29,257.5788879394531,258.94516415300217,253.7193980705993,257.29964922744847,67253000,AAPL
2026-01-30,258.775634765625,261.1890484668085,251.49543285360957,254.47732177254832,92443400,AAPL
2026-02-02,269.2770690917969,269.7557466562268,258.50636737104884,259.3241487899344,73913400,AAPL
2026-02-03,268.7485046386719,271.1419837262723,266.88355520832346,268.4692659190308,64394700,AAPL
2026-02-04,275.73944091796875,278.19278500760885,271.5508603406617,271.5508603406617,90545700,AAPL
2026-02-05,275.1610107421875,278.7412615768201,272.48829324857786,277.3749854862336,52977400,AAPL
2026-02-06,277.3650207519531,280.14745564173626,276.1782486476445,276.3677353153735,50453400,AAPL
2026-02-09,274.13079833984375,277.70443813431814,271.2160169672847,277.41494619870406,44623400,AAPL
2026-02-10,273.19244384765625,274.87943562430115,272.4537718732244,274.40031021957236,34376900,AAPL
2026-02-11,275.00921630859375,279.6808719096702,273.9610989943363,274.2106536370846,51931300,AAPL
2026-02-12,261.2637634277344,275.22883180172755,259.71650632997444,275.0990585104662,81077200,AAPL
2026-02-13,255.32435607910156,261.7628783299504,254.9949421084194,261.5432690161623,56290700,AAPL
2026-02-17,263.4099426269531,265.8156532326085,255.08478749757862,257.5903108294174,58469100,AAPL
2026-02-18,263.8791198730469,266.3447212846438,261.9825104325609,263.13045584681157,34203300,AAPL
2026-02-19,260.11578369140625,264.00886051677537,259.5867290635135,262.13220471573277,30845300,AAPL
2026-02-20,264.1086730957031,264.2783836675007,257.7001265171608,258.50868117461044,42070500,AAPL
2026-02-23,265.705810546875,268.95002088588865,262.91081074777924,263.0206001676805,37308200,AAPL
2026-02-24,271.6552429199219,274.4003442568012,267.233111068832,267.38283777638213,47014600,AAPL
2026-02-25,273.74151611328125,274.45024283739696,270.567157599074,271.29586819299504,33714300,AAPL
2026-02-26,272.4637756347656,275.61811956353745,270.31758130113775,274.4602128097023,32345100,AAPL
2026-02-27,263.70941162109375,272.3240439665745,262.4217314181026,272.3240439665745,72366500,AAPL
2026-03-02,264.2484130859375,266.05518620599753,259.73647625260065,261.94253069595567,41827900,AAPL
2026-03-03,263.2801818847656,265.08695529305965,259.6666350681776,263.0106738027697,38568900,AAPL
2026-03-04,262.0523376464844,265.67587606267574,260.95432154975975,264.17854815272653,39803100,AAPL
2026-03-05,259.8263244628906,261.09405110124777,256.79173142961054,260.3254337562426,49658600,AAPL
2026-03-06,257.0013427734375,258.3090066542827,253.916851068475,258.16927189629365,41120000,AAPL
2026-03-09,259.41705322265625,260.68477987096253,253.22808575123491,255.2345148744848,38218500,AAPL
2026-03-10,260.3653564453125,262.01244158439727,256.4922936817907,257.19102845716964,30590800,AAPL
2026-03-11,260.34539794921875,261.6630538494394,259.08763272962494,260.624897946549,26218900,AAPL
2026-03-12,255.3043975830078,258.48873275942157,253.7272102811576,258.1992408199258,40794000,AAPL
2026-03-13,249.6744384765625,255.87336762960538,249.07551643845036,255.024890934378,36930000,AAPL
2026-03-16,252.36964416503906,253.43773019062647,249.4348789230203,251.66090222791988,32074200,AAPL
2026-03-17,253.77711486816406,254.67552076289968,251.7307636559193,252.5093881906664,32361600,AAPL
2026-03-18,249.49476623535156,254.48585937367065,248.55643828829037,252.1799767808244,35757900,AAPL
2026-03-19,248.5165252685547,251.38140795985734,246.85947863088072,248.95572868612365,34864100,AAPL
2026-03-20,247.54823303222656,248.75606899357115,245.56177255944445,247.53824109812177,88331100,AAPL
2026-03-23,251.04200744628906,254.14646797882926,249.83415620831627,253.51758537106093,40546100,AAPL
2026-03-24,251.1917266845703,254.37604644028636,249.10545347620703,249.90403139868116,45152300,AAPL
2026-03-25,252.16998291015625,254.5457480998694,251.15181088451408,253.6473574345128,28476700,AAPL
2026-03-26,252.43951416015625,256.5421934269488,250.32329549316128,251.67088153367666,41796700,AAPL
2026-03-27,248.35679626464844,255.03488128462607,247.6281009352486,253.4477020992108,47900000,AAPL
2026-03-30,246.19065856933594,250.4230956915925,245.07264337813007,249.62453299565456,39446200,AAPL
2026-03-31,253.33790588378906,255.02489784868362,246.65983587287727,247.4683905467953,49598100,AAPL
2026-04-01,255.1746368408203,255.72364490973627,252.8787309132899,253.6273948962928,40059400,AAPL
2026-04-02,255.464111328125,255.6737439434535,250.20349485503914,253.74717405681358,31289400,AAPL
2026-04-06,258.39886474609375,261.6930045642991,256.0031460821725,256.0530752925303,29329900,AAPL
2026-04-07,253.0484161376953,255.7436185540334,245.2623079794448,255.70368128016966,62148000,AAPL
2026-04-08,258.4388122558594,259.28730423338584,256.07303883918246,257.9896321241455,41032800,AAPL
2026-04-09,260.0259704589844,260.6548530924392,255.61386101634736,258.5386343954405,28121600,AAPL
2026-04-10,260.0159912109375,261.7229364827484,258.5585701252562,259.5168819122501,31291500,AAPL
2026-04-13,258.73828125,259.71651601158027,256.2027973984465,259.2673359057164,36234700,AAPL
2026-04-14,258.3689270019531,261.4634109961452,256.7318642110386,258.7881922504944,48370700,AAPL
2026-04-15,265.95538330078125,266.08515659729386,257.35074355126085,257.7001261657452,49913500,AAPL
2026-04-16,262.9307861328125,266.68409800240715,260.80457553569033,266.3247234477873,43323100,AAPL
2026-04-17,269.7486267089844,271.8149160854778,266.24486962975914,266.4844323486072,61436200,AAPL
2026-04-20,272.5635681152344,273.7913879220191,269.80850557942483,269.84841238867654,36590200,AAPL
2026-04-21,265.69586181640625,272.3140256362382,264.9272139873882,271.0163536236942,50209800,AAPL
2026-04-22,272.68341064453125,273.2523721409737,266.39461467279705,267.3429346055621,43249200,AAPL
2026-04-23,272.9429016113281,275.2787294551341,271.1660737405759,274.56001085217736,33399600,AAPL
2026-04-24,270.5771179199219,272.5735550213531,269.16962610782736,272.2741016414235,38157100,AAPL
2026-04-27,267.1332702636719,267.88193422863776,264.59781690250213,265.6159889280984,41466800,AAPL
2026-04-28,270.2277526855469,272.7432830913257,268.181416710472,271.8548539018017,40018900,AAPL
2026-04-29,269.688720703125,270.55716597281076,266.56429174844374,267.07336249706583,30047900,AAPL
2026-04-30,270.86663818359375,275.50834883767226,267.6623648300734,270.018146234023,91848200,AAPL
2026-05-01,279.6409912109375,286.70836594964845,277.8741246788477,278.3632420760759,79915400,AAPL
2026-05-04,276.3368225097656,280.13007120517506,274.3703307853319,279.16179801165765,46668400,AAPL
2026-05-05,283.67376708984375,284.0630869835518,276.00745521106614,276.43668191704,49311700,AAPL
2026-05-06,286.99786376953125,287.5169265187869,280.5693330033821,281.4178249779708,58336100,AAPL
2026-05-07,286.927978515625,291.6096265406606,285.2709318587503,288.75470528792926,45224300,AAPL
2026-05-08,292.7974853515625,294.2349225642168,289.48339230776435,289.49338424193445,52692800,AAPL
2026-05-11,292.42779541015625,293.6267735875138,289.979924827367,291.72841688276577,42247300,AAPL
2026-05-12,294.54595947265625,295.0155556946294,292.3078994315659,292.3078994315659,45748100,AAPL
2026-05-13,298.6124572753906,300.6607090744109,293.24708951115105,293.24708951115105,52684300,AAPL
2026-05-14,297.9530334472656,300.1911240450107,295.12548538387824,299.5616620172475,35324900,AAPL
2026-05-15,299.9713134765625,302.93875555297063,296.26448829773227,297.643304079477,54862800,AAPL
2026-05-18,297.5833435058594,300.4009207908792,294.6558756451712,299.98126929450746,34483000,AAPL
2026-05-19,298.7123718261719,300.2510533099592,296.09463441963413,296.7140952726279,42243600,AAPL
2026-05-20,301.98956298828125,302.5390768782648,297.82314269813475,297.9230626302997,38229800,AAPL
2026-05-21,304.7271728515625,305.27671719779084,300.1411318265125,300.80056674721834,42965100,AAPL
2026-05-22,308.55389404296875,311.13165741506583,305.57645096183757,305.85620846339293,43670200,AAPL
2026-05-26,308.0643005371094,311.5513139598484,307.4048960873393,309.29325163060713,48000500,AAPL
2026-05-27,310.5821533203125,312.9900803339556,308.0343323058515,308.0643052358437,50430900,AAPL
2026-05-28,312.24072265625,312.5304508120942,309.30325358892543,310.412282475935,48220400,AAPL
2026-05-29,311.7911071777344,314.7285763294451,309.2632884033746,311.5113496628706,70026800,AAPL
2026-06-01,306.0460510253906,310.67206624496237,304.7571540774977,309.363197507879,48849900,AAPL
2026-06-02,314.92840576171875,315.1781903378333,306.42572903356995,307.1950545511415,44534700,AAPL
2026-06-03,309.9926452636719,316.6668815001487,308.5838566628498,313.9092501546009,50836700,AAPL
2026-06-04,310.9618225097656,313.26982953176514,309.38316692864953,312.96009909963743,44869100,AAPL
2026-06-05,307.0751647949219,314.8984348439246,306.8853260765596,312.5903972939029,65310500,AAPL
2026-06-08,301.2801818847656,317.1265012321255,300.9105055796523,308.4739595974908,77949100,AAPL
2026-06-09,290.29962158203125,300.4908444635933,287.5320194610898,300.0212482417878,70108800,AAPL
2026-06-10,291.3287353515625,294.4960172141002,287.1323727394638,290.4894628291428,52793300,AAPL
2026-06-11,295.375244140625,296.7440586571729,289.3404406054596,293.4668864344149,42572500,AAPL
2026-06-12,290.879150390625,296.88398158337014,289.3704417369658,295.7749221682621,38742100,AAPL
2026-06-15,296.1645812988281,297.5233947188816,291.4486474146935,293.8665449684006,45732600,AAPL
2026-06-16,298.9821472167969,300.2210994929347,293.71669913987887,294.99559499590845,39874400,AAPL
2026-06-17,295.6949768066406,301.8096980081642,294.10632015937927,300.59074812548096,42745100,AAPL
2026-06-18,297.7532043457031,300.31099586682666,295.3652492546472,297.8530937792582,85962200,AAPL
2026-06-22,296.75408935546875,302.1594314563154,296.5043047694293,297.05381866220307,44879900,AAPL
2026-06-23,294.04638671875,301.3800886038737,293.9264950024863,297.2836155142734,52010900,AAPL
2026-06-24,292.8274230957031,299.4417438827621,292.68755959702736,295.1054570720635,53081900,AAPL
2026-06-25,274.91290283203125,288.55113481081804,273.5141152813601,287.1523472601469,107013700,AAPL
2026-06-26,283.53546142578125,285.70360492137456,273.9737007161028,274.7630284991681,261775500,AAPL
2026-06-29,281.4972229003906,288.12151489662153,279.6088673150861,286.4829438934296,66427000,AAPL
2026-06-30,289.11065673828125,289.69017405322865,280.45814550695326,280.9277417485351,65100200,AAPL
2026-07-01,294.1263427734375,296.33442991747245,288.95081360688545,293.1871503157195,50164200,AAPL
2026-07-02,308.3640441894531,309.15337194761725,293.4269150966668,293.866538367699,75352800,AAPL
2026-07-06,312.3905944824219,313.9292760509671,306.7354678654279,307.0951430290638,53590000,AAPL
2026-07-07,310.3923034667969,315.20815732134815,309.88273318392555,315.0183186077797,42490000,AAPL
2026-07-08,313.1199645996094,314.5487250421545,306.7854009831778,311.6412289475945,41323500,AAPL
2026-07-09,315.947509765625,316.2572401947346,307.8944576262147,310.24243869469103,48124500,AAPL
2026-07-10,315.0483093261719,316.6369356310425,311.9010296470402,314.4488202226986,34132300,AAPL
2026-07-13,317.03656005859375,323.171283634363,315.5078797345754,316.7468014245228,43257800,AAPL
2026-07-14,314.58868408203125,315.91755515351207,311.64124426456783,313.48965629761443,36336800,AAPL
2026-07-15,327.2178039550781,328.44675508114506,317.0465830462295,317.34631234952286,60957600,AAPL
2026-07-16,332.97283935546875,334.3915986652446,326.50841333986017,327.72736328456057,62970600,AAPL
2026-07-17,333.452392578125,334.7013154010385,328.71648699084636,331.693929977533,63407100,AAPL
2026-07-20,326.3085632324219,333.4224228207836,323.4010672140761,333.2226134619852,53468000,AAPL
2026-07-21,327.45758056640625,329.3159936819017,321.94234806189104,322.85156758462244,41338900,AAPL
2026-07-22,325.60919189453125,328.7164973399543,323.0613709608057,327.58746619388995,38755900,AAPL
2026-07-23,321.3828430175781,323.0214140443725,319.0748358849152,321.4527900194849,40840800,AAPL
2026-07-24,332.7330322265625,334.0818750563203,321.3428614810286,321.5127284115298,47489400,AAPL
2026-07-27,336.61968994140625,339.277401491225,333.73216560461384,334.2517370375488,49604300,AAPL
2026-07-28,339.78692626953125,342.59453283396704,335.31080637618777,339.73698155301014,51859000,AAPL
2026-07-29,337.8985900878906,344.2730974331505,337.0593175600121,339.43727163464206,56090800,AAPL
2026-07-30,333.1426696777344,334.4615395264105,329.30598233808786,332.8129674612056,74817800,AAPL
2026-07-31,308.6438293457031,310.4222943774597,299.7415030462749,304.54735603914753,132489100,AAPL
2026-08-03,303.1585693359375,311.5313230344714,302.29929450581176,309.313234694189,75052000,AAPL
2026-08-04,309.1134033203125,310.1525156602479,301.0603512911937,302.46913991298527,68001000,AAPL
2026-08-05,310.7320251464844,311.4414048335362,305.40663118634393,309.09342362565195,49438800,AAPL
2026-08-06,312.14080810546875,316.0174696892129,308.96355554648414,314.06913775686996,46139900,AAPL
2026-08-07,313.05999755859375,314.53873325457766,310.47223295908327,311.1816431226555,34437200,AAPL
2026-08-10,308.260009765625,308.260009765625,304.6099853515625,306.8299865722656,44812500,AAPL
2026-08-11,304.9100036621094,309.9700012207031,302.7900085449219,307.75,37476700,AAPL
2026-08-12,302.25,305.6600036621094,300.57000732421875,305.1000061035156,41657800,AAPL
2026-08-13,305.260009765625,306.0,302.04998779296875,304.2099914550781,40349300,AAPL
2026-08-14,305.92999267578125,307.489990234375,304.29998779296875,306.0,28229400,AAPL
2026-08-17,305.5899963378906,307.6600036621094,302.94000244140625,306.2099914550781,38169300,AAPL
2026-08-18,310.0299987792969,311.489990234375,305.739990234375,307.5799865722656,53424500,AAPL
2026-08-19,316.8299865722656,319.2799987792969,309.6000061035156,310.1400146484375,50505600,AAPL
2026-08-20,311.29998779296875,320.2799987792969,310.6499938964844,317.4599914550781,40959200,AAPL
2026-08-21,309.3500061035156,312.3800048828125,307.010009765625,312.04998779296875,46876800,AAPL
2026-08-24,310.3399963378906,313.3599853515625,309.9700012207031,311.4700012207031,34673600,AAPL
2026-08-25,309.8999938964844,313.5899963378906,308.2099914550781,310.7900085449219,25869800,AAPL
2026-08-26,313.45001220703125,315.42999267578125,308.79998779296875,310.29998779296875,34024500,AAPL
2026-08-27,314.5799865722656,315.3999938964844,309.3999938964844,310.54998779296875,32419200,AAPL
2026-08-28,319.70001220703125,322.3699951171875,315.45001220703125,316.8500061035156,38649400,AAPL
2026-08-31,316.8500061035156,321.239990234375,312.79998779296875,319.6000061035156,41242700,AAPL
2026-09-01,325.1300048828125,327.29998779296875,314.7300109863281,316.9800109863281,53167400,AAPL
2026-09-02,324.9599914550781,328.3999938964844,323.5299987792969,326.8699951171875,33776400,AAPL
2026-09-03,328.2099914550781,330.80999755859375,324.1099853515625,324.8699951171875,37225800,AAPL
2026-09-04,319.9700012207031,328.92999267578125,317.8599853515625,328.30999755859375,39606900,AAPL
2026-09-08,316.2200012207031,320.70001220703125,314.8999938964844,317.1000061035156,35477100,AAPL
2026-09-09,315.3399963378906,319.1499938964844,309.8999938964844,315.489990234375,65640000,AAPL
2026-09-10,326.57000732421875,326.739990234375,316.510009765625,316.6700134277344,70011900,AAPL
2026-09-11,332.2699890136719,336.2200012207031,326.29998779296875,327.45001220703125,50716900,AAPL
2026-09-14,333.0799865722656,335.5,331.3399963378906,334.7900085449219,39269100,AAPL
2026-09-15,331.3399963378906,331.7799987792969,328.3500061035156,330.1400146484375,31748200,AAPL
2026-09-16,332.4100036621094,335.4800109863281,330.70001220703125,332.5299987792969,35981000,AAPL
2026-09-17,337.0,338.3399963378906,330.17999267578125,334.7699890136719,36700200,AAPL
2026-09-18,336.1300048828125,338.489990234375,332.5299987792969,337.9100036621094,86588200,AAPL
2026-09-21,338.9800109863281,339.6400146484375,333.04998779296875,335.2799987792969,34999200,AAPL
2026-09-22,339.75,345.3399963378906,338.75,340.1400146484375,40711800,AAPL
2026-09-23,337.0199890136719,341.79998779296875,335.5,341.0799865722656,31658800,AAPL
2026-09-24,335.9200134277344,338.9100036621094,334.29998779296875,336.7200012207031,24733100,AAPL
2026-09-25,341.07000732421875,341.6700134277344,334.5299987792969,336.0400085449219,29950100,AAPL
