Price,Close,High,Low,Open,Volume,ticker,Close,High,Low,Open,Volume,Close,High,Low,Open,Volume,Close,High,Low,Open,Volume,Close,High,Low,Open,Volume,Close,High,Low,Open,Volume
Ticker,AAPL,AAPL,AAPL,AAPL,AAPL,,TSLA,TSLA,TSLA,TSLA,TSLA,JPM,JPM,JPM,JPM,JPM,KO,KO,KO,KO,KO,NVDA,NVDA,NVDA,NVDA,NVDA,MSFT,MSFT,MSFT,MSFT,MSFT
Date,,,,,,,,,,,,,,,,,,,,,,,,,,,,,,,
2021-09-27,141.78968811035156,142.3651683544505,140.2778748536838,141.88723117083788,74150700.0,AAPL,,,,,,,,,,,,,,,,,,,,,,,,,
2021-09-28,138.41493225097656,141.18498292082313,138.20034939372246,139.72192610299075,108972300.0,AAPL,,,,,,,,,,,,,,,,,,,,,,,,,
2021-09-29,139.31227111816406,140.89236770909372,138.53197117688373,138.9611368887371,74602000.0,AAPL,,,,,,,,,,,,,,,,,,,,,,,,,
2021-09-30,138.01499938964844,140.8240726910163,137.80041657451724,140.12180436567434,89056700.0,AAPL,,,,,,,,,,,,,,,,,,,,,,,,,
2021-10-01,139.1366729736328,139.40002732180153,135.68386603878685,138.40514469326044,94639600.0,AAPL,,,,,,,,,,,,,,,,,,,,,,,,,
2021-10-04,135.71311950683594,138.70751560218017,134.8645515046284,138.26858674850567,98322000.0,AAPL,,,,,,,,,,,,,,,,,,,,,,,,,
2021-10-05,137.63461303710938,138.73678711480215,135.9277136552574,136.0545166576062,80861100.0,AAPL,,,,,,,,,,,,,,,,,,,,,,,,,
2021-10-06,138.5027313232422,138.64903107214994,134.962128569818,136.0350430050937,83221100.0,AAPL,,,,,,,,,,,,,,,,,,,,,,,,,
2021-10-07,139.7609100341797,140.66801284222436,139.2049562794912,139.53657886179528,61732700.0,AAPL,,,,,,,,,,,,,,,,,,,,,,,,,
2021-10-08,139.38050842285156,140.6289820985626,139.04888585839274,140.48268240335435,58773200.0,AAPL,,,,,,,,,,,,,,,,,,,,,,,,,
2021-10-11,139.29275512695312,141.2434974770439,138.31738395190774,138.76606124094116,64452200.0,AAPL,,,,,,,,,,,,,,,,,,,,,,,,,
2021-10-12,138.02474975585938,139.72190071402855,137.56632417893402,139.70238912610083,73035900.0,AAPL,,,,,,,,,,,,,,,,,,,,,,,,,
2021-10-13,137.43951416015625,137.9174363658586,135.77162340821164,137.76138833625006,78762700.0,AAPL,,,,,,,,,,,,,,,,,,,,,,,,,
2021-10-14,140.21934509277344,140.3363997461316,138.024760100328,138.60998871817293,69907100.0,AAPL,,,,,,,,,,,,,,,,,,,,,,,,,
2021-10-15,141.2727508544922,141.3312707409973,139.97550546602724,140.22911148485912,67940300.0,AAPL,,,,,,,,,,,,,,,,,,,,,,,,,
2021-10-18,142.94061279296875,143.22346381420707,139.63410593501254,139.91695695625089,85589200.0,AAPL,,,,,,,,,,,,,,,,,,,,,,,,,
2021-10-19,145.09620666503906,145.49611240776287,142.94064476173952,143.38930715549284,76378900.0,AAPL,,,,,,,,,,,,,,,,,,,,,,,,,
2021-10-20,145.58387756347656,146.06181473584434,144.4719551618084,145.03767215675973,58418800.0,AAPL,,,,,,,,,,,,,,,,,,,,,,,,,
2021-10-21,145.79849243164062,145.95455540585698,144.22814410067642,145.14499547046705,61421000.0,AAPL,,,,,,,,,,,,,,,,,,,,,,,,,
2021-10-22,145.02793884277344,146.481232332848,144.97916730862042,146.0033099939033,58883400.0,AAPL,,,,,,,,,,,,,,,,,,,,,,,,,
2021-10-25,144.9791717529297,145.69118854784608,143.98428898104416,145.0181800516583,50720600.0,AAPL,,,,,,,,,,,,,,,,,,,,,,,,,
2021-10-26,145.64242553710938,147.12497895180522,145.34004798248478,145.6521738906202,60893400.0,AAPL,,,,,,,,,,,,,,,,,,,,,,,,,
2021-10-27,145.1840057373047,146.04232225315448,144.83287151805337,145.68143968000115,56094900.0,AAPL,,,,,,,,,,,,,,,,,,,,,,,,,
2021-10-28,148.81239318847656,149.39760698679012,146.0325792767904,146.13012235133445,100077900.0,AAPL,,,,,,,,,,,,,,,,,,,,,,,,,
2021-10-29,146.11058044433594,146.24713179057537,142.80407331191392,143.59412144965486,124953200.0,AAPL,,,,,,,,,,,,,,,,,,,,,,,,,
2021-11-01,145.29132080078125,146.01308606451772,144.15988647877995,145.32058075023082,74588300.0,AAPL,,,,,,,,,,,,,,,,,,,,,,,,,
2021-11-02,146.3251953125,147.8370236875447,144.98892661408803,144.99868985144568,69122000.0,AAPL,,,,,,,,,,,,,,,,,,,,,,,,,
2021-11-03,147.75897216796875,148.22714612515688,146.1301042293714,146.68605801297326,54511500.0,AAPL,,,,,,,,,,,,,,,,,,,,,,,,,
2021-11-04,147.2420196533203,148.67580139860405,146.92989377476803,147.84674493928904,60394600.0,AAPL,,,,,,,,,,,,,,,,,,,,,,,,,
2021-11-05,147.7694854736328,148.66813471450217,146.57779487265975,148.36533077411934,65463900.0,AAPL,,,,,,,,,,,,,,,,,,,,,,,,,
2021-11-08,146.94895935058594,148.0527418478978,146.67545809713351,147.8964511588677,55020900.0,AAPL,,,,,,,,,,,,,,,,,,,,,,,,,
2021-11-09,147.31039428710938,147.91600218212633,146.57779832196186,146.71454897260128,56787900.0,AAPL,,,,,,,,,,,,,,,,,,,,,,,,,
2021-11-10,144.48745727539062,146.64617992683026,144.4190894029692,146.5387319232798,65187100.0,AAPL,,,,,,,,,,,,,,,,,,,,,,,,,
2021-11-11,144.43861389160156,145.96241109507744,144.25302053135974,145.50333134171993,41000000.0,AAPL,,,,,,,,,,,,,,,,,,,,,,,,,
2021-11-12,146.5094451904297,146.9099196974308,144.0576809080353,144.9856329096499,63804000.0,AAPL,,,,,,,,,,,,,,,,,,,,,,,,,
2021-11-15,146.51918029785156,148.35555879375588,145.96240025846288,146.88058950641502,59222800.0,AAPL,,,,,,,,,,,,,,,,,,,,,,,,,
2021-11-16,147.49598693847656,147.97462166575806,145.87450429964008,146.46058703081326,59256200.0,AAPL,,,,,,,,,,,,,,,,,,,,,,,,,
2021-11-17,149.92823791503906,151.40319268452978,147.48625093625634,147.4960135184774,88807000.0,AAPL,,,,,,,,,,,,,,,,,,,,,,,,,
2021-11-18,154.2065887451172,154.9880275581461,149.49844560723523,150.14313374583702,137827700.0,AAPL,,,,,,,,,,,,,,,,,,,,,,,,,
2021-11-19,156.8243865966797,157.28348128204507,152.89766786630707,153.9916731226482,117305600.0,AAPL,,,,,,,,,,,,,,,,,,,,,,,,,
2021-11-22,157.28346252441406,161.85485386154411,157.26392246010866,157.92813559947206,117467900.0,AAPL,,,,,,,,,,,,,,,,,,,,,,,,,
2021-11-23,157.6644287109375,158.04537802988585,155.36895531169498,157.3811499145866,96041900.0,AAPL,,,,,,,,,,,,,,,,,,,,,,,,,
2021-11-24,158.18212890625,158.3774848564214,155.9354982175197,157.01974088138022,69463600.0,AAPL,,,,,,,,,,,,,,,,,,,,,,,,,
2021-11-26,153.17120361328125,156.7267364003775,152.73164889573968,155.8671670363227,76959800.0,AAPL,,,,,,,,,,,,,,,,,,,,,,,,,
2021-11-29,156.52159118652344,157.44954318891868,155.10522691977297,155.67176964553224,88748200.0,AAPL,,,,,,,,,,,,,,,,,,,,,,,,,
2021-11-30,161.46417236328125,161.67906839694083,156.2090119296681,156.2773947152438,174048100.0,AAPL,,,,,,,,,,,,,,,,,,,,,,,,,
2021-12-01,160.94642639160156,166.3480985309432,160.71199035690174,163.59353101584716,152052500.0,AAPL,,,,,,,,,,,,,,,,,,,,,,,,,
2021-12-02,159.95989990234375,160.38969196905754,154.13821164787007,155.05640108044867,136739200.0,AAPL,,,,,,,,,,,,,,,,,,,,,,,,,
2021-12-03,158.08444213867188,161.13205157338396,156.01364225594332,160.21386222018816,118023100.0,AAPL,,,,,,,,,,,,,,,,,,,,,,,,,
2021-12-06,161.48367309570312,163.98426461858526,160.46779847409405,160.47756105335333,107497000.0,AAPL,,,,,,,,,,,,,,,,,,,,,,,,,
2021-12-07,167.2077178955078,167.5984447377344,164.43362438687151,165.15645786646198,120405400.0,AAPL,,,,,,,,,,,,,,,,,,,,,,,,,
2021-12-08,171.01718139648438,171.87676531869016,166.73881675330688,168.13564062689133,116998900.0,AAPL,,,,,,,,,,,,,,,,,,,,,,,,,
2021-12-09,170.50926208496094,172.64844463234323,169.8841141404718,170.85114615502485,108923700.0,AAPL,,,,,,,,,,,,,,,,,,,,,,,,,
2021-12-10,175.28575134277344,175.46158208445866,170.6362153845262,171.14415264365056,115402700.0,AAPL,,,,,,,,,,,,,,,,,,,,,,,,,
2021-12-13,171.66189575195312,177.9036129181879,171.45676231906222,176.91704079075095,153237000.0,AAPL,,,,,,,,,,,,,,,,,,,,,,,,,
2021-12-14,170.28460693359375,173.6154801461527,168.21380712036787,171.1832561903654,139380400.0,AAPL,,,,,,,,,,,,,,,,,,,,,,,,,
2021-12-15,175.13931274414062,175.33466872556772,168.31151164367364,171.04654009777133,131063300.0,AAPL,,,,,,,,,,,,,,,,,,,,,,,,,
2021-12-16,168.26263427734375,176.9365751900634,166.78767978084602,175.11973661793166,150185800.0,AAPL,,,,,,,,,,,,,,,,,,,,,,,,,
2021-12-17,167.1686553955078,169.44458898529163,165.75230596796482,165.98672717242667,195432700.0,AAPL,,,,,,,,,,,,,,,,,,,,,,,,,
2021-12-20,165.81088256835938,166.62162387110183,163.57402950297322,164.374993320752,107499100.0,AAPL,,,,,,,,,,,,,,,,,,,,,,,,,
2021-12-21,168.9757080078125,169.1808265329912,165.1955026634982,167.57888393978646,91185900.0,AAPL,,,,,,,,,,,,,,,,,,,,,,,,,
2021-12-22,171.56419372558594,171.7790897184107,168.15517538914062,169.02452194022183,92135300.0,AAPL,,,,,,,,,,,,,,,,,,,,,,,,,
2021-12-23,172.1893310546875,172.74611106678847,171.20277398805894,171.76931657934202,68356600.0,AAPL,,,,,,,,,,,,,,,,,,,,,,,,,
2021-12-27,176.1453857421875,176.2332936859138,172.96104046356876,172.9805656257053,74919600.0,AAPL,,,,,,,,,,,,,,,,,,,,,,,,,
2021-12-28,175.12950134277344,177.12217071968058,174.38714279522745,175.9793227997058,79144300.0,AAPL,,,,,,,,,,,,,,,,,,,,,,,,,
2021-12-29,175.21742248535156,176.43841575185178,174.0061917992903,175.16857977375096,62348900.0,AAPL,,,,,,,,,,,,,,,,,,,,,,,,,
2021-12-30,174.06480407714844,176.3798175385403,173.95735606919604,175.30533745901636,59773000.0,AAPL,,,,,,,,,,,,,,,,,,,,,,,,,
2021-12-31,173.4494171142578,175.07088475573076,173.14659828081136,173.95733955389892,64062300.0,AAPL,,,,,,,,,,,,,,,,,,,,,,,,,
2022-01-03,177.78640747070312,178.6362290402615,173.58620196027948,173.70341256103026,104487900.0,AAPL,,,,,,,,,,,,,,,,,,,,,,,,,
2022-01-04,175.53004455566406,178.6948654695981,174.9635017121674,178.39206142843958,99310400.0,AAPL,,,,,,,,,,,,,,,,,,,,,,,,,
2022-01-05,170.8609161376953,175.9890879826122,170.587414831676,175.4420853705736,94537600.0,AAPL,,,,,,,,,,,,,,,,,,,,,,,,,
2022-01-06,168.00869750976562,171.23212317548703,167.65705080251047,168.69245085589924,96904000.0,AAPL,,,,,,,,,,,,,,,,,,,,,,,,,
2022-01-07,168.1747283935547,170.09901499255682,167.06118311991872,168.8780217142409,86709100.0,AAPL,,,,,,,,,,,,,,,,,,,,,,,,,
2022-01-10,168.19427490234375,168.4970788622131,164.2675561955421,165.1564429133354,106765600.0,AAPL,,,,,,,,,,,,,,,,,,,,,,,,,
2022-01-11,171.01718139648438,171.11485190283432,166.8560422275084,168.32123396506768,76138300.0,AAPL,,,,,,,,,,,,,,,,,,,,,,,,,
2022-01-12,171.456787109375,173.06849253983535,170.76327115991117,172.03309245435602,74805200.0,AAPL,,,,,,,,,,,,,,,,,,,,,,,,,
2022-01-13,168.19427490234375,172.52146809219963,167.80354809549323,171.70096415486904,84505800.0,AAPL,,,,,,,,,,,,,,,,,,,,,,,,,
2022-01-14,169.0538787841797,169.7473947274692,167.11981439919933,167.36401309283474,80440800.0,AAPL,,,,,,,,,,,,,,,,,,,,,,,,,
2022-01-18,165.85972595214844,168.53613361538314,165.47877665458643,167.53003637041928,90956700.0,AAPL,,,,,,,,,,,,,,,,,,,,,,,,,
2022-01-19,162.37257385253906,167.1100339648471,162.08930995625335,166.05509393247632,94815000.0,AAPL,,,,,,,,,,,,,,,,,,,,,,,,,
2022-01-20,160.69247436523438,165.74250066133902,160.3701303584997,163.10515822088573,91420500.0,AAPL,,,,,,,,,,,,,,,,,,,,,,,,,
2022-01-21,158.64122009277344,162.470253269675,158.5337720868401,160.60457194151562,122848900.0,AAPL,,,,,,,,,,,,,,,,,,,,,,,,,
2022-01-24,157.86956787109375,158.53379607319022,151.11014976934194,156.30670516297684,162294600.0,AAPL,,,,,,,,,,,,,,,,,,,,,,,,,
2022-01-25,156.0721893310547,158.98303212081237,153.3762424759131,155.29075092378673,115798400.0,AAPL,,,,,,,,,,,,,,,,,,,,,,,,,
2022-01-26,155.98434448242188,160.57527648713483,154.15774320444362,159.70592982008216,108275300.0,AAPL,,,,,,,,,,,,,,,,,,,,,,,,,
2022-01-27,155.5252685546875,160.03805574105326,154.60707906202995,158.68031157129744,121954600.0,AAPL,,,,,,,,,,,,,,,,,,,,,,,,,
2022-01-28,166.37742614746094,166.39696621279427,159.02216399560837,161.86463986114418,179935700.0,AAPL,,,,,,,,,,,,,,,,,,,,,,,,,
2022-01-31,170.72418212890625,170.93907816240107,165.57646971606974,166.2113952349244,115541600.0,AAPL,,,,,,,,,,,,,,,,,,,,,,,,,
2022-02-01,170.55810546875,170.78276405312576,168.31147491088436,169.97202274767105,86213900.0,AAPL,,,,,,,,,,,,,,,,,,,,,,,,,
2022-02-02,171.7595672607422,171.79864739328102,169.30781806090394,170.69486467196293,84914300.0,AAPL,,,,,,,,,,,,,,,,,,,,,,,,,
2022-02-03,168.8877716064453,172.15027672857178,168.12587305039293,170.43110878285196,89418100.0,AAPL,,,,,,,,,,,,,,,,,,,,,,,,,
2022-02-04,168.6042022705078,170.27665611869838,166.9317484223172,167.9097877683782,82465400.0,AAPL,,,,,,,,,,,,,,,,,,,,,,,,,
2022-02-07,167.8902130126953,170.1299162190593,167.19579861278513,169.0638570704662,77251200.0,AAPL,,,,,,,,,,,,,,,,,,,,,,,,,
2022-02-08,170.99057006835938,171.49915455646115,167.6652283214683,167.9586430232075,74829200.0,AAPL,,,,,,,,,,,,,,,,,,,,,,,,,
2022-02-09,172.40872192382812,172.77059159545334,171.05902326407136,172.18377712176584,71285000.0,AAPL,,,,,,,,,,,,,,,,,,,,,,,,,
2022-02-10,168.34010314941406,171.6263154743887,167.78262856301606,170.31574652168356,90865900.0,AAPL,,,,,,,,,,,,,,,,,,,,,,,,,
2022-02-11,164.9365234375,169.27901969811438,164.34969397169522,168.545490327705,98670700.0,AAPL,,,,,,,,,,,,,,,,,,,,,,,,,
2022-02-14,165.17124938964844,165.85587378073802,162.90219149496014,163.69440078491326,86185500.0,AAPL,,,,,,,,,,,,,,,,,,,,,,,,,
2022-02-15,168.99537658691406,169.1518664311418,166.5111637354937,167.2153531108256,62527400.0,AAPL,,,,,,,,,,,,,,,,,,,,,,,,,
2022-02-16,168.76063537597656,169.5332796330186,166.31553783336227,168.07601104878276,61177400.0,AAPL,,,,,,,,,,,,,,,,,,,,,,,,,
2022-02-17,165.17124938964844,168.13470669398032,164.77024977354867,167.274027503072,69589300.0,AAPL,,,,,,,,,,,,,,,,,,,,,,,,,
2022-02-18,163.62596130371094,166.79479876362558,162.54033719370844,166.0906242687398,82772700.0,AAPL,,,,,,,,,,,,,,,,,,,,,,,,,
2022-02-22,160.71142578125,163.0293741588099,158.58906735628025,161.3569203806229,91162800.0,AAPL,,,,,,,,,,,,,,,,,,,,,,,,,
2022-02-23,156.5547637939453,162.50122982841887,156.24178404281724,161.904625236065,90009200.0,AAPL,,,,,,,,,,,,,,,,,,,,,,,,,
2022-02-24,159.16612243652344,159.27370735740539,148.66197489078866,149.22923948055748,141147500.0,AAPL,,,,,,,,,,,,,,,,,,,,,,,,,
2022-02-25,161.22975158691406,161.4938113988268,157.3371452242796,160.24192254485857,91974200.0,AAPL,,,,,,,,,,,,,,,,,,,,,,,,,
2022-02-28,161.49383544921875,161.7872502076219,158.8629074909049,159.47907699118204,95056600.0,AAPL,,,,,,,,,,,,,,,,,,,,,,,,,
2022-03-01,159.61599731445312,162.9413396082361,158.4130132555384,161.08305614073245,83474400.0,AAPL,,,,,,,,,,,,,,,,,,,,,,,,,
2022-03-02,162.90216064453125,163.68459476775294,159.37143953517563,160.77981797223677,79724800.0,AAPL,,,,,,,,,,,,,,,,,,,,,,,,,
2022-03-03,162.57945251464844,165.20060533866413,161.91439302006907,164.77026570160976,76678400.0,AAPL,,,,,,,,,,,,,,,,,,,,,,,,,
2022-03-04,159.5866241455078,161.9143617747294,158.54013016070306,160.87764280753723,83737200.0,AAPL,,,,,,,,,,,,,,,,,,,,,,,,,
2022-03-07,155.80165100097656,161.39603654297554,155.5473512521712,159.7724878532729,96418800.0,AAPL,,,,,,,,,,,,,,,,,,,,,,,,,
2022-03-08,153.9824981689453,159.30303394754864,152.3785144348394,155.33219707675556,131148300.0,AAPL,,,,,,,,,,,,,,,,,,,,,,,,,
2022-03-09,159.3714599609375,159.82136448965088,155.9092082958325,157.93374136581392,91454900.0,AAPL,,,,,,,,,,,,,,,,,,,,,,,,,
2022-03-10,155.03875732421875,156.86768560681452,152.55452973284972,156.68185579600046,105342000.0,AAPL,,,,,,,,,,,,,,,,,,,,,,,,,
2022-03-11,151.33200073242188,155.78208206231224,151.10705589580672,155.4397623739769,96970100.0,AAPL,,,,,,,,,,,,,,,,,,,,,,,,,
2022-03-14,147.31224060058594,150.73537736075448,146.80367102699051,148.1240148231261,108732100.0,AAPL,,,,,,,,,,,,,,,,,,,,,,,,,
2022-03-15,151.6841278076172,152.15359746728902,147.0775705652768,147.58614031104247,92964300.0,AAPL,,,,,,,,,,,,,,,,,,,,,,,,,
2022-03-16,156.08526611328125,156.48626575095446,151.06793536575267,153.60105321090987,102300200.0,AAPL,,,,,,,,,,,,,,,,,,,,,,,,,
2022-03-17,157.0926513671875,157.46431103838808,154.16832371335292,155.12679794973494,75615400.0,AAPL,,,,,,,,,,,,,,,,,,,,,,,,,
2022-03-18,160.37879943847656,160.86781884211453,156.25147447787705,156.98500358333402,123511700.0,AAPL,,,,,,,,,,,,,,,,,,,,,,,,,
2022-03-21,161.74810791015625,162.6968070121453,159.4301451412394,159.9191646814939,95811400.0,AAPL,,,,,,,,,,,,,,,,,,,,,,,,,
2022-03-22,165.112548828125,165.69936326568208,161.28841281006214,161.8752272476192,81532000.0,AAPL,,,,,,,,,,,,,,,,,,,,,,,,,
2022-03-23,166.4720458984375,168.84867380689857,163.9682532045546,164.30079784879288,98062700.0,AAPL,,,,,,,,,,,,,,,,,,,,,,,,,
2022-03-24,170.2472686767578,170.31572365157868,166.47203725633872,167.30336151454603,90131400.0,AAPL,,,,,,,,,,,,,,,,,,,,,,,,,
2022-03-25,170.8830108642578,171.43071043053845,168.95627243907444,170.06146151483682,80546200.0,AAPL,,,,,,,,,,,,,,,,,,,,,,,,,
2022-03-28,171.74366760253906,171.87080253422522,168.22272096176943,168.38898581373743,90371900.0,AAPL,,,,,,,,,,,,,,,,,,,,,,,,,
2022-03-29,175.0299072265625,175.07879724912362,172.46743429498167,172.80975399507543,100589400.0,AAPL,,,,,,,,,,,,,,,,,,,,,,,,,
2022-03-30,173.8660125732422,175.66560091058673,172.8195035873902,174.628881866762,92633200.0,AAPL,,,,,,,,,,,,,,,,,,,,,,,,,
2022-03-31,170.77542114257812,174.1203133341303,170.5700263491638,173.93448350287292,103049300.0,AAPL,,,,,,,,,,,,,,,,,,,,,,,,,
2022-04-01,170.48199462890625,171.0394840841696,168.16404671715162,170.20814487239906,78751300.0,AAPL,,,,,,,,,,,,,,,,,,,,,,,,,
2022-04-04,174.52133178710938,174.57023673592576,170.60917466091976,170.73632454310336,76468400.0,AAPL,,,,,,,,,,,,,,,,,,,,,,,,,
2022-04-05,171.2155303955078,174.38438259894033,170.58958593943765,173.60194829792937,73401800.0,AAPL,,,,,,,,,,,,,,,,,,,,,,,,,
2022-04-06,168.0564727783203,169.81694627331598,166.3938091700385,168.57483234577828,89058800.0,AAPL,,,,,,,,,,,,,,,,,,,,,,,,,
2022-04-07,168.35964965820312,169.55285855113002,166.11994669119974,167.4011755212215,77594700.0,AAPL,,,,,,,,,,,,,,,,,,,,,,,,,
2022-04-08,166.3546905517578,168.00757925318007,165.48423622614246,168.00757925318007,76575500.0,AAPL,,,,,,,,,,,,,,,,,,,,,,,,,
2022-04-11,162.11001586914062,165.31798361672782,161.8655060412837,165.00501879739264,72246700.0,AAPL,,,,,,,,,,,,,,,,,,,,,,,,,
2022-04-12,163.97804260253906,166.13950070260202,162.9804385205217,164.33013728303388,79265200.0,AAPL,,,,,,,,,,,,,,,,,,,,,,,,,
2022-04-13,166.65785217285156,167.28379658301122,163.10758048377514,163.71395993382896,70618900.0,AAPL,,,,,,,,,,,,,,,,,,,,,,,,,
2022-04-14,161.6600799560547,167.5087646523774,161.41557017548345,166.8730302686766,75329400.0,AAPL,,,,,,,,,,,,,,,,,,,,,,,,,
2022-04-18,161.44488525390625,162.94128354797698,159.97782693237113,160.32013158651594,69023900.0,AAPL,,,,,,,,,,,,,,,,,,,,,,,,,
2022-04-19,163.72373962402344,164.13452917950872,160.31039271090148,161.3960167105301,67723800.0,AAPL,,,,,,,,,,,,,,,,,,,,,,,,,
2022-04-20,163.55751037597656,165.1712841990279,162.4523360987669,165.05390933318154,67929800.0,AAPL,,,,,,,,,,,,,,,,,,,,,,,,,
2022-04-21,162.76528930664062,167.76307044383682,162.26649466439048,165.2006123983915,87227800.0,AAPL,,,,,,,,,,,,,,,,,,,,,,,,,
2022-04-22,158.2369384765625,164.1834179598548,157.95331370568275,162.8043941791054,84882400.0,AAPL,,,,,,,,,,,,,,,,,,,,,,,,,
2022-04-25,159.30299377441406,159.58661851207708,154.9800632753819,157.58163561913904,96046400.0,AAPL,,,,,,,,,,,,,,,,,,,,,,,,,
2022-04-26,153.3565216064453,158.7748512209157,153.2782766938566,158.6868312906376,95623200.0,AAPL,,,,,,,,,,,,,,,,,,,,,,,,,
2022-04-27,153.131591796875,156.28086402556207,151.96772285920957,152.48608239761126,88063200.0,AAPL,,,,,,,,,,,,,,,,,,,,,,,,,
2022-04-28,160.04632568359375,160.9070049099631,155.43975472715812,155.7527344180899,130216800.0,AAPL,,,,,,,,,,,,,,,,,,,,,,,,,
2022-04-29,154.1878662109375,162.55010393809633,153.79665651995063,158.28585264208988,131747600.0,AAPL,,,,,,,,,,,,,,,,,,,,,,,,,
2022-05-02,154.4910430908203,154.7551028690703,149.90403790928826,153.268494371806,123055300.0,AAPL,,,,,,,,,,,,,,,,,,,,,,,,,
2022-05-03,155.9776611328125,157.18065989099466,152.88706912402677,154.67686742533908,88966500.0,AAPL,,,,,,,,,,,,,,,,,,,,,,,,,
2022-05-04,162.3740692138672,162.82395888042848,155.76251479077115,156.1635144371754,108256500.0,AAPL,,,,,,,,,,,,,,,,,,,,,,,,,
2022-05-05,153.3272247314453,160.47668960295778,151.5471860479713,160.25174474333807,130525300.0,AAPL,,,,,,,,,,,,,,,,,,,,,,,,,
2022-05-06,154.05201721191406,156.16768941381943,151.01563498071906,152.80807823964273,116124600.0,AAPL,,,,,,,,,,,,,,,,,,,,,,,,,
2022-05-09,148.93914794921875,152.63177739233632,148.38085428930862,151.75023984870148,131577900.0,AAPL,,,,,,,,,,,,,,,,,,,,,,,,,
2022-05-10,151.33885192871094,153.52309446613708,149.79127784510368,152.328132388233,115366700.0,AAPL,,,,,,,,,,,,,,,,,,,,,,,,,
2022-05-11,143.4932403564453,152.25954795565056,142.81739949520818,150.34957266016625,142689800.0,AAPL,,,,,,,,,,,,,,,,,,,,,,,,,
2022-05-12,139.63409423828125,143.19938623116693,135.95126990961808,139.83979077150929,182602000.0,AAPL,,,,,,,,,,,,,,,,,,,,,,,,,
2022-05-13,144.09072875976562,145.06041547307086,140.17282438448345,141.6224448185645,113990900.0,AAPL,,,,,,,,,,,,,,,,,,,,,,,,,
2022-05-16,142.55294799804688,144.49232147743598,141.22085987637433,142.56275232444813,86643800.0,AAPL,,,,,,,,,,,,,,,,,,,,,,,,,
2022-05-17,146.17701721191406,146.69613834453236,143.66954586445135,145.80481151470883,78336300.0,AAPL,,,,,,,,,,,,,,,,,,,,,,,,,
2022-05-18,137.9298553466797,144.33562356857507,137.02872402723415,143.83609605190958,109742900.0,AAPL,,,,,,,,,,,,,,,,,,,,,,,,,
2022-05-19,134.53106689453125,138.75260707730666,133.7964597180681,137.00914057415054,136095600.0,AAPL,,,,,,,,,,,,,,,,,,,,,,,,,
2022-05-20,134.76614379882812,137.81231576353846,129.88835589129073,136.23535828446418,137426100.0,AAPL,,,,,,,,,,,,,,,,,,,,,,,,,
2022-05-23,140.17283630371094,140.31975175202894,134.82488980062982,134.96201586760006,117726300.0,AAPL,,,,,,,,,,,,,,,,,,,,,,,,,
2022-05-24,137.4792938232422,139.05625126128453,134.51148183512868,137.92005516834,104132700.0,AAPL,,,,,,,,,,,,,,,,,,,,,,,,,
2022-05-25,137.635986328125,138.87991021944293,135.50072064953915,135.58886991195646,92482700.0,AAPL,,,,,,,,,,,,,,,,,,,,,,,,,
2022-05-26,140.82907104492188,141.37757526410218,134.32535040420584,134.57021942674126,90601500.0,AAPL,,,,,,,,,,,,,,,,,,,,,,,,,
2022-05-27,146.56883239746094,146.6080048732437,142.27872143657157,142.4060581377044,90978500.0,AAPL,,,,,,,,,,,,,,,,,,,,,,,,,
2022-05-31,145.7852783203125,147.5679327198994,143.82632532505232,146.0105686756176,103718400.0,AAPL,,,,,,,,,,,,,,,,,,,,,,,,,
2022-06-01,145.6579132080078,148.62572491730577,144.6490389655957,146.8234773391278,74286600.0,AAPL,,,,,,,,,,,,,,,,,,,,,,,,,
2022-06-02,148.1065673828125,148.16533354946895,143.84584095281429,144.79593383540592,72348100.0,AAPL,,,,,,,,,,,,,,,,,,,,,,,,,
2022-06-03,142.39622497558594,144.93306421639832,141.49510885340763,143.8850177275583,88570300.0,AAPL,,,,,,,,,,,,,,,,,,,,,,,,,
2022-06-06,143.14065551757812,145.5207905259265,141.9260996131152,144.01238876362018,71598400.0,AAPL,,,,,,,,,,,,,,,,,,,,,,,,,
2022-06-07,145.6579132080078,145.94195473174813,141.14252729935507,141.3873963509184,67808200.0,AAPL,,,,,,,,,,,,,,,,,,,,,,,,,
2022-06-08,144.9232940673828,146.79408210793065,144.4335560047601,145.5305644824367,53950200.0,AAPL,,,,,,,,,,,,,,,,,,,,,,,,,
2022-06-09,139.7124786376953,144.91349464755012,139.60473566244548,144.06135517233236,69473000.0,AAPL,,,,,,,,,,,,,,,,,,,,,,,,,
2022-06-10,134.31558227539062,137.87107088214006,134.24701176433422,137.40092646925825,91437900.0,AAPL,,,,,,,,,,,,,,,,,,,,,,,,,
2022-06-13,129.17332458496094,132.4251777606438,128.7423526705115,130.14299644685158,122207100.0,AAPL,,,,,,,,,,,,,,,,,,,,,,,,,
2022-06-14,130.03524780273438,131.1420606306549,128.7815195311164,130.39766413988795,84784300.0,AAPL,,,,,,,,,,,,,,,,,,,,,,,,,
2022-06-15,132.65045166015625,134.52125474775525,129.4475753177957,131.5338494146611,91533000.0,AAPL,,,,,,,,,,,,,,,,,,,,,,,,,
2022-06-16,127.39063262939453,129.67281326031437,126.3915630308045,129.3691781238841,108123900.0,AAPL,,,,,,,,,,,,,,,,,,,,,,,,,
2022-06-17,128.85986328125,130.3486710219844,127.14578023984714,127.40045357119396,134520300.0,AAPL,,,,,,,,,,,,,,,,,,,,,,,,,
2022-06-21,133.08140563964844,134.2469845261448,130.58375367786297,130.68169231513036,81000500.0,AAPL,,,,,,,,,,,,,,,,,,,,,,,,,
2022-06-22,132.5720977783203,134.93262385029735,131.16164978530637,132.0235786011109,73409200.0,AAPL,,,,,,,,,,,,,,,,,,,,,,,,,
2022-06-23,135.4321746826172,135.74559928638683,132.84635818263115,134.0119372202921,72433800.0,AAPL,,,,,,,,,,,,,,,,,,,,,,,,,
2022-06-24,138.7526092529297,138.99747831559026,136.90139973704072,137.02872148660157,89116800.0,AAPL,,,,,,,,,,,,,,,,,,,,,,,,,
2022-06-27,138.7526092529297,140.5450525850796,138.0767682486871,139.77125797752416,70207900.0,AAPL,,,,,,,,,,,,,,,,,,,,,,,,,
2022-06-28,134.61923217773438,140.47649657650823,134.50169979812208,139.2129786588069,67083400.0,AAPL,,,,,,,,,,,,,,,,,,,,,,,,,
2022-06-29,136.37245178222656,137.78289974267364,133.8649953839291,134.63878986432783,66242400.0,AAPL,,,,,,,,,,,,,,,,,,,,,,,,,
2022-06-30,133.91397094726562,135.5301005021527,131.02451949836083,134.43309207438057,98964500.0,AAPL,,,,,,,,,,,,,,,,,,,,,,,,,
2022-07-01,136.07861328125,136.1863562547321,132.87573705664798,133.2479278277153,71051600.0,AAPL,,,,,,,,,,,,,,,,,,,,,,,,,
2022-07-05,138.65464782714844,138.70362462604172,134.11966825992553,134.94243962271915,73353800.0,AAPL,,,,,,,,,,,,,,,,,,,,,,,,,
2022-07-06,139.9867401123047,141.16210859174285,138.1845074474581,138.44897021265854,74064300.0,AAPL,,,,,,,,,,,,,,,,,,,,,,,,,
2022-07-07,143.34632873535156,143.54222096010838,140.33933002838788,140.34911940865916,66253700.0,AAPL,,,,,,,,,,,,,,,,,,,,,,,,,
2022-07-08,144.02212524414062,144.5216675026719,142.02400104686257,142.27865939245598,64547800.0,AAPL,,,,,,,,,,,,,,,,,,,,,,,,,
2022-07-11,141.896728515625,143.63040577238007,140.82910292265402,142.68031255423233,63141600.0,AAPL,,,,,,,,,,,,,,,,,,,,,,,,,
2022-07-12,142.86639404296875,145.40323372369386,142.07302074051665,142.76844044820817,77588800.0,AAPL,,,,,,,,,,,,,,,,,,,,,,,,,
2022-07-13,142.5039825439453,143.44427122627144,139.2031379384123,140.0552923046931,71185600.0,AAPL,,,,,,,,,,,,,,,,,,,,,,,,,
2022-07-14,145.42282104492188,145.8929653987599,140.30995449187216,141.12292146669557,78140700.0,AAPL,,,,,,,,,,,,,,,,,,,,,,,,,
2022-07-15,147.0879364013672,147.76377735798872,145.1583671279135,146.7059412883577,76259900.0,AAPL,,,,,,,,,,,,,,,,,,,,,,,,,
2022-07-18,144.05154418945312,148.4591862413332,143.6891279021673,147.64621935829007,81420900.0,AAPL,,,,,,,,,,,,,,,,,,,,,,,,,
2022-07-19,147.90089416503906,148.1261694879342,143.8948404199678,144.88410592104603,82982400.0,AAPL,,,,,,,,,,,,,,,,,,,,,,,,,
2022-07-20,149.89901733398438,150.56506886066487,147.2838179131366,148.01842499581136,64823400.0,AAPL,,,,,,,,,,,,,,,,,,,,,,,,,
2022-07-21,152.16162109375,152.3771070356204,148.821603940378,151.32906041419434,65086600.0,AAPL,,,,,,,,,,,,,,,,,,,,,,,,,
2022-07-22,150.9274444580078,153.07249916430717,150.26140799071646,152.20076617293066,66675400.0,AAPL,,,,,,,,,,,,,,,,,,,,,,,,,
2022-07-25,149.8108673095703,151.85796878260385,149.15462011252404,150.84910958984113,53623900.0,AAPL,,,,,,,,,,,,,,,,,,,,,,,,,
2022-07-26,148.48858642578125,149.94799628582763,147.70500253719806,149.13502930916428,55138700.0,AAPL,,,,,,,,,,,,,,,,,,,,,,,,,
2022-07-27,153.57203674316406,154.10096215711584,149.0370729884084,149.44845111836102,78620700.0,AAPL,,,,,,,,,,,,,,,,,,,,,,,,,
2022-07-28,154.12057495117188,154.40461645264705,151.24091273921562,153.7581586202447,81378700.0,AAPL,,,,,,,,,,,,,,,,,,,,,,,,,
2022-07-29,159.17469787597656,160.2717215621507,156.22647941293425,157.9307736596815,101786900.0,AAPL,,,,,,,,,,,,,,,,,,,,,,,,,
2022-08-01,158.19515991210938,160.23247174092782,157.58788958801776,157.7054219228439,67829400.0,AAPL,,,,,,,,,,,,,,,,,,,,,,,,,
2022-08-02,156.72598266601562,159.07673453265352,156.35379186998745,156.81414688340993,59907000.0,AAPL,,,,,,,,,,,,,,,,,,,,,,,,,
2022-08-03,162.72036743164062,163.1709180629882,157.45078129075776,157.53893055181024,82507500.0,AAPL,,,,,,,,,,,,,,,,,,,,,,,,,
2022-08-04,162.40695190429688,163.7586338892835,161.05526991931026,162.6028441618955,55474100.0,AAPL,,,,,,,,,,,,,,,,,,,,,,,,,
2022-08-05,162.1813507080078,162.67176904705062,159.87637852795464,160.0823608155598,56697000.0,AAPL,,,,,,,,,,,,,,,,,,,,,,,,,
2022-08-08,161.71054077148438,164.59420304327227,161.05338198319762,163.18179581085533,60276900.0,AAPL,,,,,,,,,,,,,,,,,,,,,,,,,
2022-08-09,161.75958251953125,162.6423445061743,160.1215870695177,160.8768354992681,63135500.0,AAPL,,,,,,,,,,,,,,,,,,,,,,,,,
2022-08-10,165.99681091308594,166.09488560468589,163.70164162721542,164.46669306704544,70170500.0,AAPL,,,,,,,,,,,,,,,,,,,,,,,,,
2022-08-11,165.26119995117188,167.71329198279503,164.9669459141007,166.80110596451257,57149200.0,AAPL,,,,,,,,,,,,,,,,,,,,,,,,,
2022-08-12,168.80201721191406,168.87066800455992,166.15374591104305,166.56571053244468,68039400.0,AAPL,,,,,,,,,,,,,,,,,,,,,,,,,
2022-08-15,169.87109375,170.0672580774187,168.06635799154176,168.2330984181666,54091700.0,AAPL,,,,,,,,,,,,,,,,,,,,,,,,,
2022-08-16,169.71417236328125,170.38114909928223,168.3704308785935,169.46896318920653,56377100.0,AAPL,,,,,,,,,,,,,,,,,,,,,,,,,
2022-08-17,171.2050323486328,172.77436193637106,169.2629800618565,169.45914438952641,79542000.0,AAPL,,,,,,,,,,,,,,,,,,,,,,,,,
2022-08-18,170.81271362304688,171.54834118381174,169.8024529702403,170.4203849105247,62290100.0,AAPL,,,,,,,,,,,,,,,,,,,,,,,,,
2022-08-19,168.2331085205078,170.41056710828244,168.02712623620275,169.71416649279175,70346300.0,AAPL,,,,,,,,,,,,,,,,,,,,,,,,,
2022-08-22,164.3588104248047,166.6049198473659,163.9370428679026,166.43817940694694,69026800.0,AAPL,,,,,,,,,,,,,,,,,,,,,,,,,
2022-08-23,164.02532958984375,165.47697879172844,163.45644246473458,163.87821006023856,54147100.0,AAPL,,,,,,,,,,,,,,,,,,,,,,,,,
2022-08-24,164.31954956054688,164.88843656775538,163.0640799468379,164.1135822617859,53841500.0,AAPL,,,,,,,,,,,,,,,,,,,,,,,,,
2022-08-25,166.77166748046875,166.87956011908489,165.1238689631101,165.5456215718219,51218200.0,AAPL,,,,,,,,,,,,,,,,,,,,,,,,,
2022-08-26,160.4844970703125,167.77212157949262,160.42564926256463,167.30132415112922,78961000.0,AAPL,,,,,,,,,,,,,,,,,,,,,,,,,
2022-08-29,158.2874298095703,159.7782908024648,156.7573269679059,158.06182659509352,73314000.0,AAPL,,,,,,,,,,,,,,,,,,,,,,,,,
2022-08-30,155.86473083496094,159.4447780510849,154.6975330126192,159.02302554257605,77906200.0,AAPL,,,,,,,,,,,,,,,,,,,,,,,,,
2022-08-31,154.20713806152344,157.50274977749038,154.12866933419335,157.23791969354875,87991100.0,AAPL,,,,,,,,,,,,,,,,,,,,,,,,,
2022-09-01,154.9329833984375,155.38415993328115,151.70602203096658,153.6382716729597,74229900.0,AAPL,,,,,,,,,,,,,,,,,,,,,,,,,
2022-09-02,152.8241424560547,157.2869518100939,152.0002433352291,156.6886409081276,76957800.0,AAPL,,,,,,,,,,,,,,,,,,,,,,,,,
2022-09-06,151.56869506835938,154.07963464254792,150.7447958267751,153.4715206737186,73714800.0,AAPL,,,,,,,,,,,,,,,,,,,,,,,,,
2022-09-07,152.9713134765625,153.6676992214009,150.66634101658914,151.85316012640948,87449600.0,AAPL,,,,,,,,,,,,,,,,,,,,,,,,,
2022-09-08,151.5000762939453,153.3636604436511,149.75417281827168,151.67661975456892,84923800.0,AAPL,,,,,,,,,,,,,,,,,,,,,,,,,
2022-09-09,154.354248046875,154.79563648166842,151.7844609924952,152.49066452851048,68028800.0,AAPL,,,,,,,,,,,,,,,,,,,,,,,,,
2022-09-12,160.298095703125,161.11219176205415,156.24725129466944,156.53168728327037,104956000.0,AAPL,,,,,,,,,,,,,,,,,,,,,,,,,
2022-09-13,150.89193725585938,157.4635411507797,150.430942739526,156.83580616608484,122656600.0,AAPL,,,,,,,,,,,,,,,,,,,,,,,,,
2022-09-14,152.33372497558594,154.0894308134101,150.66630580332588,151.82368576965968,87965400.0,AAPL,,,,,,,,,,,,,,,,,,,,,,,,,
2022-09-15,149.45005798339844,152.26506901475514,148.47903939265456,151.68636408491093,90481100.0,AAPL,,,,,,,,,,,,,,,,,,,,,,,,,
2022-09-16,147.81210327148438,148.44965617349064,145.52675172371437,148.312339619677,162278800.0,AAPL,,,,,,,,,,,,,,,,,,,,,,,,,
2022-09-19,151.5196533203125,151.5981220543988,146.24276190884032,146.44872924023372,81474200.0,AAPL,,,,,,,,,,,,,,,,,,,,,,,,,
2022-09-20,153.89324951171875,155.05064442927653,150.1464616536784,150.46032156880005,107689800.0,AAPL,,,,,,,,,,,,,,,,,,,,,,,,,
2022-09-21,150.77423095703125,155.6980357811973,150.65653533272163,154.32485530993193,101696800.0,AAPL,,,,,,,,,,,,,,,,,,,,,,,,,
2022-09-22,149.81298828125,151.50983141556574,148.0180554999838,149.45988650515864,86652500.0,AAPL,,,,,,,,,,,,,,,,,,,,,,,,,
2022-09-23,147.54725646972656,148.5673350111051,145.7130966439831,148.29270193451399,96029900.0,AAPL,,,,,,,,,,,,,,,,,,,,,,,,,
2022-09-26,147.8807373046875,150.82324708343862,146.77238716545008,146.79200808789446,93339400.0,AAPL,,,,,,,,,,,,,,,,,,,,,,,,,
2022-09-27,148.85177612304688,151.75505941669135,147.07646404392761,149.81300689014782,84442700.0,AAPL,,,,,,,,,,,,,,,,,,,,,,,,,
2022-09-28,146.9685516357422,147.75322390412563,142.06436866631904,144.81071412247172,146691400.0,AAPL,,,,,,,,,,,,,,,,,,,,,,,,,
2022-09-29,139.74961853027344,143.9083718149734,137.98410935439225,143.30025780798485,128138200.0,AAPL,,,,,,,,,,,,,,,,,,,,,,,,,
2022-09-30,135.55160522460938,140.35771319334796,135.35544091221504,138.5725835278908,124925300.0,AAPL,,,,,,,,,,,,,,,,,,,,,,,,,
2022-10-03,139.7201690673828,140.32829792951577,135.05139229305564,135.5614315097669,114311700.0,AAPL,,,,,,,,,,,,,,,,,,,,,,,,,
2022-10-04,143.30020141601562,143.4178969926313,141.49545109844763,142.2506993032743,87830100.0,AAPL,,,,,,,,,,,,,,,,,,,,,,,,,
2022-10-05,143.594482421875,144.55571313373582,140.26944671107276,141.3091461524557,79471000.0,AAPL,,,,,,,,,,,,,,,,,,,,,,,,,
2022-10-06,142.64306640625,144.71263233032042,142.43709909152813,143.0157891213956,68402200.0,AAPL,,,,,,,,,,,,,,,,,,,,,,,,,
2022-10-07,137.40541076660156,140.3577388347644,136.7776758724346,139.80845770678545,85925600.0,AAPL,,,,,,,,,,,,,,,,,,,,,,,,,
2022-10-10,137.72911071777344,139.17094210590585,135.91457149826957,137.72911071777344,74899000.0,AAPL,,,,,,,,,,,,,,,,,,,,,,,,,
2022-10-11,136.3166961669922,138.64128959242282,135.57126557653487,137.2190642395612,77033700.0,AAPL,,,,,,,,,,,,,,,,,,,,,,,,,
2022-10-12,135.68893432617188,137.67022848780448,135.51239091855444,136.4638036366148,70433700.0,AAPL,,,,,,,,,,,,,,,,,,,,,,,,,
2022-10-13,140.2498321533203,140.83832513907973,131.79501040391918,132.40313927882985,113224000.0,AAPL,,,,,,,,,,,,,,,,,,,,,,,,,
2022-10-14,135.72816467285156,141.75050040665323,135.54180333634727,141.54451814883853,88598000.0,AAPL,,,,,,,,,,,,,,,,,,,,,,,,,
2022-10-17,139.6809844970703,140.16158499262147,137.5819941601383,138.3666666620457,85250900.0,AAPL,,,,,,,,,,,,,,,,,,,,,,,,,
2022-10-18,140.99526977539062,143.88873492707052,137.91544326382163,142.7019309504816,99136600.0,AAPL,,,,,,,,,,,,,,,,,,,,,,,,,
2022-10-19,141.10313415527344,142.172242307933,138.78835950411164,138.97472082668796,61758300.0,AAPL,,,,,,,,,,,,,,,,,,,,,,,,,
2022-10-20,140.64215087890625,143.09424222902763,139.9163264513743,140.2792461483292,64522000.0,AAPL,,,,,,,,,,,,,,,,,,,,,,,,,
2022-10-21,144.4478302001953,145.0167173026428,139.9163543059083,140.1321395849877,86548600.0,AAPL,,,,,,,,,,,,,,,,,,,,,,,,,
2022-10-24,146.58604431152344,147.3510957532076,143.2021606323234,144.3693587197694,75981900.0,AAPL,,,,,,,,,,,,,,,,,,,,,,,,,
2022-10-25,149.420654296875,149.56778877679034,146.4977652190575,147.21377179556336,74732300.0,AAPL,,,,,,,,,,,,,,,,,,,,,,,,,
2022-10-26,146.4879913330078,149.0774000501519,145.20308247196704,148.06713927955596,88194300.0,AAPL,,,,,,,,,,,,,,,,,,,,,,,,,
2022-10-27,142.02516174316406,146.1937178528811,141.36800292889203,145.23250204640354,109180200.0,AAPL,,,,,,,,,,,,,,,,,,,,,,,,,
2022-10-28,152.75550842285156,154.48177557471033,144.98728378991743,145.35999154749908,164762400.0,AAPL,,,,,,,,,,,,,,,,,,,,,,,,,
2022-10-31,150.4014892578125,151.28425122815005,149.00870300208484,150.22494584357278,97943200.0,AAPL,,,,,,,,,,,,,,,,,,,,,,,,,
2022-11-01,147.7630157470703,152.4710340362063,146.27215501250635,152.1081293130579,80379300.0,AAPL,,,,,,,,,,,,,,,,,,,,,,,,,
2022-11-02,142.25074768066406,149.25392123210702,142.2213237765035,146.0956258102425,93604600.0,AAPL,,,,,,,,,,,,,,,,,,,,,,,,,
2022-11-03,136.21859741210938,140.06347524662803,136.0910838596121,139.3376507448135,97918500.0,AAPL,,,,,,,,,,,,,,,,,,,,,,,,,
2022-11-04,135.9533233642578,140.16808578570755,132.02346880241154,139.59825507529519,140814800.0,AAPL,,,,,,,,,,,,,,,,,,,,,,,,,
2022-11-07,136.48385620117188,136.70981865595215,133.29084915754692,134.70559929239224,83374600.0,AAPL,,,,,,,,,,,,,,,,,,,,,,,,,
2022-11-08,137.0536651611328,138.94981261597127,135.07891882338652,137.94771058910516,89908500.0,AAPL,,,,,,,,,,,,,,,,,,,,,,,,,
2022-11-09,132.5048828125,136.12035725287217,132.2297941583769,136.07123106652006,74917800.0,AAPL,,,,,,,,,,,,,,,,,,,,,,,,,
2022-11-10,144.2944793701172,144.2944793701172,137.05372466357315,138.7632173787933,118854000.0,AAPL,,,,,,,,,,,,,,,,,,,,,,,,,
2022-11-11,147.07481384277344,147.37937519314977,141.83828048896822,143.26286485614494,93979700.0,AAPL,,,,,,,,,,,,,,,,,,,,,,,,,
2022-11-14,145.67971801757812,147.64464544159856,144.84461786588682,146.3576203774582,73374100.0,AAPL,,,,,,,,,,,,,,,,,,,,,,,,,
2022-11-15,147.40884399414062,150.89659305740093,145.95480194485347,149.55062261259357,89868300.0,AAPL,,,,,,,,,,,,,,,,,,,,,,,,,
2022-11-16,146.18077087402344,147.24183349471545,144.70707528826344,146.51481993344615,64218300.0,AAPL,,,,,,,,,,,,,,,,,,,,,,,,,
2022-11-17,148.07693481445312,148.82360185357618,143.58706836561342,143.86215701114332,80389400.0,AAPL,,,,,,,,,,,,,,,,,,,,,,,,,
2022-11-18,148.6369171142578,150.022194440957,147.3400729082456,149.63903422199823,74829600.0,AAPL,,,,,,,,,,,,,,,,,,,,,,,,,
2022-11-21,145.41444396972656,147.73305885560603,145.12953609848137,147.52674987775407,58724100.0,AAPL,,,,,,,,,,,,,,,,,,,,,,,,,
2022-11-22,147.54638671875,147.7821833963105,144.353379792247,145.5323481888436,51804100.0,AAPL,,,,,,,,,,,,,,,,,,,,,,,,,
2022-11-23,148.42080688476562,149.16747394284351,146.72113379241404,146.82920540527334,58301400.0,AAPL,,,,,,,,,,,,,,,,,,,,,,,,,
2022-11-25,145.51271057128906,146.2692118769101,144.54006603549058,145.7092003283938,35195900.0,AAPL,,,,,,,,,,,,,,,,,,,,,,,,,
2022-11-28,141.69094848632812,144.0685093862778,140.86568238708142,142.59481349853306,69246000.0,AAPL,,,,,,,,,,,,,,,,,,,,,,,,,
2022-11-29,138.6944122314453,142.27057984792378,137.8887997144492,141.7596944766532,83763800.0,AAPL,,,,,,,,,,,,,,,,,,,,,,,,,
2022-11-30,145.43409729003906,146.1119996275474,138.08527316426236,138.9203582971881,111380900.0,AAPL,,,,,,,,,,,,,,,,,,,,,,,,,
2022-12-01,145.70919799804688,146.51482547786148,144.03901260255705,145.61096061666942,71250400.0,AAPL,,,,,,,,,,,,,,,,,,,,,,,,,
2022-12-02,145.21798706054688,145.40465760065473,143.09586143280922,143.40043783526434,65447400.0,AAPL,,,,,,,,,,,,,,,,,,,,,,,,,
2022-12-05,144.0586700439453,148.27343309869434,143.21375058654476,145.17867816271277,68826400.0,AAPL,,,,,,,,,,,,,,,,,,,,,,,,,
2022-12-06,140.40386962890625,144.71688401684585,139.43122531687646,144.4909215977212,64727200.0,AAPL,,,,,,,,,,,,,,,,,,,,,,,,,
2022-12-07,138.4684600830078,140.85584008868295,137.5449416476374,139.69653991914743,69721100.0,AAPL,,,,,,,,,,,,,,,,,,,,,,,,,
2022-12-08,140.14846801757812,141.00322179654424,138.62566097989853,139.8635600853956,62128300.0,AAPL,,,,,,,,,,,,,,,,,,,,,,,,,
2022-12-09,139.66705322265625,143.01725827820258,138.42913927736055,139.84388950557997,76097000.0,AAPL,,,,,,,,,,,,,,,,,,,,,,,,,
2022-12-12,141.9561767578125,141.96599599737974,138.58631867677312,140.19755844692216,70462700.0,AAPL,,,,,,,,,,,,,,,,,,,,,,,,,
2022-12-13,142.91897583007812,147.34006186732648,141.71054984410077,146.87830279302864,93886200.0,AAPL,,,,,,,,,,,,,,,,,,,,,,,,,
2022-12-14,140.69862365722656,144.0881201971517,138.6845702087708,142.80109523487565,82291200.0,AAPL,,,,,,,,,,,,,,,,,,,,,,,,,
2022-12-15,134.1063232421875,139.31338494507114,133.64456400681874,138.63548245096763,98931900.0,AAPL,,,,,,,,,,,,,,,,,,,,,,,,,
2022-12-16,132.15118408203125,135.23611943482993,131.38486361161162,134.29296269794702,160156900.0,AAPL,,,,,,,,,,,,,,,,,,,,,,,,,
2022-12-19,130.0487060546875,132.82907992971283,129.01713123497163,132.74066180080095,79592600.0,AAPL,,,,,,,,,,,,,,,,,,,,,,,,,
2022-12-20,129.9799346923828,130.91327209557377,127.61219386559817,129.08588923628005,77432800.0,AAPL,,,,,,,,,,,,,,,,,,,,,,,,,
2022-12-21,133.07472229003906,134.41087369361549,130.42207295695286,130.64803543949063,85928000.0,AAPL,,,,,,,,,,,,,,,,,,,,,,,,,
2022-12-22,129.91116333007812,132.20030541745464,128.01501569466643,131.9939964474779,77852100.0,AAPL,,,,,,,,,,,,,,,,,,,,,,,,,
2022-12-23,129.54771423339844,130.0978917197954,127.3666427757447,128.62419559928406,63814900.0,AAPL,,,,,,,,,,,,,,,,,,,,,,,,,
2022-12-27,127.74978637695312,129.10559142681458,126.46276099945749,129.076118707575,69007800.0,AAPL,,,,,,,,,,,,,,,,,,,,,,,,,
2022-12-28,123.82974243164062,128.73223486036684,123.66272537894751,127.39608344761355,85438400.0,AAPL,,,,,,,,,,,,,,,,,,,,,,,,,
2022-12-29,127.33711242675781,128.19185099265815,125.49008349000029,125.74551863845643,75703700.0,AAPL,,,,,,,,,,,,,,,,,,,,,,,,,
2022-12-30,127.65149688720703,127.67115035805845,125.19534521858718,126.1581629090278,77034200.0,AAPL,,,,,,,,,,,,,,,,,,,,,,,,,
2023-01-03,122.87673950195312,128.6044974020352,121.99252063798394,127.9953746812147,112117500.0,AAPL,,,,,,,,,,,,,,,,,,,,,,,,,
2023-01-04,124.14411926269531,126.40378887161263,122.88656686996354,124.66482384759799,89113600.0,AAPL,,,,,,,,,,,,,,,,,,,,,,,,,
2023-01-05,122.82762145996094,125.52939692056383,122.57218626779334,124.90062068574457,80962700.0,AAPL,,,,,,,,,,,,,,,,,,,,,,,,,
2023-01-06,127.34696197509766,128.00521096875735,122.69991206962038,123.80027430194448,87754700.0,AAPL,,,,,,,,,,,,,,,,,,,,,,,,,
2023-01-09,127.86763763427734,131.07047871721036,127.61220248294386,128.18203319703136,70790800.0,AAPL,,,,,,,,,,,,,,,,,,,,,,,,,
2023-01-10,128.43746948242188,128.958174020526,125.87323874198964,127.9757103650532,63896200.0,AAPL,,,,,,,,,,,,,,,,,,,,,,,,,
2023-01-11,131.14907836914062,131.1687168485226,128.17221470136022,128.94835439070522,69458900.0,AAPL,,,,,,,,,,,,,,,,,,,,,,,,,
2023-01-12,131.0704803466797,131.90556546211644,129.1350257391296,131.53223946571177,71379600.0,AAPL,,,,,,,,,,,,,,,,,,,,,,,,,
2023-01-13,132.3968048095703,132.55400260182785,129.35117628841525,129.71468306570503,57809700.0,AAPL,,,,,,,,,,,,,,,,,,,,,,,,,
2023-01-17,133.55612182617188,134.88243886666353,131.77786487384603,132.4655864864573,63646600.0,AAPL,,,,,,,,,,,,,,,,,,,,,,,,,
2023-01-18,132.8389434814453,136.17931456809228,132.66209219338052,134.4207108763407,69672800.0,AAPL,,,,,,,,,,,,,,,,,,,,,,,,,
2023-01-19,132.8978729248047,133.86068318245066,131.4241773301355,131.72873868777404,58280400.0,AAPL,,,,,,,,,,,,,,,,,,,,,,,,,
2023-01-20,135.45223999023438,135.5996185121786,131.86625415764433,132.90766308475472,80223600.0,AAPL,,,,,,,,,,,,,,,,,,,,,,,,,
2023-01-23,138.6354522705078,140.806703627411,135.4817372209474,135.6978804326285,81760300.0,AAPL,,,,,,,,,,,,,,,,,,,,,,,,,
2023-01-24,140.0305633544922,140.64952034187644,137.83967329148908,137.84949253259393,66435100.0,AAPL,,,,,,,,,,,,,,,,,,,,,,,,,
2023-01-25,139.37232971191406,139.93232634052288,136.37581181311944,138.41933852785135,65799300.0,AAPL,,,,,,,,,,,,,,,,,,,,,,,,,
2023-01-26,141.43545532226562,141.72036314771546,139.4115678729177,140.6593007442682,54105100.0,AAPL,,,,,,,,,,,,,,,,,,,,,,,,,
2023-01-27,143.37091064453125,144.64811636457318,140.57089828761406,140.64949717713105,70555800.0,AAPL,,,,,,,,,,,,,,,,,,,,,,,,,
2023-01-30,140.4923095703125,142.9975950119405,140.34494601130174,142.41794502488958,64015300.0,AAPL,,,,,,,,,,,,,,,,,,,,,,,,,
2023-01-31,141.7596893310547,141.80881551729502,139.78494257033407,140.19757555057984,65874500.0,AAPL,,,,,,,,,,,,,,,,,,,,,,,,,
2023-02-01,142.87969970703125,144.03901475780756,138.84178798038548,141.44531098955775,77663600.0,AAPL,,,,,,,,,,,,,,,,,,,,,,,,,
2023-02-02,148.17518615722656,148.52885870656533,145.57164829200897,146.2888426135127,118339000.0,AAPL,,,,,,,,,,,,,,,,,,,,,,,,,
2023-02-03,151.79063415527344,154.6201342687517,145.23760339877686,145.43409313083382,154357300.0,AAPL,,,,,,,,,,,,,,,,,,,,,,,,,
2023-02-06,149.06922912597656,150.41521473457135,148.13589150827315,149.8945101165513,69858300.0,AAPL,,,,,,,,,,,,,,,,,,,,,,,,,
2023-02-07,151.93798828125,152.50781896271047,147.9983146799996,147.9983146799996,83322600.0,AAPL,,,,,,,,,,,,,,,,,,,,,,,,,
2023-02-08,149.25588989257812,151.8692470443083,148.51904208604415,151.18152542311802,64120100.0,AAPL,,,,,,,,,,,,,,,,,,,,,,,,,
2023-02-09,148.2242889404297,151.62361983119905,147.78218328763404,151.08326181502397,56007100.0,AAPL,,,,,,,,,,,,,,,,,,,,,,,,,
2023-02-10,148.58836364746094,148.9130734935689,146.8270751036462,147.0632318137508,57450700.0,AAPL,,,,,,,,,,,,,,,,,,,,,,,,,
2023-02-13,151.3828582763672,151.78627208132363,148.49983612289876,148.52935383999073,62199000.0,AAPL,,,,,,,,,,,,,,,,,,,,,,,,,
2023-02-14,150.7432403564453,151.3041068890254,148.4407688328002,149.68055772689488,61707600.0,AAPL,,,,,,,,,,,,,,,,,,,,,,,,,
2023-02-15,152.83909606933594,153.00636811059493,150.42838780610393,150.6546952720313,65573800.0,AAPL,,,,,,,,,,,,,,,,,,,,,,,,,
2023-02-16,151.24510192871094,153.82308261470098,150.890874314185,151.04829713189807,68167900.0,AAPL,,,,,,,,,,,,,,,,,,,,,,,,,
2023-02-17,150.1036834716797,150.54646418705764,148.43094798353164,149.90689371085574,59144100.0,AAPL,,,,,,,,,,,,,,,,,,,,,,,,,
2023-02-21,146.0989532470703,148.87373860585663,146.0300835825423,147.79137232815333,58867200.0,AAPL,,,,,,,,,,,,,,,,,,,,,,,,,
2023-02-22,146.52206420898438,147.54538003263738,144.80012742797703,146.48269724609548,51011300.0,AAPL,,,,,,,,,,,,,,,,,,,,,,,,,
2023-02-23,147.00418090820312,147.92910925221886,144.8788305804024,147.6831183102613,48394200.0,AAPL,,,,,,,,,,,,,,,,,,,,,,,,,
2023-02-24,144.35733032226562,144.82962872471046,143.38320079150859,144.75090982195374,55469600.0,AAPL,,,,,,,,,,,,,,,,,,,,,,,,,
2023-02-27,145.54791259765625,146.77786725557394,145.0854484451516,145.34128862301924,44998500.0,AAPL,,,,,,,,,,,,,,,,,,,,,,,,,
2023-02-28,145.04611206054688,146.68932985809187,144.47541123636594,144.69188448050687,50547000.0,AAPL,,,,,,,,,,,,,,,,,,,,,,,,,
2023-03-01,142.97979736328125,144.8690063216874,142.6846051791963,144.47542675230628,55479000.0,AAPL,,,,,,,,,,,,,,,,,,,,,,,,,
2023-03-02,143.5701904296875,144.3573646302391,141.59241318636302,142.0647267151534,52238100.0,AAPL,,,,,,,,,,,,,,,,,,,,,,,,,
2023-03-03,148.6080322265625,148.68675112203792,144.96736964186593,145.66597544130724,70732300.0,AAPL,,,,,,,,,,,,,,,,,,,,,,,,,
2023-03-06,151.36314392089844,153.79353555974586,150.99908214162087,151.32377696340643,87558000.0,AAPL,,,,,,,,,,,,,,,,,,,,,,,,,
2023-03-07,149.16891479492188,151.55993956940895,148.7064506179963,151.23522972088062,56182000.0,AAPL,,,,,,,,,,,,,,,,,,,,,,,,,
2023-03-08,150.41854858398438,151.00893289820618,149.39523278864294,150.35951315538156,47204800.0,AAPL,,,,,,,,,,,,,,,,,,,,,,,,,
2023-03-09,148.17510986328125,152.06176399701366,147.82088228318355,151.09748364556307,53833600.0,AAPL,,,,,,,,,,,,,,,,,,,,,,,,,
2023-03-10,146.11865234375,148.51952687879202,145.2429249942403,147.80123737088158,68572400.0,AAPL,,,,,,,,,,,,,,,,,,,,,,,,,
2023-03-13,148.05703735351562,150.6842189540097,145.33145336527863,145.43968998615728,84457100.0,AAPL,,,,,,,,,,,,,,,,,,,,,,,,,
2023-03-14,150.14303588867188,150.94004418166887,147.6929755826584,148.85404568502526,73695900.0,AAPL,,,,,,,,,,,,,,,,,,,,,,,,,
2023-03-15,150.53663635253906,150.79246155107444,147.51586009545082,148.76549840164833,77167900.0,AAPL,,,,,,,,,,,,,,,,,,,,,,,,,
2023-03-16,153.35073852539062,153.95095694332394,149.2082450157043,149.7199103098672,76161100.0,AAPL,,,,,,,,,,,,,,,,,,,,,,,,,
2023-03-17,152.51438903808594,154.22649145558808,151.80593390078133,153.57707174404283,98944600.0,AAPL,,,,,,,,,,,,,,,,,,,,,,,,,
2023-03-20,154.8759002685547,155.28917828804447,151.67801783277878,152.58327776546486,73641400.0,AAPL,,,,,,,,,,,,,,,,,,,,,,,,,
2023-03-21,156.72573852539062,156.8438093660786,154.0296725549558,154.79717806171172,73938300.0,AAPL,,,,,,,,,,,,,,,,,,,,,,,,,
2023-03-22,155.2990264892578,159.5399085601911,155.27934300701256,156.7454546452784,75701800.0,AAPL,,,,,,,,,,,,,,,,,,,,,,,,,
2023-03-23,156.38136291503906,158.9593583364734,155.15140813839363,156.28297554136526,67622100.0,AAPL,,,,,,,,,,,,,,,,,,,,,,,,,
2023-03-24,157.68020629882812,157.76875944157217,155.31869907440637,156.31249715364865,59196500.0,AAPL,,,,,,,,,,,,,,,,,,,,,,,,,
2023-03-27,155.74179077148438,158.19186606543823,155.33836200567538,157.37517430078694,52390300.0,AAPL,,,,,,,,,,,,,,,,,,,,,,,,,
2023-03-28,155.1219024658203,155.94844355059743,153.47868455836303,155.4367781198492,45992200.0,AAPL,,,,,,,,,,,,,,,,,,,,,,,,,
2023-03-29,158.19186401367188,158.46737267599337,156.7946372221569,156.8143056879684,51305700.0,AAPL,,,,,,,,,,,,,,,,,,,,,,,,,
2023-03-30,159.75636291503906,159.86459953343115,158.68384597812414,158.93967116064357,49501700.0,AAPL,,,,,,,,,,,,,,,,,,,,,,,,,
2023-03-31,162.25563049316406,162.35403288236776,159.31358823359025,159.8350878653574,68749800.0,AAPL,,,,,,,,,,,,,,,,,,,,,,,,,
2023-04-03,163.50527954101562,163.62335040456196,161.58655293789977,161.63575413574327,56976200.0,AAPL,,,,,,,,,,,,,,,,,,,,,,,,,
2023-04-04,162.97390747070312,164.16449510354033,162.46224215834394,163.92835343175463,46278300.0,AAPL,,,,,,,,,,,,,,,,,,,,,,,,,
2023-04-05,161.13389587402344,162.4032175003463,159.2053353608918,162.09819114468434,51511700.0,AAPL,,,,,,,,,,,,,,,,,,,,,,,,,
2023-04-06,162.01950073242188,162.31469290771022,159.40215313314846,159.82525040692016,45390100.0,AAPL,,,,,,,,,,,,,,,,,,,,,,,,,
2023-04-10,159.43165588378906,159.43165588378906,157.51292944566782,158.8314373555464,47716900.0,AAPL,,,,,,,,,,,,,,,,,,,,,,,,,
2023-04-11,158.22140502929688,159.75638637804428,157.93604707794614,159.74655214369014,47644200.0,AAPL,,,,,,,,,,,,,,,,,,,,,,,,,
2023-04-12,157.5325927734375,159.46115319792995,157.2177171858746,158.6346273017189,50133100.0,AAPL,,,,,,,,,,,,,,,,,,,,,,,,,
2023-04-13,162.90505981445312,163.14121655398105,158.83144989570576,159.0380889195549,68445600.0,AAPL,,,,,,,,,,,,,,,,,,,,,,,,,
2023-04-14,162.56068420410156,163.6528847449455,161.19297496954,161.9506163702145,49386500.0,AAPL,,,,,,,,,,,,,,,,,,,,,,,,,
2023-04-17,162.58033752441406,162.7377753387549,161.39958394505072,162.44258319038994,41516200.0,AAPL,,,,,,,,,,,,,,,,,,,,,,,,,
2023-04-18,163.8004913330078,164.72541991249665,162.9936336312071,163.43642945073645,49923000.0,AAPL,,,,,,,,,,,,,,,,,,,,,,,,,
2023-04-19,164.94187927246094,165.4633789570219,162.885383237049,163.14122346923992,47720200.0,AAPL,,,,,,,,,,,,,,,,,,,,,,,,,
2023-04-20,163.97756958007812,165.17800667808302,162.90505258707114,163.42655222639002,52456400.0,AAPL,,,,,,,,,,,,,,,,,,,,,,,,,
2023-04-21,162.3737030029297,163.78076396537094,161.85220341407148,162.40322071444277,58337300.0,AAPL,,,,,,,,,,,,,,,,,,,,,,,,,
2023-04-24,162.6787109375,162.9443853251193,161.26180088898863,162.35400113354166,41949600.0,AAPL,,,,,,,,,,,,,,,,,,,,,,,,,
2023-04-25,161.14373779296875,163.64299896057264,161.10437083745688,162.54096443175132,48714100.0,AAPL,,,,,,,,,,,,,,,,,,,,,,,,,
2023-04-26,161.13389587402344,162.62952495549953,160.18929909610858,160.44512426219072,45498800.0,AAPL,,,,,,,,,,,,,,,,,,,,,,,,,
2023-04-27,165.70933532714844,165.85692388096987,162.54097091629146,162.54097091629146,64902300.0,AAPL,,,,,,,,,,,,,,,,,,,,,,,,,
2023-04-28,166.95896911621094,167.12625617335198,165.1878463008649,165.78806481489534,55275900.0,AAPL,,,,,,,,,,,,,,,,,,,,,,,,,
2023-05-01,166.87039184570312,167.71660118549804,165.93562938076653,166.5653655163748,52472900.0,AAPL,,,,,,,,,,,,,,,,,,,,,,,,,
2023-05-02,165.83721923828125,167.61820597364212,164.85325563412508,167.36236582754194,48425700.0,AAPL,,,,,,,,,,,,,,,,,,,,,,,,,
2023-05-03,164.76475524902344,168.17911124939818,164.47941231869004,166.78188428598025,65136000.0,AAPL,,,,,,,,,,,,,,,,,,,,,,,,,
2023-05-04,163.13133239746094,164.3612870012041,161.67507035057545,162.2457710884036,81235400.0,AAPL,,,,,,,,,,,,,,,,,,,,,,,,,
2023-05-05,170.78662109375,171.50491053581004,168.02166992672903,168.23814318555767,113453200.0,AAPL,,,,,,,,,,,,,,,,,,,,,,,,,
2023-05-08,170.71771240234375,171.06210572406735,169.35000337616833,169.7140651629481,55962800.0,AAPL,,,,,,,,,,,,,,,,,,,,,,,,,
2023-05-09,169.0154571533203,170.75706217667226,168.84818511789587,170.27492954930042,45326900.0,AAPL,,,,,,,,,,,,,,,,,,,,,,,,,
2023-05-10,170.77676391601562,171.23922812803062,169.14338031673282,170.24543004162442,53724500.0,AAPL,,,,,,,,,,,,,,,,,,,,,,,,,
2023-05-11,170.96371459960938,171.79024060925457,169.40904995436452,171.06211698775132,49514700.0,AAPL,,,,,,,,,,,,,,,,,,,,,,,,,
2023-05-12,170.03749084472656,171.50561502670146,168.4905238476374,171.0720697527437,45533100.0,AAPL,,,,,,,,,,,,,,,,,,,,,,,,,
2023-05-15,169.5448455810547,170.66811525184778,168.95364468701064,170.6188460048669,37266700.0,AAPL,,,,,,,,,,,,,,,,,,,,,,,,,
2023-05-16,169.5448455810547,170.5991352991019,169.27880367524853,169.46601779285794,42110300.0,AAPL,,,,,,,,,,,,,,,,,,,,,,,,,
2023-05-17,170.15573120117188,170.39219951568867,167.91903983890595,169.19011716888295,57951600.0,AAPL,,,,,,,,,,,,,,,,,,,,,,,,,
2023-05-18,172.4811248779297,172.66833901247392,170.04737119858373,170.46120584790356,65496700.0,AAPL,,,,,,,,,,,,,,,,,,,,,,,,,
2023-05-19,172.58949279785156,173.80143807257875,172.3727201425523,173.80143807257875,55809500.0,AAPL,,,,,,,,,,,,,,,,,,,,,,,,,
2023-05-22,171.64356994628906,172.1460951955022,170.9045763773169,171.42679729660153,43570900.0,AAPL,,,,,,,,,,,,,,,,,,,,,,,,,
2023-05-23,169.04232788085938,170.83562631420236,168.7664381272472,170.58929510312979,50747300.0,AAPL,,,,,,,,,,,,,,,,,,,,,,,,,
2023-05-24,169.31820678710938,169.8896969643689,168.01758589409968,168.57921320123526,45143500.0,AAPL,,,,,,,,,,,,,,,,,,,,,,,,,
2023-05-25,170.4513397216797,171.3479738482291,169.17041449607095,169.8798495430277,56058300.0,AAPL,,,,,,,,,,,,,,,,,,,,,,,,,
2023-05-26,172.85552978515625,173.19055165787438,170.56958397024448,170.77650880236848,54835000.0,AAPL,,,,,,,,,,,,,,,,,,,,,,,,,
2023-05-30,174.69810485839844,176.36330631715728,173.9788219031772,174.36309800636275,55964400.0,AAPL,,,,,,,,,,,,,,,,,,,,,,,,,
2023-05-31,174.64881896972656,176.71800704198733,174.16600441023556,174.72764675708407,99625300.0,AAPL,,,,,,,,,,,,,,,,,,,,,,,,,
2023-06-01,177.44711303710938,177.47667157389162,174.33348352725068,175.09218771933737,68901800.0,AAPL,,,,,,,,,,,,,,,,,,,,,,,,,
2023-06-02,178.2945098876953,179.11233123154489,176.62930866038764,178.37333767160567,61996900.0,AAPL,,,,,,,,,,,,,,,,,,,,,,,,,
2023-06-05,176.94464111328125,182.2358308287415,175.4272324012079,179.949884959394,121946500.0,AAPL,,,,,,,,,,,,,,,,,,,,,,,,,
2023-06-06,176.58006286621094,177.4766970018392,174.82617090162998,177.328904296753,64848400.0,AAPL,,,,,,,,,,,,,,,,,,,,,,,,,
2023-06-07,175.21044921875,178.55069942371495,174.71778685793004,175.8213457350109,61944600.0,AAPL,,,,,,,,,,,,,,,,,,,,,,,,,
2023-06-08,177.92007446289062,178.18610128610723,174.85571428274253,175.28924448775277,50214900.0,AAPL,,,,,,,,,,,,,,,,,,,,,,,,,
2023-06-09,178.30438232421875,179.55573399442156,177.9792233362159,178.83645110058313,48900000.0,AAPL,,,,,,,,,,,,,,,,,,,,,,,,,
2023-06-12,181.0928497314453,181.19138823156914,178.31424143935143,178.60984190485868,54274900.0,AAPL,,,,,,,,,,,,,,,,,,,,,,,,,
2023-06-13,180.61988830566406,181.4475575367352,179.76266053311636,180.11737806569877,54929100.0,AAPL,,,,,,,,,,,,,,,,,,,,,,,,,
2023-06-14,181.25048828125,181.68403358526143,179.34881869349235,180.67899811094975,57462900.0,AAPL,,,,,,,,,,,,,,,,,,,,,,,,,
2023-06-15,183.28025817871094,183.78278344228747,181.08298811392547,181.26035439367692,65433200.0,AAPL,,,,,,,,,,,,,,,,,,,,,,,,,
2023-06-16,182.2062530517578,184.245882524342,181.56579797087073,183.98968846409701,101256200.0,AAPL,,,,,,,,,,,,,,,,,,,,,,,,,
2023-06-20,182.29495239257812,183.3689679486228,181.70376647980103,181.70376647980103,49799100.0,AAPL,,,,,,,,,,,,,,,,,,,,,,,,,
2023-06-21,181.2603302001953,182.68904794337553,179.91042519875955,182.1865227468729,49515700.0,AAPL,,,,,,,,,,,,,,,,,,,,,,,,,
2023-06-22,184.25576782226562,184.30503707731958,180.97463389589913,181.04361385994784,51245300.0,AAPL,,,,,,,,,,,,,,,,,,,,,,,,,
2023-06-23,183.94044494628906,184.80753566864925,182.29495416898448,182.82703803401998,53117000.0,AAPL,,,,,,,,,,,,,,,,,,,,,,,,,
2023-06-26,182.55111694335938,185.2903184900679,182.51169553463515,184.08822111663613,48088700.0,AAPL,,,,,,,,,,,,,,,,,,,,,,,,,
2023-06-27,185.30018615722656,185.6253451571229,182.94526040179295,183.1620330683905,50730800.0,AAPL,,,,,,,,,,,,,,,,,,,,,,,,,
2023-06-28,186.47271728515625,187.11317238738192,184.84693738882143,185.17208134019785,51216800.0,AAPL,,,,,,,,,,,,,,,,,,,,,,,,,
2023-06-29,186.8077392578125,187.2807060224463,186.16728410364277,186.30522898461155,46347300.0,AAPL,,,,,,,,,,,,,,,,,,,,,,,,,
2023-06-30,191.12344360351562,191.62595381515632,188.45320690668942,188.81778728912292,85213200.0,AAPL,,,,,,,,,,,,,,,,,,,,,,,,,
2023-07-03,189.63558959960938,191.0347488046626,188.9458503136462,190.93621032527898,31458200.0,AAPL,,,,,,,,,,,,,,,,,,,,,,,,,
2023-07-05,188.52220153808594,190.1479814937267,187.82261429340878,188.75868490984942,46920300.0,AAPL,,,,,,,,,,,,,,,,,,,,,,,,,
2023-07-06,188.9951629638672,189.20208780415717,186.42346442381324,187.05407174607458,45094300.0,AAPL,,,,,,,,,,,,,,,,,,,,,,,,,
2023-07-07,187.8817138671875,189.8425155087971,187.44818361165477,188.6010117511895,46815000.0,AAPL,,,,,,,,,,,,,,,,,,,,,,,,,
2023-07-10,185.8421173095703,187.20187038994513,184.29515010539157,186.48257243692333,59922200.0,AAPL,,,,,,,,,,,,,,,,,,,,,,,,,
2023-07-11,185.31988525390625,186.5219826806886,183.86160879849567,186.384037813756,46638100.0,AAPL,,,,,,,,,,,,,,,,,,,,,,,,,
2023-07-12,186.985107421875,188.88677723101014,185.70418206587038,186.8964167558296,60750200.0,AAPL,,,,,,,,,,,,,,,,,,,,,,,,,
2023-07-13,187.7437744140625,188.38424453327508,186.99493300399138,187.7043680387378,41342300.0,AAPL,,,,,,,,,,,,,,,,,,,,,,,,,
2023-07-14,187.8916015625,188.37440112570727,186.8471596075647,187.43834550769154,41616200.0,AAPL,,,,,,,,,,,,,,,,,,,,,,,,,
2023-07-17,191.14315795898438,191.46831693797242,188.9951421376018,189.08381775872684,50520200.0,AAPL,,,,,,,,,,,,,,,,,,,,,,,,,
2023-07-18,190.88697814941406,191.47817907078496,189.5962050071137,190.5125649317522,48288200.0,AAPL,,,,,,,,,,,,,,,,,,,,,,,,,
2023-07-19,192.23687744140625,195.32093388898534,189.82281961650222,190.26622781119138,80507300.0,AAPL,,,,,,,,,,,,,,,,,,,,,,,,,
2023-07-20,190.2957763671875,193.58675746858663,189.6750169550875,192.22700448393437,59581200.0,AAPL,,,,,,,,,,,,,,,,,,,,,,,,,
2023-07-21,189.12326049804688,192.10879369152832,188.42367321559357,191.25156585425083,71951700.0,AAPL,,,,,,,,,,,,,,,,,,,,,,,,,
2023-07-24,189.92140197753906,192.04970767810678,189.42873945619655,190.57172011407926,45377800.0,AAPL,,,,,,,,,,,,,,,,,,,,,,,,,
2023-07-25,190.778564453125,191.58653792745972,190.08884016702333,190.49282690419068,37283200.0,AAPL,,,,,,,,,,,,,,,,,,,,,,,,,
2023-07-26,191.64569091796875,192.76896069007793,190.48301476563847,190.82786945588313,47471900.0,AAPL,,,,,,,,,,,,,,,,,,,,,,,,,
2023-07-27,190.3844757080078,194.30606454519102,189.72430983845956,193.14338839624878,47460200.0,AAPL,,,,,,,,,,,,,,,,,,,,,,,,,
2023-07-28,192.95616149902344,193.74442436278966,191.29096014596897,191.8131810983056,48291400.0,AAPL,,,,,,,,,,,,,,,,,,,,,,,,,
2023-07-31,193.56707763671875,193.60649905306556,192.39453857567588,193.1828015190956,38824100.0,AAPL,,,,,,,,,,,,,,,,,,,,,,,,,
2023-08-01,192.7394256591797,193.8429848583732,192.4142666019459,193.36018522615927,35175100.0,AAPL,,,,,,,,,,,,,,,,,,,,,,,,,
2023-08-02,189.75387573242188,192.31571151477112,189.03459274742033,192.17776662675897,50389300.0,AAPL,,,,,,,,,,,,,,,,,,,,,,,,,
2023-08-03,188.36453247070312,189.54691917513858,187.89158079590146,188.7586713954234,61235200.0,AAPL,,,,,,,,,,,,,,,,,,,,,,,,,
2023-08-04,179.31927490234375,184.6301752435833,179.25029494609427,182.79747042079737,115956800.0,AAPL,,,,,,,,,,,,,,,,,,,,,,,,,
2023-08-07,176.22537231445312,180.4425618735659,174.7473848978987,179.45723692919626,97576100.0,AAPL,,,,,,,,,,,,,,,,,,,,,,,,,
2023-08-08,177.16139221191406,177.62449604499406,174.97397007455905,177.05300588853657,67823000.0,AAPL,,,,,,,,,,,,,,,,,,,,,,,,,
2023-08-09,175.57501220703125,178.27479228591488,174.41232123291388,178.21567520898486,60378500.0,AAPL,,,,,,,,,,,,,,,,,,,,,,,,,
2023-08-10,175.35826110839844,178.09746293161143,174.99369573264087,176.8460961883882,54686900.0,AAPL,,,,,,,,,,,,,,,,,,,,,,,,,
2023-08-11,175.41744995117188,176.2363757071569,174.1940069392339,174.95373578240464,52036700.0,AAPL,,,,,,,,,,,,,,,,,,,,,,,,,
2023-08-14,177.06515502929688,177.29208151781367,174.943837241764,175.59503330985302,43675600.0,AAPL,,,,,,,,,,,,,,,,,,,,,,,,,
2023-08-15,175.08201599121094,177.0849254578291,174.68735981208974,176.49294118914725,43622600.0,AAPL,,,,,,,,,,,,,,,,,,,,,,,,,
2023-08-16,174.21376037597656,176.15745776554937,174.14468726786023,174.7662850202376,46964900.0,AAPL,,,,,,,,,,,,,,,,,,,,,,,,,
2023-08-17,171.67803955078125,175.1411945839284,171.1649745274817,174.7761369036864,66062900.0,AAPL,,,,,,,,,,,,,,,,,,,,,,,,,
2023-08-18,172.16148376464844,172.76334408254257,169.6652471318657,170.00070631097662,61172200.0,AAPL,,,,,,,,,,,,,,,,,,,,,,,,,
2023-08-21,173.4934844970703,173.77962299820936,171.42151715942626,172.7337706675176,46311900.0,AAPL,,,,,,,,,,,,,,,,,,,,,,,,,
2023-08-22,174.8649444580078,175.30893640777694,173.89802631437342,174.69721483499137,42038900.0,AAPL,,,,,,,,,,,,,,,,,,,,,,,,,
2023-08-23,178.70303344726562,179.1273031269572,175.95027131734813,176.13773826499084,52722800.0,AAPL,,,,,,,,,,,,,,,,,,,,,,,,,
2023-08-24,174.02627563476562,178.68329009610582,173.6612029173666,178.25902046647073,54945800.0,AAPL,,,,,,,,,,,,,,,,,,,,,,,,,
2023-08-25,176.2265167236328,176.7593040006282,173.4737548580186,175.0129348306344,51449600.0,AAPL,,,,,,,,,,,,,,,,,,,,,,,,,
2023-08-28,177.7854461669922,178.1801023209798,176.1673318473753,177.68677460091166,43820700.0,AAPL,,,,,,,,,,,,,,,,,,,,,,,,,
2023-08-29,181.6629638671875,182.4325537749521,177.1046213280948,177.30194937146643,53003900.0,AAPL,,,,,,,,,,,,,,,,,,,,,,,,,
2023-08-30,185.14585876464844,185.34320186637345,182.27470331859433,182.47203136515444,60813900.0,AAPL,,,,,,,,,,,,,,,,,,,,,,,,,
2023-08-31,185.36294555664062,186.59626480914432,184.97815055206615,185.33334709899387,60794500.0,AAPL,,,,,,,,,,,,,,,,,,,,,,,,,
2023-09-01,186.9317626953125,187.3856158066575,185.7675013452281,186.96136115669725,45766500.0,AAPL,,,,,,,,,,,,,,,,,,,,,,,,,
2023-09-05,187.1685333251953,187.44479564304942,185.1064270757959,185.7674844117445,45280000.0,AAPL,,,,,,,,,,,,,,,,,,,,,,,,,
2023-09-06,180.4691619873047,186.32989809435446,179.04837565163587,185.88589107308178,81755800.0,AAPL,,,,,,,,,,,,,,,,,,,,,,,,,
2023-09-07,175.19052124023438,175.83185624974686,171.22416252451072,172.84227669356144,112488800.0,AAPL,,,,,,,,,,,,,,,,,,,,,,,,,
2023-09-08,175.80223083496094,177.83475336123297,175.4174358773743,175.96997548136457,65551300.0,AAPL,,,,,,,,,,,,,,,,,,,,,,,,,
2023-09-11,176.9665069580078,177.89396541040293,174.97345890425444,177.6670388917848,58953100.0,AAPL,,,,,,,,,,,,,,,,,,,,,,,,,
2023-09-12,173.94737243652344,177.726264911888,172.48712647188145,177.0948059767589,90370200.0,AAPL,,,,,,,,,,,,,,,,,,,,,,,,,
2023-09-13,171.88522338867188,174.93398459835862,171.6582818339781,174.15451849429098,84267900.0,AAPL,,,,,,,,,,,,,,,,,,,,,,,,,
2023-09-14,173.3948211669922,173.75001770449512,171.26364194197464,171.67803539320033,60895800.0,AAPL,,,,,,,,,,,,,,,,,,,,,,,,,
2023-09-15,172.674560546875,174.14468255030425,171.5004532372104,174.12494522635322,109259500.0,AAPL,,,,,,,,,,,,,,,,,,,,,,,,,
2023-09-18,175.59506225585938,176.98624997924455,173.8190795297471,174.12494029407293,67257600.0,AAPL,,,,,,,,,,,,,,,,,,,,,,,,,
2023-09-19,176.6803741455078,177.23289871202428,174.7662604292434,175.1510553991506,51826900.0,AAPL,,,,,,,,,,,,,,,,,,,,,,,,,
2023-09-20,173.14817810058594,177.3019893003594,173.05936766417838,176.86785847407558,58436200.0,AAPL,,,,,,,,,,,,,,,,,,,,,,,,,
2023-09-21,171.6089630126953,173.94734650075085,171.53990496478352,172.22069958579337,63149100.0,AAPL,,,,,,,,,,,,,,,,,,,,,,,,,
2023-09-22,172.45745849609375,174.71690737052137,171.72734327191537,172.33906468788402,56725400.0,AAPL,,,,,,,,,,,,,,,,,,,,,,,,,
2023-09-25,173.7302703857422,174.6083930174941,171.82601779128095,171.87535356826675,46172700.0,AAPL,,,,,,,,,,,,,,,,,,,,,,,,,
2023-09-26,169.66526794433594,172.8620217812148,169.3692683155077,172.4871029695211,64588900.0,AAPL,,,,,,,,,,,,,,,,,,,,,,,,,
2023-09-27,168.1556854248047,170.7308568174817,166.79411110643792,170.31646332448594,66921800.0,AAPL,,,,,,,,,,,,,,,,,,,,,,,,,
2023-09-28,168.41220092773438,169.73431545858824,165.38316183381656,167.0802102082604,56294400.0,AAPL,,,,,,,,,,,,,,,,,,,,,,,,,
2023-09-29,168.92527770996094,170.76045735672912,168.06687727418498,169.7244661753788,51861100.0,AAPL,,,,,,,,,,,,,,,,,,,,,,,,,
2023-10-02,171.43136596679688,171.9740294168616,168.6489906711008,168.93512915166482,52164500.0,AAPL,,,,,,,,,,,,,,,,,,,,,,,,,
2023-10-03,170.09939575195312,171.31299281082715,168.54049336939298,169.96126458937815,49594600.0,AAPL,,,,,,,,,,,,,,,,,,,,,,,,,
2023-10-04,171.3425750732422,171.88523853747708,168.68846972057472,168.80686354725646,53020300.0,AAPL,,,,,,,,,,,,,,,,,,,,,,,,,
2023-10-05,172.5758819580078,173.10866919518492,170.3756298015613,171.47081778563683,48527900.0,AAPL,,,,,,,,,,,,,,,,,,,,,,,,,
2023-10-06,175.12147521972656,175.61480292776608,170.8689777300858,171.48071432556827,57266700.0,AAPL,,,,,,,,,,,,,,,,,,,,,,,,,
2023-10-09,176.60145568847656,176.66065260372454,173.45402254968238,174.45053908507856,42390800.0,AAPL,,,,,,,,,,,,,,,,,,,,,,,,,
2023-10-10,176.00942993164062,177.32168322438636,175.57529921161475,175.72330653262233,43698000.0,AAPL,,,,,,,,,,,,,,,,,,,,,,,,,
2023-10-11,177.400634765625,177.4499705441094,175.22999600880442,175.82198018511957,47551100.0,AAPL,,,,,,,,,,,,,,,,,,,,,,,,,
2023-10-12,178.2985076904297,179.90674578858014,176.6507798893927,177.6670488234186,56743100.0,AAPL,,,,,,,,,,,,,,,,,,,,,,,,,
2023-10-13,176.46334838867188,179.5022341867499,175.76281633481818,178.99904528395493,51427100.0,AAPL,,,,,,,,,,,,,,,,,,,,,,,,,
2023-10-16,176.33505249023438,176.69024903281087,174.15453745424634,174.39134016768617,52517000.0,AAPL,,,,,,,,,,,,,,,,,,,,,,,,,
2023-10-17,174.78598022460938,176.03903666999224,172.46734930467605,174.29265257502803,57549400.0,AAPL,,,,,,,,,,,,,,,,,,,,,,,,,
2023-10-18,173.4934844970703,175.21027033840411,172.77323025982977,173.23695950912395,54764400.0,AAPL,,,,,,,,,,,,,,,,,,,,,,,,,
2023-10-19,173.1185760498047,175.466805839834,172.85217485644313,173.69082297603654,59302900.0,AAPL,,,,,,,,,,,,,,,,,,,,,,,,,
2023-10-20,170.57298278808594,173.07908076842247,170.33618008275127,172.97054807703984,64244000.0,AAPL,,,,,,,,,,,,,,,,,,,,,,,,,
2023-10-23,170.69139099121094,171.68790756499885,167.6623515662161,168.62928473640696,55980100.0,AAPL,,,,,,,,,,,,,,,,,,,,,,,,,
2023-10-24,171.12550354003906,171.35243005141567,169.1620540054936,170.74070856198063,43816600.0,AAPL,,,,,,,,,,,,,,,,,,,,,,,,,
2023-10-25,168.8167266845703,170.75056262830392,168.37271975850888,169.5863166088348,57157000.0,AAPL,,,,,,,,,,,,,,,,,,,,,,,,,
2023-10-26,164.6629180908203,169.0930062294273,163.459197305812,168.0964746462511,70625300.0,AAPL,,,,,,,,,,,,,,,,,,,,,,,,,
2023-10-27,165.97515869140625,166.70528904611524,164.60370840247674,164.68264263448572,58499100.0,AAPL,,,,,,,,,,,,,,,,,,,,,,,,,
2023-10-30,168.0175323486328,168.8857938712959,166.61648356307745,166.76449089816728,51131000.0,AAPL,,,,,,,,,,,,,,,,,,,,,,,,,
2023-10-31,168.4911651611328,168.61942013954004,165.65945361827133,167.09011614768582,44846000.0,AAPL,,,,,,,,,,,,,,,,,,,,,,,,,
2023-11-01,171.64842224121094,171.9049471971035,167.84979334743332,168.71805482147735,56934900.0,AAPL,,,,,,,,,,,,,,,,,,,,,,,,,
2023-11-02,175.2003936767578,175.40758286457637,173.11855033416663,173.17774724497193,77334800.0,AAPL,,,,,,,,,,,,,,,,,,,,,,,,,
2023-11-03,174.29269409179688,174.46043878115682,171.03674287311975,171.91486569633807,79829200.0,AAPL,,,,,,,,,,,,,,,,,,,,,,,,,
2023-11-06,176.83824157714844,177.0355696443862,173.85855313497558,174.02628274488598,63841300.0,AAPL,,,,,,,,,,,,,,,,,,,,,,,,,
2023-11-07,179.39369201660156,180.00541354681909,176.58171810512866,176.7889073081916,70530000.0,AAPL,,,,,,,,,,,,,,,,,,,,,,,,,
2023-11-08,180.44940185546875,181.00192645947115,179.16674685036813,179.91661457451394,49340300.0,AAPL,,,,,,,,,,,,,,,,,,,,,,,,,
2023-11-09,179.97581481933594,181.6629871195562,179.3838155582821,180.51847829944086,53763500.0,AAPL,,,,,,,,,,,,,,,,,,,,,,,,,
2023-11-10,184.1548309326172,184.32279657138264,181.31940452226758,181.75410719319203,66133400.0,AAPL,,,,,,,,,,,,,,,,,,,,,,,,,
2023-11-13,182.57412719726562,183.78930789371245,181.99123723697815,183.58184574005094,43627500.0,AAPL,,,,,,,,,,,,,,,,,,,,,,,,,
2023-11-14,185.18235778808594,185.84428607992842,184.05608926427885,185.43922075842696,60108400.0,AAPL,,,,,,,,,,,,,,,,,,,,,,,,,
2023-11-15,185.7454376220703,187.21749618530262,185.51821216432265,185.5873762590713,53790500.0,AAPL,,,,,,,,,,,,,,,,,,,,,,,,,
2023-11-16,187.42498779296875,188.6599317940755,186.37774261703024,187.2866746678448,54412900.0,AAPL,,,,,,,,,,,,,,,,,,,,,,,,,
2023-11-17,187.4052276611328,188.08691917335904,186.29872264128753,187.95848017105547,50922700.0,AAPL,,,,,,,,,,,,,,,,,,,,,,,,,
2023-11-20,189.14402770996094,189.598493753426,187.59294582194016,187.60281994734135,46505100.0,AAPL,,,,,,,,,,,,,,,,,,,,,,,,,
2023-11-21,188.3437957763672,189.21320125507725,187.45464204586924,189.10452557023848,38134500.0,AAPL,,,,,,,,,,,,,,,,,,,,,,,,,
2023-11-22,189.00570678710938,190.60618938615343,188.53149251239262,189.18354656200316,39617700.0,AAPL,,,,,,,,,,,,,,,,,,,,,,,,,
2023-11-24,187.68185424804688,188.60064536615056,186.970525284031,188.57100791556658,24048300.0,AAPL,,,,,,,,,,,,,,,,,,,,,,,,,
2023-11-27,187.5040283203125,188.37343380166539,186.6247487130357,187.63246733233092,40552600.0,AAPL,,,,,,,,,,,,,,,,,,,,,,,,,
2023-11-28,188.106689453125,188.77850691885152,187.11873411970524,187.4941619704054,38415400.0,AAPL,,,,,,,,,,,,,,,,,,,,,,,,,
2023-11-29,187.08909606933594,189.77633577367203,186.6939199672285,188.60066651864972,43014200.0,AAPL,,,,,,,,,,,,,,,,,,,,,,,,,
2023-11-30,187.66207885742188,188.02763251612237,185.92328320995222,187.55340318726755,48794400.0,AAPL,,,,,,,,,,,,,,,,,,,,,,,,,
2023-12-01,188.9365692138672,189.25270705783993,186.95076949469112,188.0375263099119,45704800.0,AAPL,,,,,,,,,,,,,,,,,,,,,,,,,
2023-12-04,187.14830017089844,187.76084249491643,185.19215357805768,187.6916784119643,43389500.0,AAPL,,,,,,,,,,,,,,,,,,,,,,,,,
2023-12-05,191.09030151367188,192.05849343193452,187.8893210956394,187.91897362196437,66628400.0,AAPL,,,,,,,,,,,,,,,,,,,,,,,,,
2023-12-06,190.00355529785156,192.4141533735728,189.79607806848605,192.10788966712872,41089700.0,AAPL,,,,,,,,,,,,,,,,,,,,,,,,,
2023-12-07,191.93008422851562,192.65128739108172,191.25826677194576,191.29779342674496,47477700.0,AAPL,,,,,,,,,,,,,,,,,,,,,,,,,
2023-12-08,193.35272216796875,193.62934842275146,191.33728508312288,191.86090014217592,53406400.0,AAPL,,,,,,,,,,,,,,,,,,,,,,,,,
2023-12-11,190.8531951904297,191.15947399253523,189.11439931154695,190.78404615931,60943700.0,AAPL,,,,,,,,,,,,,,,,,,,,,,,,,
2023-12-12,192.3647918701172,192.37466599656702,189.41079996137955,190.75441983366463,52696900.0,AAPL,,,,,,,,,,,,,,,,,,,,,,,,,
2023-12-13,195.5756378173828,195.6151493963814,192.50309623143957,192.74019585543422,70404200.0,AAPL,,,,,,,,,,,,,,,,,,,,,,,,,
2023-12-14,195.72381591796875,197.21562292408947,193.79730618821,195.63490356313392,66831600.0,AAPL,,,,,,,,,,,,,,,,,,,,,,,,,
2023-12-15,195.19032287597656,196.01031245444227,194.62718115642724,195.1507962246044,128538400.0,AAPL,,,,,,,,,,,,,,,,,,,,,,,,,
2023-12-18,193.53057861328125,194.26167102083278,192.0486455445977,193.72816667410518,55751900.0,AAPL,,,,,,,,,,,,,,,,,,,,,,,,,
2023-12-19,194.5679168701172,194.5777909959987,193.53056080250687,193.79731295132126,40714100.0,AAPL,,,,,,,,,,,,,,,,,,,,,,,,,
2023-12-20,192.4833221435547,195.2989855460905,192.4833221435547,194.5283816611859,52242800.0,AAPL,,,,,,,,,,,,,,,,,,,,,,,,,
2023-12-21,192.33511352539062,194.70621508029078,191.16933361068988,193.73802319308166,46482500.0,AAPL,,,,,,,,,,,,,,,,,,,,,,,,,
2023-12-22,191.26812744140625,193.05632389177538,190.64571085868127,192.82908334808235,37149600.0,AAPL,,,,,,,,,,,,,,,,,,,,,,,,,
2023-12-26,190.72474670410156,191.55462542072405,190.50739536284337,191.2779991818499,28919300.0,AAPL,,,,,,,,,,,,,,,,,,,,,,,,,
2023-12-27,190.8235321044922,191.16932243864449,188.78834689776542,190.17149315937536,48087700.0,AAPL,,,,,,,,,,,,,,,,,,,,,,,,,
2023-12-28,191.2483673095703,192.3153607227681,190.8433020640508,191.80161980345068,34049900.0,AAPL,,,,,,,,,,,,,,,,,,,,,,,,,
2023-12-29,190.2110595703125,192.05853141826742,189.42069220367281,191.56455369849306,42672100.0,AAPL,,,,,,,,,,,,,,,,,,,,,,,,,
2024-01-02,183.4040069580078,186.17028459685415,181.6750853181039,184.89581391743906,82488700.0,AAPL,,,,,,,,,,,,,,,,,,,,,,,,,
2024-01-03,182.03076171875,183.6411336613478,181.22063114701328,182.00112426612563,58414500.0,AAPL,,,,,,,,,,,,,,,,,,,,,,,,,
2024-01-04,179.7189483642578,180.88472835710988,178.70135563320858,179.95604798314233,71983600.0,AAPL,,,,,,,,,,,,,,,,,,,,,,,,,
2024-01-05,178.99771118164062,180.5586821654936,177.99988188294327,179.79796753554595,62379700.0,AAPL,,,,,,,,,,,,,,,,,,,,,,,,,
2024-01-08,183.32498168945312,183.36450834315934,179.313885613353,179.89677561800764,59144500.0,AAPL,,,,,,,,,,,,,,,,,,,,,,,,,
2024-01-09,182.9100341796875,182.9199083051763,180.52905841182087,181.7047275700206,42841800.0,AAPL,,,,,,,,,,,,,,,,,,,,,,,,,
2024-01-10,183.94737243652344,184.15483457675245,181.70471001714742,182.129538572139,46792900.0,AAPL,,,,,,,,,,,,,,,,,,,,,,,,,
2024-01-11,183.3546142578125,184.7970355796361,181.4083411771675,184.29316874581366,49128400.0,AAPL,,,,,,,,,,,,,,,,,,,,,,,,,
2024-01-12,183.68063354492188,184.49076406507768,182.95943045197853,183.81894667336306,40477800.0,AAPL,,,,,,,,,,,,,,,,,,,,,,,,,
2024-01-16,181.418212890625,182.04061439740983,178.75072186869164,179.9659175831278,65603000.0,AAPL,,,,,,,,,,,,,,,,,,,,,,,,,
2024-01-17,180.4796600341797,180.72664884969066,178.12833676151584,179.08665457169852,47317400.0,AAPL,,,,,,,,,,,,,,,,,,,,,,,,,
2024-01-18,186.35800170898438,186.86185345428623,183.59172402252184,183.8485869578717,78005800.0,AAPL,,,,,,,,,,,,,,,,,,,,,,,,,
2024-01-19,189.252685546875,189.6379874512041,186.54569809210085,187.04954979006996,68903000.0,AAPL,,,,,,,,,,,,,,,,,,,,,,,,,
2024-01-22,191.55465698242188,192.97731505960866,189.94428498185601,189.9838116367789,60133900.0,AAPL,,,,,,,,,,,,,,,,,,,,,,,,,
2024-01-23,192.82908630371094,193.39222799671276,191.49535584528522,192.67102493067515,42355600.0,AAPL,,,,,,,,,,,,,,,,,,,,,,,,,
2024-01-24,192.1573028564453,194.01466361551059,191.99922639290756,193.06621990928542,53631300.0,AAPL,,,,,,,,,,,,,,,,,,,,,,,,,
2024-01-25,191.83128356933594,193.90599578100486,190.78405333725613,192.86863967517039,54822100.0,AAPL,,,,,,,,,,,,,,,,,,,,,,,,,
2024-01-26,190.10235595703125,192.41416772814074,189.6281416366758,191.93007928184088,44594000.0,AAPL,,,,,,,,,,,,,,,,,,,,,,,,,
2024-01-29,189.42066955566406,189.8850097627336,187.29657164460275,189.6972958396627,47145600.0,AAPL,,,,,,,,,,,,,,,,,,,,,,,,,
2024-01-30,185.77513122558594,189.48985326642097,185.21200447312103,188.6402109991027,55859400.0,AAPL,,,,,,,,,,,,,,,,,,,,,,,,,
2024-01-31,182.178955078125,184.84644650359252,182.12956937209933,184.78715652135838,55467800.0,AAPL,,,,,,,,,,,,,,,,,,,,,,,,,
2024-02-01,184.6092987060547,184.69821105096443,181.60592170299904,181.77387226838383,64885400.0,AAPL,,,,,,,,,,,,,,,,,,,,,,,,,
2024-02-02,183.61146545410156,185.0736348136651,177.09095561888776,177.69360884630905,102551700.0,AAPL,,,,,,,,,,,,,,,,,,,,,,,,,
2024-02-05,185.41944885253906,186.97054595458332,183.6016146657499,185.8837890630235,69668800.0,AAPL,,,,,,,,,,,,,,,,,,,,,,,,,
2024-02-06,187.01995849609375,187.02983262300086,184.52043256333454,184.6093449305071,43490800.0,AAPL,,,,,,,,,,,,,,,,,,,,,,,,,
2024-02-07,187.1286163330078,188.74886241631054,186.33824908078662,188.3437971267345,53439000.0,AAPL,,,,,,,,,,,,,,,,,,,,,,,,,
2024-02-08,186.0517578125,187.25704946443747,185.0934399218184,187.1088621926835,40962000.0,AAPL,,,,,,,,,,,,,,,,,,,,,,,,,
2024-02-09,186.81344604492188,187.9411516715375,185.97260641439556,186.61559077121817,45155200.0,AAPL,,,,,,,,,,,,,,,,,,,,,,,,,
2024-02-12,185.13174438476562,186.63535673641036,184.77562606711913,186.3880527684402,41781900.0,AAPL,,,,,,,,,,,,,,,,,,,,,,,,,
2024-02-13,183.0445098876953,184.2019058140478,181.53101071537256,183.76664838776776,56529500.0,AAPL,,,,,,,,,,,,,,,,,,,,,,,,,
2024-02-14,182.1641082763672,183.5292310959524,180.472557481369,183.3215042025078,54630500.0,AAPL,,,,,,,,,,,,,,,,,,,,,,,,,
2024-02-15,181.87722778320312,182.50043860227981,179.3943014199978,181.57057328309747,65434500.0,AAPL,,,,,,,,,,,,,,,,,,,,,,,,,
2024-02-16,180.34396362304688,182.8565806751117,179.71086599707365,181.44199396902647,49752500.0,AAPL,,,,,,,,,,,,,,,,,,,,,,,,,
2024-02-20,179.60203552246094,180.46264852115328,178.0588611409836,179.82955095197704,53665600.0,AAPL,,,,,,,,,,,,,,,,,,,,,,,,,
2024-02-21,180.35386657714844,180.91771184255438,178.71176441081158,179.97795967071906,41371400.0,AAPL,,,,,,,,,,,,,,,,,,,,,,,,,
2024-02-22,182.3817138671875,182.9653626660908,180.4923231436991,181.50131240098546,52292200.0,AAPL,,,,,,,,,,,,,,,,,,,,,,,,,
2024-02-23,180.55169677734375,183.04451006700117,180.2648157032703,183.0148347964746,45119700.0,AAPL,,,,,,,,,,,,,,,,,,,,,,,,,
2024-02-26,179.20635986328125,180.78909628027105,178.7018500832812,180.27471486922383,40867400.0,AAPL,,,,,,,,,,,,,,,,,,,,,,,,,
2024-02-27,180.66049194335938,181.9365737231629,177.62359209867634,179.14699293032547,54318900.0,AAPL,,,,,,,,,,,,,,,,,,,,,,,,,
2024-02-28,179.46356201171875,181.145226165725,178.18748003378263,180.54180381169616,48953900.0,AAPL,,,,,,,,,,,,,,,,,,,,,,,,,
2024-02-29,178.80075073242188,180.6011306821249,177.59390628342499,179.31514716008485,136682600.0,AAPL,,,,,,,,,,,,,,,,,,,,,,,,,
2024-03-01,177.7225341796875,178.5831471920378,175.46712311031385,177.6137198257161,73563100.0,AAPL,,,,,,,,,,,,,,,,,,,,,,,,,
2024-03-04,173.21173095703125,174.99230771576262,171.91584529303745,174.25039570154502,81510100.0,AAPL,,,,,,,,,,,,,,,,,,,,,,,,,
2024-03-05,168.285400390625,170.1846930657021,167.7907924514621,168.91849794898403,95132400.0,AAPL,,,,,,,,,,,,,,,,,,,,,,,,,
2024-03-06,167.29620361328125,169.39335177885377,166.8609461620447,169.2152850514215,68587700.0,AAPL,,,,,,,,,,,,,,,,,,,,,,,,,
2024-03-07,167.177490234375,168.88882954707424,166.67299554984157,167.32586658446218,71765100.0,AAPL,,,,,,,,,,,,,,,,,,,,,,,,,
2024-03-08,168.88882446289062,171.82679686006907,167.11813466346086,167.1774852017091,76267000.0,AAPL,,,,,,,,,,,,,,,,,,,,,,,,,
2024-03-11,170.88705444335938,172.49948126334272,170.1946063009313,171.07500788792643,60139500.0,AAPL,,,,,,,,,,,,,,,,,,,,,,,,,
2024-03-12,171.3618621826172,172.15323790323208,169.16580172767317,171.28272310113206,59825400.0,AAPL,,,,,,,,,,,,,,,,,,,,,,,,,
2024-03-13,169.28451538085938,171.32229764254458,168.91849524765144,170.90682879160028,52488700.0,AAPL,,,,,,,,,,,,,,,,,,,,,,,,,
2024-03-14,171.1343536376953,172.43022407386235,170.19460153541087,171.04532782778392,72913500.0,AAPL,,,,,,,,,,,,,,,,,,,,,,,,,
2024-03-15,170.75843811035156,170.75843811035156,168.4535633292171,169.32407812222547,121752700.0,AAPL,,,,,,,,,,,,,,,,,,,,,,,,,
2024-03-18,171.8466033935547,175.79358063684148,171.6487632139381,173.67665901704393,75604200.0,AAPL,,,,,,,,,,,,,,,,,,,,,,,,,
2024-03-19,174.18113708496094,174.70542030322298,171.16402557801365,172.45989598897214,55215200.0,AAPL,,,,,,,,,,,,,,,,,,,,,,,,,
2024-03-20,176.74319458007812,176.74319458007812,173.20180001631465,173.82501083363408,53423100.0,AAPL,,,,,,,,,,,,,,,,,,,,,,,,,
2024-03-21,169.5219268798828,175.57593855649498,168.99764365136926,175.14068113790177,106181300.0,AAPL,,,,,,,,,,,,,,,,,,,,,,,,,
2024-03-22,170.42210388183594,171.18380430580046,168.22604350725265,169.90770741812418,71160100.0,AAPL,,,,,,,,,,,,,,,,,,,,,,,,,
2024-03-25,169.00755310058594,170.085794876263,167.6226416976105,168.73057383883838,54288300.0,AAPL,,,,,,,,,,,,,,,,,,,,,,,,,
2024-03-26,167.8798370361328,169.57138777241732,167.7512341389727,168.16670300567833,57388400.0,AAPL,,,,,,,,,,,,,,,,,,,,,,,,,
2024-03-27,171.44097900390625,171.72786002382026,168.2754916266955,168.5722593701728,60273300.0,AAPL,,,,,,,,,,,,,,,,,,,,,,,,,
2024-03-28,169.63075256347656,170.37266455083602,168.67121185228598,169.8978451053126,65672700.0,AAPL,,,,,,,,,,,,,,,,,,,,,,,,,
2024-04-01,168.19638061523438,169.40322523760474,167.65230884379906,169.3438746978549,46240500.0,AAPL,,,,,,,,,,,,,,,,,,,,,,,,,
2024-04-02,167.0192108154297,167.51381877100314,166.41578850586058,167.25662806803024,49329500.0,AAPL,,,,,,,,,,,,,,,,,,,,,,,,,
2024-04-03,167.82046508789062,168.83935621904524,166.76201196368757,166.96973884210524,47691700.0,AAPL,,,,,,,,,,,,,,,,,,,,,,,,,
2024-04-04,166.9994354248047,170.06599565718972,166.9994354248047,168.4535689105981,53704400.0,AAPL,,,,,,,,,,,,,,,,,,,,,,,,,
2024-04-05,167.75123596191406,168.5524984345705,167.12802510796487,167.7611226870966,42104800.0,AAPL,,,,,,,,,,,,,,,,,,,,,,,,,
2024-04-08,166.6334228515625,167.37533481002382,166.4256959559663,167.20716991074772,37425500.0,AAPL,,,,,,,,,,,,,,,,,,,,,,,,,
2024-04-09,167.84027099609375,168.24585316442327,166.53451377109624,166.88073030235694,42373800.0,AAPL,,,,,,,,,,,,,,,,,,,,,,,,,
2024-04-10,165.97067260742188,167.26654325646084,165.30789964547978,166.97967723487736,49709300.0,AAPL,,,,,,,,,,,,,,,,,,,,,,,,,
2024-04-11,173.15232849121094,173.56781241373886,166.34653399230652,166.52458559261675,91070300.0,AAPL,,,,,,,,,,,,,,,,,,,,,,,,,
2024-04-12,174.6460723876953,176.43655077441642,172.33131077483722,172.38075949507746,101670900.0,AAPL,,,,,,,,,,,,,,,,,,,,,,,,,
2024-04-15,170.82766723632812,174.72517963690404,170.63971383210225,173.46887143042125,73531800.0,AAPL,,,,,,,,,,,,,,,,,,,,,,,,,
2024-04-16,167.55337524414062,171.88613013777277,166.45534511410173,169.89781183493915,73711200.0,AAPL,,,,,,,,,,,,,,,,,,,,,,,,,
2024-04-17,166.1882781982422,168.80969440593617,166.1882781982422,167.78091646807817,50901200.0,AAPL,,,,,,,,,,,,,,,,,,,,,,,,,
2024-04-18,165.2386474609375,166.82139922758353,164.75394124175978,166.21797681465168,43122900.0,AAPL,,,,,,,,,,,,,,,,,,,,,,,,,
2024-04-19,163.2206268310547,164.60552308162337,162.31054999578998,164.41758473594675,68149400.0,AAPL,,,,,,,,,,,,,,,,,,,,,,,,,
2024-04-22,164.05154418945312,165.45622881020677,162.9930911354229,163.7350029833429,48116400.0,AAPL,,,,,,,,,,,,,,,,,,,,,,,,,
2024-04-23,165.10012817382812,165.24851961582092,163.14148491226467,163.56685559955991,49537800.0,AAPL,,,,,,,,,,,,,,,,,,,,,,,,,
2024-04-24,167.197265625,167.4742448528629,164.41757152765254,164.7439994721628,48251800.0,AAPL,,,,,,,,,,,,,,,,,,,,,,,,,
2024-04-25,168.05789184570312,168.77012851479734,166.33665071301928,167.70177351115603,50558300.0,AAPL,,,,,,,,,,,,,,,,,,,,,,,,,
2024-04-26,167.4742431640625,169.49223681731962,167.35552700029277,168.04799015720317,44838400.0,AAPL,,,,,,,,,,,,,,,,,,,,,,,,,
2024-04-29,171.6289520263672,174.1316669492416,171.2332717193323,171.50034913417457,68169400.0,AAPL,,,,,,,,,,,,,,,,,,,,,,,,,
2024-04-30,168.49313354492188,173.10288291918897,168.16669051085722,171.46078102452523,65934800.0,AAPL,,,,,,,,,,,,,,,,,,,,,,,,,
2024-05-01,167.4742431640625,170.84747276952126,167.28628974114312,167.75122238913238,50383100.0,AAPL,,,,,,,,,,,,,,,,,,,,,,,,,
2024-05-02,171.1640167236328,171.5498103000238,169.04709541575278,170.64962025703286,94214900.0,AAPL,,,,,,,,,,,,,,,,,,,,,,,,,
2024-05-03,181.40240478515625,184.98336128032037,180.69016817589636,184.63712970012278,163224100.0,AAPL,,,,,,,,,,,,,,,,,,,,,,,,,
2024-05-06,179.75045776367188,182.21359610453806,178.47436058739535,180.38355544132992,78569700.0,AAPL,,,,,,,,,,,,,,,,,,,,,,,,,
2024-05-07,180.43296813964844,182.9060078076493,179.36462828599997,181.47164781905605,77305800.0,AAPL,,,,,,,,,,,,,,,,,,,,,,,,,
2024-05-08,180.76931762695312,181.09576068278213,179.4932206728727,180.87813197889614,45057100.0,AAPL,,,,,,,,,,,,,,,,,,,,,,,,,
2024-05-09,182.57957458496094,182.6686003878229,180.14609698041687,180.59124108896245,48983000.0,AAPL,,,,,,,,,,,,,,,,,,,,,,,,,
2024-05-10,181.3215789794922,183.34230991411323,180.4102677646858,183.15410154420678,50759500.0,AAPL,,,,,,,,,,,,,,,,,,,,,,,,,
2024-05-13,184.52108764648438,185.33335221774516,182.8767582325011,183.68902280376187,72044800.0,AAPL,,,,,,,,,,,,,,,,,,,,,,,,,
2024-05-14,185.66021728515625,186.52201273815805,184.53098214319476,185.7394637127145,52393600.0,AAPL,,,,,,,,,,,,,,,,,,,,,,,,,
2024-05-15,187.9285888671875,188.849800179078,185.6007724639543,186.13568203158255,70400000.0,AAPL,,,,,,,,,,,,,,,,,,,,,,,,,
2024-05-16,188.04747009277344,189.29558246787192,187.86917696187996,188.6715262803227,52845200.0,AAPL,,,,,,,,,,,,,,,,,,,,,,,,,
2024-05-17,188.07716369628906,189.0082902438942,187.3936765447615,187.72056236134898,41282900.0,AAPL,,,,,,,,,,,,,,,,,,,,,,,,,
2024-05-20,189.23611450195312,190.10781001398533,187.22528381236822,187.54226949481966,44361300.0,AAPL,,,,,,,,,,,,,,,,,,,,,,,,,
2024-05-21,190.5337677001953,190.91016932460286,189.11726241831752,189.28565540299905,42309400.0,AAPL,,,,,,,,,,,,,,,,,,,,,,,,,
2024-05-22,189.09744262695312,190.99932654838926,188.47340160760692,190.45451683728567,34648500.0,AAPL,,,,,,,,,,,,,,,,,,,,,,,,,
2024-05-23,185.11546325683594,189.19655692553698,184.8678237844203,189.17674153562385,51005900.0,AAPL,,,,,,,,,,,,,,,,,,,,,,,,,
2024-05-24,188.18612670898438,188.7804673088457,186.26444256610336,187.0370913918068,36327000.0,AAPL,,,,,,,,,,,,,,,,,,,,,,,,,
2024-05-28,188.19606018066406,191.17763337385156,187.31446444482384,189.70169698060212,52280100.0,AAPL,,,,,,,,,,,,,,,,,,,,,,,,,
2024-05-29,188.4932098388672,190.43470949642946,187.72057607583483,187.81963788738682,53068000.0,AAPL,,,,,,,,,,,,,,,,,,,,,,,,,
2024-05-30,189.48374938964844,190.365345015264,188.82999288588945,188.95875509095092,49889100.0,AAPL,,,,,,,,,,,,,,,,,,,,,,,,,
2024-05-31,190.43470764160156,190.7516933437122,188.11680637508078,189.63235836586054,75158300.0,AAPL,,,,,,,,,,,,,,,,,,,,,,,,,
2024-06-03,192.19789123535156,193.14883318833753,190.7021546904014,191.07855630297723,50080500.0,AAPL,,,,,,,,,,,,,,,,,,,,,,,,,
2024-06-04,192.51487731933594,193.47571940906454,191.2073340206378,192.80213237542046,47471400.0,AAPL,,,,,,,,,,,,,,,,,,,,,,,,,
2024-06-05,194.0205078125,195.04078090785526,193.02995023528447,193.55494454203196,54156800.0,AAPL,,,,,,,,,,,,,,,,,,,,,,,,,
2024-06-06,192.6436767578125,194.6446077464091,192.3366062580933,193.84225834657178,41181800.0,AAPL,,,,,,,,,,,,,,,,,,,,,,,,,
2024-06-07,195.03089904785156,195.08042995429523,192.3068654552658,192.8120444256859,53103900.0,AAPL,,,,,,,,,,,,,,,,,,,,,,,,,
2024-06-10,191.29647827148438,195.4370168860641,190.3356361933404,195.04078477848907,97010200.0,AAPL,,,,,,,,,,,,,,,,,,,,,,,,,
2024-06-11,205.19400024414062,205.20391549352811,191.8016724106265,191.82147267998263,172373300.0,AAPL,,,,,,,,,,,,,,,,,,,,,,,,,
2024-06-12,211.05812072753906,218.1207863262847,204.94636687125956,205.41193016487838,198134300.0,AAPL,,,,,,,,,,,,,,,,,,,,,,,,,
2024-06-13,212.21705627441406,214.7033502990969,209.60198493072278,212.71233505249734,97862700.0,AAPL,,,,,,,,,,,,,,,,,,,,,,,,,
2024-06-14,210.4835968017578,213.13828400218216,209.3048308005582,211.83075578674166,70122700.0,AAPL,,,,,,,,,,,,,,,,,,,,,,,,,
2024-06-17,214.62413024902344,216.88260054537645,210.71143044440285,211.35528688913016,93728300.0,AAPL,,,,,,,,,,,,,,,,,,,,,,,,,
2024-06-18,212.26658630371094,216.5656178731208,210.98877362098574,215.5354294813442,79943300.0,AAPL,,,,,,,,,,,,,,,,,,,,,,,,,
2024-06-20,207.7001190185547,212.2170745602359,206.87796947703916,211.90998899500866,86172500.0,AAPL,,,,,,,,,,,,,,,,,,,,,,,,,
2024-06-21,205.5308074951172,209.88925500861833,205.1543907600995,208.40341856791886,241805100.0,AAPL,,,,,,,,,,,,,,,,,,,,,,,,,
2024-06-24,206.17466735839844,210.69160779538842,204.63929998769706,205.75863496180304,80727000.0,AAPL,,,,,,,,,,,,,,,,,,,,,,,,,
2024-06-25,207.0959014892578,209.3840873125504,206.64023830581658,207.1751328027417,55549700.0,AAPL,,,,,,,,,,,,,,,,,,,,,,,,,
2024-06-26,211.2364044189453,212.8312027309874,208.65104852463386,209.5029286499739,66213200.0,AAPL,,,,,,,,,,,,,,,,,,,,,,,,,
2024-06-27,212.07838439941406,213.70289822966825,210.3449086305272,212.6628097453943,49772700.0,AAPL,,,,,,,,,,,,,,,,,,,,,,,,,
2024-06-28,208.63125610351562,214.02980761283354,208.3142855019514,213.73263728250333,82542700.0,AAPL,,,,,,,,,,,,,,,,,,,,,,,,,
2024-07-01,214.70335388183594,215.45617219578955,209.91895899194967,210.08735196554287,60402900.0,AAPL,,,,,,,,,,,,,,,,,,,,,,,,,
2024-07-02,218.19015502929688,218.2991169839906,213.0689733881142,214.10904691098634,58046200.0,AAPL,,,,,,,,,,,,,,,,,,,,,,,,,
2024-07-03,219.45802307128906,219.45802307128906,216.96181387179615,217.92265588190668,37369800.0,AAPL,,,,,,,,,,,,,,,,,,,,,,,,,
2024-07-05,224.2028045654297,224.3117665065084,219.55708698216947,219.55708698216947,60412400.0,AAPL,,,,,,,,,,,,,,,,,,,,,,,,,
2024-07-08,225.66885375976562,225.69856928044194,221.14199799041046,224.9457357840812,59085900.0,AAPL,,,,,,,,,,,,,,,,,,,,,,,,,
2024-07-09,226.52069091796875,227.23389355571192,224.23250541967136,225.777772763212,48076100.0,AAPL,,,,,,,,,,,,,,,,,,,,,,,,,
2024-07-10,230.7801055908203,230.8791673967792,227.0853299721382,227.13486087511765,62627700.0,AAPL,,,,,,,,,,,,,,,,,,,,,,,,,
2024-07-11,225.4212188720703,230.19569903805672,223.63821202212716,229.2051413563895,64710600.0,AAPL,,,,,,,,,,,,,,,,,,,,,,,,,
2024-07-12,228.36314392089844,230.44332094014862,226.5207061684713,226.7584454352943,53046500.0,AAPL,,,,,,,,,,,,,,,,,,,,,,,,,
2024-07-15,232.1867218017578,234.99000194235262,230.88909361652622,234.2470836578572,62631300.0,AAPL,,,,,,,,,,,,,,,,,,,,,,,,,
2024-07-16,232.60275268554688,234.03905824310993,230.1362587163494,232.781045805997,43234300.0,AAPL,,,,,,,,,,,,,,,,,,,,,,,,,
2024-07-17,226.7188262939453,229.27446669281912,224.49997184852458,227.28343626123907,57345900.0,AAPL,,,,,,,,,,,,,,,,,,,,,,,,,
2024-07-18,222.063232421875,228.26413370193544,220.1712785785942,228.10564083206222,66034600.0,AAPL,,,,,,,,,,,,,,,,,,,,,,,,,
2024-07-19,222.19198608398438,224.65848009632384,221.1717129043359,222.6971801635164,49151500.0,AAPL,,,,,,,,,,,,,,,,,,,,,,,,,
2024-07-22,221.84530639648438,225.62922890399747,220.98351093014816,224.86649525231948,48201800.0,AAPL,,,,,,,,,,,,,,,,,,,,,,,,,
2024-07-23,222.88534545898438,224.7971293607533,220.57734458918785,222.25138924131514,39960300.0,AAPL,,,,,,,,,,,,,,,,,,,,,,,,,
2024-07-24,216.47645568847656,222.67735606492835,215.0797809310421,221.88490694575157,61777600.0,AAPL,,,,,,,,,,,,,,,,,,,,,,,,,
2024-07-25,215.43637084960938,218.7646448818125,212.59346035218633,216.86276105080302,51391200.0,AAPL,,,,,,,,,,,,,,,,,,,,,,,,,
2024-07-26,215.90196228027344,217.41751434744816,213.97036267942912,216.6349653026102,41601300.0,AAPL,,,,,,,,,,,,,,,,,,,,,,,,,
2024-07-29,216.1793212890625,217.2293100492215,213.71282713597697,214.91140862229943,36311800.0,AAPL,,,,,,,,,,,,,,,,,,,,,,,,,
2024-07-30,216.73402404785156,218.24957609355639,214.07932159795172,217.1203409396055,41643800.0,AAPL,,,,,,,,,,,,,,,,,,,,,,,,,
2024-07-31,219.9830322265625,221.70660788092644,218.5467267386139,219.34907597117163,50036300.0,AAPL,,,,,,,,,,,,,,,,,,,,,,,,,
2024-08-01,216.29818725585938,222.36039574716864,214.97084352071977,222.2514337919132,62501000.0,AAPL,,,,,,,,,,,,,,,,,,,,,,,,,
2024-08-02,217.78402709960938,223.469834014941,215.65433398710104,217.08072444799248,105568600.0,AAPL,,,,,,,,,,,,,,,,,,,,,,,,,
2024-08-05,207.2939910888672,211.484045462397,194.14928763761037,197.21010696314244,119548600.0,AAPL,,,,,,,,,,,,,,,,,,,,,,,,,
2024-08-06,205.27325439453125,208.00720313955475,199.17143085232243,203.36148541473497,69660500.0,AAPL,,,,,,,,,,,,,,,,,,,,,,,,,
2024-08-07,207.83880615234375,211.62272838414273,204.441185671316,204.9463646139573,63516400.0,AAPL,,,,,,,,,,,,,,,,,,,,,,,,,
2024-08-08,211.29580688476562,212.1774024091904,206.85811374836845,211.0976984180412,47161100.0,AAPL,,,,,,,,,,,,,,,,,,,,,,,,,
2024-08-09,214.1981964111328,214.7330909034816,209.96851092003678,210.09728825409005,42201600.0,AAPL,,,,,,,,,,,,,,,,,,,,,,,,,
2024-08-12,215.7254180908203,217.68898821235913,213.81143620679725,214.27753840147545,38028100.0,AAPL,,,,,,,,,,,,,,,,,,,,,,,,,
2024-08-13,219.4343719482422,220.04922365215182,217.19311098226797,217.19311098226797,44155300.0,AAPL,,,,,,,,,,,,,,,,,,,,,,,,,
2024-08-14,219.8806610107422,221.17979111862692,217.8774142480331,218.7402072098891,41960600.0,AAPL,,,,,,,,,,,,,,,,,,,,,,,,,
2024-08-15,222.85577392578125,223.48055242779947,220.9120269929499,222.73677426147512,46414000.0,AAPL,,,,,,,,,,,,,,,,,,,,,,,,,
2024-08-16,224.1747283935547,224.94825642777528,221.79462933024135,222.06239369045758,44340200.0,AAPL,,,,,,,,,,,,,,,,,,,,,,,,,
2024-08-19,224.01605224609375,224.11522871504155,221.18968933533225,223.84746435464618,40687800.0,AAPL,,,,,,,,,,,,,,,,,,,,,,,,,
2024-08-20,224.6309356689453,225.2854641390349,223.57973153152028,223.89708417115403,30299000.0,AAPL,,,,,,,,,,,,,,,,,,,,,,,,,
2024-08-21,224.52183532714844,226.08872985229075,223.1830436738614,224.64085012661386,34765500.0,AAPL,,,,,,,,,,,,,,,,,,,,,,,,,
2024-08-22,222.66734313964844,226.4457337259973,222.04256465043304,225.90029338876204,43695300.0,AAPL,,,,,,,,,,,,,,,,,,,,,,,,,
2024-08-23,224.9581756591797,226.32673228874265,222.46900358067504,223.78797197411373,38677300.0,AAPL,,,,,,,,,,,,,,,,,,,,,,,,,
2024-08-26,225.29534912109375,225.39452559231563,222.0326490158817,224.87883517993083,30602200.0,AAPL,,,,,,,,,,,,,,,,,,,,,,,,,
2024-08-27,226.13829040527344,226.95149505120298,223.0243400581704,224.1251322421701,35934600.0,AAPL,,,,,,,,,,,,,,,,,,,,,,,,,
2024-08-28,224.611083984375,227.95312221094204,223.80779089178384,226.02921369079436,38052200.0,AAPL,,,,,,,,,,,,,,,,,,,,,,,,,
2024-08-29,227.8837127685547,230.98775191089825,226.9812734022471,228.1911537968638,51906300.0,AAPL,,,,,,,,,,,,,,,,,,,,,,,,,
2024-08-30,227.1002655029297,228.4886453526855,225.59287085733376,228.28039594132485,52990800.0,AAPL,,,,,,,,,,,,,,,,,,,,,,,,,
2024-09-03,220.9219512939453,227.10026429068756,219.335218503661,226.65400042223428,50190600.0,AAPL,,,,,,,,,,,,,,,,,,,,,,,,,
2024-09-04,219.0178680419922,219.94014563997789,215.67581475954933,219.82114598403248,43840200.0,AAPL,,,,,,,,,,,,,,,,,,,,,,,,,
2024-09-05,220.5352020263672,223.60947620664672,219.68233574260833,219.79142381839864,36615400.0,AAPL,,,,,,,,,,,,,,,,,,,,,,,,,
2024-09-06,218.98814392089844,223.3714749735505,217.94685141211724,222.09216799264019,48423000.0,AAPL,,,,,,,,,,,,,,,,,,,,,,,,,
2024-09-09,219.077392578125,219.4344067184307,214.91223769602945,218.98814282610013,67180000.0,AAPL,,,,,,,,,,,,,,,,,,,,,,,,,
2024-09-10,218.28402709960938,219.64265710486697,214.9320618304677,217.10389659918582,51591000.0,AAPL,,,,,,,,,,,,,,,,,,,,,,,,,
2024-09-11,220.81288146972656,221.23930705217748,216.08244775598524,219.62283934479092,44587100.0,AAPL,,,,,,,,,,,,,,,,,,,,,,,,,
2024-09-12,220.9219512939453,221.69547936785247,217.9964268983011,220.6541869199912,37455600.0,AAPL,,,,,,,,,,,,,,,,,,,,,,,,,
2024-09-13,220.65415954589844,222.18137718301287,220.0690577657977,221.72520177663733,36766600.0,AAPL,,,,,,,,,,,,,,,,,,,,,,,,,
2024-09-16,214.52545166015625,215.41797935337752,212.14535259122513,214.7436126542421,59357400.0,AAPL,,,,,,,,,,,,,,,,,,,,,,,,,
2024-09-17,214.9915771484375,215.10066523109435,212.72058086866357,213.96021129330612,45519300.0,AAPL,,,,,,,,,,,,,,,,,,,,,,,,,
2024-09-18,218.8592071533203,220.86245391858552,215.7353297749969,215.7452565018275,59894900.0,AAPL,,,,,,,,,,,,,,,,,,,,,,,,,
2024-09-19,226.97134399414062,227.91347512552952,222.76652771175563,223.12354184254357,66781300.0,AAPL,,,,,,,,,,,,,,,,,,,,,,,,,
2024-09-20,226.306884765625,231.1563174701668,225.73169454082358,228.0622053540531,318679900.0,AAPL,,,,,,,,,,,,,,,,,,,,,,,,,
2024-09-23,224.5912628173828,227.54653724680347,223.93673438033483,225.45404067299683,54146000.0,AAPL,,,,,,,,,,,,,,,,,,,,,,,,,
2024-09-24,225.48377990722656,227.44736512534206,223.85738561877668,226.75316007712865,43556100.0,AAPL,,,,,,,,,,,,,,,,,,,,,,,,,
2024-09-25,224.49209594726562,225.40446208089242,222.1615999382144,223.0640393442997,42308700.0,AAPL,,,,,,,,,,,,,,,,,,,,,,,,,
2024-09-26,225.63253784179688,226.60440369502516,223.54004142995942,225.41436171300208,36636700.0,AAPL,,,,,,,,,,,,,,,,,,,,,,,,,
2024-09-27,225.90029907226562,227.6159582791164,225.41437368594384,226.56475422029098,34026000.0,AAPL,,,,,,,,,,,,,,,,,,,,,,,,,
2024-09-30,231.06707763671875,231.06707763671875,227.74486252768645,228.13162655878588,54541900.0,AAPL,,,,,,,,,,,,,,,,,,,,,,,,,
2024-10-01,224.3334197998047,227.74486962890148,221.88390914906273,227.6159583693189,63285000.0,AAPL,,,,,,,,,,,,,,,,,,,,,,,,,
2024-10-02,224.89869689941406,225.4837987967651,221.16989422947793,224.01608068964856,32880600.0,AAPL,,,,,,,,,,,,,,,,,,,,,,,,,
2024-10-03,223.79788208007812,224.928424248049,221.46738631978812,223.27228007150777,34044200.0,AAPL,,,,,,,,,,,,,,,,,,,,,,,,,
2024-10-04,224.91848754882812,226.1085294140403,222.27063948076494,226.00935295352124,37245100.0,AAPL,,,,,,,,,,,,,,,,,,,,,,,,,
2024-10-07,219.8509063720703,223.81772316941647,219.49389225502094,222.63759275105315,39505400.0,AAPL,,,,,,,,,,,,,,,,,,,,,,,,,
2024-10-08,223.89706420898438,224.10531361949606,221.3979653574062,222.43925780658088,31855700.0,AAPL,,,,,,,,,,,,,,,,,,,,,,,,,
2024-10-09,227.63577270507812,227.84403724277382,222.96485445261254,223.36153007501719,33591100.0,AAPL,,,,,,,,,,,,,,,,,,,,,,,,,
2024-10-10,227.13992309570312,227.59611368544336,225.28544108575701,225.89038125247495,28183500.0,AAPL,,,,,,,,,,,,,,,,,,,,,,,,,
2024-10-11,225.66229248046875,227.5068628874906,225.4540279414576,227.39777482080956,31759200.0,AAPL,,,,,,,,,,,,,,,,,,,,,,,,,
2024-10-14,229.38119506835938,229.80762063057296,226.70359663127624,226.80275797652766,39882100.0,AAPL,,,,,,,,,,,,,,,,,,,,,,,,,
2024-10-15,231.9100341796875,235.51983687729248,230.44230106244424,231.67201972311165,64751400.0,AAPL,,,,,,,,,,,,,,,,,,,,,,,,,
2024-10-16,229.85719299316406,230.19436878170097,227.93328446814013,229.67869350471682,34082200.0,AAPL,,,,,,,,,,,,,,,,,,,,,,,,,
2024-10-17,230.22413635253906,231.91004568892726,228.6076687095473,231.49351658619665,32993800.0,AAPL,,,,,,,,,,,,,,,,,,,,,,,,,
2024-10-18,233.0504913330078,234.2206950473064,232.0686987091599,234.2206950473064,46431500.0,AAPL,,,,,,,,,,,,,,,,,,,,,,,,,
2024-10-21,234.5181884765625,234.8851292946414,232.5050303027995,232.5050303027995,36254500.0,AAPL,,,,,,,,,,,,,,,,,,,,,,,,,
2024-10-22,233.90333557128906,234.26034966164363,230.67038557078126,231.9496772340994,38846600.0,AAPL,,,,,,,,,,,,,,,,,,,,,,,,,
2024-10-23,228.8456573486328,233.18932661738793,225.87054472777703,232.13812257917175,52287000.0,AAPL,,,,,,,,,,,,,,,,,,,,,,,,,
2024-10-24,228.65724182128906,228.90516786821388,226.51515714412935,228.07212485007065,31109500.0,AAPL,,,,,,,,,,,,,,,,,,,,,,,,,
2024-10-25,229.49026489257812,231.28524701350278,227.665532857223,227.83412074973037,38802300.0,AAPL,,,,,,,,,,,,,,,,,,,,,,,,,
2024-10-28,231.46372985839844,232.78269812140084,230.620790456467,231.38440684709022,36087100.0,AAPL,,,,,,,,,,,,,,,,,,,,,,,,,
2024-10-29,231.73150634765625,232.38603471678388,230.39271482775456,231.1662428522856,35417200.0,AAPL,,,,,,,,,,,,,,,,,,,,,,,,,
2024-10-30,228.191162109375,231.53320070866118,227.64572172599728,230.68033441798144,47070900.0,AAPL,,,,,,,,,,,,,,,,,,,,,,,,,
2024-10-31,224.03591918945312,227.92339818004348,223.50039040024254,227.43745763164222,64370100.0,AAPL,,,,,,,,,,,,,,,,,,,,,,,,,
2024-11-01,221.06077575683594,223.4805363045207,218.44267740554844,219.1368672842602,65276700.0,AAPL,,,,,,,,,,,,,,,,,,,,,,,,,
2024-11-04,220.168212890625,220.94174084677013,217.88730565861934,219.15668564471403,44944500.0,AAPL,,,,,,,,,,,,,,,,,,,,,,,,,
2024-11-05,221.59628295898438,222.0921350198155,219.30544885909725,219.9599772111233,28111300.0,AAPL,,,,,,,,,,,,,,,,,,,,,,,,,
2024-11-06,220.87237548828125,224.19459083458287,219.35506917081855,220.76328741365683,54561100.0,AAPL,,,,,,,,,,,,,,,,,,,,,,,,,
2024-11-07,225.5928497314453,225.98954046008802,222.70700223311508,222.76650205936048,42137700.0,AAPL,,,,,,,,,,,,,,,,,,,,,,,,,
2024-11-08,225.32481384277344,227.01256271730918,224.77877343219782,225.53329235935942,38328800.0,AAPL,,,,,,,,,,,,,,,,,,,,,,,,,
2024-11-11,222.61448669433594,224.07389700260043,219.90415975706793,223.3789433198207,42005600.0,AAPL,,,,,,,,,,,,,,,,,,,,,,,,,
2024-11-12,222.61448669433594,223.96468891324545,221.75075962779928,222.93218846295187,40398300.0,AAPL,,,,,,,,,,,,,,,,,,,,,,,,,
2024-11-13,223.49806213378906,225.01703765642938,221.15506473467502,222.39605879884869,48566200.0,AAPL,,,,,,,,,,,,,,,,,,,,,,,,,
2024-11-14,226.57574462890625,227.22105551450989,223.3789425502784,223.398802697962,44923900.0,AAPL,,,,,,,,,,,,,,,,,,,,,,,,,
2024-11-15,223.3789520263672,225.2851172657963,222.65421566813873,224.76885944610046,47923700.0,AAPL,,,,,,,,,,,,,,,,,,,,,,,,,
2024-11-18,226.377197265625,228.08480645929455,223.5477244921184,223.6271499370396,44633700.0,AAPL,,,,,,,,,,,,,,,,,,,,,,,,,
2024-11-19,226.6352996826172,228.50175961033486,225.02697621656037,225.34466282087314,36211800.0,AAPL,,,,,,,,,,,,,,,,,,,,,,,,,
2024-11-20,227.35011291503906,228.27340522879027,224.26251907255318,226.4168829534927,35169600.0,AAPL,,,,,,,,,,,,,,,,,,,,,,,,,
2024-11-21,226.87356567382812,228.50174921258224,224.08381355701644,227.2309725554499,42108300.0,AAPL,,,,,,,,,,,,,,,,,,,,,,,,,
2024-11-22,228.21385192871094,229.05773399756174,226.41689485035167,226.41689485035167,38168300.0,AAPL,,,,,,,,,,,,,,,,,,,,,,,,,
2024-11-25,231.19224548339844,231.56951255942457,228.08480637706975,229.79241557012372,90152800.0,AAPL,,,,,,,,,,,,,,,,,,,,,,,,,
2024-11-26,233.36643981933594,233.8727750720934,231.64890834638587,231.64890834638587,45986200.0,AAPL,,,,,,,,,,,,,,,,,,,,,,,,,
2024-11-27,233.2373809814453,233.99191506726265,232.12545514826604,232.78070364946953,33498400.0,AAPL,,,,,,,,,,,,,,,,,,,,,,,,,
2024-11-29,235.62010192871094,236.0966394139658,232.28430923421996,233.11825362062933,28481400.0,AAPL,,,,,,,,,,,,,,,,,,,,,,,,,
2024-12-02,237.86383056640625,239.0551819380818,235.45134517492735,235.5605532676808,48137100.0,AAPL,,,,,,,,,,,,,,,,,,,,,,,,,
2024-12-03,240.90174865722656,241.01095673492534,237.17876666593097,238.0822139315433,38861000.0,AAPL,,,,,,,,,,,,,,,,,,,,,,,,,
2024-12-04,241.2591552734375,242.3512360492442,239.51184118099928,241.12016455186688,44383900.0,AAPL,,,,,,,,,,,,,,,,,,,,,,,,,
2024-12-05,241.28895568847656,242.77814859306412,240.38552350615552,242.2321233137982,40033900.0,AAPL,,,,,,,,,,,,,,,,,,,,,,,,,
2024-12-06,241.0903778076172,242.86748966267425,240.33585892461636,241.1598807416467,36870600.0,AAPL,,,,,,,,,,,,,,,,,,,,,,,,,
2024-12-09,244.97222900390625,245.45870413211114,240.0082527322972,240.08767817050534,44649200.0,AAPL,,,,,,,,,,,,,,,,,,,,,,,,,
2024-12-10,245.98487854003906,246.4217108653419,243.57237825215392,245.11121388943334,36914800.0,AAPL,,,,,,,,,,,,,,,,,,,,,,,,,
2024-12-11,244.71412658691406,248.99307203962232,244.48577275361333,246.17353693536344,45205800.0,AAPL,,,,,,,,,,,,,,,,,,,,,,,,,
2024-12-12,246.1735076904297,246.9478867446912,243.90992066775823,245.11120954102955,32777500.0,AAPL,,,,,,,,,,,,,,,,,,,,,,,,,
2024-12-13,246.34228515625,247.49391610940148,244.46590277835176,246.0345210589055,33155300.0,AAPL,,,,,,,,,,,,,,,,,,,,,,,,,
2024-12-16,249.23133850097656,249.5689004337868,245.86576286364547,246.2033247964557,51694800.0,AAPL,,,,,,,,,,,,,,,,,,,,,,,,,
2024-12-17,251.65374755859375,252.00123197197036,247.98040799068028,248.27824960945253,51356400.0,AAPL,,,,,,,,,,,,,,,,,,,,,,,,,
2024-12-18,246.2628936767578,252.44800456803839,245.9551295369763,250.343283238806,56774100.0,AAPL,,,,,,,,,,,,,,,,,,,,,,,,,
2024-12-19,247.99029541015625,250.18437937092787,245.30975151809525,245.7168011678756,60882300.0,AAPL,,,,,,,,,,,,,,,,,,,,,,,,,
2024-12-20,252.65646362304688,253.16278373693368,243.9198625662762,246.25292226826556,147495300.0,AAPL,,,,,,,,,,,,,,,,,,,,,,,,,
2024-12-23,253.43084716796875,253.80809906094288,251.62395254537785,252.93444954402884,40858800.0,AAPL,,,,,,,,,,,,,,,,,,,,,,,,,
2024-12-24,256.3397216796875,256.34962902881983,253.45066898797964,253.64924013847912,23234700.0,AAPL,,,,,,,,,,,,,,,,,,,,,,,,,
2024-12-26,257.15380859375,258.2260444048055,255.77383898408218,256.32980188696064,27237100.0,AAPL,,,,,,,,,,,,,,,,,,,,,,,,,
2024-12-27,253.74853515625,256.836144148833,251.2367643772991,255.97238682838486,42355300.0,AAPL,,,,,,,,,,,,,,,,,,,,,,,,,
2024-12-30,250.3829345703125,251.67357129905236,248.94338462815534,250.41271721299594,35557500.0,AAPL,,,,,,,,,,,,,,,,,,,,,,,,,
2024-12-31,248.6157989501953,251.4551941340452,247.63292614272083,250.6212497119267,39480700.0,AAPL,,,,,,,,,,,,,,,,,,,,,,,,,
2025-01-02,242.0931396484375,247.3053149666319,240.07776640397734,247.1365264348607,55740700.0,AAPL,,,,,,,,,,,,,,,,,,,,,,,,,
2025-01-03,241.60665893554688,242.42074318433572,240.14724866814672,241.60665893554688,40244100.0,AAPL,,,,,,,,,,,,,,,,,,,,,,,,,
2025-01-06,243.23484802246094,245.54806288478193,241.4478134561986,242.5498168429892,45045600.0,AAPL,,,,,,,,,,,,,,,,,,,,,,,,,
2025-01-07,240.46495056152344,243.78088314896328,239.61114601786818,241.22939201717418,40856000.0,AAPL,,,,,,,,,,,,,,,,,,,,,,,,,
2025-01-08,240.951416015625,241.9541489627904,238.32051453305579,240.17703689438372,37628900.0,AAPL,,,,,,,,,,,,,,,,,,,,,,,,,
2025-01-10,235.14356994628906,238.4297199246896,231.32130202918376,238.28079154222544,61710900.0,AAPL,,,,,,,,,,,,,,,,,,,,,,,,,
2025-01-13,232.7112274169922,232.97928640713008,228.06495238182922,231.84750029737077,49630700.0,AAPL,,,,,,,,,,,,,,,,,,,,,,,,,
2025-01-14,231.59927368164062,234.41880854341963,230.7951119565212,233.05868390458076,39435300.0,AAPL,,,,,,,,,,,,,,,,,,,,,,,,,
2025-01-15,236.1562042236328,237.2383625727966,232.74098609709984,232.94947976770305,39832000.0,AAPL,,,,,,,,,,,,,,,,,,,,,,,,,
2025-01-16,226.6154327392578,236.29518618874627,226.38709407905125,235.63995285298606,71759100.0,AAPL,,,,,,,,,,,,,,,,,,,,,,,,,
2025-01-17,228.3230438232422,230.61639839146835,226.83385097126646,230.44762501944012,68488300.0,AAPL,,,,,,,,,,,,,,,,,,,,,,,,,
2025-01-21,221.0359344482422,222.8031087860845,217.79942737812888,222.38613659782595,98070400.0,AAPL,,,,,,,,,,,,,,,,,,,,,,,,,
2025-01-22,222.21737670898438,222.5052806842356,218.2064751614249,218.2064751614249,64126500.0,AAPL,,,,,,,,,,,,,,,,,,,,,,,,,
2025-01-23,222.04859924316406,225.394314538592,220.69839703644928,223.1208199792776,60234800.0,AAPL,,,,,,,,,,,,,,,,,,,,,,,,,
2025-01-24,221.1749267578125,224.00439930767484,219.81480209957203,223.160517277336,54697900.0,AAPL,,,,,,,,,,,,,,,,,,,,,,,,,
2025-01-27,228.20391845703125,230.47741293083342,222.36627749626697,222.4059977899183,94863400.0,AAPL,,,,,,,,,,,,,,,,,,,,,,,,,
2025-01-28,236.5434112548828,238.45951413038736,229.1470890329199,229.1868093297106,75707600.0,AAPL,,,,,,,,,,,,,,,,,,,,,,,,,
2025-01-29,237.63546752929688,238.1318651456976,232.3240069742682,232.43321505583046,45486100.0,AAPL,,,,,,,,,,,,,,,,,,,,,,,,,
2025-01-30,235.8782196044922,239.05516137192973,235.50096771104396,236.95044029141235,55658300.0,AAPL,,,,,,,,,,,,,,,,,,,,,,,,,
2025-01-31,234.29966735839844,245.40904807772534,231.7581140684966,245.40904807772534,100959800.0,AAPL,,,,,,,,,,,,,,,,,,,,,,,,,
2025-02-03,226.36721801757812,230.15970278413624,224.07386363152474,228.3329633332112,73063300.0,AAPL,,,,,,,,,,,,,,,,,,,,,,,,,
2025-02-04,231.12274169921875,231.45036595591674,225.01704170433482,225.61272492539547,45067300.0,AAPL,,,,,,,,,,,,,,,,,,,,,,,,,
2025-02-05,230.7951202392578,230.99367626573292,226.625383087866,226.88350440739822,39620300.0,AAPL,,,,,,,,,,,,,,,,,,,,,,,,,
2025-02-06,231.5397186279297,232.11554171369926,228.7698112868805,229.62361584180033,29925300.0,AAPL,,,,,,,,,,,,,,,,,,,,,,,,,
2025-02-07,225.989990234375,232.31409120281862,225.62264568638093,230.9241838961893,39707200.0,AAPL,,,,,,,,,,,,,,,,,,,,,,,,,
2025-02-10,226.25831604003906,229.18034555631772,225.81107002878403,228.16659197494192,33115600.0,AAPL,,,,,,,,,,,,,,,,,,,,,,,,,
2025-02-11,231.19793701171875,233.7919821040532,226.7353950927951,226.8049592810601,53718400.0,AAPL,,,,,,,,,,,,,,,,,,,,,,,,,
2025-02-12,235.42196655273438,235.51142789245534,229.26980470124647,229.78663009476247,45243300.0,AAPL,,,,,,,,,,,,,,,,,,,,,,,,,
2025-02-13,240.053466796875,240.85851264219508,234.12991022790982,235.46171484030373,53614100.0,AAPL,,,,,,,,,,,,,,,,,,,,,,,,,
2025-02-14,243.104736328125,244.0489258287467,239.5168040933544,239.77520922194773,40896200.0,AAPL,,,,,,,,,,,,,,,,,,,,,,,,,
2025-02-18,242.9755096435547,243.6811607859394,240.36158248040348,242.6574585849239,48822500.0,AAPL,,,,,,,,,,,,,,,,,,,,,,,,,
2025-02-19,243.37306213378906,244.50609250836237,241.6735241546838,243.16435439309654,32204200.0,AAPL,,,,,,,,,,,,,,,,,,,,,,,,,
2025-02-20,244.32720947265625,245.2713989598738,242.7966152101895,243.44265077076676,32316900.0,AAPL,,,,,,,,,,,,,,,,,,,,,,,,,
2025-02-21,244.0489044189453,247.1697083342209,243.72091995824803,244.44645306890683,53197400.0,AAPL,,,,,,,,,,,,,,,,,,,,,,,,,
2025-02-24,245.58944702148438,247.33868242018207,242.92582237394555,243.43269920852308,51326400.0,AAPL,,,,,,,,,,,,,,,,,,,,,,,,,
2025-02-25,245.52981567382812,248.47172760145406,243.41284686721102,246.48395378064242,48013300.0,AAPL,,,,,,,,,,,,,,,,,,,,,,,,,
2025-02-26,238.89064025878906,243.48239258336395,237.66816369812489,242.83637220684057,44433600.0,AAPL,,,,,,,,,,,,,,,,,,,,,,,,,
2025-02-27,235.84934997558594,240.9778097055873,235.61081167459415,237.94645181292123,41153600.0,AAPL,,,,,,,,,,,,,,,,,,,,,,,,,
2025-02-28,240.36160278320312,240.61007450668035,228.79275994472408,235.50149647860906,56833400.0,AAPL,,,,,,,,,,,,,,,,,,,,,,,,,
2025-03-03,236.5749053955078,242.53822699216576,234.6666443044386,240.3119148031628,47184000.0,AAPL,,,,,,,,,,,,,,,,,,,,,,,,,
2025-03-04,234.48770141601562,238.60240725621293,233.24534293735957,236.25683384188991,53798100.0,AAPL,,,,,,,,,,,,,,,,,,,,,,,,,
2025-03-05,234.2988739013672,235.1039197629907,227.82866128733946,233.98082285378285,47227600.0,AAPL,,,,,,,,,,,,,,,,,,,,,,,,,
2025-03-06,233.89138793945312,236.4059203890797,231.73465535282332,233.00682927336524,45170400.0,AAPL,,,,,,,,,,,,,,,,,,,,,,,,,
2025-03-07,237.60853576660156,239.89446338205195,233.32487071745646,233.67273718007357,46273600.0,AAPL,,,,,,,,,,,,,,,,,,,,,,,,,
2025-03-10,226.08937072753906,234.71631625547707,222.84930513729455,234.10009611136832,72071200.0,AAPL,,,,,,,,,,,,,,,,,,,,,,,,,
2025-03-11,219.48997497558594,224.45940937640347,216.12069905845206,222.44182022291236,76137400.0,AAPL,,,,,,,,,,,,,,,,,,,,,,,,,
2025-03-12,215.653564453125,220.39440897367027,213.5962265598192,218.7942505386503,62547500.0,AAPL,,,,,,,,,,,,,,,,,,,,,,,,,
2025-03-13,208.39817810058594,215.5144112677834,207.14588618522245,214.6298526174969,61368300.0,AAPL,,,,,,,,,,,,,,,,,,,,,,,,,
2025-03-14,212.1848907470703,212.64207016591416,208.29878985935505,209.95857893569573,60107600.0,AAPL,,,,,,,,,,,,,,,,,,,,,,,,,
2025-03-17,212.69178771972656,213.9043309003415,208.68642489319868,212.00600336087763,48073400.0,AAPL,,,,,,,,,,,,,,,,,,,,,,,,,
2025-03-18,211.3897705078125,213.8347233648863,210.1971094678613,212.8507852105428,42432400.0,AAPL,,,,,,,,,,,,,,,,,,,,,,,,,
2025-03-19,213.92420959472656,217.4226803637017,212.443312738742,212.91044076829724,54385400.0,AAPL,,,,,,,,,,,,,,,,,,,,,,,,,
2025-03-20,212.79116821289062,216.16044383082547,210.9226561911479,212.6818400591608,48862900.0,AAPL,,,,,,,,,,,,,,,,,,,,,,,,,
2025-03-21,216.93568420410156,217.5021918152461,209.9884097524224,210.26669685360034,94127800.0,AAPL,,,,,,,,,,,,,,,,,,,,,,,,,
2025-03-24,219.38064575195312,220.1260609084734,217.24379503613238,219.64899945464327,44299500.0,AAPL,,,,,,,,,,,,,,,,,,,,,,,,,
2025-03-25,222.38218688964844,222.73005335992565,218.73462390108503,219.4204082670252,34493600.0,AAPL,,,,,,,,,,,,,,,,,,,,,,,,,
2025-03-26,220.17575073242188,223.64442126802376,219.12223310716143,222.1436424317859,34466100.0,AAPL,,,,,,,,,,,,,,,,,,,,,,,,,
2025-03-27,222.48158264160156,223.61461307047793,219.21168633594712,220.03661426059983,37094800.0,AAPL,,,,,,,,,,,,,,,,,,,,,,,,,
2025-03-28,216.5679473876953,222.44182255065115,216.34929105853038,220.31490521146458,39818600.0,AAPL,,,,,,,,,,,,,,,,,,,,,,,,,
2025-03-31,220.7720947265625,224.24075018814546,214.90815310911736,215.6833836525119,65299300.0,AAPL,,,,,,,,,,,,,,,,,,,,,,,,,
2025-04-01,221.82559204101562,222.31258685550372,217.56180927777046,218.46624988397502,36412700.0,AAPL,,,,,,,,,,,,,,,,,,,,,,,,,
2025-04-02,222.5213165283203,223.8133724100327,219.66886624627372,219.9670353213626,35905900.0,AAPL,,,,,,,,,,,,,,,,,,,,,,,,,
2025-04-03,201.9478759765625,206.22159255986557,200.01973301812973,204.2835010267849,103419000.0,AAPL,,,,,,,,,,,,,,,,,,,,,,,,,
2025-04-04,187.22840881347656,198.65810753704542,186.19475800144227,192.70471987275084,125910900.0,AAPL,,,,,,,,,,,,,,,,,,,,,,,,,
2025-04-07,180.3507080078125,192.96311894309866,173.55251067175698,176.11674047268428,160466300.0,AAPL,,,,,,,,,,,,,,,,,,,,,,,,,
2025-04-08,171.365966796875,189.17641711488596,168.175598539417,185.55866963100107,120859500.0,AAPL,,,,,,,,,,,,,,,,,,,,,,,,,
2025-04-09,197.6343994140625,199.38363475051753,170.83920418374143,170.89883496621582,184395900.0,AAPL,,,,,,,,,,,,,,,,,,,,,,,,,
2025-04-10,189.2559356689453,193.5892830219747,181.88129692496375,187.9141974958541,121880000.0,AAPL,,,,,,,,,,,,,,,,,,,,,,,,,
2025-04-11,196.9386749267578,198.32017705332044,184.92258644836306,184.96235041538483,87435900.0,AAPL,,,,,,,,,,,,,,,,,,,,,,,,,
2025-04-14,201.28195190429688,211.63825017625834,199.93026529720834,210.14742002868311,101352900.0,AAPL,,,,,,,,,,,,,,,,,,,,,,,,,
2025-04-15,200.90428161621094,202.26590170954893,198.57859009217825,200.6259945192588,51343900.0,AAPL,,,,,,,,,,,,,,,,,,,,,,,,,
2025-04-16,193.08241271972656,199.47309822086447,191.19401850640656,197.1474065096439,59732400.0,AAPL,,,,,,,,,,,,,,,,,,,,,,,,,
2025-04-17,195.7758331298828,197.61452992177487,193.2314851467638,195.9944894564487,52164700.0,AAPL,,,,,,,,,,,,,,,,,,,,,,,,,
2025-04-21,191.9791717529297,192.6152586778503,188.64964501381652,192.08849990403363,46742500.0,AAPL,,,,,,,,,,,,,,,,,,,,,,,,,
2025-04-22,198.5189666748047,200.3576482646354,194.77200897005906,194.92108593270402,52976400.0,AAPL,,,,,,,,,,,,,,,,,,,,,,,,,
2025-04-23,203.3492431640625,206.7284521815966,201.56024391015845,204.74067860292737,52929200.0,AAPL,,,,,,,,,,,,,,,,,,,,,,,,,
2025-04-24,207.09619140625,207.55338601533765,201.69939326414854,203.63746952607698,47311000.0,AAPL,,,,,,,,,,,,,,,,,,,,,,,,,
2025-04-25,208.00062561035156,208.46775361357263,204.9394524859384,205.10841141990002,38222300.0,AAPL,,,,,,,,,,,,,,,,,,,,,,,,,
2025-04-28,208.85536193847656,210.2070485309222,206.19175271644127,208.71621839949725,38743100.0,AAPL,,,,,,,,,,,,,,,,,,,,,,,,,
2025-04-29,209.91885375976562,210.94255602883885,207.096203506044,207.41425458581946,36827600.0,AAPL,,,,,,,,,,,,,,,,,,,,,,,,,
2025-04-30,211.20095825195312,212.2743578831654,205.4065960245207,208.0205233254963,52286500.0,AAPL,,,,,,,,,,,,,,,,,,,,,,,,,
2025-05-01,212.01596069335938,213.2483707428857,207.62296725165953,207.80187477964563,57365700.0,AAPL,,,,,,,,,,,,,,,,,,,,,,,,,
2025-05-02,204.0946807861328,205.72465469395448,200.92417915168144,204.8301473855031,101010600.0,AAPL,,,,,,,,,,,,,,,,,,,,,,,,,
2025-05-05,197.6741485595703,202.85230555244996,196.99831280299983,201.85841873478097,69018500.0,AAPL,,,,,,,,,,,,,,,,,,,,,,,,,
2025-05-06,197.2964630126953,199.42338015596502,195.81558138809015,196.9983091053983,51216500.0,AAPL,,,,,,,,,,,,,,,,,,,,,,,,,
2025-05-07,195.05029296875,198.2207944248892,192.0686324392914,197.9524407308952,68536700.0,AAPL,,,,,,,,,,,,,,,,,,,,,,,,,
2025-05-08,196.28271484375,198.82706269335065,193.48988012199126,196.51130456752412,50478900.0,AAPL,,,,,,,,,,,,,,,,,,,,,,,,,
2025-05-09,197.31634521484375,199.31405222350435,196.3323918231404,197.7834732241415,36453900.0,AAPL,,,,,,,,,,,,,,,,,,,,,,,,,
2025-05-12,209.77610778808594,210.25380995429242,205.75554659425106,209.9552498967622,63775800.0,AAPL,,,,,,,,,,,,,,,,,,,,,,,,,
2025-05-13,211.90585327148438,212.37359390520234,207.9947628663851,209.41787763911134,51909300.0,AAPL,,,,,,,,,,,,,,,,,,,,,,,,,
2025-05-14,211.30873107910156,212.91098786371114,209.56714827780408,211.40824098508043,49325800.0,AAPL,,,,,,,,,,,,,,,,,,,,,,,,,
2025-05-15,210.43296813964844,211.93571508448807,208.53215118256114,209.9353730316401,45029500.0,AAPL,,,,,,,,,,,,,,,,,,,,,,,,,
2025-05-16,210.24388122558594,211.54759317457453,208.76105751069144,211.33859654598928,54737900.0,AAPL,,,,,,,,,,,,,,,,,,,,,,,,,
2025-05-19,207.77578735351562,208.4724173847277,203.27752386063855,206.909976827966,46140500.0,AAPL,,,,,,,,,,,,,,,,,,,,,,,,,
2025-05-20,205.8650360107422,207.46729276724128,204.04383620537516,206.67113760639387,42496600.0,AAPL,,,,,,,,,,,,,,,,,,,,,,,,,
2025-05-21,201.1179656982422,206.04415370597744,199.74461367242378,204.18315305948536,59211800.0,AAPL,,,,,,,,,,,,,,,,,,,,,,,,,
2025-05-22,200.39149475097656,201.77480849030061,198.7394754118135,199.7446272097534,46742400.0,AAPL,,,,,,,,,,,,,,,,,,,,,,,,,
2025-05-23,194.33078002929688,196.74908474491085,192.52948833207407,192.73846975457602,78432900.0,AAPL,,,,,,,,,,,,,,,,,,,,,,,,,
2025-05-27,199.24703979492188,199.77448939448533,196.4803970243206,197.34622283817185,56288500.0,AAPL,,,,,,,,,,,,,,,,,,,,,,,,,
2025-05-28,199.45602416992188,201.75491117265972,198.93852099816252,199.6252046868552,45339700.0,AAPL,,,,,,,,,,,,,,,,,,,,,,,,,
2025-05-29,198.98825073242188,202.8296849960031,197.55517460719432,202.60079553265004,51396800.0,AAPL,,,,,,,,,,,,,,,,,,,,,,,,,
2025-05-30,199.88392639160156,200.98858794774708,195.83349562393636,198.41103419314425,70819900.0,AAPL,,,,,,,,,,,,,,,,,,,,,,,,,
2025-06-02,200.72982788085938,201.15776749414482,199.1574257965875,199.31665984736324,35423300.0,AAPL,,,,,,,,,,,,,,,,,,,,,,,,,
2025-06-03,202.2923126220703,202.78990771325485,199.99342573046133,200.38154929416936,46381600.0,AAPL,,,,,,,,,,,,,,,,,,,,,,,,,
2025-06-04,201.84446716308594,205.24801554678163,201.1279290627925,201.9340306292736,43604000.0,AAPL,,,,,,,,,,,,,,,,,,,,,,,,,
2025-06-05,199.66500854492188,203.76518718349973,199.18730633012683,202.52119947175674,55126100.0,AAPL,,,,,,,,,,,,,,,,,,,,,,,,,
2025-06-06,202.93917846679688,204.7106157617459,201.07817770068002,202.0236053289331,46607700.0,AAPL,,,,,,,,,,,,,,,,,,,,,,,,,
2025-06-09,200.48106384277344,205.0091823144686,199.05794913802782,203.40692547634254,72862600.0,AAPL,,,,,,,,,,,,,,,,,,,,,,,,,
2025-06-10,201.6951904296875,203.36711781582227,199.60530017876516,199.63515466910712,54672600.0,AAPL,,,,,,,,,,,,,,,,,,,,,,,,,
2025-06-11,197.8238983154297,203.51638723180633,197.45568281643992,202.5211970741936,60989900.0,AAPL,,,,,,,,,,,,,,,,,,,,,,,,,
2025-06-12,198.24188232421875,198.71956936233477,196.4107360236097,198.12246436103902,43904600.0,AAPL,,,,,,,,,,,,,,,,,,,,,,,,,
2025-06-13,195.50511169433594,199.40625545491926,194.7587190445596,198.769334334526,51447300.0,AAPL,,,,,,,,,,,,,,,,,,,,,,,,,
2025-06-16,197.4656524658203,197.73435809187652,195.61459794763022,196.3510442175849,43020700.0,AAPL,,,,,,,,,,,,,,,,,,,,,,,,,
2025-06-17,194.69900512695312,197.4357781067605,194.27108064091922,196.25149936947125,38856200.0,AAPL,,,,,,,,,,,,,,,,,,,,,,,,,
2025-06-18,195.63446044921875,196.61970405840015,194.1317289512304,194.9975394291991,45394700.0,AAPL,,,,,,,,,,,,,,,,,,,,,,,,,
2025-06-20,200.03321838378906,200.72984844555882,195.9131318065836,197.28649906078425,96813500.0,AAPL,,,,,,,,,,,,,,,,,,,,,,,,,
2025-06-23,200.53082275390625,201.3269779408771,198.00304635957568,200.6602023375907,55814300.0,AAPL,,,,,,,,,,,,,,,,,,,,,,,,,
2025-06-24,199.33657836914062,202.4614746491071,199.23705328583006,201.61555699715424,54064000.0,AAPL,,,,,,,,,,,,,,,,,,,,,,,,,
2025-06-25,200.5905303955078,202.690382284235,199.65504919597097,200.48105886821313,39525700.0,AAPL,,,,,,,,,,,,,,,,,,,,,,,,,
2025-06-26,200.03321838378906,201.66532960796235,198.50063224789568,200.4611428555203,50799100.0,AAPL,,,,,,,,,,,,,,,,,,,,,,,,,
2025-06-27,200.1128387451172,202.24254507531293,199.03803155248616,200.91894034324127,73188600.0,AAPL,,,,,,,,,,,,,,,,,,,,,,,,,
2025-06-30,204.1831512451172,206.39247448465787,198.30157410241034,201.03834688076608,91912800.0,AAPL,,,,,,,,,,,,,,,,,,,,,,,,,
2025-07-01,206.82041931152344,209.17901505124104,205.1484920031366,205.6759415551798,78788900.0,AAPL,,,,,,,,,,,,,,,,,,,,,,,,,
2025-07-02,211.418212890625,212.31387801499196,207.13889190503232,207.90519262679368,67941800.0,AAPL,,,,,,,,,,,,,,,,,,,,,,,,,
2025-07-03,212.52285766601562,213.61755770997246,210.7912213537831,211.12958235725722,34955800.0,AAPL,,,,,,,,,,,,,,,,,,,,,,,,,
2025-07-07,208.940185546875,215.18997897032483,207.7957228576545,211.65705062020388,50229000.0,AAPL,,,,,,,,,,,,,,,,,,,,,,,,,
2025-07-08,208.9998779296875,210.41304612040562,207.4473837253886,209.08945658408672,42848900.0,AAPL,,,,,,,,,,,,,,,,,,,,,,,,,
2025-07-09,210.12445068359375,210.31353924447487,206.22330706177223,208.52219391164948,48749400.0,AAPL,,,,,,,,,,,,,,,,,,,,,,,,,
2025-07-10,211.3883514404297,212.45319704499605,209.0197939340788,209.49748097232364,44443600.0,AAPL,,,,,,,,,,,,,,,,,,,,,,,,,
2025-07-11,210.1443634033203,211.10969909895366,208.8506131239295,209.55720483784353,39765800.0,AAPL,,,,,,,,,,,,,,,,,,,,,,,,,
2025-07-14,207.61656188964844,209.89555581124029,206.54175471753558,208.92025854176603,38840100.0,AAPL,,,,,,,,,,,,,,,,,,,,,,,,,
2025-07-15,208.1042022705078,210.8708295317098,207.91511372197888,208.21367378884585,42296300.0,AAPL,,,,,,,,,,,,,,,,,,,,,,,,,
2025-07-16,209.14915466308594,211.37837076419683,207.63646146204943,209.28848066940537,47490500.0,AAPL,,,,,,,,,,,,,,,,,,,,,,,,,
2025-07-17,209.0098419189453,210.78127919114968,208.58190225319882,209.5571995447156,48068100.0,AAPL,,,,,,,,,,,,,,,,,,,,,,,,,
2025-07-18,210.16427612304688,210.77134280149863,208.69139875998633,209.8557695657908,48974600.0,AAPL,,,,,,,,,,,,,,,,,,,,,,,,,
2025-07-21,211.45799255371094,214.74212298846783,210.61209006251647,211.07983063398711,51377400.0,AAPL,,,,,,,,,,,,,,,,,,,,,,,,,
2025-07-22,213.36875915527344,213.91611676733493,211.20919838168209,212.1148250502387,46404100.0,AAPL,,,,,,,,,,,,,,,,,,,,,,,,,
2025-07-23,213.11996459960938,214.11515474984876,211.38834345684663,213.96588230147148,46989300.0,AAPL,,,,,,,,,,,,,,,,,,,,,,,,,
2025-07-24,212.7318572998047,214.65258233290422,212.50296779967493,212.87118332406595,46022600.0,AAPL,,,,,,,,,,,,,,,,,,,,,,,,,
2025-07-25,212.85125732421875,214.20471642869953,212.37355515647585,213.6673052863376,40268800.0,AAPL,,,,,,,,,,,,,,,,,,,,,,,,,
2025-07-28,213.0204620361328,213.81661722083774,212.03521828670327,213.00055398053098,37858000.0,AAPL,,,,,,,,,,,,,,,,,,,,,,,,,
2025-07-29,210.25384521484375,213.77681196541135,209.80601264614248,213.14983725799084,51411700.0,AAPL,,,,,,,,,,,,,,,,,,,,,,,,,
2025-07-30,208.0445098876953,211.36844143995228,206.72090512781878,210.88079278566187,45512500.0,AAPL,,,,,,,,,,,,,,,,,,,,,,,,,
2025-07-31,206.57162475585938,208.83069544134486,206.16359315375274,207.48719786288635,80698400.0,AAPL,,,,,,,,,,,,,,,,,,,,,,,,,
2025-08-01,201.40658569335938,212.5527122409286,200.53081350952442,209.85574027592583,104434500.0,AAPL,,,,,,,,,,,,,,,,,,,,,,,,,
2025-08-04,202.37191772460938,206.88012777005082,200.70993685491413,203.5263267271778,75109300.0,AAPL,,,,,,,,,,,,,,,,,,,,,,,,,
2025-08-05,201.94400024414062,204.35235878558626,201.18766113385618,202.42168730403617,44155100.0,AAPL,,,,,,,,,,,,,,,,,,,,,,,,,
2025-08-06,212.2242889404297,214.3440487139093,204.60112912578842,204.64094523363173,108483100.0,AAPL,,,,,,,,,,,,,,,,,,,,,,,,,
2025-08-07,218.9716796875,219.78774287041324,215.5382768294147,217.8272171299369,90224800.0,AAPL,,,,,,,,,,,,,,,,,,,,,,,,,
2025-08-08,228.2468719482422,229.88892965735022,218.19544514014734,219.76784743364436,113854000.0,AAPL,,,,,,,,,,,,,,,,,,,,,,,,,
2025-08-11,226.3438720703125,228.71511750604432,223.9327805410339,227.08115402328403,61806100.0,AAPL,,,,,,,,,,,,,,,,,,,,,,,,,
2025-08-12,228.80479431152344,229.95057099439725,226.23430307406312,227.17083074525974,55626200.0,AAPL,,,,,,,,,,,,,,,,,,,,,,,,,
2025-08-13,232.47125244140625,234.1351043372746,229.58191650034667,230.2195756343437,69878500.0,AAPL,,,,,,,,,,,,,,,,,,,,,,,,,
2025-08-14,231.9232940673828,234.2546784716922,230.00040438081015,233.1985820425246,51916300.0,AAPL,,,,,,,,,,,,,,,,,,,,,,,,,
2025-08-15,230.73764038085938,233.41774239633352,228.49592139875156,233.13877413921495,56038700.0,AAPL,,,,,,,,,,,,,,,,,,,,,,,,,
2025-08-18,230.0402374267578,232.26202593201924,229.26310933608104,230.8472538899505,37476200.0,AAPL,,,,,,,,,,,,,,,,,,,,,,,,,
2025-08-19,229.71144104003906,232.01293684851592,228.50590285589897,230.4287923573085,39402600.0,AAPL,,,,,,,,,,,,,,,,,,,,,,,,,
2025-08-20,225.17819213867188,229.6217843388592,224.93908515924198,229.13358225147155,42263900.0,AAPL,,,,,,,,,,,,,,,,,,,,,,,,,
2025-08-21,224.07229614257812,225.68634440656763,222.9564229349862,225.43726447968498,30621200.0,AAPL,,,,,,,,,,,,,,,,,,,,,,,,,
2025-08-22,226.9217529296875,228.2468598588307,224.58041092619504,225.33760837029214,42477800.0,AAPL,,,,,,,,,,,,,,,,,,,,,,,,,
2025-08-25,226.32395935058594,228.45608264282492,225.3973742361901,225.64645413109014,30983100.0,AAPL,,,,,,,,,,,,,,,,,,,,,,,,,
2025-08-26,228.46604919433594,228.6453946309622,223.86305742355088,226.03502689374838,54575100.0,AAPL,,,,,,,,,,,,,,,,,,,,,,,,,
2025-08-27,229.64170837402344,230.05018785299507,227.41990473660533,227.76862267507164,31259500.0,AAPL,,,,,,,,,,,,,,,,,,,,,,,,,
2025-08-28,231.70408630371094,232.55096405412047,228.4959359400532,229.9704999102399,38074700.0,AAPL,,,,,,,,,,,,,,,,,,,,,,,,,
2025-08-29,231.28562927246094,232.52107103838586,230.51845893056873,231.65426265633033,39418400.0,AAPL,,,,,,,,,,,,,,,,,,,,,,,,,
2025-09-02,228.8745574951172,230.00040359535532,226.13467838242784,228.4062860305561,44075600.0,AAPL,,,,,,,,,,,,,,,,,,,,,,,,,
2025-09-03,237.59234619140625,237.9709525201245,233.49747185558658,236.33698891571112,66427800.0,AAPL,,,,,,,,,,,,,,,,,,,,,,,,,
2025-09-04,238.8975067138672,239.0170601981439,235.8687018920251,237.57239985348932,47549400.0,AAPL,,,,,,,,,,,,,,,,,,,,,,,,,
2025-09-05,238.80784606933594,240.43185187342493,237.61226559630578,239.1167027112504,54870400.0,AAPL,,,,,,,,,,,,,,,,,,,,,,,,,
2025-09-08,237.0045166015625,239.2661511981365,235.47017586985078,238.41928864081726,48999500.0,AAPL,,,,,,,,,,,,,,,,,,,,,,,,,
2025-09-09,233.4875030517578,237.90119155812317,232.5011411802574,236.12774389612645,66313900.0,AAPL,,,,,,,,,,,,,,,,,,,,,,,,,
2025-09-10,225.955322265625,231.56460664903227,225.118417424808,231.33545739080094,83440800.0,AAPL,,,,,,,,,,,,,,,,,,,,,,,,,
2025-09-11,229.1833953857422,229.60184779162614,225.81583028738913,226.04499474029723,50208600.0,AAPL,,,,,,,,,,,,,,,,,,,,,,,,,
2025-09-12,233.2085418701172,233.6469097348115,228.17712472443904,228.37638560886936,55824200.0,AAPL,,,,,,,,,,,,,,,,,,,,,,,,,
2025-09-15,235.828857421875,237.31337916896246,234.16500543557729,236.12775635652346,42699500.0,AAPL,,,,,,,,,,,,,,,,,,,,,,,,,
2025-09-16,237.27349853515625,240.33220689969463,235.45024710789585,236.30706734003456,63421100.0,AAPL,,,,,,,,,,,,,,,,,,,,,,,,,
2025-09-17,238.11044311523438,239.21635855568803,236.85507060288438,238.09051246512186,46508000.0,AAPL,,,,,,,,,,,,,,,,,,,,,,,,,
2025-09-18,237.0045166015625,240.31228984200703,235.77903252032195,239.08682096339746,44249600.0,AAPL,,,,,,,,,,,,,,,,,,,,,,,,,
2025-09-19,244.59645080566406,245.3935094903633,239.32592704772566,240.342162048153,163741300.0,AAPL,,,,,,,,,,,,,,,,,,,,,,,,,
2025-09-22,255.13751220703125,255.69547916115815,247.2068166293636,247.38616206443075,105517400.0,AAPL,,,,,,,,,,,,,,,,,,,,,,,,,
2025-09-23,253.4936065673828,256.3929004583055,252.64674396870498,254.93828225227924,60275200.0,AAPL,,,,,,,,,,,,,,,,,,,,,,,,,
2025-09-24,251.3813934326172,254.7987775332095,250.11606329601622,254.28068708944184,42303700.0,AAPL,,,,,,,,,,,,,,,,,,,,,,,,,
2025-09-25,255.9246063232422,256.22352044118514,250.7836088309123,252.27808820484515,55202100.0,AAPL,,,,,,,,,,,,,,,,,,,,,,,,,
2025-09-26,254.51980590820312,256.6519291955366,252.84598111295833,253.16481067495934,46076300.0,AAPL,,,,,,,,,,,,,,,,,,,,,,,,,
2025-09-29,253.4936065673828,254.06151607705354,252.07883445903423,253.6231329894407,40127700.0,AAPL,,,,,,,,,,,,,,,,,,,,,,,,,
2025-09-30,253.69285583496094,254.97810138533342,252.1784458386236,253.9220050782957,37704300.0,AAPL,,,,,,,,,,,,,,,,,,,,,,,,,
2025-10-01,254.5098419189453,257.83756097799323,253.9917514638179,254.10134722927504,48713900.0,AAPL,,,,,,,,,,,,,,,,,,,,,,,,,
2025-10-02,256.1836853027344,257.22980880920034,253.21464169746508,255.63569123318152,42630200.0,AAPL,,,,,,,,,,,,,,,,,,,,,,,,,
2025-10-03,257.0704040527344,258.28591533133675,253.0153906843864,253.7327421013528,49155600.0,AAPL,,,,,,,,,,,,,,,,,,,,,,,,,
2025-10-06,255.74526977539062,258.11651518827176,254.11130630837613,257.0404730386864,44664100.0,AAPL,,,,,,,,,,,,,,,,,,,,,,,,,
2025-10-07,255.53607177734375,256.45266881763376,254.48991791397023,255.86484387966763,31955800.0,AAPL,,,,,,,,,,,,,,,,,,,,,,,,,
2025-10-08,257.1102294921875,257.56852798749276,255.16739414069707,255.5758888188916,36496900.0,AAPL,,,,,,,,,,,,,,,,,,,,,,,,,
2025-10-09,253.10504150390625,257.05047407420307,252.20835988470006,256.8611709050607,38322000.0,AAPL,,,,,,,,,,,,,,,,,,,,,,,,,
2025-10-10,244.3673095703125,255.436420799504,243.10197943699816,254.00171816056968,61999100.0,AAPL,,,,,,,,,,,,,,,,,,,,,,,,,
2025-10-13,246.74851989746094,248.7710475029622,244.6562426215344,248.46219085423505,38142900.0,AAPL,,,,,,,,,,,,,,,,,,,,,,,,,
2025-10-14,246.8581085205078,247.93413549962378,243.79940008876653,245.69241642712313,35478000.0,AAPL,,,,,,,,,,,,,,,,,,,,,,,,,
2025-10-15,248.42233276367188,250.89321639065437,246.559219921403,248.57178982967116,33893600.0,AAPL,,,,,,,,,,,,,,,,,,,,,,,,,
2025-10-16,246.53929138183594,248.1234359576197,244.22783772705108,247.33635013275978,39777000.0,AAPL,,,,,,,,,,,,,,,,,,,,,,,,,
2025-10-17,251.36146545410156,252.44746537322095,246.35995200283696,247.10719170360767,49147000.0,AAPL,,,,,,,,,,,,,,,,,,,,,,,,,
2025-10-20,261.27484130859375,263.4069798400544,254.68918336894043,254.94822099113512,90483000.0,AAPL,,,,,,,,,,,,,,,,,,,,,,,,,
2025-10-21,261.8028869628906,264.3136317818121,260.86634411857244,260.9161783410852,46695900.0,AAPL,,,,,,,,,,,,,,,,,,,,,,,,,
2025-10-22,257.498779296875,261.88257888575197,254.48987503678674,261.6833028295614,45015300.0,AAPL,,,,,,,,,,,,,,,,,,,,,,,,,
2025-10-23,258.6246337890625,259.6608147081683,257.0604350924048,258.98332466328685,32754900.0,AAPL,,,,,,,,,,,,,,,,,,,,,,,,,
2025-10-24,261.8527526855469,263.1579290692685,258.2261343576155,260.2287466983284,38253700.0,AAPL,,,,,,,,,,,,,,,,,,,,,,,,,
2025-10-27,267.8206787109375,268.1295353654346,263.67598537979285,263.90514984178776,44888200.0,AAPL,,,,,,,,,,,,,,,,,,,,,,,,,
2025-10-28,268.0099792480469,268.89671830922975,267.1631014853557,268.00000632210845,41534800.0,AAPL,,,,,,,,,,,,,,,,,,,,,,,,,
2025-10-29,268.7073974609375,270.4110953948544,266.1269030442272,268.28892986747474,51086700.0,AAPL,,,,,,,,,,,,,,,,,,,,,,,,,
2025-10-30,270.401123046875,273.1310593223432,267.49188695276854,270.98894793982623,69886500.0,AAPL,,,,,,,,,,,,,,,,,,,,,,,,,
2025-10-31,269.37493896484375,276.29937269597025,268.16940070155243,275.9705701844509,86167100.0,AAPL,,,,,,,,,,,,,,,,,,,,,,,,,
2025-11-03,268.05975341796875,269.8531467885877,265.2700709373508,269.424736694289,50194600.0,AAPL,,,,,,,,,,,,,,,,,,,,,,,,,
2025-11-04,269.046142578125,270.49078769741067,266.6350358638735,267.3424142382169,49274800.0,AAPL,,,,,,,,,,,,,,,,,,,,,,,,,
2025-11-05,269.14581298828125,270.7000692568828,265.94760492323326,267.6214146886098,43683100.0,AAPL,,,,,,,,,,,,,,,,,,,,,,,,,
2025-11-06,268.7771301269531,272.3937751745226,266.90407480138714,266.90407480138714,51204000.0,AAPL,,,,,,,,,,,,,,,,,,,,,,,,,
2025-11-07,267.48193359375,271.2878818962731,265.7881780523408,268.80702532983145,48227400.0,AAPL,,,,,,,,,,,,,,,,,,,,,,,,,
2025-11-10,268.6986083984375,272.9869540449525,266.7339548671466,268.22988302493957,41312400.0,AAPL,,,,,,,,,,,,,,,,,,,,,,,,,
2025-11-11,274.5028381347656,275.1610502271484,269.06761990152603,269.0776024957972,46208300.0,AAPL,,,,,,,,,,,,,,,,,,,,,,,,,
2025-11-12,272.7276306152344,274.9815052844664,270.9624464716027,274.25347600982695,48398000.0,AAPL,,,,,,,,,,,,,,,,,,,,,,,,,
2025-11-13,272.2090759277344,275.9488963676571,271.3513946141157,273.36590026791555,49602800.0,AAPL,,,,,,,,,,,,,,,,,,,,,,,,,
2025-11-14,271.6705322265625,275.21088338895913,268.8681625557137,270.31420819279356,47431300.0,AAPL,,,,,,,,,,,,,,,,,,,,,,,,,
2025-11-17,266.73394775390625,269.7557213346742,265.00866346949266,268.09027174019775,45018300.0,AAPL,,,,,,,,,,,,,,,,,,,,,,,,,
2025-11-18,266.7140197753906,269.9751321987233,264.59977951795884,269.2570854665072,45677300.0,AAPL,,,,,,,,,,,,,,,,,,,,,,,,,
2025-11-19,267.8309631347656,271.47104873805114,264.77927226211665,264.80918960656476,40424500.0,AAPL,,,,,,,,,,,,,,,,,,,,,,,,,
2025-11-20,265.5272521972656,274.68232536305425,265.1981613886433,270.09480618650156,45823600.0,AAPL,,,,,,,,,,,,,,,,,,,,,,,,,
2025-11-21,270.7530212402344,272.5880228442522,264.9488429624803,265.22808167538,59030800.0,AAPL,,,,,,,,,,,,,,,,,,,,,,,,,
2025-11-24,275.1710205078125,276.24807542504453,270.164627965921,270.164627965921,65585800.0,AAPL,,,,,,,,,,,,,,,,,,,,,,,,,
2025-11-25,276.2181396484375,279.6188865292943,274.5028075356392,274.52274228722064,46914200.0,AAPL,,,,,,,,,,,,,,,,,,,,,,,,,
2025-11-26,276.79656982421875,278.7712060098946,275.8790842359358,276.2081750495132,33431400.0,AAPL,,,,,,,,,,,,,,,,,,,,,,,,,
2025-11-28,278.093017578125,278.2426042891834,275.2407657367699,276.5073375714406,20135600.0,AAPL,,,,,,,,,,,,,,,,,,,,,,,,,
2025-12-01,282.33148193359375,282.650620542313,275.390384584981,277.255303275414,46587700.0,AAPL,,,,,,,,,,,,,,,,,,,,,,,,,
2025-12-02,285.4131164550781,286.619823290159,281.86278279875575,282.231773534172,53669500.0,AAPL,,,,,,,,,,,,,,,,,,,,,,,,,
2025-12-03,283.378662109375,287.8365294074879,282.5309633672564,285.4231155973949,43538700.0,AAPL,,,,,,,,,,,,,,,,,,,,,,,,,
2025-12-04,279.93804931640625,283.9571086251454,277.8337611056945,283.32881389666403,43989100.0,AAPL,,,,,,,,,,,,,,,,,,,,,,,,,
2025-12-05,278.02325439453125,280.37686403379615,277.29522501275557,279.77848663840757,47265800.0,AAPL,,,,,,,,,,,,,,,,,,,,,,,,,
2025-12-08,277.1356506347656,278.9108174051644,275.4003533668138,277.374989388386,38211800.0,AAPL,,,,,,,,,,,,,,,,,,,,,,,,,
2025-12-09,276.4275817871094,279.2698514894354,276.16830825817004,277.40493251311347,32193300.0,AAPL,,,,,,,,,,,,,,,,,,,,,,,,,
2025-12-10,278.02325439453125,278.9906225605669,275.6896099437804,276.99605153243056,33038300.0,AAPL,,,,,,,,,,,,,,,,,,,,,,,,,
2025-12-11,277.2752380371094,278.83100071126506,273.06669274298736,278.342340640522,33248000.0,AAPL,,,,,,,,,,,,,,,,,,,,,,,,,
2025-12-12,277.52459716796875,278.4620479370953,276.0685689150702,277.14562382282355,39532900.0,AAPL,,,,,,,,,,,,,,,,,,,,,,,,,
2025-12-15,273.3658752441406,279.3894873363706,272.0993337942639,279.3894873363706,50409100.0,AAPL,,,,,,,,,,,,,,,,,,,,,,,,,
2025-12-16,273.8645324707031,274.752131096348,271.0522107383373,272.07941349564567,37648600.0,AAPL,,,,,,,,,,,,,,,,,,,,,,,,,
2025-12-17,271.10205078125,275.41033087528734,270.9026119684932,274.2634587890498,50138700.0,AAPL,,,,,,,,,,,,,,,,,,,,,,,,,
2025-12-18,271.45111083984375,272.8872042261758,266.22534517191764,272.86723904028526,51630700.0,AAPL,,,,,,,,,,,,,,,,,,,,,,,,,
2025-12-19,272.9271240234375,273.8545921928022,269.1673383776201,271.4112306527045,144632000.0,AAPL,,,,,,,,,,,,,,,,,,,,,,,,,
2025-12-22,270.2344665527344,273.1365711538121,269.775723721713,272.1193204151364,36571800.0,AAPL,,,,,,,,,,,,,,,,,,,,,,,,,
2025-12-23,271.62066650390625,271.7603010837797,268.8282792538215,270.1048034873943,29642000.0,AAPL,,,,,,,,,,,,,,,,,,,,,,,,,
2025-12-24,273.0667419433594,274.68233959340455,271.46112688748974,271.60073103225574,17910600.0,AAPL,,,,,,,,,,,,,,,,,,,,,,,,,
2025-12-26,272.6578063964844,274.6224597374741,272.11926379011726,273.4157529954652,21521800.0,AAPL,,,,,,,,,,,,,,,,,,,,,,,,,
2025-12-29,273.0168762207031,273.61522314661676,271.6107000753325,271.9497734782625,23715200.0,AAPL,,,,,,,,,,,,,,,,,,,,,,,,,
2025-12-30,272.33868408203125,273.3359694836473,271.54086793463244,272.06942798009953,22139600.0,AAPL,,,,,,,,,,,,,,,,,,,,,,,,,
2025-12-31,271.12200927734375,272.9370761103812,271.0123224859311,272.3187639976345,27293600.0,AAPL,,,,,,,,,,,,,,,,,,,,,,,,,
2026-01-02,270.2743225097656,277.0857683126949,268.2697691424855,271.52092924369913,37838100.0,AAPL,,,,,,,,,,,,,,,,,,,,,,,,,
2026-01-05,266.5345153808594,270.7729784841199,265.41756056202854,269.9053450243044,45647200.0,AAPL,,,,,,,,,,,,,,,,,,,,,,,,,
2026-01-06,261.6477966308594,266.82371056256306,261.40845786144683,266.27521573774703,52352100.0,AAPL,,,,,,,,,,,,,,,,,,,,,,,,,
2026-01-07,259.623291015625,262.964203143993,259.1047135716701,262.48552563718374,48309800.0,AAPL,,,,,,,,,,,,,,,,,,,,,,,,,
2026-01-08,258.33685302734375,258.5861744106298,255.00590778144198,256.32231677215987,50419300.0,AAPL,,,,,,,,,,,,,,,,,,,,,,,,,
2026-01-09,258.6659240722656,259.5036402038468,255.52448097015204,258.3767027680543,39997000.0,AAPL,,,,,,,,,,,,,,,,,,,,,,,,,
2026-01-12,259.54351806640625,260.5906555331263,256.1028713590674,258.45648066308013,45263800.0,AAPL,,,,,,,,,,,,,,,,,,,,,,,,,
2026-01-13,260.3413391113281,261.0992857475004,257.6885867541948,258.0176775418968,45730800.0,AAPL,,,,,,,,,,,,,,,,,,,,,,,,,
2026-01-14,259.25433349609375,261.10930037675524,256.0131555781144,258.78560808748875,40019400.0,AAPL,,,,,,,,,,,,,,,,,,,,,,,,,
2026-01-15,257.5090637207031,260.3313985459844,256.35220896361545,259.9424426175537,39388600.0,AAPL,,,,,,,,,,,,,,,,,,,,,,,,,
2026-01-16,254.8363494873047,258.1971965798445,254.23797213114116,257.1999111311508,72142800.0,AAPL,,,,,,,,,,,,,,,,,,,,,,,,,
2026-01-20,246.0303192138672,254.09835490933511,242.75922413209136,252.04394930256512,80267500.0,AAPL,,,,,,,,,,,,,,,,,,,,,,,,,
2026-01-21,246.97775268554688,250.8771427168815,244.51445623630568,248.02490552393743,54641700.0,AAPL,,,,,,,,,,,,,,,,,,,,,,,,,
2026-01-22,247.67584228515625,250.31864258405668,247.47637302553753,248.52352576906395,39708300.0,AAPL,,,,,,,,,,,,,,,,,,,,,,,,,
2026-01-23,247.36668395996094,248.7329754164565,244.01580413580567,246.6486524137701,41689000.0,AAPL,,,,,,,,,,,,,,,,,,,,,,,,,
2026-01-26,254.7166748046875,255.86354695988197,249.12190294519746,250.7973351598156,55969200.0,AAPL,,,,,,,,,,,,,,,,,,,,,,,,,
2026-01-27,257.5688781738281,261.23891141767155,257.50904348719195,258.4664593428383,49648300.0,AAPL,,,,,,,,,,,,,,,,,,,,,,,,,
2026-01-28,255.74388122558594,258.1572949521919,253.81911240916085,256.9505880888889,41288000.0,AAPL,,,,,,,,,,,,,,,,,,,,,,,,,
2026-01-29,257.5788879394531,258.94516415300217,253.7193980705993,257.29964922744847,67253000.0,AAPL,,,,,,,,,,,,,,,,,,,,,,,,,
2026-01-30,258.775634765625,261.1890484668085,251.49543285360957,254.47732177254832,92443400.0,AAPL,,,,,,,,,,,,,,,,,,,,,,,,,
2026-02-02,269.2770690917969,269.7557466562268,258.50636737104884,259.3241487899344,73913400.0,AAPL,,,,,,,,,,,,,,,,,,,,,,,,,
2026-02-03,268.7485046386719,271.1419837262723,266.88355520832346,268.4692659190308,64394700.0,AAPL,,,,,,,,,,,,,,,,,,,,,,,,,
2026-02-04,275.73944091796875,278.19278500760885,271.5508603406617,271.5508603406617,90545700.0,AAPL,,,,,,,,,,,,,,,,,,,,,,,,,
2026-02-05,275.1610107421875,278.7412615768201,272.48829324857786,277.3749854862336,52977400.0,AAPL,,,,,,,,,,,,,,,,,,,,,,,,,
2026-02-06,277.3650207519531,280.14745564173626,276.1782486476445,276.3677353153735,50453400.0,AAPL,,,,,,,,,,,,,,,,,,,,,,,,,
2026-02-09,274.13079833984375,277.70443813431814,271.2160169672847,277.41494619870406,44623400.0,AAPL,,,,,,,,,,,,,,,,,,,,,,,,,
2026-02-10,273.19244384765625,274.87943562430115,272.4537718732244,274.40031021957236,34376900.0,AAPL,,,,,,,,,,,,,,,,,,,,,,,,,
2026-02-11,275.00921630859375,279.6808719096702,273.9610989943363,274.2106536370846,51931300.0,AAPL,,,,,,,,,,,,,,,,,,,,,,,,,
2026-02-12,261.2637634277344,275.22883180172755,259.71650632997444,275.0990585104662,81077200.0,AAPL,,,,,,,,,,,,,,,,,,,,,,,,,
2026-02-13,255.32435607910156,261.7628783299504,254.9949421084194,261.5432690161623,56290700.0,AAPL,,,,,,,,,,,,,,,,,,,,,,,,,
2026-02-17,263.4099426269531,265.8156532326085,255.08478749757862,257.5903108294174,58469100.0,AAPL,,,,,,,,,,,,,,,,,,,,,,,,,
2026-02-18,263.8791198730469,266.3447212846438,261.9825104325609,263.13045584681157,34203300.0,AAPL,,,,,,,,,,,,,,,,,,,,,,,,,
2026-02-19,260.11578369140625,264.00886051677537,259.5867290635135,262.13220471573277,30845300.0,AAPL,,,,,,,,,,,,,,,,,,,,,,,,,
2026-02-20,264.1086730957031,264.2783836675007,257.7001265171608,258.50868117461044,42070500.0,AAPL,,,,,,,,,,,,,,,,,,,,,,,,,
2026-02-23,265.705810546875,268.95002088588865,262.91081074777924,263.0206001676805,37308200.0,AAPL,,,,,,,,,,,,,,,,,,,,,,,,,
2026-02-24,271.6552429199219,274.4003442568012,267.233111068832,267.38283777638213,47014600.0,AAPL,,,,,,,,,,,,,,,,,,,,,,,,,
2026-02-25,273.74151611328125,274.45024283739696,270.567157599074,271.29586819299504,33714300.0,AAPL,,,,,,,,,,,,,,,,,,,,,,,,,
2026-02-26,272.4637756347656,275.61811956353745,270.31758130113775,274.4602128097023,32345100.0,AAPL,,,,,,,,,,,,,,,,,,,,,,,,,
2026-02-27,263.70941162109375,272.3240439665745,262.4217314181026,272.3240439665745,72366500.0,AAPL,,,,,,,,,,,,,,,,,,,,,,,,,
2026-03-02,264.2484130859375,266.05518620599753,259.73647625260065,261.94253069595567,41827900.0,AAPL,,,,,,,,,,,,,,,,,,,,,,,,,
2026-03-03,263.2801818847656,265.08695529305965,259.6666350681776,263.0106738027697,38568900.0,AAPL,,,,,,,,,,,,,,,,,,,,,,,,,
2026-03-04,262.0523376464844,265.67587606267574,260.95432154975975,264.17854815272653,39803100.0,AAPL,,,,,,,,,,,,,,,,,,,,,,,,,
2026-03-05,259.8263244628906,261.09405110124777,256.79173142961054,260.3254337562426,49658600.0,AAPL,,,,,,,,,,,,,,,,,,,,,,,,,
2026-03-06,257.0013427734375,258.3090066542827,253.916851068475,258.16927189629365,41120000.0,AAPL,,,,,,,,,,,,,,,,,,,,,,,,,
2026-03-09,259.41705322265625,260.68477987096253,253.22808575123491,255.2345148744848,38218500.0,AAPL,,,,,,,,,,,,,,,,,,,,,,,,,
2026-03-10,260.3653564453125,262.01244158439727,256.4922936817907,257.19102845716964,30590800.0,AAPL,,,,,,,,,,,,,,,,,,,,,,,,,
2026-03-11,260.34539794921875,261.6630538494394,259.08763272962494,260.624897946549,26218900.0,AAPL,,,,,,,,,,,,,,,,,,,,,,,,,
2026-03-12,255.3043975830078,258.48873275942157,253.7272102811576,258.1992408199258,40794000.0,AAPL,,,,,,,,,,,,,,,,,,,,,,,,,
2026-03-13,249.6744384765625,255.87336762960538,249.07551643845036,255.024890934378,36930000.0,AAPL,,,,,,,,,,,,,,,,,,,,,,,,,
2026-03-16,252.36964416503906,253.43773019062647,249.4348789230203,251.66090222791988,32074200.0,AAPL,,,,,,,,,,,,,,,,,,,,,,,,,
2026-03-17,253.77711486816406,254.67552076289968,251.7307636559193,252.5093881906664,32361600.0,AAPL,,,,,,,,,,,,,,,,,,,,,,,,,
2026-03-18,249.49476623535156,254.48585937367065,248.55643828829037,252.1799767808244,35757900.0,AAPL,,,,,,,,,,,,,,,,,,,,,,,,,
2026-03-19,248.5165252685547,251.38140795985734,246.85947863088072,248.95572868612365,34864100.0,AAPL,,,,,,,,,,,,,,,,,,,,,,,,,
2026-03-20,247.54823303222656,248.75606899357115,245.56177255944445,247.53824109812177,88331100.0,AAPL,,,,,,,,,,,,,,,,,,,,,,,,,
2026-03-23,251.04200744628906,254.14646797882926,249.83415620831627,253.51758537106093,40546100.0,AAPL,,,,,,,,,,,,,,,,,,,,,,,,,
2026-03-24,251.1917266845703,254.37604644028636,249.10545347620703,249.90403139868116,45152300.0,AAPL,,,,,,,,,,,,,,,,,,,,,,,,,
2026-03-25,252.16998291015625,254.5457480998694,251.15181088451408,253.6473574345128,28476700.0,AAPL,,,,,,,,,,,,,,,,,,,,,,,,,
2026-03-26,252.43951416015625,256.5421934269488,250.32329549316128,251.67088153367666,41796700.0,AAPL,,,,,,,,,,,,,,,,,,,,,,,,,
2026-03-27,248.35679626464844,255.03488128462607,247.6281009352486,253.4477020992108,47900000.0,AAPL,,,,,,,,,,,,,,,,,,,,,,,,,
2026-03-30,246.19065856933594,250.4230956915925,245.07264337813007,249.62453299565456,39446200.0,AAPL,,,,,,,,,,,,,,,,,,,,,,,,,
2026-03-31,253.33790588378906,255.02489784868362,246.65983587287727,247.4683905467953,49598100.0,AAPL,,,,,,,,,,,,,,,,,,,,,,,,,
2026-04-01,255.1746368408203,255.72364490973627,252.8787309132899,253.6273948962928,40059400.0,AAPL,,,,,,,,,,,,,,,,,,,,,,,,,
2026-04-02,255.464111328125,255.6737439434535,250.20349485503914,253.74717405681358,31289400.0,AAPL,,,,,,,,,,,,,,,,,,,,,,,,,
2026-04-06,258.39886474609375,261.6930045642991,256.0031460821725,256.0530752925303,29329900.0,AAPL,,,,,,,,,,,,,,,,,,,,,,,,,
2026-04-07,253.0484161376953,255.7436185540334,245.2623079794448,255.70368128016966,62148000.0,AAPL,,,,,,,,,,,,,,,,,,,,,,,,,
2026-04-08,258.4388122558594,259.28730423338584,256.07303883918246,257.9896321241455,41032800.0,AAPL,,,,,,,,,,,,,,,,,,,,,,,,,
2026-04-09,260.0259704589844,260.6548530924392,255.61386101634736,258.5386343954405,28121600.0,AAPL,,,,,,,,,,,,,,,,,,,,,,,,,
2026-04-10,260.0159912109375,261.7229364827484,258.5585701252562,259.5168819122501,31291500.0,AAPL,,,,,,,,,,,,,,,,,,,,,,,,,
2026-04-13,258.73828125,259.71651601158027,256.2027973984465,259.2673359057164,36234700.0,AAPL,,,,,,,,,,,,,,,,,,,,,,,,,
2026-04-14,258.3689270019531,261.4634109961452,256.7318642110386,258.7881922504944,48370700.0,AAPL,,,,,,,,,,,,,,,,,,,,,,,,,
2026-04-15,265.95538330078125,266.08515659729386,257.35074355126085,257.7001261657452,49913500.0,AAPL,,,,,,,,,,,,,,,,,,,,,,,,,
2026-04-16,262.9307861328125,266.68409800240715,260.80457553569033,266.3247234477873,43323100.0,AAPL,,,,,,,,,,,,,,,,,,,,,,,,,
2026-04-17,269.7486267089844,271.8149160854778,266.24486962975914,266.4844323486072,61436200.0,AAPL,,,,,,,,,,,,,,,,,,,,,,,,,
2026-04-20,272.5635681152344,273.7913879220191,269.80850557942483,269.84841238867654,36590200.0,AAPL,,,,,,,,,,,,,,,,,,,,,,,,,
2026-04-21,265.69586181640625,272.3140256362382,264.9272139873882,271.0163536236942,50209800.0,AAPL,,,,,,,,,,,,,,,,,,,,,,,,,
2026-04-22,272.68341064453125,273.2523721409737,266.39461467279705,267.3429346055621,43249200.0,AAPL,,,,,,,,,,,,,,,,,,,,,,,,,
2026-04-23,272.9429016113281,275.2787294551341,271.1660737405759,274.56001085217736,33399600.0,AAPL,,,,,,,,,,,,,,,,,,,,,,,,,
2026-04-24,270.5771179199219,272.5735550213531,269.16962610782736,272.2741016414235,38157100.0,AAPL,,,,,,,,,,,,,,,,,,,,,,,,,
2026-04-27,267.1332702636719,267.88193422863776,264.59781690250213,265.6159889280984,41466800.0,AAPL,,,,,,,,,,,,,,,,,,,,,,,,,
2026-04-28,270.2277526855469,272.7432830913257,268.181416710472,271.8548539018017,40018900.0,AAPL,,,,,,,,,,,,,,,,,,,,,,,,,
2026-04-29,269.688720703125,270.55716597281076,266.56429174844374,267.07336249706583,30047900.0,AAPL,,,,,,,,,,,,,,,,,,,,,,,,,
2026-04-30,270.86663818359375,275.50834883767226,267.6623648300734,270.018146234023,91848200.0,AAPL,,,,,,,,,,,,,,,,,,,,,,,,,
2026-05-01,279.6409912109375,286.70836594964845,277.8741246788477,278.3632420760759,79915400.0,AAPL,,,,,,,,,,,,,,,,,,,,,,,,,
2026-05-04,276.3368225097656,280.13007120517506,274.3703307853319,279.16179801165765,46668400.0,AAPL,,,,,,,,,,,,,,,,,,,,,,,,,
2026-05-05,283.67376708984375,284.0630869835518,276.00745521106614,276.43668191704,49311700.0,AAPL,,,,,,,,,,,,,,,,,,,,,,,,,
2026-05-06,286.99786376953125,287.5169265187869,280.5693330033821,281.4178249779708,58336100.0,AAPL,,,,,,,,,,,,,,,,,,,,,,,,,
2026-05-07,286.927978515625,291.6096265406606,285.2709318587503,288.75470528792926,45224300.0,AAPL,,,,,,,,,,,,,,,,,,,,,,,,,
2026-05-08,292.7974853515625,294.2349225642168,289.48339230776435,289.49338424193445,52692800.0,AAPL,,,,,,,,,,,,,,,,,,,,,,,,,
2026-05-11,292.42779541015625,293.6267735875138,289.979924827367,291.72841688276577,42247300.0,AAPL,,,,,,,,,,,,,,,,,,,,,,,,,
2026-05-12,294.54595947265625,295.0155556946294,292.3078994315659,292.3078994315659,45748100.0,AAPL,,,,,,,,,,,,,,,,,,,,,,,,,
2026-05-13,298.6124572753906,300.6607090744109,293.24708951115105,293.24708951115105,52684300.0,AAPL,,,,,,,,,,,,,,,,,,,,,,,,,
2026-05-14,297.9530334472656,300.1911240450107,295.12548538387824,299.5616620172475,35324900.0,AAPL,,,,,,,,,,,,,,,,,,,,,,,,,
2026-05-15,299.9713134765625,302.93875555297063,296.26448829773227,297.643304079477,54862800.0,AAPL,,,,,,,,,,,,,,,,,,,,,,,,,
2026-05-18,297.5833435058594,300.4009207908792,294.6558756451712,299.98126929450746,34483000.0,AAPL,,,,,,,,,,,,,,,,,,,,,,,,,
2026-05-19,298.7123718261719,300.2510533099592,296.09463441963413,296.7140952726279,42243600.0,AAPL,,,,,,,,,,,,,,,,,,,,,,,,,
2026-05-20,301.98956298828125,302.5390768782648,297.82314269813475,297.9230626302997,38229800.0,AAPL,,,,,,,,,,,,,,,,,,,,,,,,,
2026-05-21,304.7271728515625,305.27671719779084,300.1411318265125,300.80056674721834,42965100.0,AAPL,,,,,,,,,,,,,,,,,,,,,,,,,
2026-05-22,308.55389404296875,311.13165741506583,305.57645096183757,305.85620846339293,43670200.0,AAPL,,,,,,,,,,,,,,,,,,,,,,,,,
2026-05-26,308.0643005371094,311.5513139598484,307.4048960873393,309.29325163060713,48000500.0,AAPL,,,,,,,,,,,,,,,,,,,,,,,,,
2026-05-27,310.5821533203125,312.9900803339556,308.0343323058515,308.0643052358437,50430900.0,AAPL,,,,,,,,,,,,,,,,,,,,,,,,,
2026-05-28,312.24072265625,312.5304508120942,309.30325358892543,310.412282475935,48220400.0,AAPL,,,,,,,,,,,,,,,,,,,,,,,,,
2026-05-29,311.7911071777344,314.7285763294451,309.2632884033746,311.5113496628706,70026800.0,AAPL,,,,,,,,,,,,,,,,,,,,,,,,,
2026-06-01,306.0460510253906,310.67206624496237,304.7571540774977,309.363197507879,48849900.0,AAPL,,,,,,,,,,,,,,,,,,,,,,,,,
2026-06-02,314.92840576171875,315.1781903378333,306.42572903356995,307.1950545511415,44534700.0,AAPL,,,,,,,,,,,,,,,,,,,,,,,,,
2026-06-03,309.9926452636719,316.6668815001487,308.5838566628498,313.9092501546009,50836700.0,AAPL,,,,,,,,,,,,,,,,,,,,,,,,,
2026-06-04,310.9618225097656,313.26982953176514,309.38316692864953,312.96009909963743,44869100.0,AAPL,,,,,,,,,,,,,,,,,,,,,,,,,
2026-06-05,307.0751647949219,314.8984348439246,306.8853260765596,312.5903972939029,65310500.0,AAPL,,,,,,,,,,,,,,,,,,,,,,,,,
2026-06-08,301.2801818847656,317.1265012321255,300.9105055796523,308.4739595974908,77949100.0,AAPL,,,,,,,,,,,,,,,,,,,,,,,,,
2026-06-09,290.29962158203125,300.4908444635933,287.5320194610898,300.0212482417878,70108800.0,AAPL,,,,,,,,,,,,,,,,,,,,,,,,,
2026-06-10,291.3287353515625,294.4960172141002,287.1323727394638,290.4894628291428,52793300.0,AAPL,,,,,,,,,,,,,,,,,,,,,,,,,
2026-06-11,295.375244140625,296.7440586571729,289.3404406054596,293.4668864344149,42572500.0,AAPL,,,,,,,,,,,,,,,,,,,,,,,,,
2026-06-12,290.879150390625,296.88398158337014,289.3704417369658,295.7749221682621,38742100.0,AAPL,,,,,,,,,,,,,,,,,,,,,,,,,
2026-06-15,296.1645812988281,297.5233947188816,291.4486474146935,293.8665449684006,45732600.0,AAPL,,,,,,,,,,,,,,,,,,,,,,,,,
2026-06-16,298.9821472167969,300.2210994929347,293.71669913987887,294.99559499590845,39874400.0,AAPL,,,,,,,,,,,,,,,,,,,,,,,,,
2026-06-17,295.6949768066406,301.8096980081642,294.10632015937927,300.59074812548096,42745100.0,AAPL,,,,,,,,,,,,,,,,,,,,,,,,,
2026-06-18,297.7532043457031,300.31099586682666,295.3652492546472,297.8530937792582,85962200.0,AAPL,,,,,,,,,,,,,,,,,,,,,,,,,
2026-06-22,296.75408935546875,302.1594314563154,296.5043047694293,297.05381866220307,44879900.0,AAPL,,,,,,,,,,,,,,,,,,,,,,,,,
2026-06-23,294.04638671875,301.3800886038737,293.9264950024863,297.2836155142734,52010900.0,AAPL,,,,,,,,,,,,,,,,,,,,,,,,,
2026-06-24,292.8274230957031,299.4417438827621,292.68755959702736,295.1054570720635,53081900.0,AAPL,,,,,,,,,,,,,,,,,,,,,,,,,
2026-06-25,274.91290283203125,288.55113481081804,273.5141152813601,287.1523472601469,107013700.0,AAPL,,,,,,,,,,,,,,,,,,,,,,,,,
2026-06-26,283.53546142578125,285.70360492137456,273.9737007161028,274.7630284991681,261775500.0,AAPL,,,,,,,,,,,,,,,,,,,,,,,,,
2026-06-29,281.4972229003906,288.12151489662153,279.6088673150861,286.4829438934296,66427000.0,AAPL,,,,,,,,,,,,,,,,,,,,,,,,,
2026-06-30,289.11065673828125,289.69017405322865,280.45814550695326,280.9277417485351,65100200.0,AAPL,,,,,,,,,,,,,,,,,,,,,,,,,
2026-07-01,294.1263427734375,296.33442991747245,288.95081360688545,293.1871503157195,50164200.0,AAPL,,,,,,,,,,,,,,,,,,,,,,,,,
2026-07-02,308.3640441894531,309.15337194761725,293.4269150966668,293.866538367699,75352800.0,AAPL,,,,,,,,,,,,,,,,,,,,,,,,,
2026-07-06,312.3905944824219,313.9292760509671,306.7354678654279,307.0951430290638,53590000.0,AAPL,,,,,,,,,,,,,,,,,,,,,,,,,
2026-07-07,310.3923034667969,315.20815732134815,309.88273318392555,315.0183186077797,42490000.0,AAPL,,,,,,,,,,,,,,,,,,,,,,,,,
2026-07-08,313.1199645996094,314.5487250421545,306.7854009831778,311.6412289475945,41323500.0,AAPL,,,,,,,,,,,,,,,,,,,,,,,,,
2026-07-09,315.947509765625,316.2572401947346,307.8944576262147,310.24243869469103,48124500.0,AAPL,,,,,,,,,,,,,,,,,,,,,,,,,
2026-07-10,315.0483093261719,316.6369356310425,311.9010296470402,314.4488202226986,34132300.0,AAPL,,,,,,,,,,,,,,,,,,,,,,,,,
2026-07-13,317.03656005859375,323.171283634363,315.5078797345754,316.7468014245228,43257800.0,AAPL,,,,,,,,,,,,,,,,,,,,,,,,,
2026-07-14,314.58868408203125,315.91755515351207,311.64124426456783,313.48965629761443,36336800.0,AAPL,,,,,,,,,,,,,,,,,,,,,,,,,
2026-07-15,327.2178039550781,328.44675508114506,317.0465830462295,317.34631234952286,60957600.0,AAPL,,,,,,,,,,,,,,,,,,,,,,,,,
2026-07-16,332.97283935546875,334.3915986652446,326.50841333986017,327.72736328456057,62970600.0,AAPL,,,,,,,,,,,,,,,,,,,,,,,,,
2026-07-17,333.452392578125,334.7013154010385,328.71648699084636,331.693929977533,63407100.0,AAPL,,,,,,,,,,,,,,,,,,,,,,,,,
2026-07-20,326.3085632324219,333.4224228207836,323.4010672140761,333.2226134619852,53468000.0,AAPL,,,,,,,,,,,,,,,,,,,,,,,,,
2026-07-21,327.45758056640625,329.3159936819017,321.94234806189104,322.85156758462244,41338900.0,AAPL,,,,,,,,,,,,,,,,,,,,,,,,,
2026-07-22,325.60919189453125,328.7164973399543,323.0613709608057,327.58746619388995,38755900.0,AAPL,,,,,,,,,,,,,,,,,,,,,,,,,
2026-07-23,321.3828430175781,323.0214140443725,319.0748358849152,321.4527900194849,40840800.0,AAPL,,,,,,,,,,,,,,,,,,,,,,,,,
2026-07-24,332.7330322265625,334.0818750563203,321.3428614810286,321.5127284115298,47489400.0,AAPL,,,,,,,,,,,,,,,,,,,,,,,,,
2026-07-27,336.61968994140625,339.277401491225,333.73216560461384,334.2517370375488,49604300.0,AAPL,,,,,,,,,,,,,,,,,,,,,,,,,
2026-07-28,339.78692626953125,342.59453283396704,335.31080637618777,339.73698155301014,51859000.0,AAPL,,,,,,,,,,,,,,,,,,,,,,,,,
2026-07-29,337.8985900878906,344.2730974331505,337.0593175600121,339.43727163464206,56090800.0,AAPL,,,,,,,,,,,,,,,,,,,,,,,,,
2026-07-30,333.1426696777344,334.4615395264105,329.30598233808786,332.8129674612056,74817800.0,AAPL,,,,,,,,,,,,,,,,,,,,,,,,,
2026-07-31,308.6438293457031,310.4222943774597,299.7415030462749,304.54735603914753,132489100.0,AAPL,,,,,,,,,,,,,,,,,,,,,,,,,
2026-08-03,303.1585693359375,311.5313230344714,302.29929450581176,309.313234694189,75052000.0,AAPL,,,,,,,,,,,,,,,,,,,,,,,,,
2026-08-04,309.1134033203125,310.1525156602479,301.0603512911937,302.46913991298527,68001000.0,AAPL,,,,,,,,,,,,,,,,,,,,,,,,,
2026-08-05,310.7320251464844,311.4414048335362,305.40663118634393,309.09342362565195,49438800.0,AAPL,,,,,,,,,,,,,,,,,,,,,,,,,
2026-08-06,312.14080810546875,316.0174696892129,308.96355554648414,314.06913775686996,46139900.0,AAPL,,,,,,,,,,,,,,,,,,,,,,,,,
2026-08-07,313.05999755859375,314.53873325457766,310.47223295908327,311.1816431226555,34437200.0,AAPL,,,,,,,,,,,,,,,,,,,,,,,,,
2026-08-10,308.260009765625,308.260009765625,304.6099853515625,306.8299865722656,44812500.0,AAPL,,,,,,,,,,,,,,,,,,,,,,,,,
2026-08-11,304.9100036621094,309.9700012207031,302.7900085449219,307.75,37476700.0,AAPL,,,,,,,,,,,,,,,,,,,,,,,,,
2026-08-12,302.25,305.6600036621094,300.57000732421875,305.1000061035156,41657800.0,AAPL,,,,,,,,,,,,,,,,,,,,,,,,,
2026-08-13,305.260009765625,306.0,302.04998779296875,304.2099914550781,40349300.0,AAPL,,,,,,,,,,,,,,,,,,,,,,,,,
2026-08-14,305.92999267578125,307.489990234375,304.29998779296875,306.0,28229400.0,AAPL,,,,,,,,,,,,,,,,,,,,,,,,,
2026-08-17,305.5899963378906,307.6600036621094,302.94000244140625,306.2099914550781,38169300.0,AAPL,,,,,,,,,,,,,,,,,,,,,,,,,
2026-08-18,310.0299987792969,311.489990234375,305.739990234375,307.5799865722656,53424500.0,AAPL,,,,,,,,,,,,,,,,,,,,,,,,,
2026-08-19,316.8299865722656,319.2799987792969,309.6000061035156,310.1400146484375,50505600.0,AAPL,,,,,,,,,,,,,,,,,,,,,,,,,
2026-08-20,311.29998779296875,320.2799987792969,310.6499938964844,317.4599914550781,40959200.0,AAPL,,,,,,,,,,,,,,,,,,,,,,,,,
2026-08-21,309.3500061035156,312.3800048828125,307.010009765625,312.04998779296875,46876800.0,AAPL,,,,,,,,,,,,,,,,,,,,,,,,,
2026-08-24,310.3399963378906,313.3599853515625,309.9700012207031,311.4700012207031,34673600.0,AAPL,,,,,,,,,,,,,,,,,,,,,,,,,
2026-08-25,309.8999938964844,313.5899963378906,308.2099914550781,310.7900085449219,25869800.0,AAPL,,,,,,,,,,,,,,,,,,,,,,,,,
2026-08-26,313.45001220703125,315.42999267578125,308.79998779296875,310.29998779296875,34024500.0,AAPL,,,,,,,,,,,,,,,,,,,,,,,,,
2026-08-27,314.5799865722656,315.3999938964844,309.3999938964844,310.54998779296875,32419200.0,AAPL,,,,,,,,,,,,,,,,,,,,,,,,,
2026-08-28,319.70001220703125,322.3699951171875,315.45001220703125,316.8500061035156,38649400.0,AAPL,,,,,,,,,,,,,,,,,,,,,,,,,
2026-08-31,316.8500061035156,321.239990234375,312.79998779296875,319.6000061035156,41242700.0,AAPL,,,,,,,,,,,,,,,,,,,,,,,,,
2026-09-01,325.1300048828125,327.29998779296875,314.7300109863281,316.9800109863281,53167400.0,AAPL,,,,,,,,,,,,,,,,,,,,,,,,,
2026-09-02,324.9599914550781,328.3999938964844,323.5299987792969,326.8699951171875,33776400.0,AAPL,,,,,,,,,,,,,,,,,,,,,,,,,
2026-09-03,328.2099914550781,330.80999755859375,324.1099853515625,324.8699951171875,37225800.0,AAPL,,,,,,,,,,,,,,,,,,,,,,,,,
2026-09-04,319.9700012207031,328.92999267578125,317.8599853515625,328.30999755859375,39606900.0,AAPL,,,,,,,,,,,,,,,,,,,,,,,,,
2026-09-08,316.2200012207031,320.70001220703125,314.8999938964844,317.1000061035156,35477100.0,AAPL,,,,,,,,,,,,,,,,,,,,,,,,,
2026-09-09,315.3399963378906,319.1499938964844,309.8999938964844,315.489990234375,65640000.0,AAPL,,,,,,,,,,,,,,,,,,,,,,,,,
2026-09-10,326.57000732421875,326.739990234375,316.510009765625,316.6700134277344,70011900.0,AAPL,,,,,,,,,,,,,,,,,,,,,,,,,
2026-09-11,332.2699890136719,336.2200012207031,326.29998779296875,327.45001220703125,50716900.0,AAPL,,,,,,,,,,,,,,,,,,,,,,,,,
2026-09-14,333.0799865722656,335.5,331.3399963378906,334.7900085449219,39269100.0,AAPL,,,,,,,,,,,,,,,,,,,,,,,,,
2026-09-15,331.3399963378906,331.7799987792969,328.3500061035156,330.1400146484375,31748200.0,AAPL,,,,,,,,,,,,,,,,,,,,,,,,,
2026-09-16,332.4100036621094,335.4800109863281,330.70001220703125,332.5299987792969,35981000.0,AAPL,,,,,,,,,,,,,,,,,,,,,,,,,
2026-09-17,337.0,338.3399963378906,330.17999267578125,334.7699890136719,36700200.0,AAPL,,,,,,,,,,,,,,,,,,,,,,,,,
2026-09-18,336.1300048828125,338.489990234375,332.5299987792969,337.9100036621094,86588200.0,AAPL,,,,,,,,,,,,,,,,,,,,,,,,,
2026-09-21,338.9800109863281,339.6400146484375,333.04998779296875,335.2799987792969,34999200.0,AAPL,,,,,,,,,,,,,,,,,,,,,,,,,
2026-09-22,339.75,345.3399963378906,338.75,340.1400146484375,40711800.0,AAPL,,,,,,,,,,,,,,,,,,,,,,,,,
2026-09-23,337.0199890136719,341.79998779296875,335.5,341.0799865722656,31658800.0,AAPL,,,,,,,,,,,,,,,,,,,,,,,,,
2026-09-24,335.9200134277344,338.9100036621094,334.29998779296875,336.7200012207031,24733100.0,AAPL,,,,,,,,,,,,,,,,,,,,,,,,,
2026-09-25,341.07000732421875,341.6700134277344,334.5299987792969,336.0400085449219,29950100.0,AAPL,,,,,,,,,,,,,,,,,,,,,,,,,
2021-09-27,,,,,,TSLA,263.78668212890625,266.3333435058594,256.4366760253906,257.7066650390625,84212100.0,,,,,,,,,,,,,,,,,,,,
2021-09-28,,,,,,TSLA,259.1866760253906,265.21331787109375,255.39332580566406,262.3999938964844,76144200.0,,,,,,,,,,,,,,,,,,,,
2021-09-29,,,,,,TSLA,260.4366760253906,264.5,256.8933410644531,259.9333190917969,62828700.0,,,,,,,,,,,,,,,,,,,,
2021-09-30,,,,,,TSLA,258.49334716796875,263.0433349609375,258.3333435058594,260.3333435058594,53868000.0,,,,,,,,,,,,,,,,,,,,
2021-10-01,,,,,,TSLA,258.40667724609375,260.260009765625,254.52999877929688,259.4666748046875,51094200.0,,,,,,,,,,,,,,,,,,,,
2021-10-04,,,,,,TSLA,260.510009765625,268.989990234375,258.7066650390625,265.5,91449900.0,,,,,,,,,,,,,,,,,,,,
2021-10-05,,,,,,TSLA,260.1966552734375,265.7699890136719,258.0666809082031,261.6000061035156,55297800.0,,,,,,,,,,,,,,,,,,,,
2021-10-06,,,,,,TSLA,260.9166564941406,262.2200012207031,257.739990234375,258.73333740234375,43898400.0,,,,,,,,,,,,,,,,,,,,
2021-10-07,,,,,,TSLA,264.53668212890625,268.3333435058594,261.1266784667969,261.82000732421875,57587400.0,,,,,,,,,,,,,,,,,,,,
2021-10-08,,,,,,TSLA,261.8299865722656,265.4599914550781,260.3033447265625,265.4033203125,50215800.0,,,,,,,,,,,,,,,,,,,,
2021-10-11,,,,,,TSLA,263.9800109863281,267.0799865722656,261.8333435058594,262.54998779296875,42600900.0,,,,,,,,,,,,,,,,,,,,
2021-10-12,,,,,,TSLA,268.5733337402344,270.7733459472656,265.5233459472656,266.9766540527344,66060000.0,,,,,,,,,,,,,,,,,,,,
2021-10-13,,,,,,TSLA,270.3599853515625,271.8033447265625,268.59332275390625,270.15667724609375,42360300.0,,,,,,,,,,,,,,,,,,,,
2021-10-14,,,,,,TSLA,272.7733459472656,273.4166564941406,271.1166687011719,271.8299865722656,36741600.0,,,,,,,,,,,,,,,,,,,,
2021-10-15,,,,,,TSLA,281.010009765625,281.07000732421875,274.1166687011719,274.5799865722656,56773800.0,,,,,,,,,,,,,,,,,,,,
2021-10-18,,,,,,TSLA,290.03668212890625,291.7533264160156,283.8233337402344,283.92999267578125,72621600.0,,,,,,,,,,,,,,,,,,,,
2021-10-19,,,,,,TSLA,288.0899963378906,292.6499938964844,287.5033264160156,292.510009765625,52143300.0,,,,,,,,,,,,,,,,,,,,
2021-10-20,,,,,,TSLA,288.6000061035156,289.8299865722656,285.7933349609375,288.45001220703125,42096300.0,,,,,,,,,,,,,,,,,,,,
2021-10-21,,,,,,TSLA,298.0,300.0,285.1666564941406,285.3333435058594,94444500.0,,,,,,,,,,,,,,,,,,,,
2021-10-22,,,,,,TSLA,303.2266540527344,303.3333435058594,296.9866638183594,298.5,68642400.0,,,,,,,,,,,,,,,,,,,,
2021-10-25,,,,,,TSLA,341.6199951171875,348.3399963378906,314.73333740234375,316.84332275390625,188556300.0,,,,,,,,,,,,,,,,,,,,
2021-10-26,,,,,,TSLA,339.4766540527344,364.9800109863281,333.8133239746094,341.5633239746094,187245000.0,,,,,,,,,,,,,,,,,,,,
2021-10-27,,,,,,TSLA,345.9533386230469,356.9599914550781,343.59332275390625,346.5533447265625,115579500.0,,,,,,,,,,,,,,,,,,,,
2021-10-28,,,,,,TSLA,359.0133361816406,360.3333435058594,351.3999938964844,356.10333251953125,81639600.0,,,,,,,,,,,,,,,,,,,,
2021-10-29,,,,,,TSLA,371.3333435058594,371.7366638183594,357.7366638183594,360.6199951171875,89755200.0,,,,,,,,,,,,,,,,,,,,
2021-11-01,,,,,,TSLA,402.86334228515625,403.25,372.88665771484375,381.6666564941406,168146100.0,,,,,,,,,,,,,,,,,,,,
2021-11-02,,,,,,TSLA,390.6666564941406,402.86334228515625,382.0,386.4533386230469,128213400.0,,,,,,,,,,,,,,,,,,,,
2021-11-03,,,,,,TSLA,404.6199951171875,405.1300048828125,384.2066650390625,392.4433288574219,103885500.0,,,,,,,,,,,,,,,,,,,,
2021-11-04,,,,,,TSLA,409.9700012207031,414.4966735839844,405.6666564941406,411.4700012207031,76192200.0,,,,,,,,,,,,,,,,,,,,
2021-11-05,,,,,,TSLA,407.36334228515625,413.2900085449219,402.6666564941406,409.3333435058594,64886400.0,,,,,,,,,,,,,,,,,,,,
2021-11-08,,,,,,TSLA,387.64666748046875,399.0,377.6666564941406,383.2633361816406,100337100.0,,,,,,,,,,,,,,,,,,,,
2021-11-09,,,,,,TSLA,341.1666564941406,391.5,337.17333984375,391.20001220703125,177317400.0,,,,,,,,,,,,,,,,,,,,
2021-11-10,,,,,,TSLA,355.98333740234375,359.3666687011719,329.10333251953125,336.8033447265625,128408100.0,,,,,,,,,,,,,,,,,,,,
2021-11-11,,,,,,TSLA,354.5033264160156,368.3233337402344,351.55999755859375,367.5899963378906,67189800.0,,,,,,,,,,,,,,,,,,,,
2021-11-12,,,,,,TSLA,344.47332763671875,351.5,339.73333740234375,349.1666564941406,76719300.0,,,,,,,,,,,,,,,,,,,,
2021-11-15,,,,,,TSLA,337.7966613769531,343.99334716796875,326.20001220703125,339.2099914550781,104326800.0,,,,,,,,,,,,,,,,,,,,
2021-11-16,,,,,,TSLA,351.57666015625,352.3999938964844,334.05999755859375,334.4366760253906,79627200.0,,,,,,,,,,,,,,,,,,,,
2021-11-17,,,,,,TSLA,363.0033264160156,373.21331787109375,351.8333435058594,354.5033264160156,94336200.0,,,,,,,,,,,,,,,,,,,,
2021-11-18,,,,,,TSLA,365.4599914550781,370.6666564941406,358.3399963378906,368.8500061035156,62696700.0,,,,,,,,,,,,,,,,,,,,
2021-11-19,,,,,,TSLA,379.0199890136719,379.5733337402344,364.23333740234375,366.2900085449219,64926900.0,,,,,,,,,,,,,,,,,,,,
2021-11-22,,,,,,TSLA,385.6233215332031,400.6499938964844,377.4766540527344,387.4433288574219,99217500.0,,,,,,,,,,,,,,,,,,,,
2021-11-23,,,,,,TSLA,369.6766662597656,393.5,354.23333740234375,389.1700134277344,108515100.0,,,,,,,,,,,,,,,,,,,,
2021-11-24,,,,,,TSLA,372.0,377.5899963378906,354.0,360.1300048828125,67680600.0,,,,,,,,,,,,,,,,,,,,
2021-11-26,,,,,,TSLA,360.6400146484375,369.59332275390625,360.3333435058594,366.489990234375,35042700.0,,,,,,,,,,,,,,,,,,,,
2021-11-29,,,,,,TSLA,378.9966735839844,380.8900146484375,366.7300109863281,366.9966735839844,58393500.0,,,,,,,,,,,,,,,,,,,,
2021-11-30,,,,,,TSLA,381.586669921875,389.3333435058594,372.6666564941406,381.4566650390625,81276000.0,,,,,,,,,,,,,,,,,,,,
2021-12-01,,,,,,TSLA,365.0,390.9466552734375,363.586669921875,386.8999938964844,68450400.0,,,,,,,,,,,,,,,,,,,,
2021-12-02,,,,,,TSLA,361.5333251953125,371.0,352.2166748046875,366.35333251953125,73114800.0,,,,,,,,,,,,,,,,,,,,
2021-12-03,,,,,,TSLA,338.3233337402344,363.52667236328125,333.4033203125,361.5966796875,92322000.0,,,,,,,,,,,,,,,,,,,,
2021-12-06,,,,,,TSLA,336.336669921875,340.5466613769531,316.8333435058594,333.836669921875,81663000.0,,,,,,,,,,,,,,,,,,,,
2021-12-07,,,,,,TSLA,350.5833435058594,352.5566711425781,342.2699890136719,348.0666809082031,56084700.0,,,,,,,,,,,,,,,,,,,,
2021-12-08,,,,,,TSLA,356.32000732421875,357.4599914550781,344.3333435058594,350.9033203125,41906400.0,,,,,,,,,,,,,,,,,,,,
2021-12-09,,,,,,TSLA,334.6000061035156,354.163330078125,334.1199951171875,353.5466613769531,59438400.0,,,,,,,,,,,,,,,,,,,,
2021-12-10,,,,,,TSLA,339.010009765625,340.32666015625,327.510009765625,336.25,59664300.0,,,,,,,,,,,,,,,,,,,,
2021-12-13,,,,,,TSLA,322.13665771484375,335.0,317.1400146484375,333.6966552734375,78595500.0,,,,,,,,,,,,,,,,,,,,
2021-12-14,,,,,,TSLA,319.5033264160156,322.13665771484375,310.0,315.0,70806300.0,,,,,,,,,,,,,,,,,,,,
2021-12-15,,,,,,TSLA,325.3299865722656,326.25,309.4166564941406,317.7366638183594,75169200.0,,,,,,,,,,,,,,,,,,,,
2021-12-16,,,,,,TSLA,308.97332763671875,331.6600036621094,307.2833251953125,331.5,82771500.0,,,,,,,,,,,,,,,,,,,,
2021-12-17,,,,,,TSLA,310.8566589355469,320.2200012207031,303.0133361816406,304.92333984375,100437300.0,,,,,,,,,,,,,,,,,,,,
2021-12-20,,,,,,TSLA,299.9800109863281,307.2300109863281,297.7966613769531,303.5666809082031,56480100.0,,,,,,,,,,,,,,,,,,,,
2021-12-21,,,,,,TSLA,312.84332275390625,313.1666564941406,295.3733215332031,305.6233215332031,71517900.0,,,,,,,,,,,,,,,,,,,,
2021-12-22,,,,,,TSLA,336.2900085449219,338.5533447265625,319.01666259765625,321.88665771484375,93634200.0,,,,,,,,,,,,,,,,,,,,
2021-12-23,,,,,,TSLA,355.6666564941406,357.6600036621094,332.5199890136719,335.6000061035156,92713200.0,,,,,,,,,,,,,,,,,,,,
2021-12-27,,,,,,TSLA,364.64666748046875,372.3333435058594,356.90667724609375,357.8900146484375,71145900.0,,,,,,,,,,,,,,,,,,,,
2021-12-28,,,,,,TSLA,362.8233337402344,373.0,359.47332763671875,369.8299865722656,60324000.0,,,,,,,,,,,,,,,,,,,,
2021-12-29,,,,,,TSLA,362.0633239746094,368.0,354.71331787109375,366.21331787109375,56154000.0,,,,,,,,,,,,,,,,,,,,
2021-12-30,,,,,,TSLA,356.7799987792969,365.1833190917969,351.04998779296875,353.77667236328125,47040900.0,,,,,,,,,,,,,,,,,,,,
2021-12-31,,,,,,TSLA,352.260009765625,360.6666564941406,351.5299987792969,357.8133239746094,40733700.0,,,,,,,,,,,,,,,,,,,,
2022-01-03,,,,,,TSLA,399.9266662597656,400.3566589355469,378.67999267578125,382.5833435058594,103931400.0,,,,,,,,,,,,,,,,,,,,
2022-01-04,,,,,,TSLA,383.1966552734375,402.6666564941406,374.3500061035156,396.51666259765625,100248300.0,,,,,,,,,,,,,,,,,,,,
2022-01-05,,,,,,TSLA,362.7066650390625,390.11334228515625,360.336669921875,382.2166748046875,80119800.0,,,,,,,,,,,,,,,,,,,,
2022-01-06,,,,,,TSLA,354.8999938964844,362.6666564941406,340.1666564941406,359.0,90336600.0,,,,,,,,,,,,,,,,,,,,
2022-01-07,,,,,,TSLA,342.32000732421875,360.30999755859375,336.6666564941406,360.1233215332031,84164700.0,,,,,,,,,,,,,,,,,,,,
2022-01-10,,,,,,TSLA,352.7066650390625,353.0333251953125,326.6666564941406,333.3333435058594,91815000.0,,,,,,,,,,,,,,,,,,,,
2022-01-11,,,,,,TSLA,354.79998779296875,358.6166687011719,346.2733459472656,351.22332763671875,66063300.0,,,,,,,,,,,,,,,,,,,,
2022-01-12,,,,,,TSLA,368.739990234375,371.61334228515625,357.5299987792969,359.6166687011719,83739000.0,,,,,,,,,,,,,,,,,,,,
2022-01-13,,,,,,TSLA,343.85333251953125,371.8666687011719,342.17999267578125,369.69000244140625,97209900.0,,,,,,,,,,,,,,,,,,,,
2022-01-14,,,,,,TSLA,349.8699951171875,350.6666564941406,337.7933349609375,339.9599914550781,72924300.0,,,,,,,,,,,,,,,,,,,,
2022-01-18,,,,,,TSLA,343.5033264160156,356.92999267578125,338.6866760253906,342.2033386230469,66743400.0,,,,,,,,,,,,,,,,,,,,
2022-01-19,,,,,,TSLA,331.8833312988281,351.5566711425781,331.6666564941406,347.2366638183594,75442500.0,,,,,,,,,,,,,,,,,,,,
2022-01-20,,,,,,TSLA,332.0899963378906,347.2200012207031,331.3333435058594,336.57666015625,70488600.0,,,,,,,,,,,,,,,,,,,,
2022-01-21,,,,,,TSLA,314.6333312988281,334.8500061035156,313.5,332.11334228515625,103416000.0,,,,,,,,,,,,,,,,,,,,
2022-01-24,,,,,,TSLA,310.0,311.1700134277344,283.8233337402344,301.586669921875,151565700.0,,,,,,,,,,,,,,,,,,,,
2022-01-25,,,,,,TSLA,306.1333312988281,317.086669921875,301.07000732421875,304.73333740234375,86595900.0,,,,,,,,,,,,,,,,,,,,
2022-01-26,,,,,,TSLA,312.4700012207031,329.2300109863281,302.0,317.4766540527344,104867400.0,,,,,,,,,,,,,,,,,,,,
2022-01-27,,,,,,TSLA,276.3666687011719,311.7966613769531,276.3333435058594,311.1199951171875,147109500.0,,,,,,,,,,,,,,,,,,,,
2022-01-28,,,,,,TSLA,282.1166687011719,285.8333435058594,264.0033264160156,277.1866760253906,134789100.0,,,,,,,,,,,,,,,,,,,,
2022-01-31,,,,,,TSLA,312.239990234375,312.663330078125,287.3500061035156,290.9033203125,104436000.0,,,,,,,,,,,,,,,,,,,,
2022-02-01,,,,,,TSLA,310.4166564941406,314.5666809082031,301.6666564941406,311.7366638183594,73138200.0,,,,,,,,,,,,,,,,,,,,
2022-02-02,,,,,,TSLA,301.88665771484375,310.5,296.4700012207031,309.3933410644531,66792900.0,,,,,,,,,,,,,,,,,,,,
2022-02-03,,,,,,TSLA,297.0466613769531,312.3333435058594,293.50665283203125,294.0,78855600.0,,,,,,,,,,,,,,,,,,,,
2022-02-04,,,,,,TSLA,307.7733459472656,312.1666564941406,293.72332763671875,299.0733337402344,73625400.0,,,,,,,,,,,,,,,,,,,,
2022-02-07,,,,,,TSLA,302.4466552734375,315.92333984375,300.9033203125,307.92999267578125,60994500.0,,,,,,,,,,,,,,,,,,,,
2022-02-08,,,,,,TSLA,307.3333435058594,308.7633361816406,298.26666259765625,301.84332275390625,50729100.0,,,,,,,,,,,,,,,,,,,,
2022-02-09,,,,,,TSLA,310.6666564941406,315.42333984375,306.6666564941406,311.6666564941406,52259400.0,,,,,,,,,,,,,,,,,,,,
2022-02-10,,,,,,TSLA,301.51666259765625,314.60333251953125,298.8999938964844,302.7900085449219,66126900.0,,,,,,,,,,,,,,,,,,,,
2022-02-11,,,,,,TSLA,286.6666564941406,305.32000732421875,283.5666809082031,303.2099914550781,79645800.0,,,,,,,,,,,,,,,,,,,,
2022-02-14,,,,,,TSLA,291.9200134277344,299.6266784667969,284.3833312988281,287.19000244140625,67756500.0,,,,,,,,,,,,,,,,,,,,
2022-02-15,,,,,,TSLA,307.4766540527344,307.6666564941406,297.7933349609375,300.0,57286200.0,,,,,,,,,,,,,,,,,,,,
2022-02-16,,,,,,TSLA,307.7966613769531,308.80999755859375,300.4033203125,304.6833190917969,51294300.0,,,,,,,,,,,,,,,,,,,,
2022-02-17,,,,,,TSLA,292.1166687011719,306.1666564941406,291.3666687011719,304.4200134277344,55178400.0,,,,,,,,,,,,,,,,,,,,
2022-02-18,,,,,,TSLA,285.6600036621094,295.6233215332031,279.2033386230469,295.3333435058594,68501700.0,,,,,,,,,,,,,,,,,,,,
2022-02-22,,,,,,TSLA,273.84332275390625,285.57666015625,267.0333251953125,278.0433349609375,83288100.0,,,,,,,,,,,,,,,,,,,,
2022-02-23,,,,,,TSLA,254.67999267578125,278.4333190917969,253.52000427246094,276.80999755859375,95256900.0,,,,,,,,,,,,,,,,,,,,
2022-02-24,,,,,,TSLA,266.92333984375,267.49334716796875,233.3333282470703,233.4633331298828,135322200.0,,,,,,,,,,,,,,,,,,,,
2022-02-25,,,,,,TSLA,269.9566650390625,273.1666564941406,260.79998779296875,269.74334716796875,76067700.0,,,,,,,,,,,,,,,,,,,,
2022-02-28,,,,,,TSLA,290.1433410644531,292.28668212890625,271.57000732421875,271.6700134277344,99006900.0,,,,,,,,,,,,,,,,,,,,
2022-03-01,,,,,,TSLA,288.1233215332031,296.6266784667969,284.59332275390625,289.8933410644531,74766900.0,,,,,,,,,,,,,,,,,,,,
2022-03-02,,,,,,TSLA,293.2966613769531,295.49334716796875,281.42333984375,290.7099914550781,74643300.0,,,,,,,,,,,,,,,,,,,,
2022-03-03,,,,,,TSLA,279.7633361816406,295.4800109863281,277.5333251953125,292.92333984375,61623600.0,,,,,,,,,,,,,,,,,,,,
2022-03-04,,,,,,TSLA,279.42999267578125,285.2166748046875,275.0533447265625,283.0333251953125,66999600.0,,,,,,,,,,,,,,,,,,,,
2022-03-07,,,,,,TSLA,268.1933288574219,288.71331787109375,268.19000244140625,285.4333190917969,72494100.0,,,,,,,,,,,,,,,,,,,,
2022-03-08,,,,,,TSLA,274.79998779296875,283.3299865722656,260.72332763671875,265.1766662597656,80399100.0,,,,,,,,,,,,,,,,,,,,
2022-03-09,,,,,,TSLA,286.3233337402344,286.85333251953125,277.336669921875,279.82666015625,59184000.0,,,,,,,,,,,,,,,,,,,,
2022-03-10,,,,,,TSLA,279.4333190917969,284.8166809082031,270.1199951171875,283.8166809082031,58648500.0,,,,,,,,,,,,,,,,,,,,
2022-03-11,,,,,,TSLA,265.1166687011719,281.26666259765625,264.5899963378906,280.0666809082031,67037100.0,,,,,,,,,,,,,,,,,,,,
2022-03-14,,,,,,TSLA,255.4566650390625,266.8999938964844,252.01333618164062,260.2033386230469,71152200.0,,,,,,,,,,,,,,,,,,,,
2022-03-15,,,,,,TSLA,267.2966613769531,268.5233459472656,252.19000244140625,258.42333984375,66841200.0,,,,,,,,,,,,,,,,,,,,
2022-03-16,,,,,,TSLA,280.07666015625,280.6666564941406,267.4200134277344,269.6666564941406,84028800.0,,,,,,,,,,,,,,,,,,,,
2022-03-17,,,,,,TSLA,290.5333251953125,291.6666564941406,275.239990234375,276.9966735839844,66582900.0,,,,,,,,,,,,,,,,,,,,
2022-03-18,,,,,,TSLA,301.7966613769531,302.6166687011719,289.1300048828125,291.4966735839844,100414200.0,,,,,,,,,,,,,,,,,,,,
2022-03-21,,,,,,TSLA,307.0533447265625,314.2833251953125,302.36334228515625,304.99334716796875,81981600.0,,,,,,,,,,,,,,,,,,,,
2022-03-22,,,,,,TSLA,331.32666015625,332.6199951171875,307.25,310.0,105868500.0,,,,,,,,,,,,,,,,,,,,
2022-03-23,,,,,,TSLA,333.03668212890625,346.8999938964844,325.4666748046875,326.64666748046875,120676200.0,,,,,,,,,,,,,,,,,,,,
2022-03-24,,,,,,TSLA,337.97332763671875,341.4966735839844,329.6000061035156,336.57666015625,68920800.0,,,,,,,,,,,,,,,,,,,,
2022-03-25,,,,,,TSLA,336.8800048828125,340.6000061035156,332.44000244140625,336.0,62031600.0,,,,,,,,,,,,,,,,,,,,
2022-03-28,,,,,,TSLA,363.9466552734375,365.9599914550781,351.20001220703125,355.0333251953125,102506100.0,,,,,,,,,,,,,,,,,,,,
2022-03-29,,,,,,TSLA,366.5233459472656,371.5899963378906,357.7033386230469,369.3299865722656,73614900.0,,,,,,,,,,,,,,,,,,,,
2022-03-30,,,,,,TSLA,364.663330078125,371.3166809082031,361.3333435058594,363.72332763671875,59865000.0,,,,,,,,,,,,,,,,,,,,
2022-03-31,,,,,,TSLA,359.20001220703125,367.71331787109375,358.8800048828125,364.8566589355469,48992700.0,,,,,,,,,,,,,,,,,,,,
2022-04-01,,,,,,TSLA,361.5299987792969,364.9166564941406,355.5466613769531,360.3833312988281,54263100.0,,,,,,,,,,,,,,,,,,,,
2022-04-04,,,,,,TSLA,381.8166809082031,383.3033447265625,357.510009765625,363.1266784667969,82035900.0,,,,,,,,,,,,,,,,,,,,
2022-04-05,,,,,,TSLA,363.7533264160156,384.2900085449219,362.4333190917969,378.76666259765625,80075100.0,,,,,,,,,,,,,,,,,,,,
2022-04-06,,,,,,TSLA,348.586669921875,359.6666564941406,342.5666809082031,357.8233337402344,89348400.0,,,,,,,,,,,,,,,,,,,,
2022-04-07,,,,,,TSLA,352.4200134277344,358.86334228515625,340.5133361816406,350.7966613769531,79447200.0,,,,,,,,,,,,,,,,,,,,
2022-04-08,,,,,,TSLA,341.8299865722656,349.4800109863281,340.8133239746094,347.7366638183594,55013700.0,,,,,,,,,,,,,,,,,,,,
2022-04-11,,,,,,TSLA,325.30999755859375,336.15667724609375,324.8800048828125,326.79998779296875,59357100.0,,,,,,,,,,,,,,,,,,,,
2022-04-12,,,,,,TSLA,328.98333740234375,340.39666748046875,325.5333251953125,332.5466613769531,65976000.0,,,,,,,,,,,,,,,,,,,,
2022-04-13,,,,,,TSLA,340.7900085449219,342.0799865722656,324.3666687011719,327.02667236328125,55121100.0,,,,,,,,,,,,,,,,,,,,
2022-04-14,,,,,,TSLA,328.3333435058594,337.57000732421875,327.39666748046875,333.0966796875,58422300.0,,,,,,,,,,,,,,,,,,,,
2022-04-18,,,,,,TSLA,334.7633361816406,338.3066711425781,324.4700012207031,329.6766662597656,51715200.0,,,,,,,,,,,,,,,,,,,,
2022-04-19,,,,,,TSLA,342.7166748046875,344.9800109863281,331.77667236328125,335.0199890136719,49847700.0,,,,,,,,,,,,,,,,,,,,
2022-04-20,,,,,,TSLA,325.73333740234375,344.6666564941406,325.0833435058594,343.3333435058594,70711200.0,,,,,,,,,,,,,,,,,,,,
2022-04-21,,,,,,TSLA,336.260009765625,364.0733337402344,332.1400146484375,358.24334716796875,105416400.0,,,,,,,,,,,,,,,,,,,,
2022-04-22,,,,,,TSLA,335.01666259765625,344.95001220703125,331.3333435058594,338.3033447265625,69696600.0,,,,,,,,,,,,,,,,,,,,
2022-04-25,,,,,,TSLA,332.67333984375,336.2066650390625,325.1000061035156,326.3233337402344,68341200.0,,,,,,,,,,,,,,,,,,,,
2022-04-26,,,,,,TSLA,292.1400146484375,333.3333435058594,291.6666564941406,331.80999755859375,136133700.0,,,,,,,,,,,,,,,,,,,,
2022-04-27,,,,,,TSLA,293.836669921875,306.0,292.4533386230469,299.52667236328125,76956300.0,,,,,,,,,,,,,,,,,,,,
2022-04-28,,,,,,TSLA,292.5033264160156,300.0,273.8999938964844,299.99334716796875,124948500.0,,,,,,,,,,,,,,,,,,,,
2022-04-29,,,,,,TSLA,290.2533264160156,311.4666748046875,290.0,300.75,88133100.0,,,,,,,,,,,,,,,,,,,,
2022-05-02,,,,,,TSLA,300.9800109863281,302.1199951171875,282.6766662597656,286.92333984375,75781500.0,,,,,,,,,,,,,,,,,,,,
2022-05-03,,,,,,TSLA,303.0833435058594,308.02667236328125,296.1966552734375,301.05999755859375,63709500.0,,,,,,,,,,,,,,,,,,,,
2022-05-04,,,,,,TSLA,317.5400085449219,318.5,295.09332275390625,301.3133239746094,81643800.0,,,,,,,,,,,,,,,,,,,,
2022-05-05,,,,,,TSLA,291.09332275390625,315.20001220703125,285.8999938964844,313.00665283203125,92519100.0,,,,,,,,,,,,,,,,,,,,
2022-05-06,,,,,,TSLA,288.54998779296875,296.0,281.03668212890625,295.6666564941406,72903000.0,,,,,,,,,,,,,,,,,,,,
2022-05-09,,,,,,TSLA,262.3699951171875,281.8766784667969,260.3833312988281,278.8166809082031,90810300.0,,,,,,,,,,,,,,,,,,,,
2022-05-10,,,,,,TSLA,266.67999267578125,275.1199951171875,258.0833435058594,273.10333251953125,84401700.0,,,,,,,,,,,,,,,,,,,,
2022-05-11,,,,,,TSLA,244.6666717529297,269.92333984375,242.39999389648438,265.0,97224600.0,,,,,,,,,,,,,,,,,,,,
2022-05-12,,,,,,TSLA,242.6666717529297,253.22000122070312,226.6666717529297,233.6666717529297,140313000.0,,,,,,,,,,,,,,,,,,,,
2022-05-13,,,,,,TSLA,256.5299987792969,262.45001220703125,250.52333068847656,257.82666015625,92150700.0,,,,,,,,,,,,,,,,,,,,
2022-05-16,,,,,,TSLA,241.4566650390625,256.586669921875,239.69667053222656,255.72000122070312,86098500.0,,,,,,,,,,,,,,,,,,,,
2022-05-17,,,,,,TSLA,253.8699951171875,254.82666015625,242.9499969482422,249.1199951171875,80236200.0,,,,,,,,,,,,,,,,,,,,
2022-05-18,,,,,,TSLA,236.60333251953125,253.5,233.60333251953125,248.17333984375,87811800.0,,,,,,,,,,,,,,,,,,,,
2022-05-19,,,,,,TSLA,236.47332763671875,244.6666717529297,231.3699951171875,235.6666717529297,90296700.0,,,,,,,,,,,,,,,,,,,,
2022-05-20,,,,,,TSLA,221.3000030517578,240.52667236328125,211.0,237.99667358398438,144973200.0,,,,,,,,,,,,,,,,,,,,
2022-05-23,,,,,,TSLA,224.96665954589844,226.65333557128906,212.68666076660156,218.33999633789062,88903500.0,,,,,,,,,,,,,,,,,,,,
2022-05-24,,,,,,TSLA,209.3866729736328,217.97332763671875,206.85667419433594,217.8433380126953,89092500.0,,,,,,,,,,,,,,,,,,,,
2022-05-25,,,,,,TSLA,219.60000610351562,223.10667419433594,207.6699981689453,207.9499969482422,92139300.0,,,,,,,,,,,,,,,,,,,,
2022-05-26,,,,,,TSLA,235.91000366210938,239.55667114257812,217.8866729736328,220.47332763671875,106003200.0,,,,,,,,,,,,,,,,,,,,
2022-05-27,,,,,,TSLA,253.2100067138672,253.26666259765625,240.17666625976562,241.0833282470703,89295000.0,,,,,,,,,,,,,,,,,,,,
2022-05-31,,,,,,TSLA,252.75332641601562,259.6000061035156,244.7433319091797,257.9466552734375,101914500.0,,,,,,,,,,,,,,,,,,,,
2022-06-01,,,,,,TSLA,246.7899932861328,257.32666015625,243.63999938964844,251.72000122070312,77247900.0,,,,,,,,,,,,,,,,,,,,
2022-06-02,,,,,,TSLA,258.3333435058594,264.2099914550781,242.06666564941406,244.1566619873047,93473100.0,,,,,,,,,,,,,,,,,,,,
2022-06-03,,,,,,TSLA,234.51666259765625,247.79666137695312,233.4166717529297,243.22666931152344,112393800.0,,,,,,,,,,,,,,,,,,,,
2022-06-06,,,,,,TSLA,238.27999877929688,244.86666870117188,234.35000610351562,244.35333251953125,84204600.0,,,,,,,,,,,,,,,,,,,,
2022-06-07,,,,,,TSLA,238.8866729736328,239.99667358398438,230.0933380126953,234.0,72808500.0,,,,,,,,,,,,,,,,,,,,
2022-06-08,,,,,,TSLA,241.86666870117188,249.9633331298828,239.17666625976562,240.086669921875,76210500.0,,,,,,,,,,,,,,,,,,,,
2022-06-09,,,,,,TSLA,239.7066650390625,255.54666137695312,239.32666015625,249.33999633789062,96491400.0,,,,,,,,,,,,,,,,,,,,
2022-06-10,,,,,,TSLA,232.22999572753906,239.5,227.913330078125,235.1566619873047,97536600.0,,,,,,,,,,,,,,,,,,,,
2022-06-13,,,,,,TSLA,215.73666381835938,226.63333129882812,214.68333435058594,223.1666717529297,102767400.0,,,,,,,,,,,,,,,,,,,,
2022-06-14,,,,,,TSLA,220.88999938964844,226.3300018310547,211.73666381835938,218.2866668701172,97988700.0,,,,,,,,,,,,,,,,,,,,
2022-06-15,,,,,,TSLA,233.0,235.663330078125,218.14999389648438,220.9166717529297,119131800.0,,,,,,,,,,,,,,,,,,,,
2022-06-16,,,,,,TSLA,213.10000610351562,225.1666717529297,208.69332885742188,222.73666381835938,107390700.0,,,,,,,,,,,,,,,,,,,,
2022-06-17,,,,,,TSLA,216.75999450683594,220.97000122070312,213.19667053222656,213.43333435058594,92641800.0,,,,,,,,,,,,,,,,,,,,
2022-06-21,,,,,,TSLA,237.0366668701172,243.57666015625,224.3333282470703,224.60333251953125,122793000.0,,,,,,,,,,,,,,,,,,,,
2022-06-22,,,,,,TSLA,236.086669921875,246.8333282470703,233.82666015625,234.50332641601562,101107500.0,,,,,,,,,,,,,,,,,,,,
2022-06-23,,,,,,TSLA,235.07000732421875,239.31666564941406,228.6366729736328,237.9066619873047,104202600.0,,,,,,,,,,,,,,,,,,,,
2022-06-24,,,,,,TSLA,245.7066650390625,246.06666564941406,236.086669921875,237.47000122070312,95770800.0,,,,,,,,,,,,,,,,,,,,
2022-06-27,,,,,,TSLA,244.9199981689453,252.07000732421875,242.56666564941406,249.36666870117188,89178300.0,,,,,,,,,,,,,,,,,,,,
2022-06-28,,,,,,TSLA,232.663330078125,249.97000122070312,232.3433380126953,244.48333740234375,90391200.0,,,,,,,,,,,,,,,,,,,,
2022-06-29,,,,,,TSLA,228.49000549316406,231.17333984375,222.27333068847656,230.5,82897200.0,,,,,,,,,,,,,,,,,,,,
2022-06-30,,,,,,TSLA,224.47332763671875,229.4566650390625,218.8633270263672,224.50999450683594,94600500.0,,,,,,,,,,,,,,,,,,,,
2022-07-01,,,,,,TSLA,227.26333618164062,230.22999572753906,222.1199951171875,227.0,74460300.0,,,,,,,,,,,,,,,,,,,,
2022-07-05,,,,,,TSLA,233.06666564941406,233.14666748046875,216.1666717529297,223.0,84581100.0,,,,,,,,,,,,,,,,,,,,
2022-07-06,,,,,,TSLA,231.73333740234375,234.56333923339844,227.18666076660156,230.77999877929688,71853600.0,,,,,,,,,,,,,,,,,,,,
2022-07-07,,,,,,TSLA,244.5433349609375,245.3633270263672,232.2100067138672,233.9199981689453,81930600.0,,,,,,,,,,,,,,,,,,,,
2022-07-08,,,,,,TSLA,250.76333618164062,254.97999572753906,241.16000366210938,242.3333282470703,101854200.0,,,,,,,,,,,,,,,,,,,,
2022-07-11,,,,,,TSLA,234.3433380126953,253.06333923339844,233.6266632080078,252.10333251953125,99241200.0,,,,,,,,,,,,,,,,,,,,
2022-07-12,,,,,,TSLA,233.07000732421875,239.77333068847656,228.3699951171875,236.84666442871094,87930900.0,,,,,,,,,,,,,,,,,,,,
2022-07-13,,,,,,TSLA,237.0399932861328,242.05999755859375,225.03334045410156,225.5,97954500.0,,,,,,,,,,,,,,,,,,,,
2022-07-14,,,,,,TSLA,238.31333923339844,238.65333557128906,229.3333282470703,234.89666748046875,78557400.0,,,,,,,,,,,,,,,,,,,,
2022-07-15,,,,,,TSLA,240.06666564941406,243.6233367919922,236.88999938964844,240.0,69683100.0,,,,,,,,,,,,,,,,,,,,
2022-07-18,,,,,,TSLA,240.54666137695312,250.51666259765625,239.60333251953125,244.93666076660156,82537500.0,,,,,,,,,,,,,,,,,,,,
2022-07-19,,,,,,TSLA,245.52999877929688,247.13999938964844,236.97666931152344,245.0,80890200.0,,,,,,,,,,,,,,,,,,,,
2022-07-20,,,,,,TSLA,247.5,250.663330078125,243.48333740234375,246.78334045410156,88864200.0,,,,,,,,,,,,,,,,,,,,
2022-07-21,,,,,,TSLA,271.7066650390625,273.26666259765625,254.86666870117188,255.10667419433594,142032300.0,,,,,,,,,,,,,,,,,,,,
2022-07-22,,,,,,TSLA,272.24334716796875,280.78668212890625,270.71331787109375,276.2200012207031,103472700.0,,,,,,,,,,,,,,,,,,,,
2022-07-25,,,,,,TSLA,268.4333190917969,274.14666748046875,267.3999938964844,272.2166748046875,64073400.0,,,,,,,,,,,,,,,,,,,,
2022-07-26,,,,,,TSLA,258.8599853515625,267.30999755859375,256.2633361816406,266.5133361816406,66820800.0,,,,,,,,,,,,,,,,,,,,
2022-07-27,,,,,,TSLA,274.82000732421875,275.9266662597656,261.7900085449219,263.80999755859375,88110000.0,,,,,,,,,,,,,,,,,,,,
2022-07-28,,,,,,TSLA,280.8999938964844,283.29998779296875,272.79998779296875,280.0666809082031,84723000.0,,,,,,,,,,,,,,,,,,,,
2022-07-29,,,,,,TSLA,297.1499938964844,298.32000732421875,279.1000061035156,280.70001220703125,95313000.0,,,,,,,,,,,,,,,,,,,,
2022-08-01,,,,,,TSLA,297.27667236328125,311.8766784667969,295.0,301.27667236328125,117042900.0,,,,,,,,,,,,,,,,,,,,
2022-08-02,,,,,,TSLA,300.586669921875,307.8333435058594,292.6666564941406,294.0033264160156,95577600.0,,,,,,,,,,,,,,,,,,,,
2022-08-03,,,,,,TSLA,307.39666748046875,309.54998779296875,301.1499938964844,305.0,80091000.0,,,,,,,,,,,,,,,,,,,,
2022-08-04,,,,,,TSLA,308.6333312988281,313.6066589355469,305.0,311.0,72256200.0,,,,,,,,,,,,,,,,,,,,
2022-08-05,,,,,,TSLA,288.1700134277344,304.6066589355469,285.5433349609375,302.6700134277344,113172900.0,,,,,,,,,,,,,,,,,,,,
2022-08-08,,,,,,TSLA,290.42333984375,305.20001220703125,289.086669921875,295.0,98994000.0,,,,,,,,,,,,,,,,,,,,
2022-08-09,,,,,,TSLA,283.3333435058594,292.39666748046875,279.35333251953125,290.2933349609375,86244600.0,,,,,,,,,,,,,,,,,,,,
2022-08-10,,,,,,TSLA,294.3566589355469,297.510009765625,283.3699951171875,297.0666809082031,94918800.0,,,,,,,,,,,,,,,,,,,,
2022-08-11,,,,,,TSLA,286.6300048828125,298.2366638183594,285.8333435058594,296.5133361816406,70155000.0,,,,,,,,,,,,,,,,,,,,
2022-08-12,,,,,,TSLA,300.0299987792969,300.1600036621094,285.0333251953125,289.4166564941406,79657200.0,,,,,,,,,,,,,,,,,,,,
2022-08-15,,,,,,TSLA,309.32000732421875,313.1333312988281,301.2300109863281,301.78668212890625,89359200.0,,,,,,,,,,,,,,,,,,,,
2022-08-16,,,,,,TSLA,306.5633239746094,314.6666564941406,302.8833312988281,311.6666564941406,88136400.0,,,,,,,,,,,,,,,,,,,,
2022-08-17,,,,,,TSLA,303.9966735839844,309.65667724609375,300.0333251953125,303.39666748046875,68766000.0,,,,,,,,,,,,,,,,,,,,
2022-08-18,,,,,,TSLA,302.8699951171875,306.5,301.85333251953125,306.0,47500500.0,,,,,,,,,,,,,,,,,,,,
2022-08-19,,,,,,TSLA,296.6666564941406,300.3599853515625,292.5,299.0,61395300.0,,,,,,,,,,,,,,,,,,,,
2022-08-22,,,,,,TSLA,289.913330078125,292.3999938964844,286.2966613769531,291.913330078125,55843200.0,,,,,,,,,,,,,,,,,,,,
2022-08-23,,,,,,TSLA,296.4533386230469,298.82666015625,287.92333984375,291.4533386230469,63984900.0,,,,,,,,,,,,,,,,,,,,
2022-08-24,,,,,,TSLA,297.0966796875,303.64666748046875,296.5,297.5633239746094,57259800.0,,,,,,,,,,,,,,,,,,,,
2022-08-25,,,,,,TSLA,296.07000732421875,302.9599914550781,291.6000061035156,302.3599853515625,53230000.0,,,,,,,,,,,,,,,,,,,,
2022-08-26,,,,,,TSLA,288.0899963378906,302.0,287.4700012207031,297.42999267578125,57163900.0,,,,,,,,,,,,,,,,,,,,
2022-08-29,,,,,,TSLA,284.82000732421875,287.739990234375,280.70001220703125,282.8299865722656,41864700.0,,,,,,,,,,,,,,,,,,,,
2022-08-30,,,,,,TSLA,277.70001220703125,288.4800109863281,272.6499938964844,287.8699951171875,50541800.0,,,,,,,,,,,,,,,,,,,,
2022-08-31,,,,,,TSLA,275.6099853515625,281.25,271.80999755859375,280.6199951171875,52107300.0,,,,,,,,,,,,,,,,,,,,
2022-09-01,,,,,,TSLA,277.1600036621094,277.5799865722656,266.1499938964844,272.5799865722656,54287000.0,,,,,,,,,,,,,,,,,,,,
2022-09-02,,,,,,TSLA,270.2099914550781,282.3500061035156,269.0799865722656,281.07000732421875,50890100.0,,,,,,,,,,,,,,,,,,,,
2022-09-06,,,,,,TSLA,274.4200134277344,275.989990234375,265.739990234375,272.67999267578125,55860000.0,,,,,,,,,,,,,,,,,,,,
2022-09-07,,,,,,TSLA,283.70001220703125,283.8399963378906,272.2699890136719,273.1000061035156,50028900.0,,,,,,,,,,,,,,,,,,,,
2022-09-08,,,,,,TSLA,289.260009765625,289.5,279.760009765625,281.29998779296875,53713100.0,,,,,,,,,,,,,,,,,,,,
2022-09-09,,,,,,TSLA,299.67999267578125,299.8500061035156,291.25,291.6700134277344,54338100.0,,,,,,,,,,,,,,,,,,,,
2022-09-12,,,,,,TSLA,304.4200134277344,305.489990234375,300.3999938964844,300.7200012207031,48674600.0,,,,,,,,,,,,,,,,,,,,
2022-09-13,,,,,,TSLA,292.1300048828125,297.3999938964844,290.3999938964844,292.8999938964844,68229600.0,,,,,,,,,,,,,,,,,,,,
2022-09-14,,,,,,TSLA,302.6099853515625,306.0,291.6400146484375,292.239990234375,72628700.0,,,,,,,,,,,,,,,,,,,,
2022-09-15,,,,,,TSLA,303.75,309.1199951171875,300.7200012207031,301.8299865722656,64795500.0,,,,,,,,,,,,,,,,,,,,
2022-09-16,,,,,,TSLA,303.3500061035156,303.7099914550781,295.6000061035156,299.6099853515625,87087800.0,,,,,,,,,,,,,,,,,,,,
2022-09-19,,,,,,TSLA,309.07000732421875,309.8399963378906,297.79998779296875,300.0899963378906,60231200.0,,,,,,,,,,,,,,,,,,,,
2022-09-20,,,,,,TSLA,308.7300109863281,313.3299865722656,305.5799865722656,306.9100036621094,61642800.0,,,,,,,,,,,,,,,,,,,,
2022-09-21,,,,,,TSLA,300.79998779296875,313.79998779296875,300.6300048828125,308.2900085449219,62555700.0,,,,,,,,,,,,,,,,,,,,
2022-09-22,,,,,,TSLA,288.5899963378906,301.2900085449219,285.82000732421875,299.8599853515625,70545400.0,,,,,,,,,,,,,,,,,,,,
2022-09-23,,,,,,TSLA,275.3299865722656,284.5,272.82000732421875,283.0899963378906,63748400.0,,,,,,,,,,,,,,,,,,,,
2022-09-26,,,,,,TSLA,276.010009765625,284.0899963378906,270.30999755859375,271.8299865722656,58076900.0,,,,,,,,,,,,,,,,,,,,
2022-09-27,,,,,,TSLA,282.94000244140625,288.6700134277344,277.510009765625,283.8399963378906,61925200.0,,,,,,,,,,,,,,,,,,,,
2022-09-28,,,,,,TSLA,287.80999755859375,289.0,277.57000732421875,283.0799865722656,54664800.0,,,,,,,,,,,,,,,,,,,,
2022-09-29,,,,,,TSLA,268.2099914550781,283.6499938964844,265.7799987792969,282.760009765625,77620600.0,,,,,,,,,,,,,,,,,,,,
2022-09-30,,,,,,TSLA,265.25,275.57000732421875,262.4700012207031,266.1499938964844,67726600.0,,,,,,,,,,,,,,,,,,,,
2022-10-03,,,,,,TSLA,242.39999389648438,255.16000366210938,241.00999450683594,254.5,98363500.0,,,,,,,,,,,,,,,,,,,,
2022-10-04,,,,,,TSLA,249.44000244140625,257.5,242.00999450683594,250.52000427246094,109578500.0,,,,,,,,,,,,,,,,,,,,
2022-10-05,,,,,,TSLA,240.80999755859375,246.6699981689453,233.27000427246094,245.00999450683594,86982700.0,,,,,,,,,,,,,,,,,,,,
2022-10-06,,,,,,TSLA,238.1300048828125,244.5800018310547,235.35000610351562,239.44000244140625,69298400.0,,,,,,,,,,,,,,,,,,,,
2022-10-07,,,,,,TSLA,223.07000732421875,234.57000732421875,222.02000427246094,233.94000244140625,83916800.0,,,,,,,,,,,,,,,,,,,,
2022-10-10,,,,,,TSLA,222.9600067138672,226.99000549316406,218.36000061035156,223.92999267578125,67925000.0,,,,,,,,,,,,,,,,,,,,
2022-10-11,,,,,,TSLA,216.5,225.75,215.0,220.9499969482422,77013200.0,,,,,,,,,,,,,,,,,,,,
2022-10-12,,,,,,TSLA,217.24000549316406,219.3000030517578,211.50999450683594,215.3300018310547,66860700.0,,,,,,,,,,,,,,,,,,,,
2022-10-13,,,,,,TSLA,221.72000122070312,222.99000549316406,206.22000122070312,208.3000030517578,91483000.0,,,,,,,,,,,,,,,,,,,,
2022-10-14,,,,,,TSLA,204.99000549316406,226.25999450683594,204.16000366210938,224.00999450683594,94124500.0,,,,,,,,,,,,,,,,,,,,
2022-10-17,,,,,,TSLA,219.35000610351562,221.86000061035156,209.4499969482422,210.0399932861328,79428800.0,,,,,,,,,,,,,,,,,,,,
2022-10-18,,,,,,TSLA,220.19000244140625,229.82000732421875,217.25,229.5,75891900.0,,,,,,,,,,,,,,,,,,,,
2022-10-19,,,,,,TSLA,222.0399932861328,222.92999267578125,217.77999877929688,219.8000030517578,66571500.0,,,,,,,,,,,,,,,,,,,,
2022-10-20,,,,,,TSLA,207.27999877929688,215.5500030517578,202.0,208.27999877929688,117798100.0,,,,,,,,,,,,,,,,,,,,
2022-10-21,,,,,,TSLA,214.44000244140625,214.66000366210938,203.8000030517578,206.4199981689453,75713800.0,,,,,,,,,,,,,,,,,,,,
2022-10-24,,,,,,TSLA,211.25,213.5,198.58999633789062,205.82000732421875,100446800.0,,,,,,,,,,,,,,,,,,,,
2022-10-25,,,,,,TSLA,222.4199981689453,224.35000610351562,210.0,210.10000610351562,96507900.0,,,,,,,,,,,,,,,,,,,,
2022-10-26,,,,,,TSLA,224.63999938964844,230.60000610351562,218.1999969482422,219.39999389648438,85012500.0,,,,,,,,,,,,,,,,,,,,
2022-10-27,,,,,,TSLA,225.08999633789062,233.80999755859375,222.85000610351562,229.77000427246094,61638800.0,,,,,,,,,,,,,,,,,,,,
2022-10-28,,,,,,TSLA,228.52000427246094,228.86000061035156,216.35000610351562,225.39999389648438,69152400.0,,,,,,,,,,,,,,,,,,,,
2022-10-31,,,,,,TSLA,227.5399932861328,229.85000610351562,221.94000244140625,226.19000244140625,61554300.0,,,,,,,,,,,,,,,,,,,,
2022-11-01,,,,,,TSLA,227.82000732421875,237.39999389648438,227.27999877929688,234.0500030517578,62688800.0,,,,,,,,,,,,,,,,,,,,
2022-11-02,,,,,,TSLA,214.97999572753906,227.8699951171875,214.82000732421875,226.0399932861328,63070300.0,,,,,,,,,,,,,,,,,,,,
2022-11-03,,,,,,TSLA,215.30999755859375,221.1999969482422,210.13999938964844,211.36000061035156,56538800.0,,,,,,,,,,,,,,,,,,,,
2022-11-04,,,,,,TSLA,207.47000122070312,223.8000030517578,203.0800018310547,222.60000610351562,98622200.0,,,,,,,,,,,,,,,,,,,,
2022-11-07,,,,,,TSLA,197.0800018310547,208.89999389648438,196.66000366210938,208.64999389648438,93916500.0,,,,,,,,,,,,,,,,,,,,
2022-11-08,,,,,,TSLA,191.3000030517578,195.1999969482422,186.75,194.02000427246094,128803400.0,,,,,,,,,,,,,,,,,,,,
2022-11-09,,,,,,TSLA,177.58999633789062,195.88999938964844,177.1199951171875,190.77999877929688,127062700.0,,,,,,,,,,,,,,,,,,,,
2022-11-10,,,,,,TSLA,190.72000122070312,191.0,180.02999877929688,189.89999389648438,132703000.0,,,,,,,,,,,,,,,,,,,,
2022-11-11,,,,,,TSLA,195.97000122070312,196.52000427246094,182.58999633789062,186.0,114403600.0,,,,,,,,,,,,,,,,,,,,
2022-11-14,,,,,,TSLA,190.9499969482422,195.72999572753906,186.33999633789062,192.77000427246094,92226600.0,,,,,,,,,,,,,,,,,,,,
2022-11-15,,,,,,TSLA,194.4199981689453,200.82000732421875,192.05999755859375,195.8800048828125,91293800.0,,,,,,,,,,,,,,,,,,,,
2022-11-16,,,,,,TSLA,186.9199981689453,192.57000732421875,185.66000366210938,191.50999450683594,66567600.0,,,,,,,,,,,,,,,,,,,,
2022-11-17,,,,,,TSLA,183.1699981689453,186.16000366210938,180.89999389648438,183.9600067138672,64336000.0,,,,,,,,,,,,,,,,,,,,
2022-11-18,,,,,,TSLA,180.19000244140625,185.19000244140625,176.5500030517578,185.0500030517578,76048900.0,,,,,,,,,,,,,,,,,,,,
2022-11-21,,,,,,TSLA,167.8699951171875,176.77000427246094,167.5399932861328,175.85000610351562,92882700.0,,,,,,,,,,,,,,,,,,,,
2022-11-22,,,,,,TSLA,169.91000366210938,170.9199981689453,166.19000244140625,168.6300048828125,78452300.0,,,,,,,,,,,,,,,,,,,,
2022-11-23,,,,,,TSLA,183.1999969482422,183.6199951171875,172.5,173.57000732421875,109536700.0,,,,,,,,,,,,,,,,,,,,
2022-11-25,,,,,,TSLA,182.86000061035156,185.1999969482422,180.6300048828125,185.05999755859375,50672700.0,,,,,,,,,,,,,,,,,,,,
2022-11-28,,,,,,TSLA,182.9199981689453,188.5,179.0,179.9600067138672,92905200.0,,,,,,,,,,,,,,,,,,,,
2022-11-29,,,,,,TSLA,180.8300018310547,186.3800048828125,178.75,184.99000549316406,83357100.0,,,,,,,,,,,,,,,,,,,,
2022-11-30,,,,,,TSLA,194.6999969482422,194.75999450683594,180.6300048828125,182.42999267578125,109186400.0,,,,,,,,,,,,,,,,,,,,
2022-12-01,,,,,,TSLA,194.6999969482422,198.9199981689453,191.8000030517578,197.0800018310547,80046200.0,,,,,,,,,,,,,,,,,,,,
2022-12-02,,,,,,TSLA,194.86000061035156,196.25,191.11000061035156,191.77999877929688,73645900.0,,,,,,,,,,,,,,,,,,,,
2022-12-05,,,,,,TSLA,182.4499969482422,191.27000427246094,180.5500030517578,189.44000244140625,93122700.0,,,,,,,,,,,,,,,,,,,,
2022-12-06,,,,,,TSLA,179.82000732421875,183.64999389648438,175.3300018310547,181.22000122070312,92150800.0,,,,,,,,,,,,,,,,,,,,
2022-12-07,,,,,,TSLA,174.0399932861328,179.3800048828125,172.22000122070312,175.02999877929688,84213300.0,,,,,,,,,,,,,,,,,,,,
2022-12-08,,,,,,TSLA,173.44000244140625,175.1999969482422,169.05999755859375,172.1999969482422,97624500.0,,,,,,,,,,,,,,,,,,,,
2022-12-09,,,,,,TSLA,179.0500030517578,182.5,173.36000061035156,173.83999633789062,104872300.0,,,,,,,,,,,,,,,,,,,,
2022-12-12,,,,,,TSLA,167.82000732421875,177.3699951171875,167.52000427246094,176.10000610351562,109794500.0,,,,,,,,,,,,,,,,,,,,
2022-12-13,,,,,,TSLA,160.9499969482422,175.0500030517578,156.91000366210938,174.8699951171875,175862700.0,,,,,,,,,,,,,,,,,,,,
2022-12-14,,,,,,TSLA,156.8000030517578,161.6199951171875,155.30999755859375,159.25,140682300.0,,,,,,,,,,,,,,,,,,,,
2022-12-15,,,,,,TSLA,157.6699981689453,160.92999267578125,153.27999877929688,153.44000244140625,122334500.0,,,,,,,,,,,,,,,,,,,,
2022-12-16,,,,,,TSLA,150.22999572753906,160.99000549316406,150.0399932861328,159.63999938964844,139032200.0,,,,,,,,,,,,,,,,,,,,
2022-12-19,,,,,,TSLA,149.8699951171875,155.25,145.82000732421875,154.0,139390600.0,,,,,,,,,,,,,,,,,,,,
2022-12-20,,,,,,TSLA,137.8000030517578,148.47000122070312,137.66000366210938,146.0500030517578,159563300.0,,,,,,,,,,,,,,,,,,,,
2022-12-21,,,,,,TSLA,137.57000732421875,141.25999450683594,135.88999938964844,139.33999633789062,145417400.0,,,,,,,,,,,,,,,,,,,,
2022-12-22,,,,,,TSLA,125.3499984741211,136.6300048828125,122.26000213623047,136.0,210090300.0,,,,,,,,,,,,,,,,,,,,
2022-12-23,,,,,,TSLA,123.1500015258789,128.6199951171875,121.0199966430664,126.37000274658203,166989700.0,,,,,,,,,,,,,,,,,,,,
2022-12-27,,,,,,TSLA,109.0999984741211,119.66999816894531,108.76000213623047,117.5,208643400.0,,,,,,,,,,,,,,,,,,,,
2022-12-28,,,,,,TSLA,112.70999908447266,116.2699966430664,108.23999786376953,110.3499984741211,221070500.0,,,,,,,,,,,,,,,,,,,,
2022-12-29,,,,,,TSLA,121.81999969482422,123.56999969482422,117.5,120.38999938964844,221923300.0,,,,,,,,,,,,,,,,,,,,
2022-12-30,,,,,,TSLA,123.18000030517578,124.4800033569336,119.75,119.94999694824219,157777300.0,,,,,,,,,,,,,,,,,,,,
2023-01-03,,,,,,TSLA,108.0999984741211,118.80000305175781,104.63999938964844,118.47000122070312,231402800.0,,,,,,,,,,,,,,,,,,,,
2023-01-04,,,,,,TSLA,113.63999938964844,114.58999633789062,107.5199966430664,109.11000061035156,180389000.0,,,,,,,,,,,,,,,,,,,,
2023-01-05,,,,,,TSLA,110.33999633789062,111.75,107.16000366210938,110.51000213623047,157986300.0,,,,,,,,,,,,,,,,,,,,
2023-01-06,,,,,,TSLA,113.05999755859375,114.38999938964844,101.80999755859375,103.0,220911100.0,,,,,,,,,,,,,,,,,,,,
2023-01-09,,,,,,TSLA,119.7699966430664,123.5199966430664,117.11000061035156,118.95999908447266,190284000.0,,,,,,,,,,,,,,,,,,,,
2023-01-10,,,,,,TSLA,118.8499984741211,122.76000213623047,114.91999816894531,121.06999969482422,167642500.0,,,,,,,,,,,,,,,,,,,,
2023-01-11,,,,,,TSLA,123.22000122070312,125.94999694824219,120.51000213623047,122.08999633789062,183810800.0,,,,,,,,,,,,,,,,,,,,
2023-01-12,,,,,,TSLA,123.55999755859375,124.12999725341797,117.0,122.55999755859375,169400900.0,,,,,,,,,,,,,,,,,,,,
2023-01-13,,,,,,TSLA,122.4000015258789,122.62999725341797,115.5999984741211,116.55000305175781,180714100.0,,,,,,,,,,,,,,,,,,,,
2023-01-17,,,,,,TSLA,131.49000549316406,131.6999969482422,125.0199966430664,125.69999694824219,186477000.0,,,,,,,,,,,,,,,,,,,,
2023-01-18,,,,,,TSLA,128.77999877929688,136.67999267578125,127.01000213623047,136.55999755859375,195680300.0,,,,,,,,,,,,,,,,,,,,
2023-01-19,,,,,,TSLA,127.16999816894531,129.99000549316406,124.30999755859375,127.26000213623047,170291900.0,,,,,,,,,,,,,,,,,,,,
2023-01-20,,,,,,TSLA,133.4199981689453,133.50999450683594,127.3499984741211,128.67999267578125,138858100.0,,,,,,,,,,,,,,,,,,,,
2023-01-23,,,,,,TSLA,143.75,145.3800048828125,134.27000427246094,135.8699951171875,203119200.0,,,,,,,,,,,,,,,,,,,,
2023-01-24,,,,,,TSLA,143.88999938964844,146.5,141.10000610351562,143.0,158699100.0,,,,,,,,,,,,,,,,,,,,
2023-01-25,,,,,,TSLA,144.42999267578125,146.41000366210938,138.07000732421875,141.91000366210938,192734300.0,,,,,,,,,,,,,,,,,,,,
2023-01-26,,,,,,TSLA,160.27000427246094,161.4199981689453,154.75999450683594,159.97000122070312,234815100.0,,,,,,,,,,,,,,,,,,,,
2023-01-27,,,,,,TSLA,177.89999389648438,180.67999267578125,161.1699981689453,162.42999267578125,306590600.0,,,,,,,,,,,,,,,,,,,,
2023-01-30,,,,,,TSLA,166.66000366210938,179.77000427246094,166.5,178.0500030517578,230878800.0,,,,,,,,,,,,,,,,,,,,
2023-01-31,,,,,,TSLA,173.22000122070312,174.3000030517578,162.77999877929688,164.57000732421875,196813500.0,,,,,,,,,,,,,,,,,,,,
2023-02-01,,,,,,TSLA,181.41000366210938,183.80999755859375,169.92999267578125,173.88999938964844,213806300.0,,,,,,,,,,,,,,,,,,,,
2023-02-02,,,,,,TSLA,188.27000427246094,196.75,182.61000061035156,187.3300018310547,217448300.0,,,,,,,,,,,,,,,,,,,,
2023-02-03,,,,,,TSLA,189.97999572753906,199.0,183.69000244140625,183.9499969482422,232662000.0,,,,,,,,,,,,,,,,,,,,
2023-02-06,,,,,,TSLA,194.75999450683594,198.1699981689453,189.9199981689453,193.00999450683594,186188100.0,,,,,,,,,,,,,,,,,,,,
2023-02-07,,,,,,TSLA,196.80999755859375,197.5,189.5500030517578,196.42999267578125,186010300.0,,,,,,,,,,,,,,,,,,,,
2023-02-08,,,,,,TSLA,201.2899932861328,203.0,194.30999755859375,196.10000610351562,180673600.0,,,,,,,,,,,,,,,,,,,,
2023-02-09,,,,,,TSLA,207.32000732421875,214.0,204.77000427246094,207.77999877929688,215431400.0,,,,,,,,,,,,,,,,,,,,
2023-02-10,,,,,,TSLA,196.88999938964844,206.1999969482422,192.88999938964844,202.22999572753906,204754100.0,,,,,,,,,,,,,,,,,,,,
2023-02-13,,,,,,TSLA,194.63999938964844,196.3000030517578,187.61000061035156,194.4199981689453,172475500.0,,,,,,,,,,,,,,,,,,,,
2023-02-14,,,,,,TSLA,209.25,209.82000732421875,189.44000244140625,191.94000244140625,216455700.0,,,,,,,,,,,,,,,,,,,,
2023-02-15,,,,,,TSLA,214.24000549316406,214.66000366210938,206.11000061035156,211.75999450683594,181006400.0,,,,,,,,,,,,,,,,,,,,
2023-02-16,,,,,,TSLA,202.0399932861328,217.64999389648438,201.83999633789062,210.77999877929688,229586500.0,,,,,,,,,,,,,,,,,,,,
2023-02-17,,,,,,TSLA,208.30999755859375,208.44000244140625,197.5,199.99000549316406,213738500.0,,,,,,,,,,,,,,,,,,,,
2023-02-21,,,,,,TSLA,197.3699951171875,209.7100067138672,197.22000122070312,204.99000549316406,180018600.0,,,,,,,,,,,,,,,,,,,,
2023-02-22,,,,,,TSLA,200.86000061035156,201.99000549316406,191.77999877929688,197.92999267578125,191828500.0,,,,,,,,,,,,,,,,,,,,
2023-02-23,,,,,,TSLA,202.07000732421875,205.13999938964844,196.3300018310547,203.91000366210938,146360000.0,,,,,,,,,,,,,,,,,,,,
2023-02-24,,,,,,TSLA,196.8800048828125,197.6699981689453,192.8000030517578,196.3300018310547,142228100.0,,,,,,,,,,,,,,,,,,,,
2023-02-27,,,,,,TSLA,207.6300048828125,209.4199981689453,201.25999450683594,202.02999877929688,161028300.0,,,,,,,,,,,,,,,,,,,,
2023-02-28,,,,,,TSLA,205.7100067138672,211.22999572753906,203.75,210.58999633789062,153144900.0,,,,,,,,,,,,,,,,,,,,
2023-03-01,,,,,,TSLA,202.77000427246094,207.1999969482422,198.52000427246094,206.2100067138672,156852800.0,,,,,,,,,,,,,,,,,,,,
2023-03-02,,,,,,TSLA,190.89999389648438,193.75,186.00999450683594,186.74000549316406,181500700.0,,,,,,,,,,,,,,,,,,,,
2023-03-03,,,,,,TSLA,197.7899932861328,200.47999572753906,192.8800048828125,194.8000030517578,154193300.0,,,,,,,,,,,,,,,,,,,,
2023-03-06,,,,,,TSLA,193.80999755859375,198.60000610351562,192.3000030517578,198.5399932861328,128100100.0,,,,,,,,,,,,,,,,,,,,
2023-03-07,,,,,,TSLA,187.7100067138672,194.1999969482422,186.10000610351562,191.3800048828125,148125800.0,,,,,,,,,,,,,,,,,,,,
2023-03-08,,,,,,TSLA,182.0,186.5,180.0,185.0399932861328,151897800.0,,,,,,,,,,,,,,,,,,,,
2023-03-09,,,,,,TSLA,172.9199981689453,185.17999267578125,172.50999450683594,180.25,170023800.0,,,,,,,,,,,,,,,,,,,,
2023-03-10,,,,,,TSLA,173.44000244140625,178.2899932861328,168.44000244140625,175.1300048828125,191488900.0,,,,,,,,,,,,,,,,,,,,
2023-03-13,,,,,,TSLA,174.47999572753906,177.35000610351562,163.91000366210938,167.4600067138672,167790300.0,,,,,,,,,,,,,,,,,,,,
2023-03-14,,,,,,TSLA,183.25999450683594,183.8000030517578,177.13999938964844,177.30999755859375,143717900.0,,,,,,,,,,,,,,,,,,,,
2023-03-15,,,,,,TSLA,180.4499969482422,182.33999633789062,176.02999877929688,180.8000030517578,145995600.0,,,,,,,,,,,,,,,,,,,,
2023-03-16,,,,,,TSLA,184.1300048828125,185.80999755859375,178.83999633789062,180.3699951171875,121136800.0,,,,,,,,,,,,,,,,,,,,
2023-03-17,,,,,,TSLA,180.1300048828125,186.22000122070312,177.3300018310547,184.52000427246094,133197100.0,,,,,,,,,,,,,,,,,,,,
2023-03-20,,,,,,TSLA,183.25,186.44000244140625,176.35000610351562,178.0800018310547,129684400.0,,,,,,,,,,,,,,,,,,,,
2023-03-21,,,,,,TSLA,197.5800018310547,198.0,188.0399932861328,188.27999877929688,153391400.0,,,,,,,,,,,,,,,,,,,,
2023-03-22,,,,,,TSLA,191.14999389648438,200.66000366210938,190.9499969482422,199.3000030517578,150376400.0,,,,,,,,,,,,,,,,,,,,
2023-03-23,,,,,,TSLA,192.22000122070312,199.30999755859375,188.64999389648438,195.25999450683594,144193900.0,,,,,,,,,,,,,,,,,,,,
2023-03-24,,,,,,TSLA,190.41000366210938,192.36000061035156,187.14999389648438,191.64999389648438,116312400.0,,,,,,,,,,,,,,,,,,,,
2023-03-27,,,,,,TSLA,191.80999755859375,197.38999938964844,189.94000244140625,194.4199981689453,120851600.0,,,,,,,,,,,,,,,,,,,,
2023-03-28,,,,,,TSLA,189.19000244140625,192.35000610351562,185.42999267578125,192.0,98654600.0,,,,,,,,,,,,,,,,,,,,
2023-03-29,,,,,,TSLA,193.8800048828125,195.2899932861328,189.44000244140625,193.1300048828125,123660000.0,,,,,,,,,,,,,,,,,,,,
2023-03-30,,,,,,TSLA,195.27999877929688,197.3300018310547,194.4199981689453,195.5800018310547,110252200.0,,,,,,,,,,,,,,,,,,,,
2023-03-31,,,,,,TSLA,207.4600067138672,207.7899932861328,197.1999969482422,197.52999877929688,170222100.0,,,,,,,,,,,,,,,,,,,,
2023-04-03,,,,,,TSLA,194.77000427246094,202.69000244140625,192.1999969482422,199.91000366210938,169545900.0,,,,,,,,,,,,,,,,,,,,
2023-04-04,,,,,,TSLA,192.5800018310547,198.74000549316406,190.32000732421875,197.32000732421875,126463800.0,,,,,,,,,,,,,,,,,,,,
2023-04-05,,,,,,TSLA,185.52000427246094,190.67999267578125,183.75999450683594,190.52000427246094,133882500.0,,,,,,,,,,,,,,,,,,,,
2023-04-06,,,,,,TSLA,185.05999755859375,186.38999938964844,179.74000549316406,183.0800018310547,123857900.0,,,,,,,,,,,,,,,,,,,,
2023-04-10,,,,,,TSLA,184.50999450683594,185.10000610351562,176.11000061035156,179.94000244140625,142154600.0,,,,,,,,,,,,,,,,,,,,
2023-04-11,,,,,,TSLA,186.7899932861328,189.19000244140625,185.64999389648438,186.69000244140625,115770900.0,,,,,,,,,,,,,,,,,,,,
2023-04-12,,,,,,TSLA,180.5399932861328,191.5800018310547,180.30999755859375,190.74000549316406,150256300.0,,,,,,,,,,,,,,,,,,,,
2023-04-13,,,,,,TSLA,185.89999389648438,186.5,180.94000244140625,182.9600067138672,112933000.0,,,,,,,,,,,,,,,,,,,,
2023-04-14,,,,,,TSLA,185.0,186.27999877929688,182.00999450683594,183.9499969482422,96438700.0,,,,,,,,,,,,,,,,,,,,
2023-04-17,,,,,,TSLA,187.0399932861328,189.69000244140625,182.69000244140625,186.32000732421875,116662200.0,,,,,,,,,,,,,,,,,,,,
2023-04-18,,,,,,TSLA,184.30999755859375,187.69000244140625,183.5800018310547,187.14999389648438,92067000.0,,,,,,,,,,,,,,,,,,,,
2023-04-19,,,,,,TSLA,180.58999633789062,183.5,177.64999389648438,179.10000610351562,125732700.0,,,,,,,,,,,,,,,,,,,,
2023-04-20,,,,,,TSLA,162.99000549316406,169.6999969482422,160.55999755859375,166.1699981689453,210970800.0,,,,,,,,,,,,,,,,,,,,
2023-04-21,,,,,,TSLA,165.0800018310547,166.0,161.32000732421875,164.8000030517578,123539000.0,,,,,,,,,,,,,,,,,,,,
2023-04-24,,,,,,TSLA,162.5500030517578,165.64999389648438,158.61000061035156,164.64999389648438,140006600.0,,,,,,,,,,,,,,,,,,,,
2023-04-25,,,,,,TSLA,160.6699981689453,163.47000122070312,158.75,159.82000732421875,121999300.0,,,,,,,,,,,,,,,,,,,,
2023-04-26,,,,,,TSLA,153.75,160.6699981689453,153.13999938964844,160.2899932861328,153364100.0,,,,,,,,,,,,,,,,,,,,
2023-04-27,,,,,,TSLA,160.19000244140625,160.47999572753906,152.3699951171875,152.63999938964844,127015200.0,,,,,,,,,,,,,,,,,,,,
2023-04-28,,,,,,TSLA,164.30999755859375,165.0,157.32000732421875,160.89999389648438,122515800.0,,,,,,,,,,,,,,,,,,,,
2023-05-01,,,,,,TSLA,161.8300018310547,163.27999877929688,158.8300018310547,163.1699981689453,109015000.0,,,,,,,,,,,,,,,,,,,,
2023-05-02,,,,,,TSLA,160.30999755859375,165.49000549316406,158.92999267578125,161.8800048828125,128259700.0,,,,,,,,,,,,,,,,,,,,
2023-05-03,,,,,,TSLA,160.61000061035156,165.0,159.91000366210938,160.00999450683594,119728000.0,,,,,,,,,,,,,,,,,,,,
2023-05-04,,,,,,TSLA,161.1999969482422,162.9499969482422,159.64999389648438,162.7100067138672,95108500.0,,,,,,,,,,,,,,,,,,,,
2023-05-05,,,,,,TSLA,170.05999755859375,170.7899932861328,163.50999450683594,163.97000122070312,107607300.0,,,,,,,,,,,,,,,,,,,,
2023-05-08,,,,,,TSLA,171.7899932861328,173.8000030517578,169.19000244140625,173.72000122070312,112249400.0,,,,,,,,,,,,,,,,,,,,
2023-05-09,,,,,,TSLA,169.14999389648438,169.82000732421875,166.55999755859375,168.9499969482422,88965000.0,,,,,,,,,,,,,,,,,,,,
2023-05-10,,,,,,TSLA,168.5399932861328,174.42999267578125,166.67999267578125,172.5500030517578,119840700.0,,,,,,,,,,,,,,,,,,,,
2023-05-11,,,,,,TSLA,172.0800018310547,173.57000732421875,166.7899932861328,168.6999969482422,103889900.0,,,,,,,,,,,,,,,,,,,,
2023-05-12,,,,,,TSLA,167.97999572753906,177.3800048828125,167.22999572753906,176.07000732421875,157849600.0,,,,,,,,,,,,,,,,,,,,
2023-05-15,,,,,,TSLA,166.35000610351562,169.75999450683594,164.5500030517578,167.66000366210938,105592500.0,,,,,,,,,,,,,,,,,,,,
2023-05-16,,,,,,TSLA,166.52000427246094,169.52000427246094,164.35000610351562,165.64999389648438,98288800.0,,,,,,,,,,,,,,,,,,,,
2023-05-17,,,,,,TSLA,173.86000061035156,174.5,167.19000244140625,168.41000366210938,125473600.0,,,,,,,,,,,,,,,,,,,,
2023-05-18,,,,,,TSLA,176.88999938964844,177.05999755859375,172.4499969482422,174.22000122070312,109520300.0,,,,,,,,,,,,,,,,,,,,
2023-05-19,,,,,,TSLA,180.13999938964844,181.9499969482422,176.30999755859375,177.1699981689453,136196700.0,,,,,,,,,,,,,,,,,,,,
2023-05-22,,,,,,TSLA,188.8699951171875,189.32000732421875,180.11000061035156,180.6999969482422,132001400.0,,,,,,,,,,,,,,,,,,,,
2023-05-23,,,,,,TSLA,185.77000427246094,192.9600067138672,185.25999450683594,186.1999969482422,156952100.0,,,,,,,,,,,,,,,,,,,,
2023-05-24,,,,,,TSLA,182.89999389648438,184.22000122070312,178.22000122070312,182.22999572753906,137605100.0,,,,,,,,,,,,,,,,,,,,
2023-05-25,,,,,,TSLA,184.47000122070312,186.77999877929688,180.5800018310547,186.5399932861328,96870700.0,,,,,,,,,,,,,,,,,,,,
2023-05-26,,,,,,TSLA,193.1699981689453,198.60000610351562,184.52999877929688,184.6199951171875,162061500.0,,,,,,,,,,,,,,,,,,,,
2023-05-30,,,,,,TSLA,201.16000366210938,204.47999572753906,197.52999877929688,200.10000610351562,128818700.0,,,,,,,,,,,,,,,,,,,,
2023-05-31,,,,,,TSLA,203.92999267578125,203.9499969482422,195.1199951171875,199.77999877929688,150711700.0,,,,,,,,,,,,,,,,,,,,
2023-06-01,,,,,,TSLA,207.52000427246094,209.8000030517578,199.3699951171875,202.58999633789062,148029900.0,,,,,,,,,,,,,,,,,,,,
2023-06-02,,,,,,TSLA,213.97000122070312,217.25,209.75,210.14999389648438,164398400.0,,,,,,,,,,,,,,,,,,,,
2023-06-05,,,,,,TSLA,217.61000061035156,221.2899932861328,214.52000427246094,217.8000030517578,151143100.0,,,,,,,,,,,,,,,,,,,,
2023-06-06,,,,,,TSLA,221.30999755859375,221.91000366210938,212.52999877929688,216.13999938964844,146911600.0,,,,,,,,,,,,,,,,,,,,
2023-06-07,,,,,,TSLA,224.57000732421875,230.8300018310547,223.1999969482422,228.0,185710800.0,,,,,,,,,,,,,,,,,,,,
2023-06-08,,,,,,TSLA,234.86000061035156,235.22999572753906,223.00999450683594,224.22000122070312,164489700.0,,,,,,,,,,,,,,,,,,,,
2023-06-09,,,,,,TSLA,244.39999389648438,252.4199981689453,242.02000427246094,249.07000732421875,200242400.0,,,,,,,,,,,,,,,,,,,,
2023-06-12,,,,,,TSLA,249.8300018310547,250.97000122070312,244.58999633789062,247.94000244140625,150337900.0,,,,,,,,,,,,,,,,,,,,
2023-06-13,,,,,,TSLA,258.7099914550781,259.67999267578125,251.33999633789062,253.50999450683594,162384300.0,,,,,,,,,,,,,,,,,,,,
2023-06-14,,,,,,TSLA,256.7900085449219,261.57000732421875,250.5,260.1700134277344,170575500.0,,,,,,,,,,,,,,,,,,,,
2023-06-15,,,,,,TSLA,255.89999389648438,258.95001220703125,247.2899932861328,248.39999389648438,160171200.0,,,,,,,,,,,,,,,,,,,,
2023-06-16,,,,,,TSLA,260.5400085449219,263.6000061035156,257.2099914550781,258.9200134277344,167915600.0,,,,,,,,,,,,,,,,,,,,
2023-06-20,,,,,,TSLA,274.45001220703125,274.75,261.1199951171875,261.5,165611200.0,,,,,,,,,,,,,,,,,,,,
2023-06-21,,,,,,TSLA,259.4599914550781,276.989990234375,257.7799987792969,275.1300048828125,211797100.0,,,,,,,,,,,,,,,,,,,,
2023-06-22,,,,,,TSLA,264.6099853515625,265.0,248.25,250.77000427246094,166875900.0,,,,,,,,,,,,,,,,,,,,
2023-06-23,,,,,,TSLA,256.6000061035156,262.45001220703125,252.8000030517578,259.2900085449219,177460800.0,,,,,,,,,,,,,,,,,,,,
2023-06-26,,,,,,TSLA,241.0500030517578,258.3699951171875,240.6999969482422,250.07000732421875,179990600.0,,,,,,,,,,,,,,,,,,,,
2023-06-27,,,,,,TSLA,250.2100067138672,250.38999938964844,240.85000610351562,243.24000549316406,164968200.0,,,,,,,,,,,,,,,,,,,,
2023-06-28,,,,,,TSLA,256.239990234375,259.8800048828125,248.88999938964844,249.6999969482422,159770800.0,,,,,,,,,,,,,,,,,,,,
2023-06-29,,,,,,TSLA,257.5,260.739990234375,253.61000061035156,258.0299987792969,131283400.0,,,,,,,,,,,,,,,,,,,,
2023-06-30,,,,,,TSLA,261.7699890136719,264.45001220703125,259.8900146484375,260.6000061035156,112620800.0,,,,,,,,,,,,,,,,,,,,
2023-07-03,,,,,,TSLA,279.82000732421875,284.25,275.1099853515625,276.489990234375,119685900.0,,,,,,,,,,,,,,,,,,,,
2023-07-05,,,,,,TSLA,282.4800109863281,283.8500061035156,277.6000061035156,278.82000732421875,131530900.0,,,,,,,,,,,,,,,,,,,,
2023-07-06,,,,,,TSLA,276.5400085449219,279.9700012207031,272.8800048828125,278.0899963378906,120332100.0,,,,,,,,,,,,,,,,,,,,
2023-07-07,,,,,,TSLA,274.42999267578125,280.7799987792969,273.7699890136719,278.42999267578125,113879200.0,,,,,,,,,,,,,,,,,,,,
2023-07-10,,,,,,TSLA,269.6099853515625,277.5199890136719,265.1000061035156,276.4700012207031,119425400.0,,,,,,,,,,,,,,,,,,,,
2023-07-11,,,,,,TSLA,269.7900085449219,270.8999938964844,266.3699951171875,268.6499938964844,91972400.0,,,,,,,,,,,,,,,,,,,,
2023-07-12,,,,,,TSLA,271.989990234375,276.5199890136719,271.4599914550781,276.3299865722656,95672100.0,,,,,,,,,,,,,,,,,,,,
2023-07-13,,,,,,TSLA,277.8999938964844,279.45001220703125,270.6000061035156,274.5899963378906,112681500.0,,,,,,,,,,,,,,,,,,,,
2023-07-14,,,,,,TSLA,281.3800048828125,285.29998779296875,276.30999755859375,277.010009765625,120062400.0,,,,,,,,,,,,,,,,,,,,
2023-07-17,,,,,,TSLA,290.3800048828125,292.2300109863281,283.57000732421875,286.6300048828125,131569600.0,,,,,,,,,,,,,,,,,,,,
2023-07-18,,,,,,TSLA,293.3399963378906,295.260009765625,286.010009765625,290.1499938964844,112120300.0,,,,,,,,,,,,,,,,,,,,
2023-07-19,,,,,,TSLA,291.260009765625,299.2900085449219,289.5199890136719,296.0400085449219,142355400.0,,,,,,,,,,,,,,,,,,,,
2023-07-20,,,,,,TSLA,262.8999938964844,280.92999267578125,261.20001220703125,279.55999755859375,175158300.0,,,,,,,,,,,,,,,,,,,,
2023-07-21,,,,,,TSLA,260.0199890136719,268.0,255.8000030517578,268.0,161796100.0,,,,,,,,,,,,,,,,,,,,
2023-07-24,,,,,,TSLA,269.05999755859375,269.8500061035156,254.1199951171875,255.85000610351562,136508500.0,,,,,,,,,,,,,,,,,,,,
2023-07-25,,,,,,TSLA,265.2799987792969,272.8999938964844,265.0,272.3800048828125,112757300.0,,,,,,,,,,,,,,,,,,,,
2023-07-26,,,,,,TSLA,264.3500061035156,268.0400085449219,261.75,263.25,95856200.0,,,,,,,,,,,,,,,,,,,,
2023-07-27,,,,,,TSLA,255.7100067138672,269.1300048828125,255.3000030517578,268.30999755859375,103697300.0,,,,,,,,,,,,,,,,,,,,
2023-07-28,,,,,,TSLA,266.44000244140625,267.25,258.2300109863281,259.8599853515625,111446000.0,,,,,,,,,,,,,,,,,,,,
2023-07-31,,,,,,TSLA,267.42999267578125,269.0799865722656,263.7799987792969,267.4800109863281,84582200.0,,,,,,,,,,,,,,,,,,,,
2023-08-01,,,,,,TSLA,261.07000732421875,266.4700012207031,260.25,266.260009765625,83166000.0,,,,,,,,,,,,,,,,,,,,
2023-08-02,,,,,,TSLA,254.11000061035156,259.5199890136719,250.49000549316406,255.57000732421875,101752900.0,,,,,,,,,,,,,,,,,,,,
2023-08-03,,,,,,TSLA,259.32000732421875,260.489990234375,252.0,252.0399932861328,97569100.0,,,,,,,,,,,,,,,,,,,,
2023-08-04,,,,,,TSLA,253.86000061035156,264.7699890136719,253.11000061035156,260.9700012207031,99539900.0,,,,,,,,,,,,,,,,,,,,
2023-08-07,,,,,,TSLA,251.4499969482422,253.64999389648438,242.75999450683594,251.4499969482422,111097900.0,,,,,,,,,,,,,,,,,,,,
2023-08-08,,,,,,TSLA,249.6999969482422,250.9199981689453,245.00999450683594,247.4499969482422,96642200.0,,,,,,,,,,,,,,,,,,,,
2023-08-09,,,,,,TSLA,242.19000244140625,251.10000610351562,241.89999389648438,250.8699951171875,101596300.0,,,,,,,,,,,,,,,,,,,,
2023-08-10,,,,,,TSLA,245.33999633789062,251.8000030517578,243.0,245.39999389648438,109498600.0,,,,,,,,,,,,,,,,,,,,
2023-08-11,,,,,,TSLA,242.64999389648438,243.7899932861328,238.02000427246094,241.77000427246094,99038600.0,,,,,,,,,,,,,,,,,,,,
2023-08-14,,,,,,TSLA,239.75999450683594,240.66000366210938,233.75,235.6999969482422,98595300.0,,,,,,,,,,,,,,,,,,,,
2023-08-15,,,,,,TSLA,232.9600067138672,240.5,232.61000061035156,238.72999572753906,88197600.0,,,,,,,,,,,,,,,,,,,,
2023-08-16,,,,,,TSLA,225.60000610351562,233.97000122070312,225.3800048828125,228.02000427246094,112484500.0,,,,,,,,,,,,,,,,,,,,
2023-08-17,,,,,,TSLA,219.22000122070312,226.74000549316406,218.8300018310547,226.05999755859375,120718400.0,,,,,,,,,,,,,,,,,,,,
2023-08-18,,,,,,TSLA,215.49000549316406,217.5800018310547,212.36000061035156,214.1199951171875,136276600.0,,,,,,,,,,,,,,,,,,,,
2023-08-21,,,,,,TSLA,231.27999877929688,232.1300048828125,220.5800018310547,221.5500030517578,135702700.0,,,,,,,,,,,,,,,,,,,,
2023-08-22,,,,,,TSLA,233.19000244140625,240.82000732421875,229.5500030517578,240.25,130442800.0,,,,,,,,,,,,,,,,,,,,
2023-08-23,,,,,,TSLA,236.86000061035156,238.97999572753906,229.2899932861328,229.33999633789062,101077600.0,,,,,,,,,,,,,,,,,,,,
2023-08-24,,,,,,TSLA,230.0399932861328,238.9199981689453,228.17999267578125,238.66000366210938,99777400.0,,,,,,,,,,,,,,,,,,,,
2023-08-25,,,,,,TSLA,238.58999633789062,239.0,230.35000610351562,231.30999755859375,106612200.0,,,,,,,,,,,,,,,,,,,,
2023-08-28,,,,,,TSLA,238.82000732421875,244.3800048828125,235.35000610351562,242.5800018310547,107673700.0,,,,,,,,,,,,,,,,,,,,
2023-08-29,,,,,,TSLA,257.17999267578125,257.4800109863281,237.77000427246094,238.5800018310547,134047600.0,,,,,,,,,,,,,,,,,,,,
2023-08-30,,,,,,TSLA,256.8999938964844,260.510009765625,250.58999633789062,254.1999969482422,121988400.0,,,,,,,,,,,,,,,,,,,,
2023-08-31,,,,,,TSLA,258.0799865722656,261.17999267578125,255.0500030517578,255.97999572753906,108861700.0,,,,,,,,,,,,,,,,,,,,
2023-09-01,,,,,,TSLA,245.00999450683594,259.0799865722656,242.00999450683594,257.260009765625,132541600.0,,,,,,,,,,,,,,,,,,,,
2023-09-05,,,,,,TSLA,256.489990234375,258.0,244.86000061035156,245.0,129469600.0,,,,,,,,,,,,,,,,,,,,
2023-09-06,,,,,,TSLA,251.9199981689453,255.38999938964844,245.05999755859375,255.13999938964844,116959800.0,,,,,,,,,,,,,,,,,,,,
2023-09-07,,,,,,TSLA,251.49000549316406,252.80999755859375,243.27000427246094,245.07000732421875,115312900.0,,,,,,,,,,,,,,,,,,,,
2023-09-08,,,,,,TSLA,248.5,256.5199890136719,246.6699981689453,251.22000122070312,118367700.0,,,,,,,,,,,,,,,,,,,,
2023-09-11,,,,,,TSLA,273.5799865722656,274.8500061035156,260.6099853515625,264.2699890136719,174667900.0,,,,,,,,,,,,,,,,,,,,
2023-09-12,,,,,,TSLA,267.4800109863281,278.3900146484375,266.6000061035156,270.760009765625,135999900.0,,,,,,,,,,,,,,,,,,,,
2023-09-13,,,,,,TSLA,271.29998779296875,274.9800109863281,268.1000061035156,270.07000732421875,111673700.0,,,,,,,,,,,,,,,,,,,,
2023-09-14,,,,,,TSLA,276.0400085449219,276.7099914550781,270.4200134277344,271.32000732421875,107709800.0,,,,,,,,,,,,,,,,,,,,
2023-09-15,,,,,,TSLA,274.3900146484375,278.9800109863281,271.0,277.54998779296875,133692300.0,,,,,,,,,,,,,,,,,,,,
2023-09-18,,,,,,TSLA,265.2799987792969,271.44000244140625,263.760009765625,271.1600036621094,101543300.0,,,,,,,,,,,,,,,,,,,,
2023-09-19,,,,,,TSLA,266.5,267.8500061035156,261.20001220703125,264.3500061035156,103704000.0,,,,,,,,,,,,,,,,,,,,
2023-09-20,,,,,,TSLA,262.5899963378906,273.92999267578125,262.4599914550781,267.0400085449219,122514600.0,,,,,,,,,,,,,,,,,,,,
2023-09-21,,,,,,TSLA,255.6999969482422,260.8599853515625,254.2100067138672,257.8500061035156,119951500.0,,,,,,,,,,,,,,,,,,,,
2023-09-22,,,,,,TSLA,244.8800048828125,257.7900085449219,244.47999572753906,257.3999938964844,127524100.0,,,,,,,,,,,,,,,,,,,,
2023-09-25,,,,,,TSLA,246.99000549316406,247.10000610351562,238.30999755859375,243.3800048828125,104636600.0,,,,,,,,,,,,,,,,,,,,
2023-09-26,,,,,,TSLA,244.1199951171875,249.5500030517578,241.66000366210938,242.97999572753906,101993600.0,,,,,,,,,,,,,,,,,,,,
2023-09-27,,,,,,TSLA,240.5,245.3300018310547,234.5800018310547,244.25999450683594,136597200.0,,,,,,,,,,,,,,,,,,,,
2023-09-28,,,,,,TSLA,246.3800048828125,247.5500030517578,238.64999389648438,240.02000427246094,117058900.0,,,,,,,,,,,,,,,,,,,,
2023-09-29,,,,,,TSLA,250.22000122070312,254.77000427246094,246.35000610351562,250.0,128522700.0,,,,,,,,,,,,,,,,,,,,
2023-10-02,,,,,,TSLA,251.60000610351562,254.27999877929688,242.6199951171875,244.80999755859375,123810400.0,,,,,,,,,,,,,,,,,,,,
2023-10-03,,,,,,TSLA,246.52999877929688,250.02000427246094,244.4499969482422,248.61000061035156,101985300.0,,,,,,,,,,,,,,,,,,,,
2023-10-04,,,,,,TSLA,261.1600036621094,261.8599853515625,247.60000610351562,248.13999938964844,129721600.0,,,,,,,,,,,,,,,,,,,,
2023-10-05,,,,,,TSLA,260.04998779296875,263.6000061035156,256.25,260.0,119159200.0,,,,,,,,,,,,,,,,,,,,
2023-10-06,,,,,,TSLA,260.5299987792969,261.6499938964844,250.64999389648438,253.97999572753906,118121800.0,,,,,,,,,,,,,,,,,,,,
2023-10-09,,,,,,TSLA,259.6700134277344,261.3599853515625,252.0500030517578,255.30999755859375,101377900.0,,,,,,,,,,,,,,,,,,,,
2023-10-10,,,,,,TSLA,263.6199951171875,268.94000244140625,257.6499938964844,257.75,122656000.0,,,,,,,,,,,,,,,,,,,,
2023-10-11,,,,,,TSLA,262.989990234375,268.6000061035156,260.8999938964844,266.20001220703125,103706300.0,,,,,,,,,,,,,,,,,,,,
2023-10-12,,,,,,TSLA,258.8699951171875,265.4100036621094,256.6300048828125,262.9200134277344,111508100.0,,,,,,,,,,,,,,,,,,,,
2023-10-13,,,,,,TSLA,251.1199951171875,259.6000061035156,250.22000122070312,258.8999938964844,102073800.0,,,,,,,,,,,,,,,,,,,,
2023-10-16,,,,,,TSLA,253.9199981689453,255.39999389648438,248.47999572753906,250.0500030517578,88917200.0,,,,,,,,,,,,,,,,,,,,
2023-10-17,,,,,,TSLA,254.85000610351562,257.17999267578125,247.0800018310547,250.10000610351562,93562900.0,,,,,,,,,,,,,,,,,,,,
2023-10-18,,,,,,TSLA,242.67999267578125,254.6300048828125,242.0800018310547,252.6999969482422,125147800.0,,,,,,,,,,,,,,,,,,,,
2023-10-19,,,,,,TSLA,220.11000061035156,230.61000061035156,216.77999877929688,225.9499969482422,170772700.0,,,,,,,,,,,,,,,,,,,,
2023-10-20,,,,,,TSLA,211.99000549316406,218.86000061035156,210.4199981689453,217.00999450683594,138010100.0,,,,,,,,,,,,,,,,,,,,
2023-10-23,,,,,,TSLA,212.0800018310547,216.97999572753906,202.50999450683594,210.0,150683400.0,,,,,,,,,,,,,,,,,,,,
2023-10-24,,,,,,TSLA,216.52000427246094,222.0500030517578,214.11000061035156,216.5,118231100.0,,,,,,,,,,,,,,,,,,,,
2023-10-25,,,,,,TSLA,212.4199981689453,220.10000610351562,212.1999969482422,215.8800048828125,107065100.0,,,,,,,,,,,,,,,,,,,,
2023-10-26,,,,,,TSLA,205.75999450683594,214.8000030517578,204.8800048828125,211.32000732421875,115112600.0,,,,,,,,,,,,,,,,,,,,
2023-10-27,,,,,,TSLA,207.3000030517578,212.41000366210938,205.77000427246094,210.60000610351562,94881200.0,,,,,,,,,,,,,,,,,,,,
2023-10-30,,,,,,TSLA,197.36000061035156,210.8800048828125,194.6699981689453,209.27999877929688,136448200.0,,,,,,,,,,,,,,,,,,,,
2023-10-31,,,,,,TSLA,200.83999633789062,202.8000030517578,194.07000732421875,196.1199951171875,118068300.0,,,,,,,,,,,,,,,,,,,,
2023-11-01,,,,,,TSLA,205.66000366210938,205.99000549316406,197.85000610351562,204.0399932861328,121661700.0,,,,,,,,,,,,,,,,,,,,
2023-11-02,,,,,,TSLA,218.50999450683594,219.1999969482422,211.4499969482422,212.97000122070312,125987600.0,,,,,,,,,,,,,,,,,,,,
2023-11-03,,,,,,TSLA,219.9600067138672,226.3699951171875,218.39999389648438,221.14999389648438,119534800.0,,,,,,,,,,,,,,,,,,,,
2023-11-06,,,,,,TSLA,219.27000427246094,226.32000732421875,215.0,223.97999572753906,117335800.0,,,,,,,,,,,,,,,,,,,,
2023-11-07,,,,,,TSLA,222.17999267578125,223.1199951171875,215.72000122070312,219.97999572753906,116900100.0,,,,,,,,,,,,,,,,,,,,
2023-11-08,,,,,,TSLA,222.11000061035156,224.14999389648438,217.63999938964844,223.14999389648438,106584800.0,,,,,,,,,,,,,,,,,,,,
2023-11-09,,,,,,TSLA,209.97999572753906,220.8000030517578,206.67999267578125,219.75,142110500.0,,,,,,,,,,,,,,,,,,,,
2023-11-10,,,,,,TSLA,214.64999389648438,215.3800048828125,205.69000244140625,210.02999877929688,130994000.0,,,,,,,,,,,,,,,,,,,,
2023-11-13,,,,,,TSLA,223.7100067138672,225.39999389648438,211.61000061035156,215.60000610351562,140447600.0,,,,,,,,,,,,,,,,,,,,
2023-11-14,,,,,,TSLA,237.41000366210938,238.13999938964844,230.72000122070312,235.02999877929688,149771600.0,,,,,,,,,,,,,,,,,,,,
2023-11-15,,,,,,TSLA,242.83999633789062,246.6999969482422,236.4499969482422,239.2899932861328,150354000.0,,,,,,,,,,,,,,,,,,,,
2023-11-16,,,,,,TSLA,233.58999633789062,240.8800048828125,230.9600067138672,239.49000549316406,136816800.0,,,,,,,,,,,,,,,,,,,,
2023-11-17,,,,,,TSLA,234.3000030517578,237.38999938964844,226.5399932861328,232.0,142532800.0,,,,,,,,,,,,,,,,,,,,
2023-11-20,,,,,,TSLA,235.60000610351562,237.10000610351562,231.02000427246094,234.0399932861328,116320100.0,,,,,,,,,,,,,,,,,,,,
2023-11-21,,,,,,TSLA,241.1999969482422,243.6199951171875,233.33999633789062,235.0399932861328,122288000.0,,,,,,,,,,,,,,,,,,,,
2023-11-22,,,,,,TSLA,234.2100067138672,244.00999450683594,231.39999389648438,242.0399932861328,117950600.0,,,,,,,,,,,,,,,,,,,,
2023-11-24,,,,,,TSLA,235.4499969482422,238.75,232.3300018310547,233.75,65125200.0,,,,,,,,,,,,,,,,,,,,
2023-11-27,,,,,,TSLA,236.0800018310547,238.3300018310547,232.10000610351562,236.88999938964844,112031800.0,,,,,,,,,,,,,,,,,,,,
2023-11-28,,,,,,TSLA,246.72000122070312,247.0,234.00999450683594,236.67999267578125,148549900.0,,,,,,,,,,,,,,,,,,,,
2023-11-29,,,,,,TSLA,244.13999938964844,252.75,242.75999450683594,249.2100067138672,135401300.0,,,,,,,,,,,,,,,,,,,,
2023-11-30,,,,,,TSLA,240.0800018310547,245.22000122070312,236.91000366210938,245.13999938964844,132353200.0,,,,,,,,,,,,,,,,,,,,
2023-12-01,,,,,,TSLA,238.8300018310547,240.19000244140625,231.89999389648438,233.13999938964844,121331700.0,,,,,,,,,,,,,,,,,,,,
2023-12-04,,,,,,TSLA,235.5800018310547,239.3699951171875,233.2899932861328,235.75,104099800.0,,,,,,,,,,,,,,,,,,,,
2023-12-05,,,,,,TSLA,238.72000122070312,246.66000366210938,233.6999969482422,233.8699951171875,137971100.0,,,,,,,,,,,,,,,,,,,,
2023-12-06,,,,,,TSLA,239.3699951171875,246.57000732421875,239.1699981689453,242.9199981689453,126436200.0,,,,,,,,,,,,,,,,,,,,
2023-12-07,,,,,,TSLA,242.63999938964844,244.0800018310547,236.97999572753906,241.5500030517578,107142300.0,,,,,,,,,,,,,,,,,,,,
2023-12-08,,,,,,TSLA,243.83999633789062,245.27000427246094,239.27000427246094,240.27000427246094,103126800.0,,,,,,,,,,,,,,,,,,,,
2023-12-11,,,,,,TSLA,239.74000549316406,243.44000244140625,237.4499969482422,242.74000549316406,97913900.0,,,,,,,,,,,,,,,,,,,,
2023-12-12,,,,,,TSLA,237.00999450683594,238.99000549316406,233.8699951171875,238.5500030517578,95328300.0,,,,,,,,,,,,,,,,,,,,
2023-12-13,,,,,,TSLA,239.2899932861328,240.3000030517578,228.1999969482422,234.19000244140625,146286300.0,,,,,,,,,,,,,,,,,,,,
2023-12-14,,,,,,TSLA,251.0500030517578,253.8800048828125,240.7899932861328,241.22000122070312,160829200.0,,,,,,,,,,,,,,,,,,,,
2023-12-15,,,,,,TSLA,253.5,254.1300048828125,248.3000030517578,251.2100067138672,135932800.0,,,,,,,,,,,,,,,,,,,,
2023-12-18,,,,,,TSLA,252.0800018310547,258.739990234375,251.36000061035156,253.77999877929688,116416500.0,,,,,,,,,,,,,,,,,,,,
2023-12-19,,,,,,TSLA,257.2200012207031,258.3399963378906,253.00999450683594,253.47999572753906,106737400.0,,,,,,,,,,,,,,,,,,,,
2023-12-20,,,,,,TSLA,247.13999938964844,259.8399963378906,247.0,256.4100036621094,125097000.0,,,,,,,,,,,,,,,,,,,,
2023-12-21,,,,,,TSLA,254.5,254.8000030517578,248.5500030517578,251.89999389648438,109594200.0,,,,,,,,,,,,,,,,,,,,
2023-12-22,,,,,,TSLA,252.5399932861328,258.2200012207031,251.3699951171875,256.760009765625,93370100.0,,,,,,,,,,,,,,,,,,,,
2023-12-26,,,,,,TSLA,256.6099853515625,257.9700012207031,252.91000366210938,254.49000549316406,86892400.0,,,,,,,,,,,,,,,,,,,,
2023-12-27,,,,,,TSLA,261.44000244140625,263.3399963378906,257.5199890136719,258.3500061035156,106494400.0,,,,,,,,,,,,,,,,,,,,
2023-12-28,,,,,,TSLA,253.17999267578125,265.1300048828125,252.7100067138672,263.6600036621094,113619900.0,,,,,,,,,,,,,,,,,,,,
2023-12-29,,,,,,TSLA,248.47999572753906,255.19000244140625,247.42999267578125,255.10000610351562,100891600.0,,,,,,,,,,,,,,,,,,,,
2024-01-02,,,,,,TSLA,248.4199981689453,251.25,244.41000366210938,250.0800018310547,104654200.0,,,,,,,,,,,,,,,,,,,,
2024-01-03,,,,,,TSLA,238.4499969482422,245.67999267578125,236.32000732421875,244.97999572753906,121082600.0,,,,,,,,,,,,,,,,,,,,
2024-01-04,,,,,,TSLA,237.92999267578125,242.6999969482422,237.72999572753906,239.25,102629300.0,,,,,,,,,,,,,,,,,,,,
2024-01-05,,,,,,TSLA,237.49000549316406,240.1199951171875,234.89999389648438,236.86000061035156,92488900.0,,,,,,,,,,,,,,,,,,,,
2024-01-08,,,,,,TSLA,240.4499969482422,241.25,235.3000030517578,236.13999938964844,85166600.0,,,,,,,,,,,,,,,,,,,,
2024-01-09,,,,,,TSLA,234.9600067138672,238.9600067138672,232.0399932861328,238.11000061035156,96705700.0,,,,,,,,,,,,,,,,,,,,
2024-01-10,,,,,,TSLA,233.94000244140625,235.5,231.2899932861328,235.10000610351562,91628500.0,,,,,,,,,,,,,,,,,,,,
2024-01-11,,,,,,TSLA,227.22000122070312,230.92999267578125,225.3699951171875,230.57000732421875,105873600.0,,,,,,,,,,,,,,,,,,,,
2024-01-12,,,,,,TSLA,218.88999938964844,225.33999633789062,217.14999389648438,220.0800018310547,123043800.0,,,,,,,,,,,,,,,,,,,,
2024-01-16,,,,,,TSLA,219.91000366210938,223.49000549316406,212.17999267578125,215.10000610351562,115355000.0,,,,,,,,,,,,,,,,,,,,
2024-01-17,,,,,,TSLA,215.5500030517578,215.6699981689453,212.00999450683594,214.86000061035156,103164400.0,,,,,,,,,,,,,,,,,,,,
2024-01-18,,,,,,TSLA,211.8800048828125,217.4499969482422,208.74000549316406,216.8800048828125,108595400.0,,,,,,,,,,,,,,,,,,,,
2024-01-19,,,,,,TSLA,212.19000244140625,213.19000244140625,207.55999755859375,209.99000549316406,102260300.0,,,,,,,,,,,,,,,,,,,,
2024-01-22,,,,,,TSLA,208.8000030517578,217.8000030517578,206.27000427246094,212.25999450683594,117952500.0,,,,,,,,,,,,,,,,,,,,
2024-01-23,,,,,,TSLA,209.13999938964844,215.64999389648438,207.75,211.3000030517578,106605900.0,,,,,,,,,,,,,,,,,,,,
2024-01-24,,,,,,TSLA,207.8300018310547,212.72999572753906,206.77000427246094,211.8800048828125,123369900.0,,,,,,,,,,,,,,,,,,,,
2024-01-25,,,,,,TSLA,182.6300048828125,193.0,180.05999755859375,189.6999969482422,198076800.0,,,,,,,,,,,,,,,,,,,,
2024-01-26,,,,,,TSLA,183.25,186.77999877929688,182.10000610351562,185.5,107343200.0,,,,,,,,,,,,,,,,,,,,
2024-01-29,,,,,,TSLA,190.92999267578125,191.47999572753906,183.6699981689453,185.6300048828125,125013100.0,,,,,,,,,,,,,,,,,,,,
2024-01-30,,,,,,TSLA,191.58999633789062,196.36000061035156,190.61000061035156,195.3300018310547,109982300.0,,,,,,,,,,,,,,,,,,,,
2024-01-31,,,,,,TSLA,187.2899932861328,193.97000122070312,185.85000610351562,187.0,103221400.0,,,,,,,,,,,,,,,,,,,,
2024-02-01,,,,,,TSLA,188.86000061035156,189.8800048828125,184.27999877929688,188.5,91843300.0,,,,,,,,,,,,,,,,,,,,
2024-02-02,,,,,,TSLA,187.91000366210938,188.69000244140625,182.0,185.0399932861328,110612700.0,,,,,,,,,,,,,,,,,,,,
2024-02-05,,,,,,TSLA,181.05999755859375,184.67999267578125,175.00999450683594,184.25999450683594,134294400.0,,,,,,,,,,,,,,,,,,,,
2024-02-06,,,,,,TSLA,185.10000610351562,186.49000549316406,177.11000061035156,177.2100067138672,122676000.0,,,,,,,,,,,,,,,,,,,,
2024-02-07,,,,,,TSLA,187.5800018310547,189.7899932861328,182.67999267578125,188.17999267578125,111535200.0,,,,,,,,,,,,,,,,,,,,
2024-02-08,,,,,,TSLA,189.55999755859375,191.6199951171875,185.5800018310547,189.0,83034000.0,,,,,,,,,,,,,,,,,,,,
2024-02-09,,,,,,TSLA,193.57000732421875,194.1199951171875,189.47999572753906,190.17999267578125,84476300.0,,,,,,,,,,,,,,,,,,,,
2024-02-12,,,,,,TSLA,188.1300048828125,194.72999572753906,187.27999877929688,192.11000061035156,95498600.0,,,,,,,,,,,,,,,,,,,,
2024-02-13,,,,,,TSLA,184.02000427246094,187.25999450683594,182.11000061035156,183.99000549316406,86759500.0,,,,,,,,,,,,,,,,,,,,
2024-02-14,,,,,,TSLA,188.7100067138672,188.88999938964844,183.35000610351562,185.3000030517578,81203000.0,,,,,,,,,,,,,,,,,,,,
2024-02-15,,,,,,TSLA,200.4499969482422,200.8800048828125,188.86000061035156,189.16000366210938,120831800.0,,,,,,,,,,,,,,,,,,,,
2024-02-16,,,,,,TSLA,199.9499969482422,203.1699981689453,197.39999389648438,202.05999755859375,111346700.0,,,,,,,,,,,,,,,,,,,,
2024-02-20,,,,,,TSLA,193.75999450683594,198.60000610351562,189.1300048828125,196.1300048828125,104545800.0,,,,,,,,,,,,,,,,,,,,
2024-02-21,,,,,,TSLA,194.77000427246094,199.44000244140625,191.9499969482422,193.36000061035156,103500300.0,,,,,,,,,,,,,,,,,,,,
2024-02-22,,,,,,TSLA,197.41000366210938,198.32000732421875,191.36000061035156,194.0,92739500.0,,,,,,,,,,,,,,,,,,,,
2024-02-23,,,,,,TSLA,191.97000122070312,197.57000732421875,191.5,195.30999755859375,78841900.0,,,,,,,,,,,,,,,,,,,,
2024-02-26,,,,,,TSLA,199.39999389648438,201.77999877929688,192.0,192.2899932861328,111747100.0,,,,,,,,,,,,,,,,,,,,
2024-02-27,,,,,,TSLA,199.72999572753906,205.60000610351562,198.25999450683594,204.0399932861328,108645400.0,,,,,,,,,,,,,,,,,,,,
2024-02-28,,,,,,TSLA,202.0399932861328,205.3000030517578,198.44000244140625,200.4199981689453,99806200.0,,,,,,,,,,,,,,,,,,,,
2024-02-29,,,,,,TSLA,201.8800048828125,205.27999877929688,198.4499969482422,204.17999267578125,85907000.0,,,,,,,,,,,,,,,,,,,,
2024-03-01,,,,,,TSLA,202.63999938964844,204.52000427246094,198.5,200.52000427246094,82243100.0,,,,,,,,,,,,,,,,,,,,
2024-03-04,,,,,,TSLA,188.13999938964844,199.75,186.72000122070312,198.72999572753906,134334900.0,,,,,,,,,,,,,,,,,,,,
2024-03-05,,,,,,TSLA,180.74000549316406,184.58999633789062,177.57000732421875,183.0500030517578,119660800.0,,,,,,,,,,,,,,,,,,,,
2024-03-06,,,,,,TSLA,176.5399932861328,181.5800018310547,173.6999969482422,179.99000549316406,107920900.0,,,,,,,,,,,,,,,,,,,,
2024-03-07,,,,,,TSLA,178.64999389648438,180.0399932861328,173.6999969482422,174.35000610351562,102129000.0,,,,,,,,,,,,,,,,,,,,
2024-03-08,,,,,,TSLA,175.33999633789062,182.72999572753906,174.6999969482422,181.5,85544600.0,,,,,,,,,,,,,,,,,,,,
2024-03-11,,,,,,TSLA,177.77000427246094,182.8699951171875,174.8000030517578,175.4499969482422,85391500.0,,,,,,,,,,,,,,,,,,,,
2024-03-12,,,,,,TSLA,177.5399932861328,179.42999267578125,172.41000366210938,177.77000427246094,87391700.0,,,,,,,,,,,,,,,,,,,,
2024-03-13,,,,,,TSLA,169.47999572753906,176.0500030517578,169.14999389648438,173.0500030517578,106524500.0,,,,,,,,,,,,,,,,,,,,
2024-03-14,,,,,,TSLA,162.5,171.1699981689453,160.50999450683594,167.77000427246094,126325700.0,,,,,,,,,,,,,,,,,,,,
2024-03-15,,,,,,TSLA,163.57000732421875,165.17999267578125,160.75999450683594,163.16000366210938,97146800.0,,,,,,,,,,,,,,,,,,,,
2024-03-18,,,,,,TSLA,173.8000030517578,174.72000122070312,165.89999389648438,170.02000427246094,108214400.0,,,,,,,,,,,,,,,,,,,,
2024-03-19,,,,,,TSLA,171.32000732421875,172.82000732421875,167.4199981689453,172.36000061035156,77271400.0,,,,,,,,,,,,,,,,,,,,
2024-03-20,,,,,,TSLA,175.66000366210938,176.25,170.82000732421875,173.0,83846700.0,,,,,,,,,,,,,,,,,,,,
2024-03-21,,,,,,TSLA,172.82000732421875,178.17999267578125,171.8000030517578,176.38999938964844,73178000.0,,,,,,,,,,,,,,,,,,,,
2024-03-22,,,,,,TSLA,170.8300018310547,171.1999969482422,166.3000030517578,166.69000244140625,75580600.0,,,,,,,,,,,,,,,,,,,,
2024-03-25,,,,,,TSLA,172.6300048828125,175.24000549316406,168.72999572753906,168.75999450683594,74228600.0,,,,,,,,,,,,,,,,,,,,
2024-03-26,,,,,,TSLA,177.6699981689453,184.25,177.3800048828125,178.5800018310547,113186200.0,,,,,,,,,,,,,,,,,,,,
2024-03-27,,,,,,TSLA,179.8300018310547,181.91000366210938,176.0,181.41000366210938,81804000.0,,,,,,,,,,,,,,,,,,,,
2024-03-28,,,,,,TSLA,175.7899932861328,179.57000732421875,175.3000030517578,177.4499969482422,77654800.0,,,,,,,,,,,,,,,,,,,,
2024-04-01,,,,,,TSLA,175.22000122070312,176.75,170.2100067138672,176.1699981689453,81562100.0,,,,,,,,,,,,,,,,,,,,
2024-04-02,,,,,,TSLA,166.6300048828125,167.69000244140625,163.42999267578125,164.75,116650600.0,,,,,,,,,,,,,,,,,,,,
2024-04-03,,,,,,TSLA,168.3800048828125,168.82000732421875,163.27999877929688,164.02000427246094,82950100.0,,,,,,,,,,,,,,,,,,,,
2024-04-04,,,,,,TSLA,171.11000061035156,177.19000244140625,168.00999450683594,170.07000732421875,123162000.0,,,,,,,,,,,,,,,,,,,,
2024-04-05,,,,,,TSLA,164.89999389648438,170.86000061035156,160.50999450683594,169.0800018310547,143157600.0,,,,,,,,,,,,,,,,,,,,
2024-04-08,,,,,,TSLA,172.97999572753906,174.5,167.7899932861328,169.33999633789062,104423300.0,,,,,,,,,,,,,,,,,,,,
2024-04-09,,,,,,TSLA,176.8800048828125,179.22000122070312,171.9199981689453,172.91000366210938,102951700.0,,,,,,,,,,,,,,,,,,,,
2024-04-10,,,,,,TSLA,171.75999450683594,174.92999267578125,170.00999450683594,173.0399932861328,84532400.0,,,,,,,,,,,,,,,,,,,,
2024-04-11,,,,,,TSLA,174.60000610351562,175.8800048828125,168.50999450683594,172.5500030517578,94516000.0,,,,,,,,,,,,,,,,,,,,
2024-04-12,,,,,,TSLA,171.0500030517578,173.80999755859375,170.36000061035156,172.33999633789062,64722700.0,,,,,,,,,,,,,,,,,,,,
2024-04-15,,,,,,TSLA,161.47999572753906,170.69000244140625,161.3800048828125,170.24000549316406,100245300.0,,,,,,,,,,,,,,,,,,,,
2024-04-16,,,,,,TSLA,157.11000061035156,158.19000244140625,153.75,156.74000549316406,97000000.0,,,,,,,,,,,,,,,,,,,,
2024-04-17,,,,,,TSLA,155.4499969482422,158.3300018310547,153.77999877929688,157.63999938964844,82439700.0,,,,,,,,,,,,,,,,,,,,
2024-04-18,,,,,,TSLA,149.92999267578125,152.1999969482422,148.6999969482422,151.25,96098800.0,,,,,,,,,,,,,,,,,,,,
2024-04-19,,,,,,TSLA,147.0500030517578,150.94000244140625,146.22000122070312,148.97000122070312,87074500.0,,,,,,,,,,,,,,,,,,,,
2024-04-22,,,,,,TSLA,142.0500030517578,144.44000244140625,138.8000030517578,140.55999755859375,107097600.0,,,,,,,,,,,,,,,,,,,,
2024-04-23,,,,,,TSLA,144.67999267578125,147.25999450683594,141.11000061035156,143.3300018310547,124545100.0,,,,,,,,,,,,,,,,,,,,
2024-04-24,,,,,,TSLA,162.1300048828125,167.97000122070312,157.50999450683594,162.83999633789062,181178000.0,,,,,,,,,,,,,,,,,,,,
2024-04-25,,,,,,TSLA,170.17999267578125,170.8800048828125,158.36000061035156,158.9600067138672,126427500.0,,,,,,,,,,,,,,,,,,,,
2024-04-26,,,,,,TSLA,168.2899932861328,172.1199951171875,166.3699951171875,168.85000610351562,109815700.0,,,,,,,,,,,,,,,,,,,,
2024-04-29,,,,,,TSLA,194.0500030517578,198.8699951171875,184.5399932861328,188.4199981689453,243869700.0,,,,,,,,,,,,,,,,,,,,
2024-04-30,,,,,,TSLA,183.27999877929688,190.9499969482422,182.83999633789062,186.97999572753906,127031800.0,,,,,,,,,,,,,,,,,,,,
2024-05-01,,,,,,TSLA,179.99000549316406,185.86000061035156,179.00999450683594,182.0,92829700.0,,,,,,,,,,,,,,,,,,,,
2024-05-02,,,,,,TSLA,180.00999450683594,184.60000610351562,176.02000427246094,182.86000061035156,89148000.0,,,,,,,,,,,,,,,,,,,,
2024-05-03,,,,,,TSLA,181.19000244140625,184.77999877929688,178.4199981689453,182.10000610351562,75491500.0,,,,,,,,,,,,,,,,,,,,
2024-05-06,,,,,,TSLA,184.75999450683594,187.55999755859375,182.1999969482422,183.8000030517578,84390300.0,,,,,,,,,,,,,,,,,,,,
2024-05-07,,,,,,TSLA,177.80999755859375,183.25999450683594,177.39999389648438,182.39999389648438,75045900.0,,,,,,,,,,,,,,,,,,,,
2024-05-08,,,,,,TSLA,174.72000122070312,176.05999755859375,170.14999389648438,171.58999633789062,79969500.0,,,,,,,,,,,,,,,,,,,,
2024-05-09,,,,,,TSLA,171.97000122070312,175.6199951171875,171.3699951171875,175.00999450683594,65950300.0,,,,,,,,,,,,,,,,,,,,
2024-05-10,,,,,,TSLA,168.47000122070312,173.05999755859375,167.75,173.0500030517578,72627200.0,,,,,,,,,,,,,,,,,,,,
2024-05-13,,,,,,TSLA,171.88999938964844,175.39999389648438,169.0,170.0,67018900.0,,,,,,,,,,,,,,,,,,,,
2024-05-14,,,,,,TSLA,177.5500030517578,179.49000549316406,174.07000732421875,174.5,86407400.0,,,,,,,,,,,,,,,,,,,,
2024-05-15,,,,,,TSLA,173.99000549316406,180.0,173.11000061035156,179.89999389648438,79663000.0,,,,,,,,,,,,,,,,,,,,
2024-05-16,,,,,,TSLA,174.83999633789062,175.7899932861328,171.42999267578125,174.10000610351562,59812200.0,,,,,,,,,,,,,,,,,,,,
2024-05-17,,,,,,TSLA,177.4600067138672,179.6300048828125,172.75,173.5500030517578,77445800.0,,,,,,,,,,,,,,,,,,,,
2024-05-20,,,,,,TSLA,174.9499969482422,177.75,173.52000427246094,177.55999755859375,61727400.0,,,,,,,,,,,,,,,,,,,,
2024-05-21,,,,,,TSLA,186.60000610351562,186.8800048828125,174.7100067138672,175.50999450683594,115266500.0,,,,,,,,,,,,,,,,,,,,
2024-05-22,,,,,,TSLA,180.11000061035156,183.8000030517578,178.1199951171875,182.85000610351562,88313500.0,,,,,,,,,,,,,,,,,,,,
2024-05-23,,,,,,TSLA,173.74000549316406,181.89999389648438,173.25999450683594,181.8000030517578,71975500.0,,,,,,,,,,,,,,,,,,,,
2024-05-24,,,,,,TSLA,179.24000549316406,180.0800018310547,173.72999572753906,174.83999633789062,65584500.0,,,,,,,,,,,,,,,,,,,,
2024-05-28,,,,,,TSLA,176.75,178.25,173.16000366210938,176.39999389648438,59736600.0,,,,,,,,,,,,,,,,,,,,
2024-05-29,,,,,,TSLA,176.19000244140625,178.14999389648438,173.92999267578125,174.19000244140625,54782600.0,,,,,,,,,,,,,,,,,,,,
2024-05-30,,,,,,TSLA,178.7899932861328,182.6699981689453,175.3800048828125,178.5800018310547,77618400.0,,,,,,,,,,,,,,,,,,,,
2024-05-31,,,,,,TSLA,178.0800018310547,180.32000732421875,173.82000732421875,178.5,67314600.0,,,,,,,,,,,,,,,,,,,,
2024-06-03,,,,,,TSLA,176.2899932861328,182.63999938964844,174.49000549316406,178.1300048828125,68568900.0,,,,,,,,,,,,,,,,,,,,
2024-06-04,,,,,,TSLA,174.77000427246094,177.75999450683594,174.0,174.77999877929688,60056300.0,,,,,,,,,,,,,,,,,,,,
2024-06-05,,,,,,TSLA,175.0,176.14999389648438,172.1300048828125,175.35000610351562,57953800.0,,,,,,,,,,,,,,,,,,,,
2024-06-06,,,,,,TSLA,177.94000244140625,179.72999572753906,172.72999572753906,174.60000610351562,69887000.0,,,,,,,,,,,,,,,,,,,,
2024-06-07,,,,,,TSLA,177.47999572753906,179.35000610351562,175.5800018310547,176.1300048828125,56244900.0,,,,,,,,,,,,,,,,,,,,
2024-06-10,,,,,,TSLA,173.7899932861328,178.57000732421875,173.1699981689453,176.05999755859375,50774600.0,,,,,,,,,,,,,,,,,,,,
2024-06-11,,,,,,TSLA,170.66000366210938,174.75,167.41000366210938,173.9199981689453,64761900.0,,,,,,,,,,,,,,,,,,,,
2024-06-12,,,,,,TSLA,177.2899932861328,180.5500030517578,169.8000030517578,171.1199951171875,90389400.0,,,,,,,,,,,,,,,,,,,,
2024-06-13,,,,,,TSLA,182.47000122070312,191.0800018310547,181.22999572753906,188.38999938964844,118984100.0,,,,,,,,,,,,,,,,,,,,
2024-06-14,,,,,,TSLA,178.00999450683594,186.0,176.9199981689453,185.8000030517578,82038200.0,,,,,,,,,,,,,,,,,,,,
2024-06-17,,,,,,TSLA,187.44000244140625,188.80999755859375,177.0,177.9199981689453,109786100.0,,,,,,,,,,,,,,,,,,,,
2024-06-18,,,,,,TSLA,184.86000061035156,187.1999969482422,182.3699951171875,186.55999755859375,68982300.0,,,,,,,,,,,,,,,,,,,,
2024-06-20,,,,,,TSLA,181.57000732421875,185.2100067138672,179.66000366210938,184.67999267578125,55893100.0,,,,,,,,,,,,,,,,,,,,
2024-06-21,,,,,,TSLA,183.00999450683594,183.9499969482422,180.69000244140625,182.3000030517578,61937300.0,,,,,,,,,,,,,,,,,,,,
2024-06-24,,,,,,TSLA,182.5800018310547,188.8000030517578,182.5500030517578,184.97000122070312,61992100.0,,,,,,,,,,,,,,,,,,,,
2024-06-25,,,,,,TSLA,187.35000610351562,187.97000122070312,182.00999450683594,184.39999389648438,62905700.0,,,,,,,,,,,,,,,,,,,,
2024-06-26,,,,,,TSLA,196.3699951171875,197.75999450683594,186.36000061035156,186.5399932861328,95737100.0,,,,,,,,,,,,,,,,,,,,
2024-06-27,,,,,,TSLA,197.4199981689453,198.72000122070312,194.0500030517578,195.1699981689453,72746500.0,,,,,,,,,,,,,,,,,,,,
2024-06-28,,,,,,TSLA,197.8800048828125,203.1999969482422,195.25999450683594,199.5500030517578,95438100.0,,,,,,,,,,,,,,,,,,,,
2024-07-01,,,,,,TSLA,209.86000061035156,213.22999572753906,200.85000610351562,201.02000427246094,135691400.0,,,,,,,,,,,,,,,,,,,,
2024-07-02,,,,,,TSLA,231.25999450683594,231.3000030517578,218.05999755859375,218.88999938964844,205047900.0,,,,,,,,,,,,,,,,,,,,
2024-07-03,,,,,,TSLA,246.38999938964844,248.35000610351562,234.25,234.55999755859375,166561500.0,,,,,,,,,,,,,,,,,,,,
2024-07-05,,,,,,TSLA,251.52000427246094,252.3699951171875,242.4600067138672,249.80999755859375,154501200.0,,,,,,,,,,,,,,,,,,,,
2024-07-08,,,,,,TSLA,252.94000244140625,259.44000244140625,244.57000732421875,247.7100067138672,157219600.0,,,,,,,,,,,,,,,,,,,,
2024-07-09,,,,,,TSLA,262.3299865722656,265.6099853515625,250.3000030517578,251.0,160210900.0,,,,,,,,,,,,,,,,,,,,
2024-07-10,,,,,,TSLA,263.260009765625,267.5899963378906,257.8599853515625,262.79998779296875,128519400.0,,,,,,,,,,,,,,,,,,,,
2024-07-11,,,,,,TSLA,241.02999877929688,271.0,239.64999389648438,263.29998779296875,221707300.0,,,,,,,,,,,,,,,,,,,,
2024-07-12,,,,,,TSLA,248.22999572753906,251.83999633789062,233.08999633789062,235.8000030517578,155955800.0,,,,,,,,,,,,,,,,,,,,
2024-07-15,,,,,,TSLA,252.63999938964844,265.6000061035156,251.72999572753906,255.97000122070312,146912900.0,,,,,,,,,,,,,,,,,,,,
2024-07-16,,,,,,TSLA,256.55999755859375,258.6199951171875,245.8000030517578,255.30999755859375,126332500.0,,,,,,,,,,,,,,,,,,,,
2024-07-17,,,,,,TSLA,248.5,258.4700012207031,246.17999267578125,252.72999572753906,115584800.0,,,,,,,,,,,,,,,,,,,,
2024-07-18,,,,,,TSLA,249.22999572753906,257.1400146484375,247.1999969482422,251.08999633789062,110869000.0,,,,,,,,,,,,,,,,,,,,
2024-07-19,,,,,,TSLA,239.1999969482422,249.44000244140625,236.8300018310547,247.7899932861328,87403900.0,,,,,,,,,,,,,,,,,,,,
2024-07-22,,,,,,TSLA,251.50999450683594,253.2100067138672,243.75,244.2100067138672,101225400.0,,,,,,,,,,,,,,,,,,,,
2024-07-23,,,,,,TSLA,246.3800048828125,255.75999450683594,245.6300048828125,253.60000610351562,111928200.0,,,,,,,,,,,,,,,,,,,,
2024-07-24,,,,,,TSLA,215.99000549316406,225.99000549316406,214.7100067138672,225.4199981689453,167942900.0,,,,,,,,,,,,,,,,,,,,
2024-07-25,,,,,,TSLA,220.25,226.0,216.22999572753906,216.8000030517578,100636500.0,,,,,,,,,,,,,,,,,,,,
2024-07-26,,,,,,TSLA,219.8000030517578,222.27999877929688,215.3300018310547,221.19000244140625,94604100.0,,,,,,,,,,,,,,,,,,,,
2024-07-29,,,,,,TSLA,232.10000610351562,234.27000427246094,224.6999969482422,224.89999389648438,129201800.0,,,,,,,,,,,,,,,,,,,,
2024-07-30,,,,,,TSLA,222.6199951171875,232.41000366210938,220.0,232.25,100560300.0,,,,,,,,,,,,,,,,,,,,
2024-07-31,,,,,,TSLA,232.07000732421875,234.67999267578125,226.7899932861328,227.89999389648438,67497000.0,,,,,,,,,,,,,,,,,,,,
2024-08-01,,,,,,TSLA,216.86000061035156,231.8699951171875,214.3300018310547,227.69000244140625,83861900.0,,,,,,,,,,,,,,,,,,,,
2024-08-02,,,,,,TSLA,207.6699981689453,216.1300048828125,205.77999877929688,214.8800048828125,82880100.0,,,,,,,,,,,,,,,,,,,,
2024-08-05,,,,,,TSLA,198.8800048828125,203.8800048828125,182.0,185.22000122070312,100308800.0,,,,,,,,,,,,,,,,,,,,
2024-08-06,,,,,,TSLA,200.63999938964844,202.89999389648438,192.6699981689453,200.75,73783900.0,,,,,,,,,,,,,,,,,,,,
2024-08-07,,,,,,TSLA,191.75999450683594,203.49000549316406,191.47999572753906,200.77000427246094,71159800.0,,,,,,,,,,,,,,,,,,,,
2024-08-08,,,,,,TSLA,198.83999633789062,200.6999969482422,192.0399932861328,195.6999969482422,65033900.0,,,,,,,,,,,,,,,,,,,,
2024-08-09,,,,,,TSLA,200.0,200.8800048828125,195.11000061035156,197.0500030517578,58648300.0,,,,,,,,,,,,,,,,,,,,
2024-08-12,,,,,,TSLA,197.49000549316406,199.25999450683594,194.6699981689453,199.02000427246094,64044900.0,,,,,,,,,,,,,,,,,,,,
2024-08-13,,,,,,TSLA,207.8300018310547,208.49000549316406,197.05999755859375,198.47000122070312,76247400.0,,,,,,,,,,,,,,,,,,,,
2024-08-14,,,,,,TSLA,201.3800048828125,208.44000244140625,198.75,207.38999938964844,70250000.0,,,,,,,,,,,,,,,,,,,,
2024-08-15,,,,,,TSLA,214.13999938964844,215.8800048828125,204.82000732421875,205.02000427246094,89848500.0,,,,,,,,,,,,,,,,,,,,
2024-08-16,,,,,,TSLA,216.1199951171875,219.8000030517578,210.8000030517578,211.14999389648438,88765100.0,,,,,,,,,,,,,,,,,,,,
2024-08-19,,,,,,TSLA,222.72000122070312,222.97999572753906,214.08999633789062,217.07000732421875,76435200.0,,,,,,,,,,,,,,,,,,,,
2024-08-20,,,,,,TSLA,221.10000610351562,228.22000122070312,219.55999755859375,224.8800048828125,74001200.0,,,,,,,,,,,,,,,,,,,,
2024-08-21,,,,,,TSLA,223.27000427246094,224.66000366210938,218.86000061035156,222.6699981689453,70146000.0,,,,,,,,,,,,,,,,,,,,
2024-08-22,,,,,,TSLA,210.66000366210938,224.8000030517578,210.32000732421875,223.82000732421875,79514500.0,,,,,,,,,,,,,,,,,,,,
2024-08-23,,,,,,TSLA,220.32000732421875,221.47999572753906,214.2100067138672,214.4600067138672,81525200.0,,,,,,,,,,,,,,,,,,,,
2024-08-26,,,,,,TSLA,213.2100067138672,219.08999633789062,211.00999450683594,218.75,59301200.0,,,,,,,,,,,,,,,,,,,,
2024-08-27,,,,,,TSLA,209.2100067138672,215.66000366210938,206.94000244140625,213.25,62821400.0,,,,,,,,,,,,,,,,,,,,
2024-08-28,,,,,,TSLA,205.75,211.83999633789062,202.58999633789062,209.72000122070312,64116400.0,,,,,,,,,,,,,,,,,,,,
2024-08-29,,,,,,TSLA,206.27999877929688,214.88999938964844,205.97000122070312,209.8000030517578,62308800.0,,,,,,,,,,,,,,,,,,,,
2024-08-30,,,,,,TSLA,214.11000061035156,214.57000732421875,207.02999877929688,208.6300048828125,63370600.0,,,,,,,,,,,,,,,,,,,,
2024-09-03,,,,,,TSLA,210.60000610351562,219.89999389648438,209.63999938964844,215.25999450683594,76714200.0,,,,,,,,,,,,,,,,,,,,
2024-09-04,,,,,,TSLA,219.41000366210938,222.22000122070312,210.57000732421875,210.58999633789062,80651800.0,,,,,,,,,,,,,,,,,,,,
2024-09-05,,,,,,TSLA,230.1699981689453,235.0,222.25,223.49000549316406,119355000.0,,,,,,,,,,,,,,,,,,,,
2024-09-06,,,,,,TSLA,210.72999572753906,233.60000610351562,210.50999450683594,232.60000610351562,112177000.0,,,,,,,,,,,,,,,,,,,,
2024-09-09,,,,,,TSLA,216.27000427246094,219.8699951171875,213.6699981689453,216.1999969482422,67443500.0,,,,,,,,,,,,,,,,,,,,
2024-09-10,,,,,,TSLA,226.1699981689453,226.39999389648438,218.63999938964844,220.07000732421875,78891100.0,,,,,,,,,,,,,,,,,,,,
2024-09-11,,,,,,TSLA,228.1300048828125,228.47000122070312,216.8000030517578,224.5500030517578,83548600.0,,,,,,,,,,,,,,,,,,,,
2024-09-12,,,,,,TSLA,229.80999755859375,231.4499969482422,223.8300018310547,224.66000366210938,71894900.0,,,,,,,,,,,,,,,,,,,,
2024-09-13,,,,,,TSLA,230.2899932861328,232.6699981689453,226.32000732421875,228.0,59515100.0,,,,,,,,,,,,,,,,,,,,
2024-09-16,,,,,,TSLA,226.77999877929688,229.9600067138672,223.52999877929688,229.3000030517578,54323000.0,,,,,,,,,,,,,,,,,,,,
2024-09-17,,,,,,TSLA,227.8699951171875,234.57000732421875,226.5500030517578,229.4499969482422,66761600.0,,,,,,,,,,,,,,,,,,,,
2024-09-18,,,,,,TSLA,227.1999969482422,235.67999267578125,226.8800048828125,230.08999633789062,78010200.0,,,,,,,,,,,,,,,,,,,,
2024-09-19,,,,,,TSLA,243.9199981689453,244.24000549316406,232.1300048828125,234.0,102694600.0,,,,,,,,,,,,,,,,,,,,
2024-09-20,,,,,,TSLA,238.25,243.99000549316406,235.9199981689453,241.52000427246094,99879100.0,,,,,,,,,,,,,,,,,,,,
2024-09-23,,,,,,TSLA,250.0,250.0,241.9199981689453,242.61000061035156,86927200.0,,,,,,,,,,,,,,,,,,,,
2024-09-24,,,,,,TSLA,254.27000427246094,257.19000244140625,249.0500030517578,254.0800018310547,88491000.0,,,,,,,,,,,,,,,,,,,,
2024-09-25,,,,,,TSLA,257.0199890136719,257.04998779296875,252.27999877929688,252.5399932861328,65034300.0,,,,,,,,,,,,,,,,,,,,
2024-09-26,,,,,,TSLA,254.22000122070312,261.75,251.52999877929688,260.6000061035156,67142200.0,,,,,,,,,,,,,,,,,,,,
2024-09-27,,,,,,TSLA,260.4599914550781,260.70001220703125,254.1199951171875,257.3800048828125,70988100.0,,,,,,,,,,,,,,,,,,,,
2024-09-30,,,,,,TSLA,261.6300048828125,264.8599853515625,255.77000427246094,259.0400085449219,80705700.0,,,,,,,,,,,,,,,,,,,,
2024-10-01,,,,,,TSLA,258.0199890136719,263.9800109863281,248.52999877929688,262.6700134277344,87397600.0,,,,,,,,,,,,,,,,,,,,
2024-10-02,,,,,,TSLA,249.02000427246094,251.16000366210938,241.5,247.5500030517578,93983900.0,,,,,,,,,,,,,,,,,,,,
2024-10-03,,,,,,TSLA,240.66000366210938,249.7899932861328,237.80999755859375,244.47999572753906,80729200.0,,,,,,,,,,,,,,,,,,,,
2024-10-04,,,,,,TSLA,250.0800018310547,250.9600067138672,244.5800018310547,246.69000244140625,86573200.0,,,,,,,,,,,,,,,,,,,,
2024-10-07,,,,,,TSLA,240.8300018310547,249.8300018310547,240.6999969482422,249.0,68113300.0,,,,,,,,,,,,,,,,,,,,
2024-10-08,,,,,,TSLA,244.5,246.2100067138672,240.55999755859375,243.55999755859375,56303200.0,,,,,,,,,,,,,,,,,,,,
2024-10-09,,,,,,TSLA,241.0500030517578,247.42999267578125,239.50999450683594,243.82000732421875,66289500.0,,,,,,,,,,,,,,,,,,,,
2024-10-10,,,,,,TSLA,238.77000427246094,242.7899932861328,232.33999633789062,241.80999755859375,83087100.0,,,,,,,,,,,,,,,,,,,,
2024-10-11,,,,,,TSLA,217.8000030517578,223.33999633789062,214.3800048828125,220.1300048828125,142628900.0,,,,,,,,,,,,,,,,,,,,
2024-10-14,,,,,,TSLA,219.16000366210938,221.91000366210938,213.74000549316406,220.1300048828125,86291900.0,,,,,,,,,,,,,,,,,,,,
2024-10-15,,,,,,TSLA,219.57000732421875,224.25999450683594,217.1199951171875,220.00999450683594,62988800.0,,,,,,,,,,,,,,,,,,,,
2024-10-16,,,,,,TSLA,221.3300018310547,222.82000732421875,218.92999267578125,221.39999389648438,49632800.0,,,,,,,,,,,,,,,,,,,,
2024-10-17,,,,,,TSLA,220.88999938964844,222.0800018310547,217.89999389648438,221.58999633789062,50791800.0,,,,,,,,,,,,,,,,,,,,
2024-10-18,,,,,,TSLA,220.6999969482422,222.27999877929688,219.22999572753906,220.7100067138672,49611900.0,,,,,,,,,,,,,,,,,,,,
2024-10-21,,,,,,TSLA,218.85000610351562,220.47999572753906,215.72999572753906,218.89999389648438,47329000.0,,,,,,,,,,,,,,,,,,,,
2024-10-22,,,,,,TSLA,217.97000122070312,218.22000122070312,215.25999450683594,217.30999755859375,43268700.0,,,,,,,,,,,,,,,,,,,,
2024-10-23,,,,,,TSLA,213.64999389648438,218.72000122070312,212.11000061035156,217.1300048828125,80938900.0,,,,,,,,,,,,,,,,,,,,
2024-10-24,,,,,,TSLA,260.4800109863281,262.1199951171875,242.64999389648438,244.67999267578125,204491900.0,,,,,,,,,,,,,,,,,,,,
2024-10-25,,,,,,TSLA,269.19000244140625,269.489990234375,255.32000732421875,256.010009765625,161611900.0,,,,,,,,,,,,,,,,,,,,
2024-10-28,,,,,,TSLA,262.510009765625,273.5400085449219,262.239990234375,270.0,107653600.0,,,,,,,,,,,,,,,,,,,,
2024-10-29,,,,,,TSLA,259.5199890136719,264.9800109863281,255.50999450683594,264.510009765625,80521800.0,,,,,,,,,,,,,,,,,,,,
2024-10-30,,,,,,TSLA,257.54998779296875,263.3500061035156,255.82000732421875,258.0400085449219,53993600.0,,,,,,,,,,,,,,,,,,,,
2024-10-31,,,,,,TSLA,249.85000610351562,259.75,249.25,257.989990234375,66575300.0,,,,,,,,,,,,,,,,,,,,
2024-11-01,,,,,,TSLA,248.97999572753906,254.0,246.6300048828125,252.0399932861328,57544800.0,,,,,,,,,,,,,,,,,,,,
2024-11-04,,,,,,TSLA,242.83999633789062,248.89999389648438,238.8800048828125,244.55999755859375,68802400.0,,,,,,,,,,,,,,,,,,,,
2024-11-05,,,,,,TSLA,251.44000244140625,255.27999877929688,246.2100067138672,247.33999633789062,69282500.0,,,,,,,,,,,,,,,,,,,,
2024-11-06,,,,,,TSLA,288.5299987792969,289.5899963378906,275.6199951171875,284.6700134277344,165228700.0,,,,,,,,,,,,,,,,,,,,
2024-11-07,,,,,,TSLA,296.9100036621094,299.75,285.5199890136719,288.8900146484375,117309200.0,,,,,,,,,,,,,,,,,,,,
2024-11-08,,,,,,TSLA,321.2200012207031,328.7099914550781,297.6600036621094,299.1400146484375,204782800.0,,,,,,,,,,,,,,,,,,,,
2024-11-11,,,,,,TSLA,350.0,358.6400146484375,336.0,346.29998779296875,210521600.0,,,,,,,,,,,,,,,,,,,,
2024-11-12,,,,,,TSLA,328.489990234375,345.8399963378906,323.30999755859375,342.739990234375,155726000.0,,,,,,,,,,,,,,,,,,,,
2024-11-13,,,,,,TSLA,330.239990234375,344.6000061035156,322.5,335.8500061035156,125405600.0,,,,,,,,,,,,,,,,,,,,
2024-11-14,,,,,,TSLA,311.17999267578125,329.9800109863281,310.3699951171875,327.69000244140625,120726100.0,,,,,,,,,,,,,,,,,,,,
2024-11-15,,,,,,TSLA,320.7200012207031,324.67999267578125,309.2200012207031,310.57000732421875,114440300.0,,,,,,,,,,,,,,,,,,,,
2024-11-18,,,,,,TSLA,338.739990234375,348.54998779296875,330.010009765625,340.7300109863281,126085600.0,,,,,,,,,,,,,,,,,,,,
2024-11-19,,,,,,TSLA,346.0,347.3800048828125,332.75,335.760009765625,88852500.0,,,,,,,,,,,,,,,,,,,,
2024-11-20,,,,,,TSLA,342.0299987792969,346.6000061035156,334.29998779296875,345.0,66340700.0,,,,,,,,,,,,,,,,,,,,
2024-11-21,,,,,,TSLA,339.6400146484375,347.989990234375,335.2799987792969,343.80999755859375,58011700.0,,,,,,,,,,,,,,,,,,,,
2024-11-22,,,,,,TSLA,352.55999755859375,361.5299987792969,337.70001220703125,341.0899963378906,89140700.0,,,,,,,,,,,,,,,,,,,,
2024-11-25,,,,,,TSLA,338.5899963378906,361.92999267578125,338.20001220703125,360.1400146484375,95890900.0,,,,,,,,,,,,,,,,,,,,
2024-11-26,,,,,,TSLA,338.2300109863281,346.9599914550781,335.6600036621094,341.0,62295900.0,,,,,,,,,,,,,,,,,,,,
2024-11-27,,,,,,TSLA,332.8900146484375,342.54998779296875,326.5899963378906,341.79998779296875,57896400.0,,,,,,,,,,,,,,,,,,,,
2024-11-29,,,,,,TSLA,345.1600036621094,345.45001220703125,334.6499938964844,336.0799865722656,37167600.0,,,,,,,,,,,,,,,,,,,,
2024-12-02,,,,,,TSLA,357.0899963378906,360.0,351.1499938964844,352.3800048828125,77986500.0,,,,,,,,,,,,,,,,,,,,
2024-12-03,,,,,,TSLA,351.4200134277344,355.69000244140625,348.20001220703125,351.79998779296875,58267200.0,,,,,,,,,,,,,,,,,,,,
2024-12-04,,,,,,TSLA,357.92999267578125,358.1000061035156,348.6000061035156,353.0,50810900.0,,,,,,,,,,,,,,,,,,,,
2024-12-05,,,,,,TSLA,369.489990234375,375.42999267578125,359.5,359.8699951171875,81403600.0,,,,,,,,,,,,,,,,,,,,
2024-12-06,,,,,,TSLA,389.2200012207031,389.489990234375,370.79998779296875,377.4200134277344,81455800.0,,,,,,,,,,,,,,,,,,,,
2024-12-09,,,,,,TSLA,389.7900085449219,404.79998779296875,378.010009765625,397.6099853515625,96359200.0,,,,,,,,,,,,,,,,,,,,
2024-12-10,,,,,,TSLA,400.989990234375,409.7300109863281,390.8500061035156,392.67999267578125,97563600.0,,,,,,,,,,,,,,,,,,,,
2024-12-11,,,,,,TSLA,424.7699890136719,424.8800048828125,402.3800048828125,409.70001220703125,104287600.0,,,,,,,,,,,,,,,,,,,,
2024-12-12,,,,,,TSLA,418.1000061035156,429.29998779296875,415.0,424.8399963378906,87752200.0,,,,,,,,,,,,,,,,,,,,
2024-12-13,,,,,,TSLA,436.2300109863281,436.29998779296875,415.7099914550781,420.0,89000200.0,,,,,,,,,,,,,,,,,,,,
2024-12-16,,,,,,TSLA,463.0199890136719,463.19000244140625,436.1499938964844,441.0899963378906,114083800.0,,,,,,,,,,,,,,,,,,,,
2024-12-17,,,,,,TSLA,479.8599853515625,483.989990234375,457.510009765625,475.8999938964844,131223000.0,,,,,,,,,,,,,,,,,,,,
2024-12-18,,,,,,TSLA,440.1300048828125,488.5400085449219,427.010009765625,466.5,149340800.0,,,,,,,,,,,,,,,,,,,,
2024-12-19,,,,,,TSLA,436.1700134277344,456.3599853515625,420.0199890136719,451.8800048828125,118566100.0,,,,,,,,,,,,,,,,,,,,
2024-12-20,,,,,,TSLA,421.05999755859375,447.0799865722656,417.6400146484375,425.510009765625,132216200.0,,,,,,,,,,,,,,,,,,,,
2024-12-23,,,,,,TSLA,430.6000061035156,434.510009765625,415.4100036621094,431.0,72698100.0,,,,,,,,,,,,,,,,,,,,
2024-12-24,,,,,,TSLA,462.2799987792969,462.7799987792969,435.1400146484375,435.8999938964844,59551800.0,,,,,,,,,,,,,,,,,,,,
2024-12-26,,,,,,TSLA,454.1300048828125,465.3299865722656,451.0199890136719,465.1600036621094,76366400.0,,,,,,,,,,,,,,,,,,,,
2024-12-27,,,,,,TSLA,431.6600036621094,450.0,426.5,449.5199890136719,82666800.0,,,,,,,,,,,,,,,,,,,,
2024-12-30,,,,,,TSLA,417.4100036621094,427.0,415.75,419.3999938964844,64941000.0,,,,,,,,,,,,,,,,,,,,
2024-12-31,,,,,,TSLA,403.8399963378906,427.92999267578125,402.5400085449219,423.7900085449219,76825100.0,,,,,,,,,,,,,,,,,,,,
2025-01-02,,,,,,TSLA,379.2799987792969,392.7300109863281,373.0400085449219,390.1000061035156,109710700.0,,,,,,,,,,,,,,,,,,,,
2025-01-03,,,,,,TSLA,410.44000244140625,411.8800048828125,379.45001220703125,381.4800109863281,95423300.0,,,,,,,,,,,,,,,,,,,,
2025-01-06,,,,,,TSLA,411.04998779296875,426.42999267578125,401.70001220703125,423.20001220703125,85516500.0,,,,,,,,,,,,,,,,,,,,
2025-01-07,,,,,,TSLA,394.3599853515625,414.3299865722656,390.0,405.8299865722656,75699500.0,,,,,,,,,,,,,,,,,,,,
2025-01-08,,,,,,TSLA,394.94000244140625,402.5,387.3999938964844,392.95001220703125,73038800.0,,,,,,,,,,,,,,,,,,,,
2025-01-10,,,,,,TSLA,394.739990234375,399.2799987792969,377.2900085449219,391.3999938964844,62287300.0,,,,,,,,,,,,,,,,,,,,
2025-01-13,,,,,,TSLA,403.30999755859375,403.7900085449219,380.07000732421875,383.2099914550781,67580500.0,,,,,,,,,,,,,,,,,,,,
2025-01-14,,,,,,TSLA,396.3599853515625,422.6400146484375,394.5400085449219,414.3399963378906,84565000.0,,,,,,,,,,,,,,,,,,,,
2025-01-15,,,,,,TSLA,428.2200012207031,429.79998779296875,405.6600036621094,409.8999938964844,81375500.0,,,,,,,,,,,,,,,,,,,,
2025-01-16,,,,,,TSLA,413.82000732421875,424.0,409.1300048828125,423.489990234375,68335200.0,,,,,,,,,,,,,,,,,,,,
2025-01-17,,,,,,TSLA,426.5,439.739990234375,419.75,421.5,94991400.0,,,,,,,,,,,,,,,,,,,,
2025-01-21,,,,,,TSLA,424.07000732421875,433.20001220703125,406.30999755859375,432.6400146484375,87320900.0,,,,,,,,,,,,,,,,,,,,
2025-01-22,,,,,,TSLA,415.1099853515625,428.0,414.5899963378906,416.80999755859375,60963300.0,,,,,,,,,,,,,,,,,,,,
2025-01-23,,,,,,TSLA,412.3800048828125,420.7300109863281,408.95001220703125,416.05999755859375,50690600.0,,,,,,,,,,,,,,,,,,,,
2025-01-24,,,,,,TSLA,406.5799865722656,418.8800048828125,405.7799987792969,414.45001220703125,56427100.0,,,,,,,,,,,,,,,,,,,,
2025-01-27,,,,,,TSLA,397.1499938964844,406.69000244140625,389.0,394.79998779296875,58125500.0,,,,,,,,,,,,,,,,,,,,
2025-01-28,,,,,,TSLA,398.0899963378906,400.5899963378906,386.5,396.9100036621094,48910700.0,,,,,,,,,,,,,,,,,,,,
2025-01-29,,,,,,TSLA,389.1000061035156,398.5899963378906,384.4800109863281,395.2099914550781,68033600.0,,,,,,,,,,,,,,,,,,,,
2025-01-30,,,,,,TSLA,400.2799987792969,412.5,384.4100036621094,410.7799987792969,98092900.0,,,,,,,,,,,,,,,,,,,,
2025-01-31,,,,,,TSLA,404.6000061035156,419.989990234375,401.3399963378906,401.5299987792969,83283600.0,,,,,,,,,,,,,,,,,,,,
2025-02-03,,,,,,TSLA,383.67999267578125,389.1700134277344,374.3599853515625,386.67999267578125,93732100.0,,,,,,,,,,,,,,,,,,,,
2025-02-04,,,,,,TSLA,392.2099914550781,394.0,381.3999938964844,382.6300048828125,57072200.0,,,,,,,,,,,,,,,,,,,,
2025-02-05,,,,,,TSLA,378.1700134277344,388.3900146484375,375.5299987792969,387.510009765625,57223300.0,,,,,,,,,,,,,,,,,,,,
2025-02-06,,,,,,TSLA,374.32000732421875,375.3999938964844,363.17999267578125,373.0299987792969,77918200.0,,,,,,,,,,,,,,,,,,,,
2025-02-07,,,,,,TSLA,361.6199951171875,380.54998779296875,360.3399963378906,370.19000244140625,70298300.0,,,,,,,,,,,,,,,,,,,,
2025-02-10,,,,,,TSLA,350.7300109863281,362.70001220703125,350.510009765625,356.2099914550781,77514900.0,,,,,,,,,,,,,,,,,,,,
2025-02-11,,,,,,TSLA,328.5,349.3699951171875,325.1000061035156,345.79998779296875,118543400.0,,,,,,,,,,,,,,,,,,,,
2025-02-12,,,,,,TSLA,336.510009765625,346.3999938964844,329.1199951171875,329.94000244140625,105382700.0,,,,,,,,,,,,,,,,,,,,
2025-02-13,,,,,,TSLA,355.94000244140625,358.69000244140625,342.8500061035156,345.0,89441500.0,,,,,,,,,,,,,,,,,,,,
2025-02-14,,,,,,TSLA,355.8399963378906,362.0,347.5,360.6199951171875,68277300.0,,,,,,,,,,,,,,,,,,,,
2025-02-18,,,,,,TSLA,354.1099853515625,359.1000061035156,350.0199890136719,355.010009765625,51631700.0,,,,,,,,,,,,,,,,,,,,
2025-02-19,,,,,,TSLA,360.55999755859375,367.3399963378906,353.6700134277344,354.0,67094400.0,,,,,,,,,,,,,,,,,,,,
2025-02-20,,,,,,TSLA,354.3999938964844,362.29998779296875,348.0,361.510009765625,45965400.0,,,,,,,,,,,,,,,,,,,,
2025-02-21,,,,,,TSLA,337.79998779296875,354.9800109863281,334.4200134277344,353.44000244140625,74058600.0,,,,,,,,,,,,,,,,,,,,
2025-02-24,,,,,,TSLA,330.5299987792969,342.3999938964844,324.70001220703125,338.1400146484375,76052300.0,,,,,,,,,,,,,,,,,,,,
2025-02-25,,,,,,TSLA,302.79998779296875,328.8900146484375,297.25,327.0199890136719,134228800.0,,,,,,,,,,,,,,,,,,,,
2025-02-26,,,,,,TSLA,290.79998779296875,309.0,288.0400085449219,303.7099914550781,100118300.0,,,,,,,,,,,,,,,,,,,,
2025-02-27,,,,,,TSLA,281.95001220703125,297.2300109863281,280.8800048828125,291.1600036621094,101748200.0,,,,,,,,,,,,,,,,,,,,
2025-02-28,,,,,,TSLA,292.9800109863281,293.8800048828125,273.6000061035156,279.5,115697000.0,,,,,,,,,,,,,,,,,,,,
2025-03-03,,,,,,TSLA,284.6499938964844,303.94000244140625,277.29998779296875,300.3399963378906,115551400.0,,,,,,,,,,,,,,,,,,,,
2025-03-04,,,,,,TSLA,272.0400085449219,284.3500061035156,261.8399963378906,270.92999267578125,126706600.0,,,,,,,,,,,,,,,,,,,,
2025-03-05,,,,,,TSLA,279.1000061035156,279.54998779296875,267.7099914550781,272.9200134277344,94042900.0,,,,,,,,,,,,,,,,,,,,
2025-03-06,,,,,,TSLA,263.45001220703125,272.6499938964844,260.0199890136719,272.05999755859375,98451600.0,,,,,,,,,,,,,,,,,,,,
2025-03-07,,,,,,TSLA,262.6700134277344,266.25,250.72999572753906,259.32000732421875,102369600.0,,,,,,,,,,,,,,,,,,,,
2025-03-10,,,,,,TSLA,222.14999389648438,253.3699951171875,220.0,252.5399932861328,189076900.0,,,,,,,,,,,,,,,,,,,,
2025-03-11,,,,,,TSLA,230.5800018310547,237.05999755859375,217.02000427246094,225.30999755859375,174896400.0,,,,,,,,,,,,,,,,,,,,
2025-03-12,,,,,,TSLA,248.08999633789062,251.83999633789062,241.10000610351562,247.22000122070312,142215700.0,,,,,,,,,,,,,,,,,,,,
2025-03-13,,,,,,TSLA,240.67999267578125,248.2899932861328,232.60000610351562,248.1300048828125,114813500.0,,,,,,,,,,,,,,,,,,,,
2025-03-14,,,,,,TSLA,249.97999572753906,251.5800018310547,240.72999572753906,247.30999755859375,100242300.0,,,,,,,,,,,,,,,,,,,,
2025-03-17,,,,,,TSLA,238.00999450683594,245.39999389648438,232.8000030517578,245.05999755859375,111900600.0,,,,,,,,,,,,,,,,,,,,
2025-03-18,,,,,,TSLA,225.30999755859375,230.10000610351562,222.27999877929688,228.16000366210938,111477600.0,,,,,,,,,,,,,,,,,,,,
2025-03-19,,,,,,TSLA,235.86000061035156,241.41000366210938,229.1999969482422,231.61000061035156,111993800.0,,,,,,,,,,,,,,,,,,,,
2025-03-20,,,,,,TSLA,236.25999450683594,238.0,230.0500030517578,233.35000610351562,99028300.0,,,,,,,,,,,,,,,,,,,,
2025-03-21,,,,,,TSLA,248.7100067138672,249.52000427246094,234.5500030517578,234.99000549316406,132728700.0,,,,,,,,,,,,,,,,,,,,
2025-03-24,,,,,,TSLA,278.3900146484375,278.6400146484375,256.3299865722656,258.0799865722656,169079900.0,,,,,,,,,,,,,,,,,,,,
2025-03-25,,,,,,TSLA,288.1400146484375,288.20001220703125,271.2799987792969,283.6000061035156,150361500.0,,,,,,,,,,,,,,,,,,,,
2025-03-26,,,,,,TSLA,272.05999755859375,284.8999938964844,266.510009765625,282.6600036621094,153629800.0,,,,,,,,,,,,,,,,,,,,
2025-03-27,,,,,,TSLA,273.1300048828125,291.8500061035156,271.82000732421875,272.4800109863281,162572100.0,,,,,,,,,,,,,,,,,,,,
2025-03-28,,,,,,TSLA,263.54998779296875,276.1000061035156,260.57000732421875,275.5799865722656,123809400.0,,,,,,,,,,,,,,,,,,,,
2025-03-31,,,,,,TSLA,259.1600036621094,260.55999755859375,243.36000061035156,249.30999755859375,134008900.0,,,,,,,,,,,,,,,,,,,,
2025-04-01,,,,,,TSLA,268.4599914550781,277.45001220703125,259.25,263.79998779296875,146486900.0,,,,,,,,,,,,,,,,,,,,
2025-04-02,,,,,,TSLA,282.760009765625,284.989990234375,251.27000427246094,254.60000610351562,212787800.0,,,,,,,,,,,,,,,,,,,,
2025-04-03,,,,,,TSLA,267.2799987792969,276.29998779296875,261.510009765625,265.2900085449219,136174300.0,,,,,,,,,,,,,,,,,,,,
2025-04-04,,,,,,TSLA,239.42999267578125,261.0,236.0,255.3800048828125,181229400.0,,,,,,,,,,,,,,,,,,,,
2025-04-07,,,,,,TSLA,233.2899932861328,252.0,214.25,223.77999877929688,183453800.0,,,,,,,,,,,,,,,,,,,,
2025-04-08,,,,,,TSLA,221.86000061035156,250.44000244140625,217.8000030517578,245.0,171603500.0,,,,,,,,,,,,,,,,,,,,
2025-04-09,,,,,,TSLA,272.20001220703125,274.69000244140625,223.8800048828125,224.69000244140625,219433400.0,,,,,,,,,,,,,,,,,,,,
2025-04-10,,,,,,TSLA,252.39999389648438,262.489990234375,239.3300018310547,260.0,181722600.0,,,,,,,,,,,,,,,,,,,,
2025-04-11,,,,,,TSLA,252.30999755859375,257.739990234375,241.36000061035156,251.83999633789062,128948100.0,,,,,,,,,,,,,,,,,,,,
2025-04-14,,,,,,TSLA,252.35000610351562,261.79998779296875,245.92999267578125,258.3599853515625,100135200.0,,,,,,,,,,,,,,,,,,,,
2025-04-15,,,,,,TSLA,254.11000061035156,258.75,247.5399932861328,249.91000366210938,79594300.0,,,,,,,,,,,,,,,,,,,,
2025-04-16,,,,,,TSLA,241.5500030517578,251.97000122070312,233.88999938964844,247.61000061035156,112378700.0,,,,,,,,,,,,,,,,,,,,
2025-04-17,,,,,,TSLA,241.3699951171875,244.33999633789062,237.67999267578125,243.47000122070312,83404800.0,,,,,,,,,,,,,,,,,,,,
2025-04-21,,,,,,TSLA,227.5,232.2100067138672,222.7899932861328,230.25999450683594,97768000.0,,,,,,,,,,,,,,,,,,,,
2025-04-22,,,,,,TSLA,237.97000122070312,242.7899932861328,229.85000610351562,230.9600067138672,120858500.0,,,,,,,,,,,,,,,,,,,,
2025-04-23,,,,,,TSLA,250.74000549316406,259.45001220703125,244.42999267578125,254.86000061035156,150381900.0,,,,,,,,,,,,,,,,,,,,
2025-04-24,,,,,,TSLA,259.510009765625,259.5400085449219,249.1999969482422,250.5,94464200.0,,,,,,,,,,,,,,,,,,,,
2025-04-25,,,,,,TSLA,284.95001220703125,286.8500061035156,259.6300048828125,261.69000244140625,167560700.0,,,,,,,,,,,,,,,,,,,,
2025-04-28,,,,,,TSLA,285.8800048828125,294.8599853515625,272.4200134277344,288.9800109863281,151731800.0,,,,,,,,,,,,,,,,,,,,
2025-04-29,,,,,,TSLA,292.0299987792969,293.32000732421875,279.4700012207031,285.5,108906600.0,,,,,,,,,,,,,,,,,,,,
2025-04-30,,,,,,TSLA,282.1600036621094,284.45001220703125,270.7799987792969,279.8999938964844,128961100.0,,,,,,,,,,,,,,,,,,,,
2025-05-01,,,,,,TSLA,280.5199890136719,290.8699951171875,279.80999755859375,280.010009765625,99659000.0,,,,,,,,,,,,,,,,,,,,
2025-05-02,,,,,,TSLA,287.2099914550781,294.7799987792969,279.80999755859375,284.8999938964844,114454700.0,,,,,,,,,,,,,,,,,,,,
2025-05-05,,,,,,TSLA,280.260009765625,284.8500061035156,274.3999938964844,284.57000732421875,94618900.0,,,,,,,,,,,,,,,,,,,,
2025-05-06,,,,,,TSLA,275.3500061035156,277.7300109863281,271.3500061035156,273.1099853515625,76715800.0,,,,,,,,,,,,,,,,,,,,
2025-05-07,,,,,,TSLA,276.2200012207031,277.9200134277344,271.0,276.8800048828125,71592600.0,,,,,,,,,,,,,,,,,,,,
2025-05-08,,,,,,TSLA,284.82000732421875,289.79998779296875,279.4100036621094,279.6300048828125,97539400.0,,,,,,,,,,,,,,,,,,,,
2025-05-09,,,,,,TSLA,298.260009765625,307.0400085449219,290.0,290.2099914550781,132387800.0,,,,,,,,,,,,,,,,,,,,
2025-05-12,,,,,,TSLA,318.3800048828125,322.2099914550781,311.5,321.989990234375,112826700.0,,,,,,,,,,,,,,,,,,,,
2025-05-13,,,,,,TSLA,334.07000732421875,337.5899963378906,316.79998779296875,320.0,136992600.0,,,,,,,,,,,,,,,,,,,,
2025-05-14,,,,,,TSLA,347.67999267578125,350.0,337.0,342.5,136997300.0,,,,,,,,,,,,,,,,,,,,
2025-05-15,,,,,,TSLA,342.82000732421875,346.1400146484375,334.7200012207031,340.3399963378906,97882600.0,,,,,,,,,,,,,,,,,,,,
2025-05-16,,,,,,TSLA,349.9800109863281,351.6199951171875,342.3299865722656,346.239990234375,95895700.0,,,,,,,,,,,,,,,,,,,,
2025-05-19,,,,,,TSLA,342.0899963378906,343.0,333.3699951171875,336.29998779296875,88869900.0,,,,,,,,,,,,,,,,,,,,
2025-05-20,,,,,,TSLA,343.82000732421875,354.989990234375,341.6300048828125,347.8699951171875,131715500.0,,,,,,,,,,,,,,,,,,,,
2025-05-21,,,,,,TSLA,334.6199951171875,347.3500061035156,332.20001220703125,344.42999267578125,102354800.0,,,,,,,,,,,,,,,,,,,,
2025-05-22,,,,,,TSLA,341.0400085449219,347.2699890136719,331.3900146484375,331.8999938964844,97113400.0,,,,,,,,,,,,,,,,,,,,
2025-05-23,,,,,,TSLA,339.3399963378906,343.17999267578125,333.2099914550781,337.9200134277344,84654800.0,,,,,,,,,,,,,,,,,,,,
2025-05-27,,,,,,TSLA,362.8900146484375,363.7900085449219,347.32000732421875,347.3500061035156,120146400.0,,,,,,,,,,,,,,,,,,,,
2025-05-28,,,,,,TSLA,356.8999938964844,365.0,355.9100036621094,364.8399963378906,91404300.0,,,,,,,,,,,,,,,,,,,,
2025-05-29,,,,,,TSLA,358.42999267578125,367.7099914550781,356.0,365.2900085449219,88087800.0,,,,,,,,,,,,,,,,,,,,
2025-05-30,,,,,,TSLA,346.4599914550781,363.67999267578125,345.2900085449219,355.5199890136719,123474900.0,,,,,,,,,,,,,,,,,,,,
2025-06-02,,,,,,TSLA,342.69000244140625,348.0199890136719,333.3299865722656,343.5,81873800.0,,,,,,,,,,,,,,,,,,,,
2025-06-03,,,,,,TSLA,344.2699890136719,355.3999938964844,343.0400085449219,346.6000061035156,99324500.0,,,,,,,,,,,,,,,,,,,,
2025-06-04,,,,,,TSLA,332.04998779296875,345.6000061035156,327.3299865722656,345.1000061035156,98912100.0,,,,,,,,,,,,,,,,,,,,
2025-06-05,,,,,,TSLA,284.70001220703125,324.54998779296875,273.2099914550781,322.489990234375,287499800.0,,,,,,,,,,,,,,,,,,,,
2025-06-06,,,,,,TSLA,295.1400146484375,305.5,291.1400146484375,298.8299865722656,164747700.0,,,,,,,,,,,,,,,,,,,,
2025-06-09,,,,,,TSLA,308.5799865722656,309.8299865722656,281.8500061035156,285.9599914550781,140908900.0,,,,,,,,,,,,,,,,,,,,
2025-06-10,,,,,,TSLA,326.0899963378906,327.8299865722656,310.6700134277344,314.94000244140625,151256500.0,,,,,,,,,,,,,,,,,,,,
2025-06-11,,,,,,TSLA,326.42999267578125,335.5,322.5,334.3999938964844,122611400.0,,,,,,,,,,,,,,,,,,,,
2025-06-12,,,,,,TSLA,319.1099853515625,332.55999755859375,316.8599853515625,323.0799865722656,105127500.0,,,,,,,,,,,,,,,,,,,,
2025-06-13,,,,,,TSLA,325.30999755859375,332.989990234375,313.29998779296875,313.9700012207031,128964300.0,,,,,,,,,,,,,,,,,,,,
2025-06-16,,,,,,TSLA,329.1300048828125,332.04998779296875,326.4100036621094,331.2900085449219,83925900.0,,,,,,,,,,,,,,,,,,,,
2025-06-17,,,,,,TSLA,316.3500061035156,327.260009765625,314.739990234375,326.0899963378906,88282700.0,,,,,,,,,,,,,,,,,,,,
2025-06-18,,,,,,TSLA,322.04998779296875,329.32000732421875,315.45001220703125,317.30999755859375,95137700.0,,,,,,,,,,,,,,,,,,,,
2025-06-20,,,,,,TSLA,322.1600036621094,332.3599853515625,317.7799987792969,327.95001220703125,108688000.0,,,,,,,,,,,,,,,,,,,,
2025-06-23,,,,,,TSLA,348.67999267578125,357.5400085449219,327.4800109863281,327.5400085449219,190716800.0,,,,,,,,,,,,,,,,,,,,
2025-06-24,,,,,,TSLA,340.4700012207031,356.260009765625,340.44000244140625,356.1700134277344,114736200.0,,,,,,,,,,,,,,,,,,,,
2025-06-25,,,,,,TSLA,327.54998779296875,343.0,320.3999938964844,342.70001220703125,119845100.0,,,,,,,,,,,,,,,,,,,,
2025-06-26,,,,,,TSLA,325.7799987792969,331.04998779296875,323.6099853515625,324.6099853515625,80440900.0,,,,,,,,,,,,,,,,,,,,
2025-06-27,,,,,,TSLA,323.6300048828125,329.3399963378906,317.5,324.510009765625,89067000.0,,,,,,,,,,,,,,,,,,,,
2025-06-30,,,,,,TSLA,317.6600036621094,325.5799865722656,316.6000061035156,319.8999938964844,76695100.0,,,,,,,,,,,,,,,,,,,,
2025-07-01,,,,,,TSLA,300.7099914550781,305.8900146484375,293.2099914550781,298.4599914550781,145085700.0,,,,,,,,,,,,,,,,,,,,
2025-07-02,,,,,,TSLA,315.6499938964844,316.8299865722656,303.82000732421875,312.6300048828125,119483700.0,,,,,,,,,,,,,,,,,,,,
2025-07-03,,,,,,TSLA,315.3500061035156,318.45001220703125,312.760009765625,317.989990234375,58042300.0,,,,,,,,,,,,,,,,,,,,
2025-07-07,,,,,,TSLA,293.94000244140625,296.1499938964844,288.7699890136719,291.3699951171875,131177900.0,,,,,,,,,,,,,,,,,,,,
2025-07-08,,,,,,TSLA,297.80999755859375,304.04998779296875,294.3500061035156,297.0,103246700.0,,,,,,,,,,,,,,,,,,,,
2025-07-09,,,,,,TSLA,295.8800048828125,300.1499938964844,293.54998779296875,297.54998779296875,75586800.0,,,,,,,,,,,,,,,,,,,,
2025-07-10,,,,,,TSLA,309.8699951171875,310.4800109863281,300.0,300.04998779296875,104365300.0,,,,,,,,,,,,,,,,,,,,
2025-07-11,,,,,,TSLA,313.510009765625,314.0899963378906,305.6499938964844,307.8900146484375,79236400.0,,,,,,,,,,,,,,,,,,,,
2025-07-14,,,,,,TSLA,316.8999938964844,322.6000061035156,312.6700134277344,317.7300109863281,78043400.0,,,,,,,,,,,,,,,,,,,,
2025-07-15,,,,,,TSLA,310.7799987792969,321.20001220703125,310.5,319.67999267578125,77556300.0,,,,,,,,,,,,,,,,,,,,
2025-07-16,,,,,,TSLA,321.6700134277344,323.5,312.6199951171875,312.79998779296875,97284800.0,,,,,,,,,,,,,,,,,,,,
2025-07-17,,,,,,TSLA,319.4100036621094,324.3399963378906,317.05999755859375,323.1499938964844,73922900.0,,,,,,,,,,,,,,,,,,,,
2025-07-18,,,,,,TSLA,329.6499938964844,330.8999938964844,321.4200134277344,321.6600036621094,94255000.0,,,,,,,,,,,,,,,,,,,,
2025-07-21,,,,,,TSLA,328.489990234375,338.0,326.8800048828125,334.3999938964844,75768800.0,,,,,,,,,,,,,,,,,,,,
2025-07-22,,,,,,TSLA,332.1099853515625,335.4100036621094,321.54998779296875,329.739990234375,77370400.0,,,,,,,,,,,,,,,,,,,,
2025-07-23,,,,,,TSLA,332.55999755859375,336.20001220703125,328.6700134277344,330.8999938964844,92553800.0,,,,,,,,,,,,,,,,,,,,
2025-07-24,,,,,,TSLA,305.29998779296875,310.1499938964844,300.4100036621094,310.0,156966000.0,,,,,,,,,,,,,,,,,,,,
2025-07-25,,,,,,TSLA,316.05999755859375,323.6300048828125,308.010009765625,308.739990234375,148227000.0,,,,,,,,,,,,,,,,,,,,
2025-07-28,,,,,,TSLA,325.5899963378906,330.489990234375,315.69000244140625,318.45001220703125,112673800.0,,,,,,,,,,,,,,,,,,,,
2025-07-29,,,,,,TSLA,321.20001220703125,326.25,318.25,325.54998779296875,87358900.0,,,,,,,,,,,,,,,,,,,,
2025-07-30,,,,,,TSLA,319.0400085449219,324.45001220703125,311.6199951171875,322.17999267578125,83931900.0,,,,,,,,,,,,,,,,,,,,
2025-07-31,,,,,,TSLA,308.2699890136719,321.3699951171875,306.1000061035156,319.6099853515625,85270900.0,,,,,,,,,,,,,,,,,,,,
2025-08-01,,,,,,TSLA,302.6300048828125,309.30999755859375,297.82000732421875,306.2099914550781,89121400.0,,,,,,,,,,,,,,,,,,,,
2025-08-04,,,,,,TSLA,309.260009765625,312.1199951171875,303.0,309.0799865722656,78683900.0,,,,,,,,,,,,,,,,,,,,
2025-08-05,,,,,,TSLA,308.7200012207031,312.45001220703125,305.5,308.95001220703125,57961300.0,,,,,,,,,,,,,,,,,,,,
2025-08-06,,,,,,TSLA,319.9100036621094,320.4700012207031,306.92999267578125,307.8900146484375,78523600.0,,,,,,,,,,,,,,,,,,,,
2025-08-07,,,,,,TSLA,322.2699890136719,322.3999938964844,316.1600036621094,319.7900085449219,66658700.0,,,,,,,,,,,,,,,,,,,,
2025-08-08,,,,,,TSLA,329.6499938964844,335.1499938964844,320.9800109863281,321.42999267578125,91200300.0,,,,,,,,,,,,,,,,,,,,
2025-08-11,,,,,,TSLA,339.0299987792969,346.6400146484375,334.1499938964844,335.0,105320200.0,,,,,,,,,,,,,,,,,,,,
2025-08-12,,,,,,TSLA,340.8399963378906,345.260009765625,332.94000244140625,345.0,80522100.0,,,,,,,,,,,,,,,,,,,,
2025-08-13,,,,,,TSLA,339.3800048828125,348.9800109863281,338.20001220703125,341.5,67838900.0,,,,,,,,,,,,,,,,,,,,
2025-08-14,,,,,,TSLA,335.5799865722656,340.4700012207031,330.3999938964844,335.760009765625,75000700.0,,,,,,,,,,,,,,,,,,,,
2025-08-15,,,,,,TSLA,330.55999755859375,339.29998779296875,327.0199890136719,337.6600036621094,74319800.0,,,,,,,,,,,,,,,,,,,,
2025-08-18,,,,,,TSLA,335.1600036621094,336.2699890136719,329.5899963378906,329.6199951171875,56956600.0,,,,,,,,,,,,,,,,,,,,
2025-08-19,,,,,,TSLA,329.30999755859375,340.54998779296875,327.8500061035156,335.7900085449219,75956000.0,,,,,,,,,,,,,,,,,,,,
2025-08-20,,,,,,TSLA,323.8999938964844,331.3699951171875,314.6000061035156,329.2200012207031,77481800.0,,,,,,,,,,,,,,,,,,,,
2025-08-21,,,,,,TSLA,320.1099853515625,324.8999938964844,318.67999267578125,322.0799865722656,55744400.0,,,,,,,,,,,,,,,,,,,,
2025-08-22,,,,,,TSLA,340.010009765625,340.25,319.69000244140625,321.6600036621094,94016300.0,,,,,,,,,,,,,,,,,,,,
2025-08-25,,,,,,TSLA,346.6000061035156,349.5299987792969,335.0299987792969,338.8999938964844,86670000.0,,,,,,,,,,,,,,,,,,,,
2025-08-26,,,,,,TSLA,351.6700134277344,351.8999938964844,343.7200012207031,344.92999267578125,76651600.0,,,,,,,,,,,,,,,,,,,,
2025-08-27,,,,,,TSLA,349.6000061035156,355.3900146484375,349.1600036621094,351.94000244140625,65519000.0,,,,,,,,,,,,,,,,,,,,
2025-08-28,,,,,,TSLA,345.9800109863281,353.54998779296875,340.260009765625,350.9100036621094,67903200.0,,,,,,,,,,,,,,,,,,,,
2025-08-29,,,,,,TSLA,333.8699951171875,348.75,331.70001220703125,347.2300109863281,81145700.0,,,,,,,,,,,,,,,,,,,,
2025-09-02,,,,,,TSLA,329.3599853515625,333.3299865722656,325.6000061035156,328.2300109863281,58392000.0,,,,,,,,,,,,,,,,,,,,
2025-09-03,,,,,,TSLA,334.0899963378906,343.3299865722656,328.510009765625,335.20001220703125,88733300.0,,,,,,,,,,,,,,,,,,,,
2025-09-04,,,,,,TSLA,338.5299987792969,338.8900146484375,331.4800109863281,336.1499938964844,60711000.0,,,,,,,,,,,,,,,,,,,,
2025-09-05,,,,,,TSLA,350.8399963378906,355.8699951171875,344.67999267578125,348.0,108989800.0,,,,,,,,,,,,,,,,,,,,
2025-09-08,,,,,,TSLA,346.3999938964844,358.44000244140625,344.8399963378906,354.6400146484375,75208300.0,,,,,,,,,,,,,,,,,,,,
2025-09-09,,,,,,TSLA,346.9700012207031,350.7699890136719,343.82000732421875,348.44000244140625,53816000.0,,,,,,,,,,,,,,,,,,,,
2025-09-10,,,,,,TSLA,347.7900085449219,356.3299865722656,346.07000732421875,350.54998779296875,72121700.0,,,,,,,,,,,,,,,,,,,,
2025-09-11,,,,,,TSLA,368.80999755859375,368.989990234375,347.6000061035156,350.1700134277344,103756000.0,,,,,,,,,,,,,,,,,,,,
2025-09-12,,,,,,TSLA,395.94000244140625,396.69000244140625,370.239990234375,370.94000244140625,168156400.0,,,,,,,,,,,,,,,,,,,,
2025-09-15,,,,,,TSLA,410.0400085449219,425.70001220703125,402.42999267578125,423.1300048828125,163823700.0,,,,,,,,,,,,,,,,,,,,
2025-09-16,,,,,,TSLA,421.6199951171875,423.25,411.42999267578125,414.5,104285700.0,,,,,,,,,,,,,,,,,,,,
2025-09-17,,,,,,TSLA,425.8599853515625,428.30999755859375,409.6700134277344,415.75,106133500.0,,,,,,,,,,,,,,,,,,,,
2025-09-18,,,,,,TSLA,416.8500061035156,432.2200012207031,416.55999755859375,428.8699951171875,90454500.0,,,,,,,,,,,,,,,,,,,,
2025-09-19,,,,,,TSLA,426.07000732421875,429.4700012207031,421.7200012207031,421.82000732421875,93131000.0,,,,,,,,,,,,,,,,,,,,
2025-09-22,,,,,,TSLA,434.2099914550781,444.9800109863281,429.1300048828125,431.1099853515625,97108800.0,,,,,,,,,,,,,,,,,,,,
2025-09-23,,,,,,TSLA,425.8500061035156,440.9700012207031,423.7200012207031,439.8800048828125,83422700.0,,,,,,,,,,,,,,,,,,,,
2025-09-24,,,,,,TSLA,442.7900085449219,444.2099914550781,429.0299987792969,429.8299865722656,93133600.0,,,,,,,,,,,,,,,,,,,,
2025-09-25,,,,,,TSLA,423.3900146484375,435.3500061035156,419.0799865722656,435.239990234375,96746400.0,,,,,,,,,,,,,,,,,,,,
2025-09-26,,,,,,TSLA,440.3999938964844,440.4700012207031,421.0199890136719,428.29998779296875,101628200.0,,,,,,,,,,,,,,,,,,,,
2025-09-29,,,,,,TSLA,443.2099914550781,450.9800109863281,439.5,444.3500061035156,79491500.0,,,,,,,,,,,,,,,,,,,,
2025-09-30,,,,,,TSLA,444.7200012207031,445.0,433.1199951171875,441.5199890136719,74358000.0,,,,,,,,,,,,,,,,,,,,
2025-10-01,,,,,,TSLA,459.4599914550781,462.2900085449219,440.75,443.79998779296875,98122300.0,,,,,,,,,,,,,,,,,,,,
2025-10-02,,,,,,TSLA,436.0,470.75,435.57000732421875,470.5400085449219,137009000.0,,,,,,,,,,,,,,,,,,,,
2025-10-03,,,,,,TSLA,429.8299865722656,446.7699890136719,416.5799865722656,443.2900085449219,133188200.0,,,,,,,,,,,,,,,,,,,,
2025-10-06,,,,,,TSLA,453.25,453.54998779296875,436.69000244140625,440.75,85324900.0,,,,,,,,,,,,,,,,,,,,
2025-10-07,,,,,,TSLA,433.0899963378906,452.67999267578125,432.45001220703125,447.82000732421875,102296100.0,,,,,,,,,,,,,,,,,,,,
2025-10-08,,,,,,TSLA,438.69000244140625,441.3299865722656,425.2300109863281,437.57000732421875,71192100.0,,,,,,,,,,,,,,,,,,,,
2025-10-09,,,,,,TSLA,435.5400085449219,436.3500061035156,426.17999267578125,431.80999755859375,69339900.0,,,,,,,,,,,,,,,,,,,,
2025-10-10,,,,,,TSLA,413.489990234375,443.1300048828125,411.45001220703125,436.5400085449219,112107900.0,,,,,,,,,,,,,,,,,,,,
2025-10-13,,,,,,TSLA,435.8999938964844,436.8900146484375,419.70001220703125,423.5299987792969,79552800.0,,,,,,,,,,,,,,,,,,,,
2025-10-14,,,,,,TSLA,429.239990234375,434.20001220703125,417.8599853515625,426.7900085449219,72669400.0,,,,,,,,,,,,,,,,,,,,
2025-10-15,,,,,,TSLA,435.1499938964844,440.510009765625,426.3299865722656,434.8999938964844,71558200.0,,,,,,,,,,,,,,,,,,,,
2025-10-16,,,,,,TSLA,428.75,439.3500061035156,421.30999755859375,434.7300109863281,77189900.0,,,,,,,,,,,,,,,,,,,,
2025-10-17,,,,,,TSLA,439.30999755859375,441.4599914550781,423.6000061035156,425.5,89331600.0,,,,,,,,,,,,,,,,,,,,
2025-10-20,,,,,,TSLA,447.42999267578125,449.79998779296875,440.6099853515625,443.8699951171875,63719000.0,,,,,,,,,,,,,,,,,,,,
2025-10-21,,,,,,TSLA,442.6000061035156,449.29998779296875,442.04998779296875,445.760009765625,54412200.0,,,,,,,,,,,,,,,,,,,,
2025-10-22,,,,,,TSLA,438.9700012207031,445.5400085449219,429.0,443.45001220703125,84023500.0,,,,,,,,,,,,,,,,,,,,
2025-10-23,,,,,,TSLA,448.9800109863281,449.3999938964844,413.8999938964844,420.0,126709800.0,,,,,,,,,,,,,,,,,,,,
2025-10-24,,,,,,TSLA,433.7200012207031,451.67999267578125,430.1700134277344,446.8299865722656,94727800.0,,,,,,,,,,,,,,,,,,,,
2025-10-27,,,,,,TSLA,452.4200134277344,460.1600036621094,438.69000244140625,439.9800109863281,105867500.0,,,,,,,,,,,,,,,,,,,,
2025-10-28,,,,,,TSLA,460.54998779296875,467.0,451.6000061035156,454.7799987792969,80185700.0,,,,,,,,,,,,,,,,,,,,
2025-10-29,,,,,,TSLA,461.510009765625,465.70001220703125,452.6499938964844,462.5,67983500.0,,,,,,,,,,,,,,,,,,,,
2025-10-30,,,,,,TSLA,440.1000061035156,455.05999755859375,439.6099853515625,451.04998779296875,72447900.0,,,,,,,,,,,,,,,,,,,,
2025-10-31,,,,,,TSLA,456.55999755859375,458.0,443.69000244140625,446.75,83135800.0,,,,,,,,,,,,,,,,,,,,
2025-11-03,,,,,,TSLA,468.3699951171875,474.07000732421875,453.79998779296875,455.989990234375,84595200.0,,,,,,,,,,,,,,,,,,,,
2025-11-04,,,,,,TSLA,444.260009765625,460.2200012207031,443.6000061035156,454.4599914550781,87756600.0,,,,,,,,,,,,,,,,,,,,
2025-11-05,,,,,,TSLA,462.07000732421875,466.3299865722656,440.7099914550781,452.04998779296875,85573000.0,,,,,,,,,,,,,,,,,,,,
2025-11-06,,,,,,TSLA,445.9100036621094,467.45001220703125,435.0899963378906,461.9599914550781,109622900.0,,,,,,,,,,,,,,,,,,,,
2025-11-07,,,,,,TSLA,429.5199890136719,439.3599853515625,421.8800048828125,437.9200134277344,103471500.0,,,,,,,,,,,,,,,,,,,,
2025-11-10,,,,,,TSLA,445.2300109863281,449.6700134277344,433.3599853515625,439.6000061035156,76515900.0,,,,,,,,,,,,,,,,,,,,
2025-11-11,,,,,,TSLA,439.6199951171875,442.489990234375,432.3599853515625,439.3999938964844,60533200.0,,,,,,,,,,,,,,,,,,,,
2025-11-12,,,,,,TSLA,430.6000061035156,442.3299865722656,426.55999755859375,442.1499938964844,58513500.0,,,,,,,,,,,,,,,,,,,,
2025-11-13,,,,,,TSLA,401.989990234375,424.5,396.3399963378906,423.1300048828125,118948000.0,,,,,,,,,,,,,,,,,,,,
2025-11-14,,,,,,TSLA,404.3500061035156,412.19000244140625,382.7799987792969,386.29998779296875,105506700.0,,,,,,,,,,,,,,,,,,,,
2025-11-17,,,,,,TSLA,408.9200134277344,423.9599914550781,398.739990234375,398.739990234375,102214300.0,,,,,,,,,,,,,,,,,,,,
2025-11-18,,,,,,TSLA,401.25,408.8999938964844,393.7099914550781,405.3800048828125,80688600.0,,,,,,,,,,,,,,,,,,,,
2025-11-19,,,,,,TSLA,403.989990234375,411.7799987792969,398.5,406.17999267578125,72047700.0,,,,,,,,,,,,,,,,,,,,
2025-11-20,,,,,,TSLA,395.2300109863281,428.94000244140625,394.739990234375,414.6300048828125,113548800.0,,,,,,,,,,,,,,,,,,,,
2025-11-21,,,,,,TSLA,391.0899963378906,402.79998779296875,383.760009765625,402.32000732421875,100460600.0,,,,,,,,,,,,,,,,,,,,
2025-11-24,,,,,,TSLA,417.7799987792969,421.7200012207031,401.0899963378906,402.1700134277344,96806400.0,,,,,,,,,,,,,,,,,,,,
2025-11-25,,,,,,TSLA,419.3999938964844,420.4800109863281,405.95001220703125,414.4200134277344,71915600.0,,,,,,,,,,,,,,,,,,,,
2025-11-26,,,,,,TSLA,426.5799865722656,426.94000244140625,416.8900146484375,423.95001220703125,63463000.0,,,,,,,,,,,,,,,,,,,,
2025-11-28,,,,,,TSLA,430.1700134277344,432.92999267578125,426.20001220703125,426.5899963378906,36252900.0,,,,,,,,,,,,,,,,,,,,
2025-12-01,,,,,,TSLA,430.1400146484375,433.6600036621094,425.2900085449219,425.32000732421875,57463600.0,,,,,,,,,,,,,,,,,,,,
2025-12-02,,,,,,TSLA,429.239990234375,436.79998779296875,422.1199951171875,430.80999755859375,69336600.0,,,,,,,,,,,,,,,,,,,,
2025-12-03,,,,,,TSLA,446.739990234375,447.9200134277344,431.1099853515625,432.1000061035156,87483000.0,,,,,,,,,,,,,,,,,,,,
2025-12-04,,,,,,TSLA,454.5299987792969,454.6300048828125,445.3900146484375,449.94000244140625,71906500.0,,,,,,,,,,,,,,,,,,,,
2025-12-05,,,,,,TSLA,455.0,458.8699951171875,451.6600036621094,453.0299987792969,56427500.0,,,,,,,,,,,,,,,,,,,,
2025-12-08,,,,,,TSLA,439.5799865722656,449.75,435.25,447.45001220703125,69165800.0,,,,,,,,,,,,,,,,,,,,
2025-12-09,,,,,,TSLA,445.1700134277344,452.3900146484375,435.70001220703125,437.5400085449219,62367400.0,,,,,,,,,,,,,,,,,,,,
2025-12-10,,,,,,TSLA,451.45001220703125,456.8800048828125,443.6099853515625,446.07000732421875,63257500.0,,,,,,,,,,,,,,,,,,,,
2025-12-11,,,,,,TSLA,446.8900146484375,449.2699890136719,440.3299865722656,448.95001220703125,55979500.0,,,,,,,,,,,,,,,,,,,,
2025-12-12,,,,,,TSLA,458.9599914550781,463.010009765625,441.6700134277344,448.0899963378906,95656700.0,,,,,,,,,,,,,,,,,,,,
2025-12-15,,,,,,TSLA,475.30999755859375,481.7699890136719,467.6600036621094,469.44000244140625,114542200.0,,,,,,,,,,,,,,,,,,,,
2025-12-16,,,,,,TSLA,489.8800048828125,491.5,465.8299865722656,472.2099914550781,107608100.0,,,,,,,,,,,,,,,,,,,,
2025-12-17,,,,,,TSLA,467.260009765625,495.2799987792969,466.20001220703125,488.2200012207031,106490400.0,,,,,,,,,,,,,,,,,,,,
2025-12-18,,,,,,TSLA,483.3699951171875,490.8599853515625,473.1199951171875,478.1600036621094,95168400.0,,,,,,,,,,,,,,,,,,,,
2025-12-19,,,,,,TSLA,481.20001220703125,490.489990234375,474.7200012207031,488.1199951171875,103305400.0,,,,,,,,,,,,,,,,,,,,
2025-12-22,,,,,,TSLA,488.7300109863281,498.8299865722656,485.3299865722656,489.8800048828125,86916100.0,,,,,,,,,,,,,,,,,,,,
2025-12-23,,,,,,TSLA,485.55999755859375,491.9700012207031,482.8399963378906,489.3999938964844,58223600.0,,,,,,,,,,,,,,,,,,,,
2025-12-24,,,,,,TSLA,485.3999938964844,490.8999938964844,476.79998779296875,488.4800109863281,41285400.0,,,,,,,,,,,,,,,,,,,,
2025-12-26,,,,,,TSLA,475.19000244140625,489.0899963378906,473.82000732421875,485.2300109863281,58780700.0,,,,,,,,,,,,,,,,,,,,
2025-12-29,,,,,,TSLA,459.6400146484375,469.3999938964844,459.0,469.0,66263000.0,,,,,,,,,,,,,,,,,,,,
2025-12-30,,,,,,TSLA,454.42999267578125,463.1199951171875,453.8299865722656,461.0899963378906,59238500.0,,,,,,,,,,,,,,,,,,,,
2025-12-31,,,,,,TSLA,449.7200012207031,456.54998779296875,449.29998779296875,456.1000061035156,49078000.0,,,,,,,,,,,,,,,,,,,,
2026-01-02,,,,,,TSLA,438.07000732421875,458.3399963378906,435.29998779296875,457.79998779296875,85535400.0,,,,,,,,,,,,,,,,,,,,
2026-01-05,,,,,,TSLA,451.6700134277344,457.54998779296875,444.57000732421875,447.989990234375,67940800.0,,,,,,,,,,,,,,,,,,,,
2026-01-06,,,,,,TSLA,432.9599914550781,448.25,428.7799987792969,446.3800048828125,89093800.0,,,,,,,,,,,,,,,,,,,,
2026-01-07,,,,,,TSLA,431.4100036621094,438.3699951171875,431.2900085449219,435.8999938964844,59828800.0,,,,,,,,,,,,,,,,,,,,
2026-01-08,,,,,,TSLA,435.79998779296875,436.8900146484375,424.3699951171875,427.8900146484375,57041100.0,,,,,,,,,,,,,,,,,,,,
2026-01-09,,,,,,TSLA,445.010009765625,449.04998779296875,430.3900146484375,435.95001220703125,67331500.0,,,,,,,,,,,,,,,,,,,,
2026-01-12,,,,,,TSLA,448.9599914550781,454.29998779296875,438.0,441.2300109863281,61649600.0,,,,,,,,,,,,,,,,,,,,
2026-01-13,,,,,,TSLA,447.20001220703125,451.80999755859375,443.95001220703125,450.20001220703125,53719200.0,,,,,,,,,,,,,,,,,,,,
2026-01-14,,,,,,TSLA,439.20001220703125,443.9100036621094,434.2200012207031,442.80999755859375,57259500.0,,,,,,,,,,,,,,,,,,,,
2026-01-15,,,,,,TSLA,438.57000732421875,445.3599853515625,437.6499938964844,441.1300048828125,49465800.0,,,,,,,,,,,,,,,,,,,,
2026-01-16,,,,,,TSLA,437.5,447.25,435.260009765625,439.5,60220600.0,,,,,,,,,,,,,,,,,,,,
2026-01-20,,,,,,TSLA,419.25,430.7300109863281,417.44000244140625,429.3599853515625,63187300.0,,,,,,,,,,,,,,,,,,,,
2026-01-21,,,,,,TSLA,431.44000244140625,438.20001220703125,419.6199951171875,421.6600036621094,68124000.0,,,,,,,,,,,,,,,,,,,,
2026-01-22,,,,,,TSLA,449.3599853515625,449.5,432.6300048828125,435.1600036621094,71546700.0,,,,,,,,,,,,,,,,,,,,
2026-01-23,,,,,,TSLA,449.05999755859375,452.42999267578125,444.0400085449219,447.42999267578125,56771400.0,,,,,,,,,,,,,,,,,,,,
2026-01-26,,,,,,TSLA,435.20001220703125,445.0400085449219,434.2799987792969,445.0,49397400.0,,,,,,,,,,,,,,,,,,,,
2026-01-27,,,,,,TSLA,430.8999938964844,437.5199890136719,430.69000244140625,437.4100036621094,37733100.0,,,,,,,,,,,,,,,,,,,,
2026-01-28,,,,,,TSLA,431.4599914550781,438.260009765625,430.1000061035156,431.9100036621094,54857400.0,,,,,,,,,,,,,,,,,,,,
2026-01-29,,,,,,TSLA,416.55999755859375,440.2300109863281,414.6199951171875,437.79998779296875,81686100.0,,,,,,,,,,,,,,,,,,,,
2026-01-30,,,,,,TSLA,430.4100036621094,439.8800048828125,422.70001220703125,425.3500061035156,82626100.0,,,,,,,,,,,,,,,,,,,,
2026-02-02,,,,,,TSLA,421.80999755859375,427.1499938964844,414.5,421.2900085449219,58739500.0,,,,,,,,,,,,,,,,,,,,
2026-02-03,,,,,,TSLA,421.9599914550781,428.55999755859375,413.69000244140625,424.2699890136719,56886500.0,,,,,,,,,,,,,,,,,,,,
2026-02-04,,,,,,TSLA,406.010009765625,423.8999938964844,399.17999267578125,420.4599914550781,74606900.0,,,,,,,,,,,,,,,,,,,,
2026-02-05,,,,,,TSLA,397.2099914550781,402.1000061035156,387.5299987792969,397.0199890136719,72819800.0,,,,,,,,,,,,,,,,,,,,
2026-02-06,,,,,,TSLA,411.1099853515625,414.54998779296875,397.75,400.8699951171875,62677100.0,,,,,,,,,,,,,,,,,,,,
2026-02-09,,,,,,TSLA,417.32000732421875,421.25,407.2900085449219,409.9100036621094,54484300.0,,,,,,,,,,,,,,,,,,,,
2026-02-10,,,,,,TSLA,425.2099914550781,427.25,417.0,418.0799865722656,64450200.0,,,,,,,,,,,,,,,,,,,,
2026-02-11,,,,,,TSLA,428.2699890136719,436.3500061035156,420.0299987792969,427.9599914550781,57362000.0,,,,,,,,,,,,,,,,,,,,
2026-02-12,,,,,,TSLA,417.07000732421875,436.2300109863281,414.0,430.29998779296875,61933400.0,,,,,,,,,,,,,,,,,,,,
2026-02-13,,,,,,TSLA,417.44000244140625,424.05999755859375,410.8800048828125,414.30999755859375,51434100.0,,,,,,,,,,,,,,,,,,,,
2026-02-17,,,,,,TSLA,410.6300048828125,413.7200012207031,400.510009765625,412.3599853515625,59678800.0,,,,,,,,,,,,,,,,,,,,
2026-02-18,,,,,,TSLA,411.32000732421875,416.8999938964844,409.5799865722656,411.1099853515625,45921400.0,,,,,,,,,,,,,,,,,,,,
2026-02-19,,,,,,TSLA,411.7099914550781,415.25,404.1099853515625,407.25,51019600.0,,,,,,,,,,,,,,,,,,,,
2026-02-20,,,,,,TSLA,411.82000732421875,414.70001220703125,405.5,408.29998779296875,57912200.0,,,,,,,,,,,,,,,,,,,,
2026-02-23,,,,,,TSLA,399.8299865722656,407.70001220703125,394.0400085449219,407.2900085449219,69680000.0,,,,,,,,,,,,,,,,,,,,
2026-02-24,,,,,,TSLA,409.3800048828125,410.82000732421875,397.6400146484375,399.5,58579500.0,,,,,,,,,,,,,,,,,,,,
2026-02-25,,,,,,TSLA,417.3999938964844,420.3399963378906,412.1499938964844,412.1499938964844,54809700.0,,,,,,,,,,,,,,,,,,,,
2026-02-26,,,,,,TSLA,408.5799865722656,416.80999755859375,403.6600036621094,414.4200134277344,53602500.0,,,,,,,,,,,,,,,,,,,,
2026-02-27,,,,,,TSLA,402.510009765625,407.1199951171875,398.1099853515625,402.94000244140625,56890100.0,,,,,,,,,,,,,,,,,,,,
2026-03-02,,,,,,TSLA,403.32000732421875,404.5400085449219,388.25,390.6000061035156,55088300.0,,,,,,,,,,,,,,,,,,,,
2026-03-03,,,,,,TSLA,392.42999267578125,396.3399963378906,385.3900146484375,395.0899963378906,62617300.0,,,,,,,,,,,,,,,,,,,,
2026-03-04,,,,,,TSLA,405.94000244140625,408.3299865722656,394.5799865722656,397.8500061035156,68305500.0,,,,,,,,,,,,,,,,,,,,
2026-03-05,,,,,,TSLA,405.54998779296875,408.6199951171875,399.4200134277344,401.57000732421875,51925900.0,,,,,,,,,,,,,,,,,,,,
2026-03-06,,,,,,TSLA,396.7300109863281,402.3500061035156,394.2099914550781,398.0899963378906,64054600.0,,,,,,,,,,,,,,,,,,,,
2026-03-09,,,,,,TSLA,398.67999267578125,401.5899963378906,381.3999938964844,390.04998779296875,67018900.0,,,,,,,,,,,,,,,,,,,,
2026-03-10,,,,,,TSLA,399.239990234375,406.5899963378906,398.19000244140625,402.2200012207031,59258700.0,,,,,,,,,,,,,,,,,,,,
2026-03-11,,,,,,TSLA,407.82000732421875,416.3800048828125,402.1499938964844,402.2799987792969,62559900.0,,,,,,,,,,,,,,,,,,,,
2026-03-12,,,,,,TSLA,395.010009765625,406.5,394.6499938964844,405.17999267578125,60973800.0,,,,,,,,,,,,,,,,,,,,
2026-03-13,,,,,,TSLA,391.20001220703125,400.20001220703125,389.95001220703125,399.1700134277344,58504100.0,,,,,,,,,,,,,,,,,,,,
2026-03-16,,,,,,TSLA,395.55999755859375,403.7300109863281,394.4200134277344,396.2200012207031,58068300.0,,,,,,,,,,,,,,,,,,,,
2026-03-17,,,,,,TSLA,399.2699890136719,400.1199951171875,393.0,395.69000244140625,46890500.0,,,,,,,,,,,,,,,,,,,,
2026-03-18,,,,,,TSLA,392.7799987792969,403.07000732421875,392.30999755859375,399.0,50853100.0,,,,,,,,,,,,,,,,,,,,
2026-03-19,,,,,,TSLA,380.29998779296875,387.2699890136719,378.7300109863281,387.2699890136719,67078300.0,,,,,,,,,,,,,,,,,,,,
2026-03-20,,,,,,TSLA,367.9599914550781,379.8900146484375,364.4599914550781,379.8500061035156,78628600.0,,,,,,,,,,,,,,,,,,,,
2026-03-23,,,,,,TSLA,380.8500061035156,385.3299865722656,372.7300109863281,373.0899963378906,74606000.0,,,,,,,,,,,,,,,,,,,,
2026-03-24,,,,,,TSLA,383.0299987792969,387.4800109863281,376.30999755859375,376.55999755859375,60004900.0,,,,,,,,,,,,,,,,,,,,
2026-03-25,,,,,,TSLA,385.95001220703125,396.2300109863281,385.010009765625,389.989990234375,55157300.0,,,,,,,,,,,,,,,,,,,,
2026-03-26,,,,,,TSLA,372.1099853515625,384.44000244140625,371.8699951171875,381.6000061035156,55522900.0,,,,,,,,,,,,,,,,,,,,
2026-03-27,,,,,,TSLA,361.8299865722656,369.8599853515625,359.4700012207031,369.69000244140625,62065700.0,,,,,,,,,,,,,,,,,,,,
2026-03-30,,,,,,TSLA,355.2799987792969,367.2900085449219,352.1400146484375,365.8599853515625,67954400.0,,,,,,,,,,,,,,,,,,,,
2026-03-31,,,,,,TSLA,371.75,373.3299865722656,361.0,361.510009765625,75534900.0,,,,,,,,,,,,,,,,,,,,
2026-04-01,,,,,,TSLA,381.260009765625,383.1400146484375,374.0799865722656,378.6300048828125,58683800.0,,,,,,,,,,,,,,,,,,,,
2026-04-02,,,,,,TSLA,360.5899963378906,370.2799987792969,359.0299987792969,364.20001220703125,83031200.0,,,,,,,,,,,,,,,,,,,,
2026-04-06,,,,,,TSLA,352.82000732421875,367.7200012207031,346.6400146484375,362.5899963378906,77697600.0,,,,,,,,,,,,,,,,,,,,
2026-04-07,,,,,,TSLA,346.6499938964844,348.0199890136719,337.239990234375,346.44000244140625,74515400.0,,,,,,,,,,,,,,,,,,,,
2026-04-08,,,,,,TSLA,343.25,364.5,339.6700134277344,363.7900085449219,78838600.0,,,,,,,,,,,,,,,,,,,,
2026-04-09,,,,,,TSLA,345.6199951171875,348.8800048828125,337.25,343.1499938964844,62164000.0,,,,,,,,,,,,,,,,,,,,
2026-04-10,,,,,,TSLA,348.95001220703125,350.3599853515625,342.739990234375,346.2900085449219,51336000.0,,,,,,,,,,,,,,,,,,,,
2026-04-13,,,,,,TSLA,352.4200134277344,356.3500061035156,348.57000732421875,350.07000732421875,53617500.0,,,,,,,,,,,,,,,,,,,,
2026-04-14,,,,,,TSLA,364.20001220703125,367.6300048828125,354.7699890136719,357.6700134277344,59979600.0,,,,,,,,,,,,,,,,,,,,
2026-04-15,,,,,,TSLA,391.95001220703125,394.6499938964844,362.5,366.8299865722656,113810400.0,,,,,,,,,,,,,,,,,,,,
2026-04-16,,,,,,TSLA,388.8999938964844,394.05999755859375,381.79998779296875,393.80999755859375,63515100.0,,,,,,,,,,,,,,,,,,,,
2026-04-17,,,,,,TSLA,400.6199951171875,409.2799987792969,391.6499938964844,395.9200134277344,90640000.0,,,,,,,,,,,,,,,,,,,,
2026-04-20,,,,,,TSLA,392.5,406.79998779296875,388.3299865722656,402.5799865722656,64603900.0,,,,,,,,,,,,,,,,,,,,
2026-04-21,,,,,,TSLA,386.4200134277344,393.95001220703125,385.2200012207031,393.0,50530600.0,,,,,,,,,,,,,,,,,,,,
2026-04-22,,,,,,TSLA,387.510009765625,393.010009765625,385.29998779296875,387.57000732421875,62362800.0,,,,,,,,,,,,,,,,,,,,
2026-04-23,,,,,,TSLA,373.7200012207031,386.0,368.3900146484375,375.2799987792969,93969500.0,,,,,,,,,,,,,,,,,,,,
2026-04-24,,,,,,TSLA,376.29998779296875,382.760009765625,370.7300109863281,373.5,62893300.0,,,,,,,,,,,,,,,,,,,,
2026-04-27,,,,,,TSLA,378.6700134277344,380.7799987792969,364.0199890136719,372.0899963378906,66735800.0,,,,,,,,,,,,,,,,,,,,
2026-04-28,,,,,,TSLA,376.0199890136719,382.2900085449219,372.5400085449219,374.67999267578125,50864400.0,,,,,,,,,,,,,,,,,,,,
2026-04-29,,,,,,TSLA,372.79998779296875,376.3999938964844,370.0400085449219,375.3999938964844,45384800.0,,,,,,,,,,,,,,,,,,,,
2026-04-30,,,,,,TSLA,381.6300048828125,384.75,368.1700134277344,372.75,51076000.0,,,,,,,,,,,,,,,,,,,,
2026-05-01,,,,,,TSLA,390.82000732421875,397.82000732421875,378.79998779296875,382.489990234375,65338300.0,,,,,,,,,,,,,,,,,,,,
2026-05-04,,,,,,TSLA,392.510009765625,394.6400146484375,384.79998779296875,390.2300109863281,48765100.0,,,,,,,,,,,,,,,,,,,,
2026-05-05,,,,,,TSLA,389.3699951171875,402.1199951171875,389.0,395.19000244140625,47780600.0,,,,,,,,,,,,,,,,,,,,
2026-05-06,,,,,,TSLA,398.7300109863281,401.67999267578125,384.0199890136719,386.25,53465400.0,,,,,,,,,,,,,,,,,,,,
2026-05-07,,,,,,TSLA,411.7900085449219,415.8299865722656,402.1199951171875,407.4800109863281,64294200.0,,,,,,,,,,,,,,,,,,,,
2026-05-08,,,,,,TSLA,428.3500061035156,431.20001220703125,416.3900146484375,416.4800109863281,65050000.0,,,,,,,,,,,,,,,,,,,,
2026-05-11,,,,,,TSLA,445.0,449.1600036621094,416.79998779296875,422.1600036621094,78376100.0,,,,,,,,,,,,,,,,,,,,
2026-05-12,,,,,,TSLA,433.45001220703125,447.79998779296875,422.260009765625,441.4100036621094,60569300.0,,,,,,,,,,,,,,,,,,,,
2026-05-13,,,,,,TSLA,445.2699890136719,453.3999938964844,430.2099914550781,436.6700134277344,68283200.0,,,,,,,,,,,,,,,,,,,,
2026-05-14,,,,,,TSLA,443.29998779296875,451.9800109863281,441.1600036621094,446.489990234375,46070400.0,,,,,,,,,,,,,,,,,,,,
2026-05-15,,,,,,TSLA,422.239990234375,434.6600036621094,422.0,433.9800109863281,52688700.0,,,,,,,,,,,,,,,,,,,,
2026-05-18,,,,,,TSLA,409.989990234375,421.1300048828125,405.3299865722656,419.2699890136719,52474200.0,,,,,,,,,,,,,,,,,,,,
2026-05-19,,,,,,TSLA,404.1099853515625,405.6300048828125,393.6300048828125,403.1600036621094,46500600.0,,,,,,,,,,,,,,,,,,,,
2026-05-20,,,,,,TSLA,417.260009765625,417.4599914550781,406.3900146484375,407.6000061035156,45294700.0,,,,,,,,,,,,,,,,,,,,
2026-05-21,,,,,,TSLA,417.8500061035156,426.95001220703125,412.8999938964844,422.17999267578125,42636900.0,,,,,,,,,,,,,,,,,,,,
2026-05-22,,,,,,TSLA,426.010009765625,431.510009765625,420.510009765625,422.6700134277344,46104700.0,,,,,,,,,,,,,,,,,,,,
2026-05-26,,,,,,TSLA,433.5899963378906,435.20001220703125,426.1199951171875,430.260009765625,45658900.0,,,,,,,,,,,,,,,,,,,,
2026-05-27,,,,,,TSLA,440.3599853515625,445.6000061035156,435.5199890136719,442.8900146484375,44656500.0,,,,,,,,,,,,,,,,,,,,
2026-05-28,,,,,,TSLA,442.1000061035156,443.9599914550781,436.29998779296875,437.6199951171875,32435000.0,,,,,,,,,,,,,,,,,,,,
2026-05-29,,,,,,TSLA,435.7900085449219,441.07000732421875,428.1400146484375,439.8500061035156,45176800.0,,,,,,,,,,,,,,,,,,,,
2026-06-01,,,,,,TSLA,415.8800048828125,429.6000061035156,415.42999267578125,427.489990234375,44937900.0,,,,,,,,,,,,,,,,,,,,
2026-06-02,,,,,,TSLA,423.739990234375,424.4200134277344,413.6499938964844,418.2200012207031,37596000.0,,,,,,,,,,,,,,,,,,,,
2026-06-03,,,,,,TSLA,423.70001220703125,433.6000061035156,416.0,418.70001220703125,44500700.0,,,,,,,,,,,,,,,,,,,,
2026-06-04,,,,,,TSLA,418.45001220703125,426.3500061035156,417.1600036621094,419.8399963378906,35323300.0,,,,,,,,,,,,,,,,,,,,
2026-06-05,,,,,,TSLA,391.0,424.67999267578125,388.5899963378906,420.5,63420200.0,,,,,,,,,,,,,,,,,,,,
2026-06-08,,,,,,TSLA,408.95001220703125,412.94000244140625,394.7200012207031,396.3299865722656,50328800.0,,,,,,,,,,,,,,,,,,,,
2026-06-09,,,,,,TSLA,396.67999267578125,418.5,384.239990234375,411.0299987792969,59940200.0,,,,,,,,,,,,,,,,,,,,
2026-06-10,,,,,,TSLA,381.5899963378906,397.0899963378906,380.1499938964844,391.5400085449219,49695600.0,,,,,,,,,,,,,,,,,,,,
2026-06-11,,,,,,TSLA,399.1499938964844,399.5400085449219,380.6600036621094,388.2799987792969,45324300.0,,,,,,,,,,,,,,,,,,,,
2026-06-12,,,,,,TSLA,406.42999267578125,406.67999267578125,386.760009765625,399.489990234375,63514500.0,,,,,,,,,,,,,,,,,,,,
2026-06-15,,,,,,TSLA,411.1499938964844,416.0,407.1000061035156,412.3699951171875,45620500.0,,,,,,,,,,,,,,,,,,,,
2026-06-16,,,,,,TSLA,404.6600036621094,412.4200134277344,400.5400085449219,404.1099853515625,40255500.0,,,,,,,,,,,,,,,,,,,,
2026-06-17,,,,,,TSLA,396.3800048828125,405.94000244140625,393.760009765625,401.5299987792969,43534300.0,,,,,,,,,,,,,,,,,,,,
2026-06-18,,,,,,TSLA,400.489990234375,402.5199890136719,384.70001220703125,398.1000061035156,58384700.0,,,,,,,,,,,,,,,,,,,,
2026-06-22,,,,,,TSLA,405.04998779296875,414.75,394.3999938964844,394.8500061035156,47819500.0,,,,,,,,,,,,,,,,,,,,
2026-06-23,,,,,,TSLA,381.6099853515625,392.8699951171875,379.05999755859375,392.6099853515625,50420200.0,,,,,,,,,,,,,,,,,,,,
2026-06-24,,,,,,TSLA,375.5299987792969,384.5799865722656,373.04998779296875,380.0799865722656,37081400.0,,,,,,,,,,,,,,,,,,,,
2026-06-25,,,,,,TSLA,375.1199951171875,379.1199951171875,371.2200012207031,375.2699890136719,30138800.0,,,,,,,,,,,,,,,,,,,,
2026-06-26,,,,,,TSLA,379.7099914550781,387.79998779296875,368.6000061035156,370.1499938964844,53434100.0,,,,,,,,,,,,,,,,,,,,
2026-06-29,,,,,,TSLA,411.8399963378906,413.2699890136719,379.29998779296875,381.7900085449219,57645800.0,,,,,,,,,,,,,,,,,,,,
2026-06-30,,,,,,TSLA,420.6000061035156,424.5400085449219,406.0,406.0,43385600.0,,,,,,,,,,,,,,,,,,,,
2026-07-01,,,,,,TSLA,425.29998779296875,432.8599853515625,418.0899963378906,421.4599914550781,40127900.0,,,,,,,,,,,,,,,,,,,,
2026-07-02,,,,,,TSLA,393.45001220703125,432.3500061035156,389.29998779296875,428.010009765625,73717700.0,,,,,,,,,,,,,,,,,,,,
2026-07-06,,,,,,TSLA,419.7699890136719,420.0,390.5,397.5,54727900.0,,,,,,,,,,,,,,,,,,,,
2026-07-07,,,,,,TSLA,402.8999938964844,419.55999755859375,401.8800048828125,416.9599914550781,38149900.0,,,,,,,,,,,,,,,,,,,,
2026-07-08,,,,,,TSLA,394.05999755859375,399.6300048828125,390.510009765625,399.3800048828125,33844900.0,,,,,,,,,,,,,,,,,,,,
2026-07-09,,,,,,TSLA,406.54998779296875,407.8599853515625,390.8599853515625,393.989990234375,37835000.0,,,,,,,,,,,,,,,,,,,,
2026-07-10,,,,,,TSLA,407.760009765625,413.1600036621094,402.80999755859375,410.489990234375,33410000.0,,,,,,,,,,,,,,,,,,,,
2026-07-13,,,,,,TSLA,394.760009765625,405.57000732421875,391.3699951171875,404.6099853515625,32809200.0,,,,,,,,,,,,,,,,,,,,
2026-07-14,,,,,,TSLA,396.17999267578125,402.2200012207031,394.760009765625,399.04998779296875,23385000.0,,,,,,,,,,,,,,,,,,,,
2026-07-15,,,,,,TSLA,394.4599914550781,406.5899963378906,390.6600036621094,399.3999938964844,31549800.0,,,,,,,,,,,,,,,,,,,,
2026-07-16,,,,,,TSLA,391.05999755859375,395.30999755859375,385.32000732421875,392.3500061035156,29269100.0,,,,,,,,,,,,,,,,,,,,
2026-07-17,,,,,,TSLA,380.8399963378906,385.69000244140625,377.2200012207031,381.7799987792969,31394600.0,,,,,,,,,,,,,,,,,,,,
2026-07-20,,,,,,TSLA,369.57000732421875,386.6099853515625,369.42999267578125,386.04998779296875,33901500.0,,,,,,,,,,,,,,,,,,,,
2026-07-21,,,,,,TSLA,378.92999267578125,384.07000732421875,369.9800109863281,371.1700134277344,32735300.0,,,,,,,,,,,,,,,,,,,,
2026-07-22,,,,,,TSLA,374.010009765625,380.1700134277344,372.8999938964844,375.5299987792969,30646100.0,,,,,,,,,,,,,,,,,,,,
2026-07-23,,,,,,TSLA,319.69000244140625,342.1099853515625,315.739990234375,341.0,115606400.0,,,,,,,,,,,,,,,,,,,,
2026-07-24,,,,,,TSLA,313.0299987792969,322.9599914550781,306.510009765625,320.7200012207031,62760000.0,,,,,,,,,,,,,,,,,,,,
2026-07-27,,,,,,TSLA,309.2200012207031,317.0,304.2799987792969,313.239990234375,44919400.0,,,,,,,,,,,,,,,,,,,,
2026-07-28,,,,,,TSLA,307.44000244140625,311.1600036621094,300.69000244140625,305.92999267578125,39802400.0,,,,,,,,,,,,,,,,,,,,
2026-07-29,,,,,,TSLA,298.32000732421875,309.05999755859375,297.3800048828125,307.1400146484375,39478000.0,,,,,,,,,,,,,,,,,,,,
2026-07-30,,,,,,TSLA,308.8500061035156,310.8699951171875,301.3299865722656,302.70001220703125,38005400.0,,,,,,,,,,,,,,,,,,,,
2026-07-31,,,,,,TSLA,311.2099914550781,315.5,301.9700012207031,309.69000244140625,36630600.0,,,,,,,,,,,,,,,,,,,,
2026-08-03,,,,,,TSLA,322.0799865722656,324.6499938964844,310.42999267578125,310.9599914550781,38281400.0,,,,,,,,,,,,,,,,,,,,
2026-08-04,,,,,,TSLA,327.3500061035156,329.57000732421875,320.7900085449219,324.0,33318300.0,,,,,,,,,,,,,,,,,,,,
2026-08-05,,,,,,TSLA,321.54998779296875,327.1400146484375,320.2799987792969,323.4200134277344,27820800.0,,,,,,,,,,,,,,,,,,,,
2026-08-06,,,,,,TSLA,319.5299987792969,323.0,315.5199890136719,317.04998779296875,26033800.0,,,,,,,,,,,,,,,,,,,,
2026-08-07,,,,,,TSLA,328.5799865722656,333.7300109863281,321.25,322.3399963378906,39492300.0,,,,,,,,,,,,,,,,,,,,
2026-08-10,,,,,,TSLA,330.8800048828125,332.04998779296875,326.1499938964844,326.6000061035156,25003800.0,,,,,,,,,,,,,,,,,,,,
2026-08-11,,,,,,TSLA,332.80999755859375,336.20001220703125,329.5299987792969,332.79998779296875,23345200.0,,,,,,,,,,,,,,,,,,,,
2026-08-12,,,,,,TSLA,327.510009765625,335.5,323.6400146484375,335.0,28698900.0,,,,,,,,,,,,,,,,,,,,
2026-08-13,,,,,,TSLA,339.9599914550781,341.6400146484375,325.239990234375,327.20001220703125,34708300.0,,,,,,,,,,,,,,,,,,,,
2026-08-14,,,,,,TSLA,342.2699890136719,351.260009765625,335.3299865722656,342.3299865722656,45437100.0,,,,,,,,,,,,,,,,,,,,
2026-08-17,,,,,,TSLA,339.29998779296875,345.45001220703125,337.4800109863281,340.69000244140625,26037100.0,,,,,,,,,,,,,,,,,,,,
2026-08-18,,,,,,TSLA,336.8699951171875,340.5299987792969,331.1199951171875,333.2200012207031,27994500.0,,,,,,,,,,,,,,,,,,,,
2026-08-19,,,,,,TSLA,351.1199951171875,351.6199951171875,335.70001220703125,338.8900146484375,36735400.0,,,,,,,,,,,,,,,,,,,,
2026-08-20,,,,,,TSLA,345.1300048828125,347.5,338.9599914550781,346.20001220703125,30766400.0,,,,,,,,,,,,,,,,,,,,
2026-08-21,,,,,,TSLA,362.8599853515625,366.5,346.8999938964844,349.8800048828125,59224000.0,,,,,,,,,,,,,,,,,,,,
2026-08-24,,,,,,TSLA,348.95001220703125,363.239990234375,348.260009765625,361.4100036621094,39190500.0,,,,,,,,,,,,,,,,,,,,
2026-08-25,,,,,,TSLA,350.25,357.0,349.20001220703125,349.5799865722656,29816700.0,,,,,,,,,,,,,,,,,,,,
2026-08-26,,,,,,TSLA,345.82000732421875,351.92999267578125,342.5299987792969,345.2699890136719,28573000.0,,,,,,,,,,,,,,,,,,,,
2026-08-27,,,,,,TSLA,354.80999755859375,355.739990234375,345.45001220703125,346.1600036621094,30136200.0,,,,,,,,,,,,,,,,,,,,
2026-08-28,,,,,,TSLA,348.75,358.79998779296875,345.20001220703125,357.1000061035156,32972200.0,,,,,,,,,,,,,,,,,,,,
2026-08-31,,,,,,TSLA,367.95001220703125,368.9200134277344,347.1499938964844,347.2099914550781,61732300.0,,,,,,,,,,,,,,,,,,,,
2026-09-01,,,,,,TSLA,356.0899963378906,362.70001220703125,352.9599914550781,360.8999938964844,36193900.0,,,,,,,,,,,,,,,,,,,,
2026-09-02,,,,,,TSLA,357.010009765625,360.6199951171875,349.9200134277344,360.4100036621094,33951900.0,,,,,,,,,,,,,,,,,,,,
2026-09-03,,,,,,TSLA,376.3699951171875,384.0400085449219,365.82000732421875,365.82000732421875,63601000.0,,,,,,,,,,,,,,,,,,,,
2026-09-04,,,,,,TSLA,354.0799865722656,364.69000244140625,351.32000732421875,362.07000732421875,65018200.0,,,,,,,,,,,,,,,,,,,,
2026-09-08,,,,,,TSLA,368.1600036621094,370.0,355.75,357.1000061035156,51078800.0,,,,,,,,,,,,,,,,,,,,
2026-09-09,,,,,,TSLA,367.80999755859375,375.44000244140625,366.0,368.25,32564300.0,,,,,,,,,,,,,,,,,,,,
2026-09-10,,,,,,TSLA,363.55999755859375,369.2099914550781,357.67999267578125,360.6000061035156,29667200.0,,,,,,,,,,,,,,,,,,,,
2026-09-11,,,,,,TSLA,365.44000244140625,368.6600036621094,361.6000061035156,364.20001220703125,30153000.0,,,,,,,,,,,,,,,,,,,,
2026-09-14,,,,,,TSLA,358.9700012207031,367.7300109863281,357.0400085449219,359.7799987792969,32477200.0,,,,,,,,,,,,,,,,,,,,
2026-09-15,,,,,,TSLA,356.5799865722656,362.3900146484375,354.04998779296875,358.75,30317700.0,,,,,,,,,,,,,,,,,,,,
2026-09-16,,,,,,TSLA,358.0799865722656,365.1000061035156,354.8900146484375,357.92999267578125,32177400.0,,,,,,,,,,,,,,,,,,,,
2026-09-17,,,,,,TSLA,366.20001220703125,374.1199951171875,363.2200012207031,367.4800109863281,38924100.0,,,,,,,,,,,,,,,,,,,,
2026-09-18,,,,,,TSLA,364.2699890136719,370.8999938964844,360.75,369.0,51922300.0,,,,,,,,,,,,,,,,,,,,
2026-09-21,,,,,,TSLA,375.29998779296875,378.3599853515625,371.07000732421875,371.6400146484375,36599600.0,,,,,,,,,,,,,,,,,,,,
2026-09-22,,,,,,TSLA,378.8999938964844,380.4200134277344,372.8800048828125,379.07000732421875,28229900.0,,,,,,,,,,,,,,,,,,,,
2026-09-23,,,,,,TSLA,380.1199951171875,386.70001220703125,377.5799865722656,380.1000061035156,33522500.0,,,,,,,,,,,,,,,,,,,,
2026-09-24,,,,,,TSLA,377.94000244140625,383.3299865722656,375.70001220703125,377.3500061035156,26165700.0,,,,,,,,,,,,,,,,,,,,
2026-09-25,,,,,,TSLA,372.1099853515625,386.8299865722656,367.6700134277344,384.6199951171875,45925500.0,,,,,,,,,,,,,,,,,,,,
2021-09-27,,,,,,JPM,,,,,,147.34417724609375,147.71478621861456,145.25287894956577,145.5970168143672,13220900.0,,,,,,,,,,,,,,,
2021-09-28,,,,,,JPM,,,,,,146.550048828125,149.39139836399926,146.17943977533085,147.97954281239566,13387900.0,,,,,,,,,,,,,,,
2021-09-29,,,,,,JPM,,,,,,146.4353485107422,147.2736319500807,145.63235540524306,146.66478280628706,7777100.0,,,,,,,,,,,,,,,
2021-09-30,,,,,,JPM,,,,,,144.44113159179688,147.3530759252506,143.64695761115192,147.29130100326972,13161200.0,,,,,,,,,,,,,,,
2021-10-01,,,,,,JPM,,,,,,147.47657775878906,148.5089915737775,144.3616844167561,144.7146415713932,11285000.0,,,,,,,,,,,,,,,
2021-10-04,,,,,,JPM,,,,,,147.3177490234375,150.39735227429443,146.2412121146315,147.33540092187218,14120000.0,,,,,,,,,,,,,,,
2021-10-05,,,,,,JPM,,,,,,149.72348022460938,151.03730748793987,147.9569052119613,148.43628358822832,12292900.0,,,,,,,,,,,,,,,
2021-10-06,,,,,,JPM,,,,,,150.0430450439453,150.11406455664857,147.36211600814127,149.12869082946946,8692600.0,,,,,,,,,,,,,,,
2021-10-07,,,,,,JPM,,,,,,150.99293518066406,152.25350132856548,150.50468439031033,151.97830912279974,10195400.0,,,,,,,,,,,,,,,
2021-10-08,,,,,,JPM,,,,,,151.1083526611328,152.10259902426898,150.29164835632943,150.93081060280005,8190100.0,,,,,,,,,,,,,,,
2021-10-11,,,,,,JPM,,,,,,147.9302520751953,152.05816117129785,147.77046833781213,151.6231853002527,12154700.0,,,,,,,,,,,,,,,
2021-10-12,,,,,,JPM,,,,,,146.7940216064453,147.97469599447038,146.27026776723167,147.1402333784533,13032600.0,,,,,,,,,,,,,,,
2021-10-13,,,,,,JPM,,,,,,142.92349243164062,146.83835656223067,142.5684084276848,145.64881024883354,22753500.0,,,,,,,,,,,,,,,
2021-10-14,,,,,,JPM,,,,,,145.11619567871094,145.59556052113143,142.089054582482,143.5893098167956,15176800.0,,,,,,,,,,,,,,,
2021-10-15,,,,,,JPM,,,,,,147.9036407470703,148.4007638334521,145.71096220524572,146.78511380271135,14267400.0,,,,,,,,,,,,,,,
2021-10-18,,,,,,JPM,,,,,,147.8503875732422,149.6790962604667,147.28224493696283,147.7882404112545,12672900.0,,,,,,,,,,,,,,,
2021-10-19,,,,,,JPM,,,,,,149.6436004638672,149.7146064444244,147.87702530813863,148.6049517463614,8053900.0,,,,,,,,,,,,,,,
2021-10-20,,,,,,JPM,,,,,,151.65869140625,151.68532202969575,148.65819495147218,149.4038794991268,8185600.0,,,,,,,,,,,,,,,
2021-10-21,,,,,,JPM,,,,,,150.4691925048828,152.0937287750967,149.74125244633836,151.58771967894884,8415200.0,,,,,,,,,,,,,,,
2021-10-22,,,,,,JPM,,,,,,152.49319458007812,152.7683867931292,150.64672743486955,150.93967791683724,8817900.0,,,,,,,,,,,,,,,
2021-10-25,,,,,,JPM,,,,,,151.74749755859375,153.54070329759966,151.33913868008358,153.31877236365895,10159200.0,,,,,,,,,,,,,,,
2021-10-26,,,,,,JPM,,,,,,152.15582275390625,153.12345179247123,151.39237990036722,151.8007387248317,8015100.0,,,,,,,,,,,,,,,
2021-10-27,,,,,,JPM,,,,,,148.9866485595703,151.53441087397778,148.55165913333065,151.19708512796691,9847000.0,,,,,,,,,,,,,,,
2021-10-28,,,,,,JPM,,,,,,151.23257446289062,151.36572756830142,149.10204350280503,149.40386623879314,7212900.0,,,,,,,,,,,,,,,
2021-10-29,,,,,,JPM,,,,,,150.8153533935547,152.90150915464721,150.37149161847853,151.96051081319317,8140100.0,,,,,,,,,,,,,,,
2021-11-01,,,,,,JPM,,,,,,150.7355194091797,152.98145976988548,150.03420994971995,152.72401225595004,7435500.0,,,,,,,,,,,,,,,
2021-11-02,,,,,,JPM,,,,,,151.3302764892578,152.41330060332,149.95430189723547,150.73550317179578,7173800.0,,,,,,,,,,,,,,,
2021-11-03,,,,,,JPM,,,,,,151.3834991455078,151.91613870516917,150.1584362856387,151.0284151361247,8402700.0,,,,,,,,,,,,,,,
2021-11-04,,,,,,JPM,,,,,,149.39503479003906,151.09059052676537,147.79714276032698,150.91304847297408,9574200.0,,,,,,,,,,,,,,,
2021-11-05,,,,,,JPM,,,,,,149.18197631835938,150.992926777002,148.61383367000195,149.93653336546495,7975600.0,,,,,,,,,,,,,,,
2021-11-08,,,,,,JPM,,,,,,150.07858276367188,151.7297495658267,149.79451819269812,150.06971040212557,6413700.0,,,,,,,,,,,,,,,
2021-11-09,,,,,,JPM,,,,,,148.94227600097656,149.5548074994686,147.89476857414357,148.5605613254457,7990300.0,,,,,,,,,,,,,,,
2021-11-10,,,,,,JPM,,,,,,148.80020141601562,149.98087523840923,148.32970906780574,148.64929005390914,6999200.0,,,,,,,,,,,,,,,
2021-11-11,,,,,,JPM,,,,,,148.79141235351562,149.74126993983262,148.1611223866158,148.71152044866133,5815300.0,,,,,,,,,,,,,,,
2021-11-12,,,,,,JPM,,,,,,148.12557983398438,148.90678103886592,147.1135753392919,148.82687560975654,8113400.0,,,,,,,,,,,,,,,
2021-11-15,,,,,,JPM,,,,,,147.85922241210938,148.95111851267316,147.36209942471726,148.43625080829239,6492500.0,,,,,,,,,,,,,,,
2021-11-16,,,,,,JPM,,,,,,146.7940216064453,148.31203540407512,146.58096299844368,148.30314949608038,9706100.0,,,,,,,,,,,,,,,
2021-11-17,,,,,,JPM,,,,,,146.00389099121094,146.9715063941235,145.04514794724378,146.6608112839994,9909600.0,,,,,,,,,,,,,,,
2021-11-18,,,,,,JPM,,,,,,144.74339294433594,146.34129876552677,144.3084033318585,145.93293978793645,8122500.0,,,,,,,,,,,,,,,
2021-11-19,,,,,,JPM,,,,,,142.8524932861328,143.90888663503773,141.54753838990771,143.18983261989092,12193600.0,,,,,,,,,,,,,,,
2021-11-22,,,,,,JPM,,,,,,145.89739990234375,147.34438036587372,144.6900950922002,145.7287302269754,14549900.0,,,,,,,,,,,,,,,
2021-11-23,,,,,,JPM,,,,,,149.38613891601562,149.63470046131974,146.80285977133175,146.91826818364734,12354400.0,,,,,,,,,,,,,,,
2021-11-24,,,,,,JPM,,,,,,148.21434020996094,150.41589097481364,147.75272013898643,149.54592562787454,9629800.0,,,,,,,,,,,,,,,
2021-11-26,,,,,,JPM,,,,,,143.7490692138672,144.38823125913544,140.9882619528493,143.9354971210648,13619300.0,,,,,,,,,,,,,,,
2021-11-29,,,,,,JPM,,,,,,143.12770080566406,146.27912292385244,141.87602057445622,144.97416788771696,12104400.0,,,,,,,,,,,,,,,
2021-11-30,,,,,,JPM,,,,,,140.99716186523438,142.59506729066257,140.51778346481132,141.29011232202862,18922600.0,,,,,,,,,,,,,,,
2021-12-01,,,,,,JPM,,,,,,140.1626434326172,144.93859953477946,140.08275157963874,142.92346367651484,12253400.0,,,,,,,,,,,,,,,
2021-12-02,,,,,,JPM,,,,,,143.1099090576172,144.9208590079809,140.97049220662012,141.88484631303896,12969900.0,,,,,,,,,,,,,,,
2021-12-03,,,,,,JPM,,,,,,140.5177764892578,143.6603259275297,139.54128856067402,143.367375485278,12681800.0,,,,,,,,,,,,,,,
2021-12-06,,,,,,JPM,,,,,,142.17782592773438,144.35274620536836,141.55642206920868,142.93238291823405,11186500.0,,,,,,,,,,,,,,,
2021-12-07,,,,,,JPM,,,,,,144.31723022460938,145.04515652317295,143.06553671440145,143.7046987815039,9851600.0,,,,,,,,,,,,,,,
2021-12-08,,,,,,JPM,,,,,,142.66607666015625,144.9386470831941,142.1866982938537,144.39713510383055,11705700.0,,,,,,,,,,,,,,,
2021-12-09,,,,,,JPM,,,,,,142.44415283203125,142.8613705148597,140.8373615345152,141.72508524679222,11189600.0,,,,,,,,,,,,,,,
2021-12-10,,,,,,JPM,,,,,,141.8760223388672,143.54493384976266,141.26349075768516,143.20760802123158,10405400.0,,,,,,,,,,,,,,,
2021-12-13,,,,,,JPM,,,,,,140.18931579589844,141.84935467039065,139.62117320734154,141.59192077449563,12069000.0,,,,,,,,,,,,,,,
2021-12-14,,,,,,JPM,,,,,,141.2634735107422,142.82586231088433,139.6389375511274,139.77209068487107,12563600.0,,,,,,,,,,,,,,,
2021-12-15,,,,,,JPM,,,,,,140.20703125,141.90258613794126,139.68327771254704,141.90258613794126,14014200.0,,,,,,,,,,,,,,,
2021-12-16,,,,,,JPM,,,,,,142.39979553222656,143.65148949519786,140.8817816873647,142.38203726127603,19542800.0,,,,,,,,,,,,,,,
2021-12-17,,,,,,JPM,,,,,,139.15956115722656,141.4854064425323,137.75695609763275,141.4321451882775,28082000.0,,,,,,,,,,,,,,,
2021-12-20,,,,,,JPM,,,,,,136.65621948242188,137.3308847707451,134.79199387215084,137.16221506226634,15148000.0,,,,,,,,,,,,,,,
2021-12-21,,,,,,JPM,,,,,,138.56478881835938,139.53240439857666,137.67706512004878,137.96114320539073,11291300.0,,,,,,,,,,,,,,,
2021-12-22,,,,,,JPM,,,,,,139.10630798339844,139.42588907307973,137.8102389026166,138.26297313566954,7273000.0,,,,,,,,,,,,,,,
2021-12-23,,,,,,JPM,,,,,,139.6034393310547,141.25460613401202,139.5590639777114,139.9141480779987,8055200.0,,,,,,,,,,,,,,,
2021-12-27,,,,,,JPM,,,,,,140.40237426757812,140.4378772531484,138.78671073958142,139.9052511960677,6188100.0,,,,,,,,,,,,,,,
2021-12-28,,,,,,JPM,,,,,,140.8284454345703,142.16890294737036,140.33132247738845,140.43784495518895,6342300.0,,,,,,,,,,,,,,,
2021-12-29,,,,,,JPM,,,,,,140.75746154785156,141.70733236718596,140.39349159583065,141.01490899512024,6398900.0,,,,,,,,,,,,,,,
2021-12-30,,,,,,JPM,,,,,,140.68643188476562,142.2488340849387,140.5887817472548,141.24570208556275,6948200.0,,,,,,,,,,,,,,,
2021-12-31,,,,,,JPM,,,,,,140.571044921875,141.40549377176825,140.2248332413656,140.65980915922302,5805900.0,,,,,,,,,,,,,,,
2022-01-03,,,,,,JPM,,,,,,143.54493713378906,144.3793996811227,141.60081982576506,141.9115285769945,13120900.0,,,,,,,,,,,,,,,
2022-01-04,,,,,,JPM,,,,,,148.9866485595703,149.65244123787915,145.79083828545313,145.8618577966098,20195800.0,,,,,,,,,,,,,,,
2022-01-05,,,,,,JPM,,,,,,146.26287841796875,150.35302529770058,146.2182234519516,149.87078709434957,17539400.0,,,,,,,,,,,,,,,
2022-01-06,,,,,,JPM,,,,,,147.81678771972656,149.46891251987,146.3432555378449,149.0581195189452,14047500.0,,,,,,,,,,,,,,,
2022-01-07,,,,,,JPM,,,,,,149.28138732910156,149.61180957837593,147.40598760629422,147.95074553516426,13913300.0,,,,,,,,,,,,,,,
2022-01-10,,,,,,JPM,,,,,,149.42425537109375,151.20140571744204,147.82569762411396,150.9870836967746,12922500.0,,,,,,,,,,,,,,,
2022-01-11,,,,,,JPM,,,,,,149.57608032226562,150.49591538758978,148.52228035920214,150.2637150155545,11854100.0,,,,,,,,,,,,,,,
2022-01-12,,,,,,JPM,,,,,,150.42453002929688,151.45152652008235,149.29928439833463,150.44239474812792,12568000.0,,,,,,,,,,,,,,,
2022-01-13,,,,,,JPM,,,,,,150.23692321777344,151.6479356400798,149.9332912555357,150.33515869106003,13623400.0,,,,,,,,,,,,,,,
2022-01-14,,,,,,JPM,,,,,,141.0028076171875,143.80696704190223,140.11868858094584,143.56584119078562,40158400.0,,,,,,,,,,,,,,,
2022-01-18,,,,,,JPM,,,,,,135.09088134765625,139.11850821083917,134.43894887756184,139.11850821083917,32324800.0,,,,,,,,,,,,,,,
2022-01-19,,,,,,JPM,,,,,,133.0011444091797,135.948194728272,132.6617966797485,135.3587955658784,22380000.0,,,,,,,,,,,,,,,
2022-01-20,,,,,,JPM,,,,,,131.8670196533203,134.5014995118015,131.59910344486124,133.05477106362076,14860800.0,,,,,,,,,,,,,,,
2022-01-21,,,,,,JPM,,,,,,129.5629425048828,131.73303484956145,128.83957838998995,131.72410930711447,20705400.0,,,,,,,,,,,,,,,
2022-01-24,,,,,,JPM,,,,,,129.4468536376953,129.92016633763484,124.64228141213015,127.0624254247593,28471400.0,,,,,,,,,,,,,,,
2022-01-25,,,,,,JPM,,,,,,130.8578338623047,131.1436146963741,125.7317525721211,128.2858608628007,18915900.0,,,,,,,,,,,,,,,
2022-01-26,,,,,,JPM,,,,,,132.0991973876953,134.46577450245326,130.34883704894756,132.813636019071,20709100.0,,,,,,,,,,,,,,,
2022-01-27,,,,,,JPM,,,,,,129.76832580566406,134.29606906724538,128.71453957917038,133.43874014209345,17536800.0,,,,,,,,,,,,,,,
2022-01-28,,,,,,JPM,,,,,,130.92929077148438,131.06324203268753,126.96416991849439,128.7681241211247,14117000.0,,,,,,,,,,,,,,,
2022-01-31,,,,,,JPM,,,,,,132.7064666748047,132.8761337453502,129.19679342056898,130.063047992457,13985700.0,,,,,,,,,,,,,,,
2022-02-01,,,,,,JPM,,,,,,134.98370361328125,135.26948446376548,132.43853434421334,132.78682123900288,14584900.0,,,,,,,,,,,,,,,
2022-02-02,,,,,,JPM,,,,,,133.90316772460938,134.79621271290017,132.2331779570768,134.4032707377666,12441100.0,,,,,,,,,,,,,,,
2022-02-03,,,,,,JPM,,,,,,132.79579162597656,135.4302717071859,132.42963989768626,133.95675287626128,12474900.0,,,,,,,,,,,,,,,
2022-02-04,,,,,,JPM,,,,,,136.24290466308594,137.0823689070362,132.85827106175142,133.15297746399662,16654400.0,,,,,,,,,,,,,,,
2022-02-07,,,,,,JPM,,,,,,136.69837951660156,137.18954327472105,134.7158188915654,136.87698575835253,12572300.0,,,,,,,,,,,,,,,
2022-02-08,,,,,,JPM,,,,,,139.27032470703125,141.52972681281014,138.24332870505225,138.42193492799018,20411400.0,,,,,,,,,,,,,,,
2022-02-09,,,,,,JPM,,,,,,139.850830078125,140.59204531797832,139.154256179702,139.84189090841247,9131100.0,,,,,,,,,,,,,,,
2022-02-10,,,,,,JPM,,,,,,139.27032470703125,142.0209041459754,138.61840586125626,139.9043924692594,16455600.0,,,,,,,,,,,,,,,
2022-02-11,,,,,,JPM,,,,,,137.4574737548828,141.27077941494915,136.60908379819318,138.96672186428253,16830000.0,,,,,,,,,,,,,,,
2022-02-14,,,,,,JPM,,,,,,136.18040466308594,137.24311651458467,134.2424991078371,136.394726691121,17026500.0,,,,,,,,,,,,,,,
2022-02-15,,,,,,JPM,,,,,,138.171875,139.26139060778738,137.3949304832328,137.9843296200318,9500000.0,,,,,,,,,,,,,,,
2022-02-16,,,,,,JPM,,,,,,138.42193603515625,139.4042907093441,137.29670455754405,137.29670455754405,9076500.0,,,,,,,,,,,,,,,
2022-02-17,,,,,,JPM,,,,,,135.2337646484375,137.28777037013128,134.55505552050664,136.63585149548837,11367500.0,,,,,,,,,,,,,,,
2022-02-18,,,,,,JPM,,,,,,135.86781311035156,137.65390241829718,134.96584291547984,135.85888756945263,11733300.0,,,,,,,,,,,,,,,
2022-02-22,,,,,,JPM,,,,,,135.62672424316406,136.8502050191361,134.32288632361673,134.49256703445266,11333500.0,,,,,,,,,,,,,,,
2022-02-23,,,,,,JPM,,,,,,132.78683471679688,136.90377182783305,132.14384136472486,136.74301667642388,11799000.0,,,,,,,,,,,,,,,
2022-02-24,,,,,,JPM,,,,,,129.0896453857422,129.4825873292277,124.8298173191874,127.65184252532512,25655100.0,,,,,,,,,,,,,,,
2022-02-25,,,,,,JPM,,,,,,132.14382934570312,134.0728092264706,129.41111466133975,129.71474659809545,18367700.0,,,,,,,,,,,,,,,
2022-02-28,,,,,,JPM,,,,,,126.63374328613281,129.5450641507888,125.81214378371666,128.19657153705919,31315300.0,,,,,,,,,,,,,,,
2022-03-01,,,,,,JPM,,,,,,121.85595703125,125.45492639049641,119.29292288319827,125.06198450854104,36840400.0,,,,,,,,,,,,,,,
2022-03-02,,,,,,JPM,,,,,,124.3832778930664,125.06198703127347,121.99884992686464,122.60611384629483,19405600.0,,,,,,,,,,,,,,,
2022-03-03,,,,,,JPM,,,,,,123.4991683959961,125.90146126334403,122.40072702744817,124.88339066222525,16640800.0,,,,,,,,,,,,,,,
2022-03-04,,,,,,JPM,,,,,,120.02522277832031,120.93613234377204,118.23913307253112,120.5074746298819,21016000.0,,,,,,,,,,,,,,,
2022-03-07,,,,,,JPM,,,,,,115.39031982421875,118.49811178399233,115.15811946469606,118.03372469172861,27560100.0,,,,,,,,,,,,,,,
2022-03-08,,,,,,JPM,,,,,,114.57765197753906,117.69436964681233,113.65781009895336,115.7743287538605,19207800.0,,,,,,,,,,,,,,,
2022-03-09,,,,,,JPM,,,,,,119.16789245605469,120.7753757157064,118.27484771477944,118.6856406647685,17536200.0,,,,,,,,,,,,,,,
2022-03-10,,,,,,JPM,,,,,,117.75689697265625,119.17683504395328,116.38161387016636,117.75689697265625,15604200.0,,,,,,,,,,,,,,,
2022-03-11,,,,,,JPM,,,,,,115.10456085205078,119.73946623391174,114.68482864346093,118.31952806108274,20061800.0,,,,,,,,,,,,,,,
2022-03-14,,,,,,JPM,,,,,,116.24763488769531,118.70350798009756,115.40817063218913,115.6135807384728,15786900.0,,,,,,,,,,,,,,,
2022-03-15,,,,,,JPM,,,,,,118.3105697631836,119.26613422771946,117.10496747479614,117.70330584786821,15096600.0,,,,,,,,,,,,,,,
2022-03-16,,,,,,JPM,,,,,,123.59738159179688,123.67776597151604,120.05199302651884,120.4449348765921,20354900.0,,,,,,,,,,,,,,,
2022-03-17,,,,,,JPM,,,,,,125.16021728515625,125.19594670644601,121.38264177726782,122.22210602941672,17050500.0,,,,,,,,,,,,,,,
2022-03-18,,,,,,JPM,,,,,,125.11559295654297,125.78537661556776,123.65099990054678,125.19596372519791,23656500.0,,,,,,,,,,,,,,,
2022-03-21,,,,,,JPM,,,,,,124.71369934082031,125.70497960174266,123.89209977010354,125.33884159458447,12676100.0,,,,,,,,,,,,,,,
2022-03-22,,,,,,JPM,,,,,,127.36605072021484,128.53593728032945,126.56231581492807,127.05349320228457,13548600.0,,,,,,,,,,,,,,,
2022-03-23,,,,,,JPM,,,,,,124.82981872558594,126.44622786213026,124.31185103304516,125.90146991193946,12093200.0,,,,,,,,,,,,,,,
2022-03-24,,,,,,JPM,,,,,,125.6424789428711,125.66034365491761,124.23146648041369,125.29419200526837,10017600.0,,,,,,,,,,,,,,,
2022-03-25,,,,,,JPM,,,,,,126.74095153808594,127.86618339257797,125.74074544520413,125.99972251325887,8383500.0,,,,,,,,,,,,,,,
2022-03-28,,,,,,JPM,,,,,,125.8031997680664,125.89250968681907,123.15085597712147,125.0262552566839,10818100.0,,,,,,,,,,,,,,,
2022-03-29,,,,,,JPM,,,,,,126.08006286621094,128.2412433516535,125.24061217045993,128.0179821436087,11316500.0,,,,,,,,,,,,,,,
2022-03-30,,,,,,JPM,,,,,,125.50850677490234,126.91951915565257,124.94589783245077,126.72304821486571,8771000.0,,,,,,,,,,,,,,,
2022-03-31,,,,,,JPM,,,,,,121.7398681640625,125.33883745494641,121.68627403199235,124.87445036447642,17353900.0,,,,,,,,,,,,,,,
2022-04-01,,,,,,JPM,,,,,,120.837890625,122.71329016994913,119.48939787240515,122.70435100074064,15721300.0,,,,,,,,,,,,,,,
2022-04-04,,,,,,JPM,,,,,,121.37373352050781,122.29356866138258,118.67673415386987,119.77517554628453,17416400.0,,,,,,,,,,,,,,,
2022-04-05,,,,,,JPM,,,,,,119.96125030517578,121.81455681141192,119.66435939964433,120.61801521489215,12110300.0,,,,,,,,,,,,,,,
2022-04-06,,,,,,JPM,,,,,,118.29688262939453,119.25951644558293,117.82006157251607,118.37784913464786,12914700.0,,,,,,,,,,,,,,,
2022-04-07,,,,,,JPM,,,,,,117.93701171875,118.68373487391258,115.81380302689927,117.81105924244488,12994200.0,,,,,,,,,,,,,,,
2022-04-08,,,,,,JPM,,,,,,120.09622192382812,120.4650739445427,118.29689288072642,118.45882590526581,13126900.0,,,,,,,,,,,,,,,
2022-04-11,,,,,,JPM,,,,,,119.65535736083984,121.36471411773648,119.26850828352293,119.65535736083984,10466400.0,,,,,,,,,,,,,,,
2022-04-12,,,,,,JPM,,,,,,118.34184265136719,121.07682996506871,117.58612789144514,118.88164675290497,12989900.0,,,,,,,,,,,,,,,
2022-04-13,,,,,,JPM,,,,,,114.52729034423828,116.28163332387601,113.36672234851824,114.20341058432129,30838000.0,,,,,,,,,,,,,,,
2022-04-14,,,,,,JPM,,,,,,113.46566772460938,115.42693623777015,112.47603147089522,113.80753769886891,18835200.0,,,,,,,,,,,,,,,
2022-04-18,,,,,,JPM,,,,,,115.57089233398438,116.2726294523978,112.94386712693903,113.06082102537643,11834400.0,,,,,,,,,,,,,,,
2022-04-19,,,,,,JPM,,,,,,117.96400451660156,118.14394839833008,115.36397466799782,115.56190195566656,15015400.0,,,,,,,,,,,,,,,
2022-04-20,,,,,,JPM,,,,,,118.37786102294922,120.11420698411048,118.16193659279912,119.22354788129793,13430200.0,,,,,,,,,,,,,,,
2022-04-21,,,,,,JPM,,,,,,117.46019744873047,119.48444261724799,116.92040697380047,118.9536438455066,12174200.0,,,,,,,,,,,,,,,
2022-04-22,,,,,,JPM,,,,,,114.0864486694336,117.42420987654418,113.97849332647044,117.20828546282758,14318800.0,,,,,,,,,,,,,,,
2022-04-25,,,,,,JPM,,,,,,114.05046081542969,114.36534886821212,110.75769245408728,113.3667207663873,17149000.0,,,,,,,,,,,,,,,
2022-04-26,,,,,,JPM,,,,,,110.67671966552734,113.72658852220916,110.54177548664798,112.13417857248098,17209500.0,,,,,,,,,,,,,,,
2022-04-27,,,,,,JPM,,,,,,109.23726654052734,111.16254810245196,109.05733637851213,110.05596456465663,17215200.0,,,,,,,,,,,,,,,
2022-04-28,,,,,,JPM,,,,,,110.96460723876953,111.24350787885761,108.98534824301431,110.48778619022181,13015600.0,,,,,,,,,,,,,,,
2022-04-29,,,,,,JPM,,,,,,107.38394927978516,111.2075231915258,106.97010445653474,110.70371329607225,14874800.0,,,,,,,,,,,,,,,
2022-05-02,,,,,,JPM,,,,,,108.36459350585938,108.59850821334896,106.35834538085184,107.85178498121796,18545000.0,,,,,,,,,,,,,,,
2022-05-03,,,,,,JPM,,,,,,110.68570709228516,111.71132393191763,108.66146224607981,109.33621052814826,15720900.0,,,,,,,,,,,,,,,
2022-05-04,,,,,,JPM,,,,,,114.34735107421875,114.6172531567878,110.42481349388046,110.47879802873133,17128500.0,,,,,,,,,,,,,,,
2022-05-05,,,,,,JPM,,,,,,111.48640441894531,113.44767297323389,109.9030001075869,112.68295964978665,15055400.0,,,,,,,,,,,,,,,
2022-05-06,,,,,,JPM,,,,,,111.30648803710938,111.81929650451255,109.02133948611598,111.37846284121036,14417900.0,,,,,,,,,,,,,,,
2022-05-09,,,,,,JPM,,,,,,109.63309478759766,110.95560243867295,108.40955076101739,109.8580108680147,14312300.0,,,,,,,,,,,,,,,
2022-05-10,,,,,,JPM,,,,,,106.96110534667969,111.36046393484135,105.76454998716217,110.75769040385855,16382400.0,,,,,,,,,,,,,,,
2022-05-11,,,,,,JPM,,,,,,106.28636169433594,110.55976799750485,106.10643154291851,107.32997579146377,14630300.0,,,,,,,,,,,,,,,
2022-05-12,,,,,,JPM,,,,,,106.1963882446289,106.44829318230772,103.79428590675552,105.26073643046848,16318800.0,,,,,,,,,,,,,,,
2022-05-13,,,,,,JPM,,,,,,107.14102935791016,108.18464334933826,106.12441106396625,107.42892855325138,10443200.0,,,,,,,,,,,,,,,
2022-05-16,,,,,,JPM,,,,,,106.39431762695312,107.47391219955917,105.46766436041887,106.64622256963487,10269000.0,,,,,,,,,,,,,,,
2022-05-17,,,,,,JPM,,,,,,109.92101287841797,110.63174868290925,108.6884699976325,108.89539586026491,11160200.0,,,,,,,,,,,,,,,
2022-05-18,,,,,,JPM,,,,,,108.04069519042969,109.73206866611008,107.5368853196626,109.12929516160023,12664900.0,,,,,,,,,,,,,,,
2022-05-19,,,,,,JPM,,,,,,106.43929290771484,107.64484677226233,105.82752084150299,106.33133757266812,12765800.0,,,,,,,,,,,,,,,
2022-05-20,,,,,,JPM,,,,,,105.56661224365234,107.66283184057187,103.4793912121837,107.47390314946973,13150100.0,,,,,,,,,,,,,,,
2022-05-23,,,,,,JPM,,,,,,112.09818267822266,113.87052264145763,108.36457405173863,108.37357261761396,24376700.0,,,,,,,,,,,,,,,
2022-05-24,,,,,,JPM,,,,,,113.68160247802734,114.6982208536512,110.75769296339475,111.88227354594575,19324900.0,,,,,,,,,,,,,,,
2022-05-25,,,,,,JPM,,,,,,114.47331237792969,115.03110685510855,112.61100708347712,113.6096352565498,12780400.0,,,,,,,,,,,,,,,
2022-05-26,,,,,,JPM,,,,,,116.45256805419922,117.12731638851099,115.34598462970914,115.48992050790858,15990900.0,,,,,,,,,,,,,,,
2022-05-27,,,,,,JPM,,,,,,118.09894561767578,118.09894561767578,116.18265611791662,117.10031761850692,11177800.0,,,,,,,,,,,,,,,
2022-05-31,,,,,,JPM,,,,,,118.96260070800781,119.79029017606052,116.69545666725837,117.11828623794638,17015000.0,,,,,,,,,,,,,,,
2022-06-01,,,,,,JPM,,,,,,116.87540435791016,119.53840326835602,115.75981557079469,119.53840326835602,10768000.0,,,,,,,,,,,,,,,
2022-06-02,,,,,,JPM,,,,,,118.75569152832031,118.76468322961414,115.75980766288491,116.86639094470901,8374800.0,,,,,,,,,,,,,,,
2022-06-03,,,,,,JPM,,,,,,117.10031127929688,118.54877138476405,116.94736999210943,118.04496156160818,8596000.0,,,,,,,,,,,,,,,
2022-06-06,,,,,,JPM,,,,,,116.71346282958984,119.10657351153425,116.47056331714577,117.93700700527805,11323500.0,,,,,,,,,,,,,,,
2022-06-07,,,,,,JPM,,,,,,117.01936340332031,117.24427951928476,115.71483894849432,115.90377452613217,6722200.0,,,,,,,,,,,,,,,
2022-06-08,,,,,,JPM,,,,,,115.15704345703125,116.46155409438506,114.16741398760132,116.0567078590393,8422100.0,,,,,,,,,,,,,,,
2022-06-09,,,,,,JPM,,,,,,112.73695373535156,115.24702532084513,112.70096633250233,114.59026723066327,13560100.0,,,,,,,,,,,,,,,
2022-06-10,,,,,,JPM,,,,,,107.55487060546875,111.01857681328936,107.3479447948261,110.28984405745564,12945200.0,,,,,,,,,,,,,,,
2022-06-13,,,,,,JPM,,,,,,104.35208129882812,106.11542285909559,103.51539305638484,105.13479186882194,16805600.0,,,,,,,,,,,,,,,
2022-06-14,,,,,,JPM,,,,,,102.61573028564453,105.54863846644824,101.86001540317109,103.95623532758184,13357900.0,,,,,,,,,,,,,,,
2022-06-15,,,,,,JPM,,,,,,103.83026885986328,105.21574595775589,101.81501571695783,104.01919755503046,14083500.0,,,,,,,,,,,,,,,
2022-06-16,,,,,,JPM,,,,,,102.04891967773438,102.79564267836729,100.6454455956918,102.43577559315557,16724900.0,,,,,,,,,,,,,,,
2022-06-17,,,,,,JPM,,,,,,101.68907928466797,103.1285411394623,100.90637554756806,102.14791011034775,30919900.0,,,,,,,,,,,,,,,
2022-06-21,,,,,,JPM,,,,,,104.2081298828125,105.28772442537145,103.49739417780154,104.24411728275042,11680500.0,,,,,,,,,,,,,,,
2022-06-22,,,,,,JPM,,,,,,103.62332153320312,104.54097598560121,102.91258600043427,103.35341953102501,9842700.0,,,,,,,,,,,,,,,
2022-06-23,,,,,,JPM,,,,,,102.48975372314453,103.62333264439226,100.2945775346937,103.47039136324203,11851500.0,,,,,,,,,,,,,,,
2022-06-24,,,,,,JPM,,,,,,105.54863739013672,105.99846963384918,101.50914576348947,101.86901293123852,14841100.0,,,,,,,,,,,,,,,
2022-06-27,,,,,,JPM,,,,,,104.70294189453125,106.61023292073985,104.03719215092518,106.2143783826469,11280500.0,,,,,,,,,,,,,,,
2022-06-28,,,,,,JPM,,,,,,104.19913482666016,107.32097152150932,104.00120755228201,105.86351266245697,11590900.0,,,,,,,,,,,,,,,
2022-06-29,,,,,,JPM,,,,,,103.7313003540039,105.09878712022906,103.2184919586827,104.36106264162848,9338400.0,,,,,,,,,,,,,,,
2022-06-30,,,,,,JPM,,,,,,101.31121826171875,102.6337261536329,99.7997816515162,101.8150281771545,15172600.0,,,,,,,,,,,,,,,
2022-07-01,,,,,,JPM,,,,,,102.60673522949219,102.93960668946255,100.00670546840153,101.34720360263593,10573600.0,,,,,,,,,,,,,,,
2022-07-05,,,,,,JPM,,,,,,102.21646118164062,102.2981438930075,99.20315438309007,100.53735380769287,12514200.0,,,,,,,,,,,,,,,
2022-07-06,,,,,,JPM,,,,,,101.55387878417969,102.55226212775857,100.55549544060081,101.40866278810402,10656200.0,,,,,,,,,,,,,,,
2022-07-07,,,,,,JPM,,,,,,104.12244415283203,104.28581646388267,102.92438284666386,103.01514370288989,10347400.0,,,,,,,,,,,,,,,
2022-07-08,,,,,,JPM,,,,,,103.79570770263672,104.96654153657856,103.11499084043402,104.52180845883026,8807800.0,,,,,,,,,,,,,,,
2022-07-11,,,,,,JPM,,,,,,102.43428039550781,103.67772576789007,101.85340252400628,103.0605421638434,7939500.0,,,,,,,,,,,,,,,
2022-07-12,,,,,,JPM,,,,,,102.53411102294922,104.53995584050604,101.88969990347611,102.18013881541624,11250900.0,,,,,,,,,,,,,,,
2022-07-13,,,,,,JPM,,,,,,101.57202911376953,102.08937362009563,100.18336098400094,101.42680620165926,12979900.0,,,,,,,,,,,,,,,
2022-07-14,,,,,,JPM,,,,,,98.02323150634766,98.23198773138412,96.26244161341391,98.01415334231731,26204800.0,,,,,,,,,,,,,,,
2022-07-15,,,,,,JPM,,,,,,102.51595306396484,103.36004222032456,97.72370763093286,99.07607006855429,18863900.0,,,,,,,,,,,,,,,
2022-07-18,,,,,,JPM,,,,,,101.46311950683594,105.13898645536467,101.00930825951559,104.16783066308354,13977900.0,,,,,,,,,,,,,,,
2022-07-19,,,,,,JPM,,,,,,103.97724914550781,104.32215018617427,102.2618428814511,102.67934847181616,11862300.0,,,,,,,,,,,,,,,
2022-07-20,,,,,,JPM,,,,,,103.95907592773438,104.14059764732086,102.99699834962846,103.55971983511242,11667500.0,,,,,,,,,,,,,,,
2022-07-21,,,,,,JPM,,,,,,104.66703033447266,104.85763023564225,102.89716916317614,103.86832499748431,11595900.0,,,,,,,,,,,,,,,
2022-07-22,,,,,,JPM,,,,,,104.15876007080078,105.51111565732424,103.16944794470042,104.59441499315257,7645500.0,,,,,,,,,,,,,,,
2022-07-25,,,,,,JPM,,,,,,104.5762710571289,105.70172107742037,104.16783675588512,105.13899260496939,9394000.0,,,,,,,,,,,,,,,
2022-07-26,,,,,,JPM,,,,,,102.94254302978516,104.903010967723,102.58857080620362,103.99538846118368,10675100.0,,,,,,,,,,,,,,,
2022-07-27,,,,,,JPM,,,,,,104.59440612792969,105.04821733960455,102.83362333536574,103.4780344249909,9337400.0,,,,,,,,,,,,,,,
2022-07-28,,,,,,JPM,,,,,,104.20413970947266,105.26606332469507,103.04238398730452,104.60349583569682,10384800.0,,,,,,,,,,,,,,,
2022-07-29,,,,,,JPM,,,,,,104.70333099365234,105.73802007821718,104.18598645136994,104.91208028855732,12944500.0,,,,,,,,,,,,,,,
2022-08-01,,,,,,JPM,,,,,,103.65956115722656,104.47642276270157,102.62487209849485,103.92277250369129,14740400.0,,,,,,,,,,,,,,,
2022-08-02,,,,,,JPM,,,,,,102.04399871826172,103.83201616462607,101.89877579335833,103.39635431452609,14942900.0,,,,,,,,,,,,,,,
2022-08-03,,,,,,JPM,,,,,,103.114990234375,103.55972330950938,101.39050614200849,102.96976731414584,14394500.0,,,,,,,,,,,,,,,
2022-08-04,,,,,,JPM,,,,,,101.98046112060547,102.85177785946334,100.76424341194704,102.42519419130576,18033900.0,,,,,,,,,,,,,,,
2022-08-05,,,,,,JPM,,,,,,105.06639862060547,105.45667663232676,101.69911946115488,102.13477445005559,14174600.0,,,,,,,,,,,,,,,
2022-08-08,,,,,,JPM,,,,,,103.78663635253906,105.91954794254511,103.63234218221672,105.51112056825411,10332500.0,,,,,,,,,,,,,,,
2022-08-09,,,,,,JPM,,,,,,104.72148132324219,105.2751316009744,103.80478758600896,104.14968164237897,10233800.0,,,,,,,,,,,,,,,
2022-08-10,,,,,,JPM,,,,,,107.45342254638672,108.34289560451963,106.64563911049727,107.06314461138093,12847300.0,,,,,,,,,,,,,,,
2022-08-11,,,,,,JPM,,,,,,109.04175567626953,110.00383321404902,108.2884274148036,108.82392823697425,11684900.0,,,,,,,,,,,,,,,
2022-08-12,,,,,,JPM,,,,,,110.84793853759766,110.95685573547384,108.40643860888144,109.52281045751785,9906700.0,,,,,,,,,,,,,,,
2022-08-15,,,,,,JPM,,,,,,111.14743041992188,111.38341416613906,109.4592523212314,109.9493692135553,8456200.0,,,,,,,,,,,,,,,
2022-08-16,,,,,,JPM,,,,,,112.20935821533203,112.76300845005787,110.61194772870266,110.99314748633401,9555000.0,,,,,,,,,,,,,,,
2022-08-17,,,,,,JPM,,,,,,111.26544952392578,111.78280104571164,110.44859473599418,111.00224506757232,8149300.0,,,,,,,,,,,,,,,
2022-08-18,,,,,,JPM,,,,,,110.40319061279297,111.15651888328534,109.4138854988238,110.94776267986101,9531800.0,,,,,,,,,,,,,,,
2022-08-19,,,,,,JPM,,,,,,107.6712646484375,109.81325450067376,107.1993039515802,109.47743857634038,13464500.0,,,,,,,,,,,,,,,
2022-08-22,,,,,,JPM,,,,,,105.8923110961914,106.33705108878003,104.83039447638889,105.96492255513769,8967600.0,,,,,,,,,,,,,,,
2022-08-23,,,,,,JPM,,,,,,104.84854125976562,106.45503685692613,104.72147467208859,105.91046477765177,7607000.0,,,,,,,,,,,,,,,
2022-08-24,,,,,,JPM,,,,,,105.1026840209961,105.65633427758321,103.87738815584142,104.63979462581788,9771300.0,,,,,,,,,,,,,,,
2022-08-25,,,,,,JPM,,,,,,107.59864807128906,107.77109163423097,104.99376905362855,105.42943089206129,10758900.0,,,,,,,,,,,,,,,
2022-08-26,,,,,,JPM,,,,,,104.07706451416016,108.90561566350064,104.01353121974553,108.42457687370283,11276200.0,,,,,,,,,,,,,,,
2022-08-29,,,,,,JPM,,,,,,103.82293701171875,104.24952069379636,102.97884781143607,103.46896479140118,8117300.0,,,,,,,,,,,,,,,
2022-08-30,,,,,,JPM,,,,,,103.84110260009766,104.90301935575293,102.88809612218502,104.376596597961,10745400.0,,,,,,,,,,,,,,,
2022-08-31,,,,,,JPM,,,,,,103.22391510009766,104.40382025395047,102.86993593687029,103.90463200891637,10738300.0,,,,,,,,,,,,,,,
2022-09-01,,,,,,JPM,,,,,,103.93185424804688,104.0407645161226,101.57203713673447,102.82455369187618,9979800.0,,,,,,,,,,,,,,,
2022-09-02,,,,,,JPM,,,,,,103.20574951171875,106.60025558691288,102.73378887744438,105.16621735703507,10666600.0,,,,,,,,,,,,,,,
2022-09-06,,,,,,JPM,,,,,,103.23298645019531,104.14968716060882,101.71725846017837,103.76848735316932,9751900.0,,,,,,,,,,,,,,,
2022-09-07,,,,,,JPM,,,,,,105.19345092773438,105.38405082502955,102.34351678313175,102.67933268210457,10647900.0,,,,,,,,,,,,,,,
2022-09-08,,,,,,JPM,,,,,,107.6440200805664,107.81647056017205,104.04075788310112,104.63071385446968,11435000.0,,,,,,,,,,,,,,,
2022-09-09,,,,,,JPM,,,,,,108.161376953125,108.96008922393946,107.70756568092969,108.13414938473096,9299700.0,,,,,,,,,,,,,,,
2022-09-12,,,,,,JPM,,,,,,109.44112396240234,110.32151890539954,108.72410134825628,109.4774296937704,8614600.0,,,,,,,,,,,,,,,
2022-09-13,,,,,,JPM,,,,,,105.63819122314453,107.93447523588812,105.08454089699559,107.16299743006753,12904600.0,,,,,,,,,,,,,,,
2022-09-14,,,,,,JPM,,,,,,105.39312744140625,106.95423232841526,104.26767055303281,105.91954322994398,9345700.0,,,,,,,,,,,,,,,
2022-09-15,,,,,,JPM,,,,,,106.98147583007812,108.35198093801411,105.06639163530558,105.39313631756322,10821400.0,,,,,,,,,,,,,,,
2022-09-16,,,,,,JPM,,,,,,106.26443481445312,106.55487371246717,104.71240130400847,106.54579554935779,14844100.0,,,,,,,,,,,,,,,
2022-09-19,,,,,,JPM,,,,,,107.24466705322266,107.76201154879891,104.83946628709785,105.28419932812776,8201300.0,,,,,,,,,,,,,,,
2022-09-20,,,,,,JPM,,,,,,105.12991333007812,106.81809169379223,104.04984036495728,106.56395850778968,9619000.0,,,,,,,,,,,,,,,
2022-09-21,,,,,,JPM,,,,,,102.09845733642578,105.82878652068666,102.03492403576533,105.77433138429497,12606300.0,,,,,,,,,,,,,,,
2022-09-22,,,,,,JPM,,,,,,100.93670654296875,103.10592396061821,100.80963993542022,102.90624588458174,11684500.0,,,,,,,,,,,,,,,
2022-09-23,,,,,,JPM,,,,,,99.05791473388672,100.14705891608078,97.26082614080553,99.88385449632825,18138600.0,,,,,,,,,,,,,,,
2022-09-26,,,,,,JPM,,,,,,96.92500305175781,99.48449810451093,96.26243561106126,98.02322539420264,15753600.0,,,,,,,,,,,,,,,
2022-09-27,,,,,,JPM,,,,,,96.07184600830078,98.17753005774317,94.98270171275183,97.79633024676208,12793600.0,,,,,,,,,,,,,,,
2022-09-28,,,,,,JPM,,,,,,98.01415252685547,98.68579816730814,95.88124102174599,96.16260178285361,12762600.0,,,,,,,,,,,,,,,
2022-09-29,,,,,,JPM,,,,,,96.35321044921875,97.36974324411146,94.75579286845979,97.07022614935472,12713900.0,,,,,,,,,,,,,,,
2022-09-30,,,,,,JPM,,,,,,94.8465576171875,97.67834250014899,94.75579674601661,96.26244659636295,15973400.0,,,,,,,,,,,,,,,
2022-10-03,,,,,,JPM,,,,,,97.77818298339844,98.34998271238987,94.81025328743597,95.86309879751497,12248100.0,,,,,,,,,,,,,,,
2022-10-04,,,,,,JPM,,,,,,102.35260009765625,102.55227818255409,99.71142186684585,100.39213883375518,16013600.0,,,,,,,,,,,,,,,
2022-10-05,,,,,,JPM,,,,,,101.0888671875,101.60168102153392,99.66031037179722,100.5027922381571,10943500.0,,,,,,,,,,,,,,,
2022-10-06,,,,,,JPM,,,,,,99.0284423828125,100.90571823117006,98.84529658683022,100.23722280136262,11521400.0,,,,,,,,,,,,,,,
2022-10-07,,,,,,JPM,,,,,,97.05045318603516,98.63468477736758,96.40026946115013,98.46069135916748,11681100.0,,,,,,,,,,,,,,,
2022-10-10,,,,,,JPM,,,,,,96.14384460449219,98.26836784175403,95.71344432592626,97.73724227236144,8931700.0,,,,,,,,,,,,,,,
2022-10-11,,,,,,JPM,,,,,,93.36914825439453,95.73176668930427,93.26841597322337,95.57609206806305,12739700.0,,,,,,,,,,,,,,,
2022-10-12,,,,,,JPM,,,,,,94.88014221191406,95.9057769889379,92.74645913323253,93.22264945300141,13181000.0,,,,,,,,,,,,,,,
2022-10-13,,,,,,JPM,,,,,,100.15481567382812,100.64015835202872,93.18601079802045,93.38747537838252,22398700.0,,,,,,,,,,,,,,,
2022-10-14,,,,,,JPM,,,,,,101.82145690917969,105.53021152133871,101.39105662147124,102.52657587932734,33387100.0,,,,,,,,,,,,,,,
2022-10-17,,,,,,JPM,,,,,,106.09797668457031,107.1510824539226,104.68773173058194,105.68589515970226,22276300.0,,,,,,,,,,,,,,,
2022-10-18,,,,,,JPM,,,,,,108.82689666748047,110.0173653829019,107.10530231257025,109.57781264769982,21539700.0,,,,,,,,,,,,,,,
2022-10-19,,,,,,JPM,,,,,,106.69320678710938,108.81773002672348,105.92397912132705,108.04850236094116,17072000.0,,,,,,,,,,,,,,,
2022-10-20,,,,,,JPM,,,,,,106.34522247314453,108.70784087660407,105.90566978530704,107.28844354669732,12207400.0,,,,,,,,,,,,,,,
2022-10-21,,,,,,JPM,,,,,,111.93126678466797,112.07778202749257,106.52838184082461,106.64742591227989,20593300.0,,,,,,,,,,,,,,,
2022-10-24,,,,,,JPM,,,,,,112.06861114501953,112.72794713650374,111.10708531290815,111.78473308790528,12624200.0,,,,,,,,,,,,,,,
2022-10-25,,,,,,JPM,,,,,,112.36166381835938,112.88363705127985,110.7041712164928,111.58328366211862,11289100.0,,,,,,,,,,,,,,,
2022-10-26,,,,,,JPM,,,,,,113.65286254882812,114.65101904999469,112.52649560198506,112.63638727546582,11667000.0,,,,,,,,,,,,,,,
2022-10-27,,,,,,JPM,,,,,,114.10157775878906,115.56676517888995,113.74443854346963,114.6510221680063,10727600.0,,,,,,,,,,,,,,,
2022-10-28,,,,,,JPM,,,,,,115.45686340332031,115.64000918376867,113.59790648417108,114.73342569339101,11859500.0,,,,,,,,,,,,,,,
2022-10-31,,,,,,JPM,,,,,,115.27371978759766,116.69312415172827,115.00815349427032,115.10888577748291,13295200.0,,,,,,,,,,,,,,,
2022-11-01,,,,,,JPM,,,,,,117.35246276855469,117.47151383290596,115.68581773328512,116.18031980392584,13386900.0,,,,,,,,,,,,,,,
2022-11-02,,,,,,JPM,,,,,,116.27188873291016,119.37625691475094,115.96969186898045,116.89459424650867,16546100.0,,,,,,,,,,,,,,,
2022-11-03,,,,,,JPM,,,,,,116.48249816894531,117.37992232993088,115.30119593470816,115.66748751829829,12474400.0,,,,,,,,,,,,,,,
2022-11-04,,,,,,JPM,,,,,,119.66928100585938,119.80665083109656,117.6363445290073,118.57955864183005,14953200.0,,,,,,,,,,,,,,,
2022-11-07,,,,,,JPM,,,,,,120.30115509033203,121.14363698512378,119.4861443680671,119.96233464708139,12011200.0,,,,,,,,,,,,,,,
2022-11-08,,,,,,JPM,,,,,,120.37442779541016,120.93303164577641,119.17480656916398,120.18212956921158,9884100.0,,,,,,,,,,,,,,,
2022-11-09,,,,,,JPM,,,,,,118.80850982666016,120.35610386313091,118.33231952221442,120.25538554057319,9494000.0,,,,,,,,,,,,,,,
2022-11-10,,,,,,JPM,,,,,,123.69856262207031,123.85423725089672,121.36341524341654,121.45499513008096,16351600.0,,,,,,,,,,,,,,,
2022-11-11,,,,,,JPM,,,,,,123.9000015258789,124.69669327691902,122.50806858109391,123.7992692606683,10704700.0,,,,,,,,,,,,,,,
2022-11-14,,,,,,JPM,,,,,,122.62712097167969,124.29376559173427,122.62712097167969,123.44213149990374,11085600.0,,,,,,,,,,,,,,,
2022-11-15,,,,,,JPM,,,,,,121.73886108398438,124.2754727820005,120.51176897449375,123.33224475737065,14038300.0,,,,,,,,,,,,,,,
2022-11-16,,,,,,JPM,,,,,,121.90370178222656,122.3066309316261,120.9055452813871,121.79381709534634,7893400.0,,,,,,,,,,,,,,,
2022-11-17,,,,,,JPM,,,,,,121.37258911132812,121.6931047982178,120.21875779016169,120.8780939660086,8820200.0,,,,,,,,,,,,,,,
2022-11-18,,,,,,JPM,,,,,,122.56304168701172,123.3231100656975,121.13448482032692,123.23154414814023,9468500.0,,,,,,,,,,,,,,,
2022-11-21,,,,,,JPM,,,,,,121.83959197998047,123.22235868712089,121.56486632360674,122.47145679770185,7800500.0,,,,,,,,,,,,,,,
2022-11-22,,,,,,JPM,,,,,,123.66192626953125,123.87255721626288,122.42568162642476,122.70955971543894,9185700.0,,,,,,,,,,,,,,,
2022-11-23,,,,,,JPM,,,,,,124.9806137084961,124.99893248287495,123.49711436581545,123.57037549020015,7316200.0,,,,,,,,,,,,,,,
2022-11-25,,,,,,JPM,,,,,,125.21871948242188,125.58501114182262,124.59600689368325,124.98061732799337,3220500.0,,,,,,,,,,,,,,,
2022-11-28,,,,,,JPM,,,,,,123.03006744384766,125.19122130367973,122.88354522243881,124.60514639117245,9906900.0,,,,,,,,,,,,,,,
2022-11-29,,,,,,JPM,,,,,,125.0538558959961,125.12711700928688,123.0850141288976,123.31394986800805,7925300.0,,,,,,,,,,,,,,,
2022-11-30,,,,,,JPM,,,,,,126.53736114501953,126.53736114501953,121.96781251377331,124.6234616268747,14761200.0,,,,,,,,,,,,,,,
2022-12-01,,,,,,JPM,,,,,,124.76081848144531,126.97691463608298,124.01905499052846,126.53734798077052,8858500.0,,,,,,,,,,,,,,,
2022-12-02,,,,,,JPM,,,,,,123.77183532714844,123.94582874422677,122.10517625106144,123.15828915380338,8931900.0,,,,,,,,,,,,,,,
2022-12-05,,,,,,JPM,,,,,,120.30115509033203,123.23154390906964,119.59604303130392,122.92934703814497,10154500.0,,,,,,,,,,,,,,,
2022-12-06,,,,,,JPM,,,,,,120.50260925292969,123.72602829098362,118.92753028962653,122.15094932768046,13966700.0,,,,,,,,,,,,,,,
2022-12-07,,,,,,JPM,,,,,,120.42020416259766,121.86707977531921,119.34878653237514,120.24621075738449,11739400.0,,,,,,,,,,,,,,,
2022-12-08,,,,,,JPM,,,,,,121.68396759033203,121.77553353149652,120.35612869868251,121.18030600796149,8907300.0,,,,,,,,,,,,,,,
2022-12-09,,,,,,JPM,,,,,,121.02460479736328,122.4897852929503,120.87808255586556,121.06122837117269,7957800.0,,,,,,,,,,,,,,,
2022-12-12,,,,,,JPM,,,,,,122.90187072753906,123.30478589879809,120.51178100571893,121.24436420664723,8841600.0,,,,,,,,,,,,,,,
2022-12-13,,,,,,JPM,,,,,,122.7828140258789,125.53919522146862,121.86707109368093,125.35604942965468,10025400.0,,,,,,,,,,,,,,,
2022-12-14,,,,,,JPM,,,,,,122.16926574707031,124.27547724797802,121.57402446793989,122.50808615450605,9966100.0,,,,,,,,,,,,,,,
2022-12-15,,,,,,JPM,,,,,,119.13816833496094,120.95133553882994,118.17663540287936,120.09968729391343,12087800.0,,,,,,,,,,,,,,,
2022-12-16,,,,,,JPM,,,,,,118.39639282226562,118.9549965474988,117.6088533731357,118.26818937580855,21133700.0,,,,,,,,,,,,,,,
2022-12-19,,,,,,JPM,,,,,,119.1015396118164,120.26453720525814,118.21326772976415,118.72608160535512,9017200.0,,,,,,,,,,,,,,,
2022-12-20,,,,,,JPM,,,,,,119.67845916748047,120.92387025075503,119.22974005117493,119.93486609876084,8549900.0,,,,,,,,,,,,,,,
2022-12-21,,,,,,JPM,,,,,,121.02460479736328,121.7755068320615,120.66746556691888,121.04290959770297,8051700.0,,,,,,,,,,,,,,,
2022-12-22,,,,,,JPM,,,,,,119.6509780883789,120.23705302180252,117.59055643559027,120.05390722506925,8648200.0,,,,,,,,,,,,,,,
2022-12-23,,,,,,JPM,,,,,,120.21873474121094,120.36525696844745,118.71691684485835,119.57771746346202,5091900.0,,,,,,,,,,,,,,,
2022-12-27,,,,,,JPM,,,,,,120.63998413085938,121.07953684483128,119.5502477587565,120.48430950243451,5411000.0,,,,,,,,,,,,,,,
2022-12-28,,,,,,JPM,,,,,,121.29930877685547,122.16926172356504,119.97147041421042,120.74070505770467,8827700.0,,,,,,,,,,,,,,,
2022-12-29,,,,,,JPM,,,,,,121.99527740478516,122.04106734709401,121.16194796340132,121.729704123271,6585200.0,,,,,,,,,,,,,,,
2022-12-30,,,,,,JPM,,,,,,122.8011474609375,123.01176444801733,121.28101065841543,121.61983111238689,9292500.0,,,,,,,,,,,,,,,
2023-01-03,,,,,,JPM,,,,,,123.7352066040039,125.21871996853771,122.60884647249937,123.84510528075567,11054800.0,,,,,,,,,,,,,,,
2023-01-04,,,,,,JPM,,,,,,124.88904571533203,126.07950054076596,124.14729605627133,124.53190647307575,11687600.0,,,,,,,,,,,,,,,
2023-01-05,,,,,,JPM,,,,,,124.86134338378906,125.19344650754586,123.3391982014281,125.14731833662435,8381300.0,,,,,,,,,,,,,,,
2023-01-06,,,,,,JPM,,,,,,127.25066375732422,127.65656923603096,124.06801627396604,125.58092773692631,10029100.0,,,,,,,,,,,,,,,
2023-01-09,,,,,,JPM,,,,,,126.72481536865234,128.1178103133668,126.27279582879109,127.85950941163367,8482300.0,,,,,,,,,,,,,,,
2023-01-10,,,,,,JPM,,,,,,127.85950469970703,127.97020106027225,126.66946251825927,127.11226203686306,9048700.0,,,,,,,,,,,,,,,
2023-01-11,,,,,,JPM,,,,,,128.80966186523438,128.92035820506027,127.39822722709299,128.13622159438606,8703700.0,,,,,,,,,,,,,,,
2023-01-12,,,,,,JPM,,,,,,128.68052673339844,129.94435701771593,128.4314458628536,129.1510003099014,11001700.0,,,,,,,,,,,,,,,
2023-01-13,,,,,,JPM,,,,,,131.92774963378906,132.37056322485412,124.35397340286053,125.09198197829284,20200000.0,,,,,,,,,,,,,,,
2023-01-17,,,,,,JPM,,,,,,129.88902282714844,130.5716691791465,128.44067969679156,130.23034600314747,14292900.0,,,,,,,,,,,,,,,
2023-01-18,,,,,,JPM,,,,,,125.98680877685547,129.8244278394277,125.8392042538952,128.15469214292324,13392600.0,,,,,,,,,,,,,,,
2023-01-19,,,,,,JPM,,,,,,124.307861328125,125.36873911522979,123.23774945896278,124.83369725699328,13303400.0,,,,,,,,,,,,,,,
2023-01-20,,,,,,JPM,,,,,,124.61227416992188,124.99050549995506,123.20083928110803,124.6860764350266,13092500.0,,,,,,,,,,,,,,,
2023-01-23,,,,,,JPM,,,,,,126.63257598876953,127.26910825273292,124.37243600869981,124.64917692664585,10487100.0,,,,,,,,,,,,,,,
2023-01-24,,,,,,JPM,,,,,,127.72113800048828,129.41854812235326,124.53849050290523,125.848449232367,6945000.0,,,,,,,,,,,,,,,
2023-01-25,,,,,,JPM,,,,,,128.33921813964844,128.33921813964844,126.61413389807234,127.35214259398586,8967000.0,,,,,,,,,,,,,,,
2023-01-26,,,,,,JPM,,,,,,129.132568359375,129.20637063279165,127.63811103263491,128.61596652180285,7487600.0,,,,,,,,,,,,,,,
2023-01-27,,,,,,JPM,,,,,,129.4462127685547,130.31335768367455,128.92037692534547,129.7137336540936,7489900.0,,,,,,,,,,,,,,,
2023-01-30,,,,,,JPM,,,,,,128.34844970703125,129.23404886369812,128.14549696772326,128.44069199449729,6729300.0,,,,,,,,,,,,,,,
2023-01-31,,,,,,JPM,,,,,,129.11412048339844,129.21559684362194,127.53662689744111,129.0403182144774,9188700.0,,,,,,,,,,,,,,,
2023-02-01,,,,,,JPM,,,,,,128.7727813720703,129.962823586279,127.4166946124427,127.49973096149544,8841800.0,,,,,,,,,,,,,,,
2023-02-02,,,,,,JPM,,,,,,128.17315673828125,129.5753716687089,127.30599769020552,129.15101214948385,11822100.0,,,,,,,,,,,,,,,
2023-02-03,,,,,,JPM,,,,,,130.1565399169922,131.30045393398444,127.42592643640081,127.47204053619367,11501200.0,,,,,,,,,,,,,,,
2023-02-06,,,,,,JPM,,,,,,130.92222595214844,131.21743502591008,129.17868782973096,129.36318646266028,8406200.0,,,,,,,,,,,,,,,
2023-02-07,,,,,,JPM,,,,,,132.5181427001953,133.15467486781688,130.23954897835594,130.42406166418485,10447900.0,,,,,,,,,,,,,,,
2023-02-08,,,,,,JPM,,,,,,131.58642578125,132.8779302241988,131.25432262787135,131.5956457857201,6958000.0,,,,,,,,,,,,,,,
2023-02-09,,,,,,JPM,,,,,,129.5384521484375,132.232171333837,129.03107040131695,132.02921863498875,6443100.0,,,,,,,,,,,,,,,
2023-02-10,,,,,,JPM,,,,,,130.1103973388672,130.33180411400602,127.85025772181471,128.94804344115659,6582900.0,,,,,,,,,,,,,,,
2023-02-13,,,,,,JPM,,,,,,131.52186584472656,131.6694563072167,129.83367588221756,130.3502776917921,7134600.0,,,,,,,,,,,,,,,
2023-02-14,,,,,,JPM,,,,,,132.10301208496094,132.66574197126275,130.6270091910982,131.45725993912467,9249400.0,,,,,,,,,,,,,,,
2023-02-15,,,,,,JPM,,,,,,132.65650939941406,132.73953165108261,130.35024189968968,130.63621681744115,6728300.0,,,,,,,,,,,,,,,
2023-02-16,,,,,,JPM,,,,,,130.8300018310547,132.2783310807164,130.70083728610035,131.83553148496355,8165300.0,,,,,,,,,,,,,,,
2023-02-17,,,,,,JPM,,,,,,131.21739196777344,131.7616676830346,129.2155536008765,130.05502421668962,7948800.0,,,,,,,,,,,,,,,
2023-02-21,,,,,,JPM,,,,,,128.80966186523438,130.38714101311461,127.99785116960368,129.78751707060394,9996300.0,,,,,,,,,,,,,,,
2023-02-22,,,,,,JPM,,,,,,127.82260131835938,128.625178115217,126.78939771078694,128.15470448884244,11107500.0,,,,,,,,,,,,,,,
2023-02-23,,,,,,JPM,,,,,,128.84658813476562,129.30784176770013,127.25065450618847,127.97942905263373,8068000.0,,,,,,,,,,,,,,,
2023-02-24,,,,,,JPM,,,,,,130.00894165039062,130.40562709266814,128.16392712676847,128.3299857535932,9126900.0,,,,,,,,,,,,,,,
2023-02-27,,,,,,JPM,,,,,,131.14361572265625,132.20449328145548,130.7377103371305,131.09748755132986,10014700.0,,,,,,,,,,,,,,,
2023-02-28,,,,,,JPM,,,,,,132.2414093017578,132.61962654587361,130.90376263556865,131.8631779812996,11019800.0,,,,,,,,,,,,,,,
2023-03-01,,,,,,JPM,,,,,,131.50338745117188,132.3428722747317,130.81150713916256,131.08826207923448,7139200.0,,,,,,,,,,,,,,,
2023-03-02,,,,,,JPM,,,,,,130.13812255859375,131.39271907926147,128.7266733201516,131.21745450158852,11106800.0,,,,,,,,,,,,,,,
2023-03-03,,,,,,JPM,,,,,,132.5273895263672,132.6011917925285,130.14731922895072,130.54399057368198,9513100.0,,,,,,,,,,,,,,,
2023-03-06,,,,,,JPM,,,,,,131.75245666503906,132.87790225624497,131.60485216652887,132.32440650134137,9261300.0,,,,,,,,,,,,,,,
2023-03-07,,,,,,JPM,,,,,,127.8779525756836,131.28200663590334,127.13072394321463,131.00525164112202,11747600.0,,,,,,,,,,,,,,,
2023-03-08,,,,,,JPM,,,,,,127.12151336669922,127.85028796654457,126.28202831492362,127.30601201812318,10002500.0,,,,,,,,,,,,,,,
2023-03-09,,,,,,JPM,,,,,,120.23958587646484,126.70637040071524,119.20638230996192,126.16208045104264,25888100.0,,,,,,,,,,,,,,,
2023-03-10,,,,,,JPM,,,,,,123.29307556152344,124.77831264323943,117.91486420009788,118.96652883128668,37599700.0,,,,,,,,,,,,,,,
2023-03-13,,,,,,JPM,,,,,,121.07906341552734,123.50526172401649,119.38165363815746,121.04216932312453,42901100.0,,,,,,,,,,,,,,,
2023-03-14,,,,,,JPM,,,,,,124.18791961669922,125.02740457985469,121.11596883139065,124.79677777083461,29648100.0,,,,,,,,,,,,,,,
2023-03-15,,,,,,JPM,,,,,,118.32076263427734,120.83921730242474,116.90933485138834,120.82998322201568,34280600.0,,,,,,,,,,,,,,,
2023-03-16,,,,,,JPM,,,,,,120.6178207397461,121.72482660430684,116.25435842995631,118.09014585331869,24558500.0,,,,,,,,,,,,,,,
2023-03-17,,,,,,JPM,,,,,,116.06063079833984,118.52372338026191,115.72852763693783,118.43148110430431,38396000.0,,,,,,,,,,,,,,,
2023-03-20,,,,,,JPM,,,,,,117.2875747680664,119.43701841508131,116.24514407761322,117.14919726872469,22875500.0,,,,,,,,,,,,,,,
2023-03-21,,,,,,JPM,,,,,,120.43331146240234,121.52186314469817,120.1012083247568,120.47020555487761,17807800.0,,,,,,,,,,,,,,,
2023-03-22,,,,,,JPM,,,,,,117.32445526123047,120.5347831207978,117.2322059572907,120.4425267786873,17250200.0,,,,,,,,,,,,,,,
2023-03-23,,,,,,JPM,,,,,,117.01081848144531,119.49236528429715,116.2543628032985,117.98868097137063,16677600.0,,,,,,,,,,,,,,,
2023-03-24,,,,,,JPM,,,,,,115.23037719726562,115.94070464118424,113.56986142967864,115.89457646612907,22311100.0,,,,,,,,,,,,,,,
2023-03-27,,,,,,JPM,,,,,,118.53295135498047,119.35398217332511,116.50343135783469,116.96468494288993,18853900.0,,,,,,,,,,,,,,,
2023-03-28,,,,,,JPM,,,,,,118.89273071289062,119.31707613597284,117.84106604505389,118.73590618033046,10820500.0,,,,,,,,,,,,,,,
2023-03-29,,,,,,JPM,,,,,,119.13258361816406,120.12889311989855,117.86874617402837,120.0181967562647,14595300.0,,,,,,,,,,,,,,,
2023-03-30,,,,,,JPM,,,,,,118.77279663085938,120.03662693329807,117.75804016436587,119.87980240554847,12134700.0,,,,,,,,,,,,,,,
2023-03-31,,,,,,JPM,,,,,,120.21190643310547,120.23958052195135,118.86505385479836,119.61228240632168,13105200.0,,,,,,,,,,,,,,,
2023-04-03,,,,,,JPM,,,,,,120.07353973388672,121.25434781594711,119.38165933847588,119.84291293541644,11775400.0,,,,,,,,,,,,,,,
2023-04-04,,,,,,JPM,,,,,,118.46837615966797,120.47021514899892,117.53664892978881,120.38719287706124,11579900.0,,,,,,,,,,,,,,,
2023-04-05,,,,,,JPM,,,,,,118.64501953125,119.14707668722164,117.57580902387382,117.89192670388562,9614700.0,,,,,,,,,,,,,,,
2023-04-06,,,,,,JPM,,,,,,118.51487731933594,119.08202368168172,117.94773095699014,118.07789499817689,8760200.0,,,,,,,,,,,,,,,
2023-04-10,,,,,,JPM,,,,,,118.90534973144531,119.22146032380778,117.35267385939126,117.65019263184118,9477300.0,,,,,,,,,,,,,,,
2023-04-11,,,,,,JPM,,,,,,119.49110412597656,119.88159621491059,118.5799488250562,119.28655862413275,10516300.0,,,,,,,,,,,,,,,
2023-04-12,,,,,,JPM,,,,,,119.47249603271484,121.26690103116188,119.06340506045575,120.10471721761407,11821000.0,,,,,,,,,,,,,,,
2023-04-13,,,,,,JPM,,,,,,119.92808532714844,119.97456133339055,117.9198281563234,119.43532049173513,12450200.0,,,,,,,,,,,,,,,
2023-04-14,,,,,,JPM,,,,,,128.98382568359375,129.34642652580754,125.42289218861391,125.65532898969498,43931300.0,,,,,,,,,,,,,,,
2023-04-17,,,,,,JPM,,,,,,130.00653076171875,130.22036860936103,127.98898138025827,130.11809586712968,16050500.0,,,,,,,,,,,,,,,
2023-04-18,,,,,,JPM,,,,,,131.46624755859375,131.8195560320996,129.26275124856613,130.41564287639508,13760100.0,,,,,,,,,,,,,,,
2023-04-19,,,,,,JPM,,,,,,131.2989044189453,131.55923250733605,130.53650488378904,131.30819678395326,9158100.0,,,,,,,,,,,,,,,
2023-04-20,,,,,,JPM,,,,,,130.9176788330078,131.49411745979074,130.01582306650377,130.0809121691736,10586200.0,,,,,,,,,,,,,,,
2023-04-21,,,,,,JPM,,,,,,130.66661071777344,131.1965732102885,129.03026143588656,129.92282461761334,11842500.0,,,,,,,,,,,,,,,
2023-04-24,,,,,,JPM,,,,,,130.8433074951172,131.18732357463173,130.20177971600683,130.59228598862495,7567500.0,,,,,,,,,,,,,,,
2023-04-25,,,,,,JPM,,,,,,127.99827575683594,130.1274044640123,127.96109211671873,129.79269495570054,10629300.0,,,,,,,,,,,,,,,
2023-04-26,,,,,,JPM,,,,,,125.72969055175781,128.12843966134915,124.58610564390162,127.95178545062049,14416100.0,,,,,,,,,,,,,,,
2023-04-27,,,,,,JPM,,,,,,127.42182922363281,128.22141221133293,126.12948146073748,126.44559203599226,9041100.0,,,,,,,,,,,,,,,
2023-04-28,,,,,,JPM,,,,,,128.5282440185547,128.60262548886095,126.13878716546598,126.96626151575278,9887300.0,,,,,,,,,,,,,,,
2023-05-01,,,,,,JPM,,,,,,131.28030395507812,133.29785370973943,130.9363020252192,132.26583373334603,20415800.0,,,,,,,,,,,,,,,
2023-05-02,,,,,,JPM,,,,,,129.1604766845703,132.40529945357613,128.7048954586178,131.46624572118586,14113400.0,,,,,,,,,,,,,,,
2023-05-03,,,,,,JPM,,,,,,126.427001953125,128.92802382839415,126.22245646383661,128.71418597570693,12930900.0,,,,,,,,,,,,,,,
2023-05-04,,,,,,JPM,,,,,,124.6976547241211,126.18525549892242,122.54994156827584,125.47865293363861,17089200.0,,,,,,,,,,,,,,,
2023-05-05,,,,,,JPM,,,,,,127.13361358642578,128.1935246297932,126.36192185155446,126.85468664094724,11261400.0,,,,,,,,,,,,,,,
2023-05-08,,,,,,JPM,,,,,,127.44044494628906,128.27721168217766,126.89188336179542,127.83093703549143,7484900.0,,,,,,,,,,,,,,,
2023-05-09,,,,,,JPM,,,,,,126.8267822265625,127.32883932696265,125.7110887470415,126.38049348530426,7343600.0,,,,,,,,,,,,,,,
2023-05-10,,,,,,JPM,,,,,,126.89188385009766,128.36088601235872,125.39499040898734,128.25861326097296,8133400.0,,,,,,,,,,,,,,,
2023-05-11,,,,,,JPM,,,,,,126.49205780029297,127.19866027681056,125.422840444345,125.51582080114417,7057300.0,,,,,,,,,,,,,,,
2023-05-12,,,,,,JPM,,,,,,124.67910766601562,127.36607655980191,123.77725172919445,127.20802123508703,9988600.0,,,,,,,,,,,,,,,
2023-05-15,,,,,,JPM,,,,,,125.72969055175781,126.13878152674747,124.54892200381812,124.8371413216115,7639500.0,,,,,,,,,,,,,,,
2023-05-16,,,,,,JPM,,,,,,124.88363647460938,126.38982222709488,124.54892695329985,125.9435475942871,6477200.0,,,,,,,,,,,,,,,
2023-05-17,,,,,,JPM,,,,,,128.72348022460938,128.85364424817092,125.94354553851306,126.35262233626756,12711500.0,,,,,,,,,,,,,,,
2023-05-18,,,,,,JPM,,,,,,129.69970703125,129.91354486981814,128.08194213737082,128.55612218887362,10999600.0,,,,,,,,,,,,,,,
2023-05-19,,,,,,JPM,,,,,,129.4021759033203,130.62015634556295,128.4259529385829,129.96932211998757,13492200.0,,,,,,,,,,,,,,,
2023-05-22,,,,,,JPM,,,,,,128.33297729492188,131.689364532914,127.9889754446489,131.09432702029443,11402500.0,,,,,,,,,,,,,,,
2023-05-23,,,,,,JPM,,,,,,126.99414825439453,129.26273336379373,126.87329078292987,127.87740512913554,9514900.0,,,,,,,,,,,,,,,
2023-05-24,,,,,,JPM,,,,,,125.83197021484375,126.77102387365669,125.59024107397305,125.88775277144353,8578000.0,,,,,,,,,,,,,,,
2023-05-25,,,,,,JPM,,,,,,126.1387939453125,126.69664790918623,125.12537295819699,125.34851738110962,8472500.0,,,,,,,,,,,,,,,
2023-05-26,,,,,,JPM,,,,,,127.3195571899414,127.9331936183434,126.10159088275205,126.5478654730383,8579900.0,,,,,,,,,,,,,,,
2023-05-30,,,,,,JPM,,,,,,127.80303192138672,128.04476103992013,126.46419393944916,127.18939548186306,7399900.0,,,,,,,,,,,,,,,
2023-05-31,,,,,,JPM,,,,,,126.17601776123047,127.22662260845739,124.95803682882924,127.12434983357846,14219900.0,,,,,,,,,,,,,,,
2023-06-01,,,,,,JPM,,,,,,127.91459655761719,128.5189264451528,125.93423086765819,126.92906698751237,12248100.0,,,,,,,,,,,,,,,
2023-06-02,,,,,,JPM,,,,,,130.6015625,131.54060186472486,129.55094384800705,129.7554893233829,12922500.0,,,,,,,,,,,,,,,
2023-06-05,,,,,,JPM,,,,,,129.3185272216797,130.26687328356348,128.42597790551955,130.26687328356348,8511900.0,,,,,,,,,,,,,,,
2023-06-06,,,,,,JPM,,,,,,129.5509490966797,130.25756592635653,128.50034458893558,128.93731264569107,9329500.0,,,,,,,,,,,,,,,
2023-06-07,,,,,,JPM,,,,,,130.80615234375,131.34540749021423,129.07682176606065,129.74624096947704,9281400.0,,,,,,,,,,,,,,,
2023-06-08,,,,,,JPM,,,,,,130.8433074951172,130.99207043832266,129.6811236016028,130.7875249381189,7368100.0,,,,,,,,,,,,,,,
2023-06-09,,,,,,JPM,,,,,,131.10362243652344,131.83813052835976,130.35983616853576,130.49000018411496,7249100.0,,,,,,,,,,,,,,,
2023-06-12,,,,,,JPM,,,,,,131.09437561035156,131.39190157034585,129.94148379560156,131.1594647341573,7596600.0,,,,,,,,,,,,,,,
2023-06-13,,,,,,JPM,,,,,,132.04269409179688,132.83297065646826,130.29476491165087,130.61087553751943,7701600.0,,,,,,,,,,,,,,,
2023-06-14,,,,,,JPM,,,,,,131.54994201660156,133.52100162444762,130.81543375282095,132.9538552409123,9068700.0,,,,,,,,,,,,,,,
2023-06-15,,,,,,JPM,,,,,,133.03750610351562,133.32572542805949,130.1924823122168,130.71313840646567,9343100.0,,,,,,,,,,,,,,,
2023-06-16,,,,,,JPM,,,,,,133.19557189941406,133.85569861958822,132.48896917108857,133.0003329420945,13813500.0,,,,,,,,,,,,,,,
2023-06-20,,,,,,JPM,,,,,,132.51686096191406,132.95384326002164,131.13153259272033,132.5912424367851,8428600.0,,,,,,,,,,,,,,,
2023-06-21,,,,,,JPM,,,,,,132.32159423828125,133.90216123389115,131.7358491133408,132.8608349910178,9926500.0,,,,,,,,,,,,,,,
2023-06-22,,,,,,JPM,,,,,,129.7740936279297,132.58193366281853,129.18834845257769,132.31229907643169,10075200.0,,,,,,,,,,,,,,,
2023-06-23,,,,,,JPM,,,,,,129.09539794921875,129.40220202550213,127.95179873580885,128.80716441468397,9919500.0,,,,,,,,,,,,,,,
2023-06-26,,,,,,JPM,,,,,,129.4114990234375,130.1738842559491,128.01687839601942,129.11397314658396,8429700.0,,,,,,,,,,,,,,,
2023-06-27,,,,,,JPM,,,,,,129.42076110839844,130.0157985360789,128.80712477106226,129.2348145722754,8154000.0,,,,,,,,,,,,,,,
2023-06-28,,,,,,JPM,,,,,,128.8536376953125,129.43009050189633,128.26790671248017,129.3836003129569,7558600.0,,,,,,,,,,,,,,,
2023-06-29,,,,,,JPM,,,,,,133.3536376953125,133.47450937436494,130.02515511363134,130.22970063811232,15423200.0,,,,,,,,,,,,,,,
2023-06-30,,,,,,JPM,,,,,,135.22242736816406,135.74308350074216,133.56747858097697,134.44144316929692,14212800.0,,,,,,,,,,,,,,,
2023-07-03,,,,,,JPM,,,,,,136.31021118164062,137.11908654933129,135.7430649319183,135.91971913562398,8021600.0,,,,,,,,,,,,,,,
2023-07-05,,,,,,JPM,,,,,,135.40216064453125,136.14169879641477,135.14004477164264,135.68300316098157,8934900.0,,,,,,,,,,,,,,,
2023-07-06,,,,,,JPM,,,,,,134.06350708007812,134.2320040302401,132.40654898226205,133.8856396654107,9709500.0,,,,,,,,,,,,,,,
2023-07-07,,,,,,JPM,,,,,,135.121337890625,136.52553639400776,133.86692398915542,134.71880784275996,8981500.0,,,,,,,,,,,,,,,
2023-07-10,,,,,,JPM,,,,,,135.87957763671875,136.6659395090326,135.2710974449543,135.2710974449543,9100100.0,,,,,,,,,,,,,,,
2023-07-11,,,,,,JPM,,,,,,138.0045928955078,138.37905430721347,136.40381499872336,136.99356851026602,11260900.0,,,,,,,,,,,,,,,
2023-07-12,,,,,,JPM,,,,,,138.68798828125,140.29813690742736,137.61144189846328,138.03269855763006,11323200.0,,,,,,,,,,,,,,,
2023-07-13,,,,,,JPM,,,,,,139.36199951171875,139.83006562336877,138.31353599258082,139.20285874786703,11234900.0,,,,,,,,,,,,,,,
2023-07-14,,,,,,JPM,,,,,,140.20452880859375,143.12525681027427,138.93138839786866,141.870843043834,27028400.0,,,,,,,,,,,,,,,
2023-07-17,,,,,,JPM,,,,,,143.58396911621094,143.93033347784979,140.74748954065532,140.74748954065532,17262400.0,,,,,,,,,,,,,,,
2023-07-18,,,,,,JPM,,,,,,143.8461151123047,144.53884398057906,143.05976728571068,143.5839991701067,13491700.0,,,,,,,,,,,,,,,
2023-07-19,,,,,,JPM,,,,,,144.39840698242188,145.2971002736689,142.49805956001194,142.99420853526703,12510000.0,,,,,,,,,,,,,,,
2023-07-20,,,,,,JPM,,,,,,146.1770477294922,146.58894821231368,144.5481867273733,144.6605180284174,9935900.0,,,,,,,,,,,,,,,
2023-07-21,,,,,,JPM,,,,,,145.05369567871094,146.1676953908266,144.8103064253035,145.84941384000646,10636400.0,,,,,,,,,,,,,,,
2023-07-24,,,,,,JPM,,,,,,147.9088897705078,148.64842793429298,144.84773343199822,145.07241030562304,14381400.0,,,,,,,,,,,,,,,
2023-07-25,,,,,,JPM,,,,,,146.80426025390625,147.6467735305015,145.99918598070113,147.25359971580744,9944700.0,,,,,,,,,,,,,,,
2023-07-26,,,,,,JPM,,,,,,147.68423461914062,148.14294461366953,146.29876273861433,146.70130707753685,8728600.0,,,,,,,,,,,,,,,
2023-07-27,,,,,,JPM,,,,,,146.0553741455078,148.6390943050811,145.6153907955602,147.69360576809055,10778400.0,,,,,,,,,,,,,,,
2023-07-28,,,,,,JPM,,,,,,146.8885040283203,147.5344375190384,146.44852076027303,147.2348683645196,9103800.0,,,,,,,,,,,,,,,
2023-07-31,,,,,,JPM,,,,,,147.87147521972656,149.2007814689445,147.1131960024418,147.14127883075832,8892700.0,,,,,,,,,,,,,,,
2023-08-01,,,,,,JPM,,,,,,147.14125061035156,147.9088858617673,146.17703559842258,147.3752836576012,6853900.0,,,,,,,,,,,,,,,
2023-08-02,,,,,,JPM,,,,,,145.4749298095703,145.74641613115145,144.1081848752588,145.62471438118453,8299400.0,,,,,,,,,,,,,,,
2023-08-03,,,,,,JPM,,,,,,146.3643035888672,146.89789161861475,144.4920388255136,145.10051915990488,6084000.0,,,,,,,,,,,,,,,
2023-08-04,,,,,,JPM,,,,,,146.0553741455078,147.7216885960237,145.75580493522597,146.41109472740982,6209400.0,,,,,,,,,,,,,,,
2023-08-07,,,,,,JPM,,,,,,146.74807739257812,147.6280439392386,146.5983070977639,146.5983070977639,7251800.0,,,,,,,,,,,,,,,
2023-08-08,,,,,,JPM,,,,,,145.92430114746094,146.01790580284208,142.84441801525406,144.46393710846394,8623400.0,,,,,,,,,,,,,,,
2023-08-09,,,,,,JPM,,,,,,143.9677734375,145.58729252584976,143.66821854323672,145.40006893140463,6277800.0,,,,,,,,,,,,,,,
2023-08-10,,,,,,JPM,,,,,,143.7524871826172,145.51242064260987,143.31250381761902,144.52012259703838,5995100.0,,,,,,,,,,,,,,,
2023-08-11,,,,,,JPM,,,,,,144.58560180664062,144.65113791090116,142.88184879101806,143.2562959220307,5180700.0,,,,,,,,,,,,,,,
2023-08-14,,,,,,JPM,,,,,,144.8851776123047,145.02559172184132,143.15332741205629,143.799260884411,5044300.0,,,,,,,,,,,,,,,
2023-08-15,,,,,,JPM,,,,,,141.1968231201172,143.48098800077395,140.63513807973655,143.0878141862051,10300300.0,,,,,,,,,,,,,,,
2023-08-16,,,,,,JPM,,,,,,140.59768676757812,141.31851250663752,140.12025023977912,140.98150436876168,6978200.0,,,,,,,,,,,,,,,
2023-08-17,,,,,,JPM,,,,,,139.13731384277344,141.5993314684171,138.92199318247168,141.24361099584877,9953900.0,,,,,,,,,,,,,,,
2023-08-18,,,,,,JPM,,,,,,139.45562744140625,139.95177640901298,138.0233461901272,138.21992597052116,8517500.0,,,,,,,,,,,,,,,
2023-08-21,,,,,,JPM,,,,,,139.9330291748047,140.5134408185697,138.56628424091537,140.09216992550452,8327000.0,,,,,,,,,,,,,,,
2023-08-22,,,,,,JPM,,,,,,137.0310516357422,140.0828378134794,136.53490265589448,139.7271029659488,9673300.0,,,,,,,,,,,,,,,
2023-08-23,,,,,,JPM,,,,,,137.9578094482422,138.16375969245578,136.16980765056223,137.00296480788273,7858000.0,,,,,,,,,,,,,,,
2023-08-24,,,,,,JPM,,,,,,137.82675170898438,139.86752750903037,137.60208910349877,138.0795114244007,6534000.0,,,,,,,,,,,,,,,
2023-08-25,,,,,,JPM,,,,,,137.65823364257812,139.12795367028764,136.53487793470126,137.8735400345625,6695500.0,,,,,,,,,,,,,,,
2023-08-28,,,,,,JPM,,,,,,138.13568115234375,139.11862293308627,137.73315111613948,138.14505161734553,5094100.0,,,,,,,,,,,,,,,
2023-08-29,,,,,,JPM,,,,,,139.25901794433594,139.34328069655484,137.77992738593437,138.27609058280225,6337000.0,,,,,,,,,,,,,,,
2023-08-30,,,,,,JPM,,,,,,138.69735717773438,139.62411896057506,137.78930775518225,139.127970012283,6277300.0,,,,,,,,,,,,,,,
2023-08-31,,,,,,JPM,,,,,,136.98422241210938,138.87521339871287,136.637858079505,138.79095064722685,10933900.0,,,,,,,,,,,,,,,
2023-09-01,,,,,,JPM,,,,,,137.4429168701172,138.62243813166728,136.39443924227538,136.75953017686766,7903500.0,,,,,,,,,,,,,,,
2023-09-05,,,,,,JPM,,,,,,135.9263916015625,138.74415864513009,135.74852419936798,137.76121698537963,7854700.0,,,,,,,,,,,,,,,
2023-09-06,,,,,,JPM,,,,,,135.70175170898438,136.24469590171947,134.90603349797408,135.45834815612446,8629200.0,,,,,,,,,,,,,,,
2023-09-07,,,,,,JPM,,,,,,134.54092407226562,135.9919318730385,134.2319987249338,134.92474171145767,8373700.0,,,,,,,,,,,,,,,
2023-09-08,,,,,,JPM,,,,,,134.64390563964844,134.91537771193597,133.53926213708527,134.21327851187928,7107900.0,,,,,,,,,,,,,,,
2023-09-11,,,,,,JPM,,,,,,135.23367309570312,135.78598770305322,134.5128472530841,135.5051451671015,6854200.0,,,,,,,,,,,,,,,
2023-09-12,,,,,,JPM,,,,,,136.9936065673828,137.91102656774117,134.84986974127222,135.27112644775508,8363200.0,,,,,,,,,,,,,,,
2023-09-13,,,,,,JPM,,,,,,137.0591278076172,138.26673213964824,136.50681320165899,137.92972395420438,8325900.0,,,,,,,,,,,,,,,
2023-09-14,,,,,,JPM,,,,,,139.71774291992188,140.3262231887897,138.09823807360453,138.39779297567569,10034900.0,,,,,,,,,,,,,,,
2023-09-15,,,,,,JPM,,,,,,139.30584716796875,140.16708718154675,138.83778101161687,139.40882229373597,19863400.0,,,,,,,,,,,,,,,
2023-09-18,,,,,,JPM,,,,,,139.59600830078125,139.61473494158025,138.3135119487619,138.69732952181235,6512400.0,,,,,,,,,,,,,,,
2023-09-19,,,,,,JPM,,,,,,139.41819763183594,140.1577502596705,137.80806297424448,139.95179997983664,7943400.0,,,,,,,,,,,,,,,
2023-09-20,,,,,,JPM,,,,,,138.8284149169922,140.65386993955852,138.67863032943688,140.09218487834835,7332000.0,,,,,,,,,,,,,,,
2023-09-21,,,,,,JPM,,,,,,137.74252319335938,139.34331591065376,137.26510080327012,138.15442374210164,8052400.0,,,,,,,,,,,,,,,
2023-09-22,,,,,,JPM,,,,,,136.4225311279297,138.08884517442365,135.91702606345376,137.88289496335204,7071700.0,,,,,,,,,,,,,,,
2023-09-25,,,,,,JPM,,,,,,137.09654235839844,137.16207846143809,134.52217909897934,136.0668056251761,7044700.0,,,,,,,,,,,,,,,
2023-09-26,,,,,,JPM,,,,,,135.6736602783203,136.5255441805106,135.01837046288418,135.36474916009422,7468400.0,,,,,,,,,,,,,,,
2023-09-27,,,,,,JPM,,,,,,136.46934509277344,136.7595437767897,135.28045325041472,135.91703054679127,6717800.0,,,,,,,,,,,,,,,
2023-09-28,,,,,,JPM,,,,,,138.16375732421875,139.36200547860716,136.68466663396703,136.9374263446685,8868100.0,,,,,,,,,,,,,,,
2023-09-29,,,,,,JPM,,,,,,135.75790405273438,139.25902955568586,135.60811946323787,139.109259250434,11917800.0,,,,,,,,,,,,,,,
2023-10-02,,,,,,JPM,,,,,,134.58770751953125,136.3195432246482,133.52051756427687,135.5800051974048,9170600.0,,,,,,,,,,,,,,,
2023-10-03,,,,,,JPM,,,,,,133.595458984375,134.41924577010903,133.25845075431442,134.05415471123064,9431100.0,,,,,,,,,,,,,,,
2023-10-04,,,,,,JPM,,,,,,134.19454956054688,134.30688084770995,132.86522933598312,134.04476498816743,8128700.0,,,,,,,,,,,,,,,
2023-10-05,,,,,,JPM,,,,,,134.76036071777344,134.94898016017183,132.80827611780975,133.94934604024704,8576200.0,,,,,,,,,,,,,,,
2023-10-06,,,,,,JPM,,,,,,136.83509826660156,137.57066825366812,134.04369376953446,134.76983853766583,10270600.0,,,,,,,,,,,,,,,
2023-10-09,,,,,,JPM,,,,,,136.5238800048828,137.11798531189535,135.32621539355333,135.47710521963256,6964900.0,,,,,,,,,,,,,,,
2023-10-10,,,,,,JPM,,,,,,137.35374450683594,138.40995889388373,137.004824376904,137.13684937657925,11288800.0,,,,,,,,,,,,,,,
2023-10-11,,,,,,JPM,,,,,,137.8252410888672,138.8437256523832,136.75961605388252,138.16473594337253,8698200.0,,,,,,,,,,,,,,,
2023-10-12,,,,,,JPM,,,,,,137.50460815429688,138.58911237840664,136.86334810356874,137.96670276001075,10484400.0,,,,,,,,,,,,,,,
2023-10-13,,,,,,JPM,,,,,,139.5699005126953,144.3888348154425,139.41901068024754,140.04142044685983,29427000.0,,,,,,,,,,,,,,,
2023-10-16,,,,,,JPM,,,,,,139.4283905029297,141.0032646809927,138.36275130396552,140.9372450114879,12663500.0,,,,,,,,,,,,,,,
2023-10-17,,,,,,JPM,,,,,,139.1266632080078,140.80527293299247,138.428808562367,139.164392858932,11482700.0,,,,,,,,,,,,,,,
2023-10-18,,,,,,JPM,,,,,,137.59893798828125,139.07950296279404,137.0896884480104,138.24019813274663,9620300.0,,,,,,,,,,,,,,,
2023-10-19,,,,,,JPM,,,,,,137.01425170898438,138.64572098900047,136.62761631159904,137.1934315805182,11143600.0,,,,,,,,,,,,,,,
2023-10-20,,,,,,JPM,,,,,,134.80755615234375,136.87281591727077,134.02483127766632,136.33529063565342,13332900.0,,,,,,,,,,,,,,,
2023-10-23,,,,,,JPM,,,,,,132.9686279296875,135.49596799323533,132.71400312369968,134.79812766595725,10133400.0,,,,,,,,,,,,,,,
2023-10-24,,,,,,JPM,,,,,,133.12893676757812,133.6570367926189,132.36507677495513,133.1478015940857,8881400.0,,,,,,,,,,,,,,,
2023-10-25,,,,,,JPM,,,,,,132.40277099609375,133.1383408268775,131.56346622047414,132.56310041145807,8242600.0,,,,,,,,,,,,,,,
2023-10-26,,,,,,JPM,,,,,,132.74227905273438,133.6004487370822,131.48803437322115,131.7992392386323,9109400.0,,,,,,,,,,,,,,,
2023-10-27,,,,,,JPM,,,,,,127.96107482910156,131.17684405250557,127.48955492149321,131.03537944643568,17434700.0,,,,,,,,,,,,,,,
2023-10-30,,,,,,JPM,,,,,,129.592529296875,130.17720937589277,128.29112975104002,128.6683543097979,9855500.0,,,,,,,,,,,,,,,
2023-10-31,,,,,,JPM,,,,,,131.1391143798828,131.30886902920932,129.63968452745254,129.86601926333935,9672500.0,,,,,,,,,,,,,,,
2023-11-01,,,,,,JPM,,,,,,131.02597045898438,132.5254004974012,130.58274053975717,131.31831053557096,9432000.0,,,,,,,,,,,,,,,
2023-11-02,,,,,,JPM,,,,,,133.36465454101562,133.42123461299101,131.2993955760621,132.1104101835406,10186200.0,,,,,,,,,,,,,,,
2023-11-03,,,,,,JPM,,,,,,134.8546905517578,135.58083522229103,133.77020054443747,134.0908306209058,9538700.0,,,,,,,,,,,,,,,
2023-11-06,,,,,,JPM,,,,,,135.87315368652344,135.97688862298904,134.65662448709557,135.01498415663912,7625100.0,,,,,,,,,,,,,,,
2023-11-07,,,,,,JPM,,,,,,135.80714416503906,136.0429040937685,134.68493899158793,135.33562430758016,6297900.0,,,,,,,,,,,,,,,
2023-11-08,,,,,,JPM,,,,,,136.47671508789062,136.58987525429612,135.4393655970245,135.90146025925483,7618200.0,,,,,,,,,,,,,,,
2023-11-09,,,,,,JPM,,,,,,136.0712127685547,137.35374753206762,135.51482271407195,137.15571722301596,7992500.0,,,,,,,,,,,,,,,
2023-11-10,,,,,,JPM,,,,,,138.0893096923828,138.136464559863,135.87317481726728,136.68418961313236,7983300.0,,,,,,,,,,,,,,,
2023-11-13,,,,,,JPM,,,,,,137.47633361816406,137.91956345188186,136.89165357778936,137.40088871139884,6676300.0,,,,,,,,,,,,,,,
2023-11-14,,,,,,JPM,,,,,,139.98484802246094,140.74870805529184,138.17421310287918,138.32508855394224,9927700.0,,,,,,,,,,,,,,,
2023-11-15,,,,,,JPM,,,,,,141.21078491210938,141.60685990157586,140.00369511859856,140.00369511859856,8365300.0,,,,,,,,,,,,,,,
2023-11-16,,,,,,JPM,,,,,,142.8233642578125,142.8988091629842,141.5408296491821,141.5408296491821,8126200.0,,,,,,,,,,,,,,,
2023-11-17,,,,,,JPM,,,,,,144.11532592773438,144.1530411822149,142.90822193971096,143.53063156096295,7812400.0,,,,,,,,,,,,,,,
2023-11-20,,,,,,JPM,,,,,,144.55859375,144.9923984768883,143.26663356825924,143.4175234201898,7019000.0,,,,,,,,,,,,,,,
2023-11-21,,,,,,JPM,,,,,,144.25677490234375,144.87918451834597,143.87956480214766,144.47366999047435,7083500.0,,,,,,,,,,,,,,,
2023-11-22,,,,,,JPM,,,,,,144.5963134765625,145.11498831341973,144.19079882605695,144.67175839734603,5174500.0,,,,,,,,,,,,,,,
2023-11-24,,,,,,JPM,,,,,,144.79432678222656,145.6430712490366,144.54914161073685,144.84148165087916,3496900.0,,,,,,,,,,,,,,,
2023-11-27,,,,,,JPM,,,,,,144.46426391601562,144.78489398263042,144.01160885787445,144.69058425026378,6259100.0,,,,,,,,,,,,,,,
2023-11-28,,,,,,JPM,,,,,,144.79432678222656,145.10553164775902,144.02104161697716,144.492561524212,6582700.0,,,,,,,,,,,,,,,
2023-11-29,,,,,,JPM,,,,,,145.52992248535156,146.76530243681577,145.22814281403222,145.3884578683031,9126100.0,,,,,,,,,,,,,,,
2023-11-30,,,,,,JPM,,,,,,147.1896209716797,147.2367758291202,145.58645654619724,146.08626637785397,9869800.0,,,,,,,,,,,,,,,
2023-12-01,,,,,,JPM,,,,,,147.9063720703125,148.86827678185622,146.94448174841548,146.94448174841548,8916000.0,,,,,,,,,,,,,,,
2023-12-04,,,,,,JPM,,,,,,148.99087524414062,149.04745533437793,147.0010605294652,147.13308553656773,9607500.0,,,,,,,,,,,,,,,
2023-12-05,,,,,,JPM,,,,,,148.9720001220703,149.47181007082003,148.02896031089793,148.3024355246939,9135600.0,,,,,,,,,,,,,,,
2023-12-06,,,,,,JPM,,,,,,147.4065399169922,150.1507890224694,147.11419989902313,149.79242931546503,9366000.0,,,,,,,,,,,,,,,
2023-12-07,,,,,,JPM,,,,,,147.8592071533203,148.34959188917585,147.25566224366952,147.7649118050395,8130900.0,,,,,,,,,,,,,,,
2023-12-08,,,,,,JPM,,,,,,149.4906768798828,149.73586205376884,148.038387493204,148.30243749266455,7369400.0,,,,,,,,,,,,,,,
2023-12-11,,,,,,JPM,,,,,,150.03762817382812,150.2262332436277,149.1417289104025,149.49066339865834,8093900.0,,,,,,,,,,,,,,,
2023-12-12,,,,,,JPM,,,,,,151.37677001953125,151.49935542257748,149.83018514642347,150.16024048034427,10223000.0,,,,,,,,,,,,,,,
2023-12-13,,,,,,JPM,,,,,,151.88597106933594,152.80072072522947,150.66945619346848,151.37673596516078,12379100.0,,,,,,,,,,,,,,,
2023-12-14,,,,,,JPM,,,,,,154.64907836914062,155.4506534429621,152.49894910461222,152.61210925864745,13643000.0,,,,,,,,,,,,,,,
2023-12-15,,,,,,JPM,,,,,,155.81842041015625,155.86557526546133,153.14019154867,153.790891138812,20309300.0,,,,,,,,,,,,,,,
2023-12-18,,,,,,JPM,,,,,,156.76148986816406,157.61023425667324,156.19567466546889,156.46914985499157,8469600.0,,,,,,,,,,,,,,,
2023-12-19,,,,,,JPM,,,,,,158.85507202148438,158.87393684903017,156.12026200288022,156.54462708995365,10345700.0,,,,,,,,,,,,,,,
2023-12-20,,,,,,JPM,,,,,,157.0632781982422,159.76037254396365,156.9689684644074,158.42125778345093,10734700.0,,,,,,,,,,,,,,,
2023-12-21,,,,,,JPM,,,,,,157.9591522216797,158.51554219987133,156.24281303379408,157.33674255642595,7601700.0,,,,,,,,,,,,,,,
2023-12-22,,,,,,JPM,,,,,,157.86483764648438,158.64756231245275,157.7045226266562,157.95914737092147,6576300.0,,,,,,,,,,,,,,,
2023-12-26,,,,,,JPM,,,,,,158.7984619140625,159.15682162146308,157.65737749239696,157.92144185918576,4683600.0,,,,,,,,,,,,,,,
2023-12-27,,,,,,JPM,,,,,,159.7509307861328,159.8169504768574,158.03460589267718,158.27979105184372,6428600.0,,,,,,,,,,,,,,,
2023-12-28,,,,,,JPM,,,,,,160.59967041015625,160.93916529174086,159.373715871676,159.70378553614376,6320100.0,,,,,,,,,,,,,,,
2023-12-29,,,,,,JPM,,,,,,160.41107177734375,160.96746179209865,159.96784193110983,160.3167620438129,6435100.0,,,,,,,,,,,,,,,
2024-01-02,,,,,,JPM,,,,,,162.27830505371094,162.36317518980186,159.28887034656313,159.458610618745,9977400.0,,,,,,,,,,,,,,,
2024-01-03,,,,,,JPM,,,,,,161.57098388671875,162.2405339755657,160.6656594972967,162.07079374672327,9852300.0,,,,,,,,,,,,,,,
2024-01-04,,,,,,JPM,,,,,,162.6432342529297,164.4840152154625,161.81772058185265,161.9126118704199,11972500.0,,,,,,,,,,,,,,,
2024-01-05,,,,,,JPM,,,,,,163.459228515625,164.51245797473024,162.70014174249383,162.70014174249383,10066000.0,,,,,,,,,,,,,,,
2024-01-08,,,,,,JPM,,,,,,163.22201538085938,163.54462255510825,160.8214137681895,163.22201538085938,11229900.0,,,,,,,,,,,,,,,
2024-01-09,,,,,,JPM,,,,,,161.9315643310547,163.0037604143166,161.40020795733633,162.84245683503605,9923600.0,,,,,,,,,,,,,,,
2024-01-10,,,,,,JPM,,,,,,162.27316284179688,162.33009181707794,160.309026324343,161.3053268268902,9670200.0,,,,,,,,,,,,,,,
2024-01-11,,,,,,JPM,,,,,,161.58998107910156,161.64691005258496,160.0148785803073,161.61844556584327,11919500.0,,,,,,,,,,,,,,,
2024-01-12,,,,,,JPM,,,,,,160.4039306640625,167.29261232317756,160.26159373589286,164.91099163359718,19436500.0,,,,,,,,,,,,,,,
2024-01-16,,,,,,JPM,,,,,,159.3981475830078,159.49302439057672,155.8968705158976,156.43771030633505,17206400.0,,,,,,,,,,,,,,,
2024-01-17,,,,,,JPM,,,,,,158.544189453125,160.42293290764556,157.97488510073214,158.78140321955019,11107500.0,,,,,,,,,,,,,,,
2024-01-18,,,,,,JPM,,,,,,158.85728454589844,158.9616591633274,156.788787827513,158.57262518214884,9382300.0,,,,,,,,,,,,,,,
2024-01-19,,,,,,JPM,,,,,,161.59945678710938,161.8461682983927,158.53465987279188,158.9806227818617,13115700.0,,,,,,,,,,,,,,,
2024-01-22,,,,,,JPM,,,,,,161.40972900390625,163.18408326891642,161.0301927849708,161.7418340542588,12837500.0,,,,,,,,,,,,,,,
2024-01-23,,,,,,JPM,,,,,,160.34698486328125,161.06810933054288,159.8251118048267,160.99219920582442,8360800.0,,,,,,,,,,,,,,,
2024-01-24,,,,,,JPM,,,,,,161.77975463867188,162.26366540807356,160.22363323770475,160.69806067066273,9967100.0,,,,,,,,,,,,,,,
2024-01-25,,,,,,JPM,,,,,,164.094970703125,164.142416344373,162.1687963911467,163.49718747582935,8873500.0,,,,,,,,,,,,,,,
2024-01-26,,,,,,JPM,,,,,,163.46871948242188,164.20882513921873,162.9942920368661,163.78184333389387,7443000.0,,,,,,,,,,,,,,,
2024-01-29,,,,,,JPM,,,,,,163.89569091796875,164.00006552852224,162.5388354591491,163.4307613169015,6971200.0,,,,,,,,,,,,,,,
2024-01-30,,,,,,JPM,,,,,,167.254638671875,167.71956825499603,163.9905758624225,163.9905758624225,10822100.0,,,,,,,,,,,,,,,
2024-01-31,,,,,,JPM,,,,,,165.44235229492188,169.1808431739778,165.42337114167398,167.18824195590526,11521800.0,,,,,,,,,,,,,,,
2024-02-01,,,,,,JPM,,,,,,164.8445587158203,165.8977882402984,162.66218953700178,164.75916524911648,9354800.0,,,,,,,,,,,,,,,
2024-02-02,,,,,,JPM,,,,,,165.79339599609375,166.82765873693674,164.398578274706,164.4365405747899,8607600.0,,,,,,,,,,,,,,,
2024-02-05,,,,,,JPM,,,,,,165.57518005371094,166.13500096991308,164.07598757427212,164.9679134968324,7820200.0,,,,,,,,,,,,,,,
2024-02-06,,,,,,JPM,,,,,,166.14447021484375,166.8750779377934,164.8729938638922,165.67952618156954,6764800.0,,,,,,,,,,,,,,,
2024-02-07,,,,,,JPM,,,,,,166.45761108398438,166.87510956386498,165.062807676568,166.7043226284831,7225500.0,,,,,,,,,,,,,,,
2024-02-08,,,,,,JPM,,,,,,165.85986328125,166.3437741376643,164.69277564026325,166.04963139288037,6060300.0,,,,,,,,,,,,,,,
2024-02-09,,,,,,JPM,,,,,,166.05908203125,166.14448997128747,164.78762000748162,166.04959869496852,6296700.0,,,,,,,,,,,,,,,
2024-02-12,,,,,,JPM,,,,,,166.7991943359375,167.76703037532326,164.81609109548293,165.84085611158963,8539300.0,,,,,,,,,,,,,,,
2024-02-13,,,,,,JPM,,,,,,165.34744262695312,167.21668785869483,163.79132123629455,166.35324093999716,8397600.0,,,,,,,,,,,,,,,
2024-02-14,,,,,,JPM,,,,,,167.0269012451172,167.09332802753954,165.49924451152302,166.11600878885736,7056700.0,,,,,,,,,,,,,,,
2024-02-15,,,,,,JPM,,,,,,170.67051696777344,170.99313861983137,167.1407757730594,167.1407757730594,8723400.0,,,,,,,,,,,,,,,
2024-02-16,,,,,,JPM,,,,,,169.8734893798828,170.77489862748652,169.04799026069725,170.42382695213206,8152600.0,,,,,,,,,,,,,,,
2024-02-20,,,,,,JPM,,,,,,170.53768920898438,171.2303637188881,169.28520825442058,170.02531392720303,9668000.0,,,,,,,,,,,,,,,
2024-02-21,,,,,,JPM,,,,,,171.64785766601562,171.73326561657646,169.38959269081207,170.7464483434242,7024000.0,,,,,,,,,,,,,,,
2024-02-22,,,,,,JPM,,,,,,173.70687866210938,174.0389691999663,171.970472406029,172.52081000181218,9296500.0,,,,,,,,,,,,,,,
2024-02-23,,,,,,JPM,,,,,,174.57980346679688,175.72790969059875,173.8207167154575,174.40900207051712,7105800.0,,,,,,,,,,,,,,,
2024-02-26,,,,,,JPM,,,,,,173.9820556640625,175.02580196912146,173.14705862001532,174.3521085397873,7145400.0,,,,,,,,,,,,,,,
2024-02-27,,,,,,JPM,,,,,,174.0674285888672,174.15282205509578,172.91932226723353,173.93458948194154,5717100.0,,,,,,,,,,,,,,,
2024-02-28,,,,,,JPM,,,,,,174.9498748779297,175.7279283839972,173.60250262820136,174.04845112073724,6131600.0,,,,,,,,,,,,,,,
2024-02-29,,,,,,JPM,,,,,,176.54393005371094,176.89500171310078,174.4469689552258,176.16439390725577,9643000.0,,,,,,,,,,,,,,,
2024-03-01,,,,,,JPM,,,,,,175.8133087158203,176.90450047991027,175.63303845622815,176.20234267897524,6311800.0,,,,,,,,,,,,,,,
2024-03-04,,,,,,JPM,,,,,,177.1322021484375,177.99566346704023,174.84547314811167,175.26297156494704,7063600.0,,,,,,,,,,,,,,,
2024-03-05,,,,,,JPM,,,,,,178.90658569335938,179.61822683416162,176.82859124567665,176.82859124567665,6617800.0,,,,,,,,,,,,,,,
2024-03-06,,,,,,JPM,,,,,,179.83648681640625,180.34887662379856,178.03366810951513,179.5708085749355,7572900.0,,,,,,,,,,,,,,,
2024-03-07,,,,,,JPM,,,,,,178.2613525390625,180.75684537868307,177.0847818143066,180.1970245029766,7618300.0,,,,,,,,,,,,,,,
2024-03-08,,,,,,JPM,,,,,,178.59347534179688,180.71891558839314,178.3088159683026,178.80222458380084,6172200.0,,,,,,,,,,,,,,,
2024-03-11,,,,,,JPM,,,,,,178.659912109375,178.80224905479105,176.69578967237024,177.70157371510862,5762600.0,,,,,,,,,,,,,,,
2024-03-12,,,,,,JPM,,,,,,180.13063049316406,180.4342710440802,178.2993472849781,179.2861501186988,5708400.0,,,,,,,,,,,,,,,
2024-03-13,,,,,,JPM,,,,,,181.5918731689453,181.92396372942363,180.1306283720305,180.62403702226987,7795500.0,,,,,,,,,,,,,,,
2024-03-14,,,,,,JPM,,,,,,178.3562774658203,181.82909027874697,177.53077823984108,181.25977148114708,10310900.0,,,,,,,,,,,,,,,
2024-03-15,,,,,,JPM,,,,,,180.56710815429688,181.17437477098684,176.94247512959424,176.94247512959424,17214200.0,,,,,,,,,,,,,,,
2024-03-18,,,,,,JPM,,,,,,182.80636596679688,182.84431378763173,180.1780341639533,180.88019191558524,9013800.0,,,,,,,,,,,,,,,
2024-03-19,,,,,,JPM,,,,,,183.87857055664062,184.01140965328761,182.5406962541158,182.85382008443563,8478700.0,,,,,,,,,,,,,,,
2024-03-20,,,,,,JPM,,,,,,186.28866577148438,186.5068983228866,183.7077795412809,184.2581170660835,9367000.0,,,,,,,,,,,,,,,
2024-03-21,,,,,,JPM,,,,,,188.87905883789062,189.23013052665834,186.2886889495495,186.46897370163362,11203800.0,,,,,,,,,,,,,,,
2024-03-22,,,,,,JPM,,,,,,186.56382751464844,190.22640764871292,186.48791739268526,188.83158992418737,8108800.0,,,,,,,,,,,,,,,
2024-03-25,,,,,,JPM,,,,,,184.8559112548828,186.86747893022638,184.41943164766377,186.54487175179887,8620000.0,,,,,,,,,,,,,,,
2024-03-26,,,,,,JPM,,,,,,185.7193603515625,186.60180291274617,184.13477445009167,184.63766637481814,5961500.0,,,,,,,,,,,,,,,
2024-03-27,,,,,,JPM,,,,,,189.31553649902344,189.3914466295502,186.33613264813874,186.4499906047404,8725800.0,,,,,,,,,,,,,,,
2024-03-28,,,,,,JPM,,,,,,190.05563354492188,190.45415085331146,188.38563970590695,189.28706341600085,8628300.0,,,,,,,,,,,,,,,
2024-04-01,,,,,,JPM,,,,,,188.7652130126953,190.6629229824968,188.414141301363,189.76151364251672,7309000.0,,,,,,,,,,,,,,,
2024-04-02,,,,,,JPM,,,,,,188.6892852783203,189.56223004560812,187.9491796173942,188.24332231873962,7014700.0,,,,,,,,,,,,,,,
2024-04-03,,,,,,JPM,,,,,,188.15789794921875,189.35344971011273,187.5885793135315,188.86004119107542,9353400.0,,,,,,,,,,,,,,,
2024-04-04,,,,,,JPM,,,,,,186.72633361816406,190.5725228336972,186.63090338860295,190.06669747224808,9243800.0,,,,,,,,,,,,,,,
2024-04-05,,,,,,JPM,,,,,,188.44424438476562,189.08368373972885,186.21097596961084,187.21308807266684,6532300.0,,,,,,,,,,,,,,,
2024-04-08,,,,,,JPM,,,,,,189.42726135253906,189.90445619693176,188.60648563767035,188.60648563767035,8001000.0,,,,,,,,,,,,,,,
2024-04-09,,,,,,JPM,,,,,,188.1579132080078,189.80901778367087,186.02008971749524,189.03596449913155,7351500.0,,,,,,,,,,,,,,,
2024-04-10,,,,,,JPM,,,,,,186.55455017089844,188.0815794697576,185.32337934002095,186.63090309212447,7681400.0,,,,,,,,,,,,,,,
2024-04-11,,,,,,JPM,,,,,,186.51637268066406,187.60439092248092,184.42627146372058,187.0603818015725,10137700.0,,,,,,,,,,,,,,,
2024-04-12,,,,,,JPM,,,,,,174.45286560058594,180.3128170621153,174.21426820465587,179.7306533963621,31532300.0,,,,,,,,,,,,,,,
2024-04-15,,,,,,JPM,,,,,,174.54832458496094,178.90989232756837,173.88979338856458,176.0848925222756,14766600.0,,,,,,,,,,,,,,,
2024-04-16,,,,,,JPM,,,,,,172.55364990234375,174.8060100362722,171.45609307815093,174.55785940954902,16451800.0,,,,,,,,,,,,,,,
2024-04-17,,,,,,JPM,,,,,,171.86651611328125,174.0997847395688,171.02664843317345,173.09767254177333,9017100.0,,,,,,,,,,,,,,,
2024-04-18,,,,,,JPM,,,,,,172.98312377929688,174.99688652001322,171.7615061943233,172.83997115716338,9557700.0,,,,,,,,,,,,,,,
2024-04-19,,,,,,JPM,,,,,,177.3256072998047,177.40196022253804,173.1358371435667,174.08067361637623,13402300.0,,,,,,,,,,,,,,,
2024-04-22,,,,,,JPM,,,,,,180.7709503173828,181.45811204263342,177.49738618697634,177.5069394038577,11529700.0,,,,,,,,,,,,,,,
2024-04-23,,,,,,JPM,,,,,,183.3764190673828,183.46231063719642,181.83031255941904,182.41249080398302,9144400.0,,,,,,,,,,,,,,,
2024-04-24,,,,,,JPM,,,,,,184.2735595703125,184.41671219594375,181.49628213042132,181.83986299476692,6964900.0,,,,,,,,,,,,,,,
2024-04-25,,,,,,JPM,,,,,,184.5503387451172,185.094347885253,182.46022289146978,183.48142690000614,9802300.0,,,,,,,,,,,,,,,
2024-04-26,,,,,,JPM,,,,,,184.66485595703125,185.98190375230607,184.25446084078007,184.74120887546937,6413700.0,,,,,,,,,,,,,,,
2024-04-29,,,,,,JPM,,,,,,184.46444702148438,185.39974488523453,183.65320992069704,184.6553220561309,5387800.0,,,,,,,,,,,,,,,
2024-04-30,,,,,,JPM,,,,,,182.9946746826172,186.09644101035263,182.89922989355478,184.0158640239999,8153700.0,,,,,,,,,,,,,,,
2024-05-01,,,,,,JPM,,,,,,183.1092071533203,185.59062618122607,182.08800319125083,183.50051042268325,7445300.0,,,,,,,,,,,,,,,
2024-05-02,,,,,,JPM,,,,,,182.9183349609375,184.67440852887157,180.87594156798932,184.26402794452196,6501700.0,,,,,,,,,,,,,,,
2024-05-03,,,,,,JPM,,,,,,181.8207550048828,183.74862604851333,179.86426800149363,183.2428007323514,8922800.0,,,,,,,,,,,,,,,
2024-05-06,,,,,,JPM,,,,,,183.24281311035156,183.43368812810877,181.16225065998637,182.98512382682264,7911100.0,,,,,,,,,,,,,,,
2024-05-07,,,,,,JPM,,,,,,183.00421142578125,184.13038419824304,182.90876663771533,182.9564890317483,7688800.0,,,,,,,,,,,,,,,
2024-05-08,,,,,,JPM,,,,,,186.72633361816406,187.6807232907595,182.28842746572758,182.28842746572758,9227600.0,,,,,,,,,,,,,,,
2024-05-09,,,,,,JPM,,,,,,188.49195861816406,188.57785019283477,186.20142924996162,186.268228953762,7977300.0,,,,,,,,,,,,,,,
2024-05-10,,,,,,JPM,,,,,,189.70404052734375,190.24803507157247,189.22684568795714,189.48452041598773,7529800.0,,,,,,,,,,,,,,,
2024-05-13,,,,,,JPM,,,,,,189.66586303710938,190.73478941529618,189.00733180699527,189.73267730698475,7049200.0,,,,,,,,,,,,,,,
2024-05-14,,,,,,JPM,,,,,,192.3190460205078,192.38586028369684,189.12184954887874,189.92353333016814,8596200.0,,,,,,,,,,,,,,,
2024-05-15,,,,,,JPM,,,,,,192.89170837402344,193.44525616341704,190.65843990714103,192.79626357615743,8370000.0,,,,,,,,,,,,,,,
2024-05-16,,,,,,JPM,,,,,,193.2352752685547,195.1535932389949,192.77717231019278,192.9966778539951,8497900.0,,,,,,,,,,,,,,,
2024-05-17,,,,,,JPM,,,,,,195.449462890625,195.69761353618276,193.55977533673882,194.51416504960696,9260500.0,,,,,,,,,,,,,,,
2024-05-20,,,,,,JPM,,,,,,186.6595458984375,196.48976306989658,186.4877481736679,195.06771712380632,17373300.0,,,,,,,,,,,,,,,
2024-05-21,,,,,,JPM,,,,,,190.41983032226562,190.78248849278148,187.6330142438508,188.01476428528767,14420800.0,,,,,,,,,,,,,,,
2024-05-22,,,,,,JPM,,,,,,189.26499938964844,191.7750486996597,188.67328249730463,189.92353054420116,9425300.0,,,,,,,,,,,,,,,
2024-05-23,,,,,,JPM,,,,,,187.93838500976562,189.25544722484275,187.12716264476265,188.78779111125615,8069400.0,,,,,,,,,,,,,,,
2024-05-24,,,,,,JPM,,,,,,191.55555725097656,191.6032650842563,188.54922104999036,188.73055741751145,7356200.0,,,,,,,,,,,,,,,
2024-05-28,,,,,,JPM,,,,,,190.4007568359375,191.26925501132146,189.59907293381323,190.7443377315382,6910200.0,,,,,,,,,,,,,,,
2024-05-29,,,,,,JPM,,,,,,189.0741424560547,189.91401004508248,187.90978586684102,188.9691590074262,6120000.0,,,,,,,,,,,,,,,
2024-05-30,,,,,,JPM,,,,,,190.23849487304688,190.7347815795727,189.35090490632123,189.5036107487647,6829100.0,,,,,,,,,,,,,,,
2024-05-31,,,,,,JPM,,,,,,193.38800048828125,194.0274398758393,189.3032135067126,190.20988086032972,14417900.0,,,,,,,,,,,,,,,
2024-06-03,,,,,,JPM,,,,,,192.61492919921875,193.18755426057615,190.10487971991847,193.0825708149027,6444300.0,,,,,,,,,,,,,,,
2024-06-04,,,,,,JPM,,,,,,190.07626342773438,192.76763491215212,189.23639579945825,191.03065316429118,6848300.0,,,,,,,,,,,,,,,
2024-06-05,,,,,,JPM,,,,,,188.2628936767578,190.70614336889636,187.93840469676562,190.6488677581653,8351600.0,,,,,,,,,,,,,,,
2024-06-06,,,,,,JPM,,,,,,187.92886352539062,188.9882365858564,186.4209261786032,188.2628911546147,7640300.0,,,,,,,,,,,,,,,
2024-06-07,,,,,,JPM,,,,,,190.83023071289062,191.7559899505188,188.02432247206556,188.42516442606455,6964500.0,,,,,,,,,,,,,,,
2024-06-10,,,,,,JPM,,,,,,190.50570678710938,191.67960190610873,189.38907271350078,190.15258729864658,6070800.0,,,,,,,,,,,,,,,
2024-06-11,,,,,,JPM,,,,,,185.4951934814453,188.91191055404266,184.7698625098068,188.88328002640114,9235300.0,,,,,,,,,,,,,,,
2024-06-12,,,,,,JPM,,,,,,182.79425048828125,187.747535155726,182.58428359797037,187.06037343522323,12751300.0,,,,,,,,,,,,,,,
2024-06-13,,,,,,JPM,,,,,,184.8271026611328,185.7051393894414,182.17390060566132,183.54822402834617,8587800.0,,,,,,,,,,,,,,,
2024-06-14,,,,,,JPM,,,,,,184.94163513183594,185.97237775666235,182.68927485451107,182.71790538052034,6874000.0,,,,,,,,,,,,,,,
2024-06-17,,,,,,JPM,,,,,,186.08688354492188,186.65952314056108,183.85361533502265,184.6552991186537,8725400.0,,,,,,,,,,,,,,,
2024-06-18,,,,,,JPM,,,,,,188.0147705078125,188.930991025547,185.27567673463204,185.72424105772285,9023000.0,,,,,,,,,,,,,,,
2024-06-20,,,,,,JPM,,,,,,189.60861206054688,190.3530349090619,187.16537660256606,187.43260457060572,8731100.0,,,,,,,,,,,,,,,
2024-06-21,,,,,,JPM,,,,,,187.34669494628906,188.17700929825324,185.36156268713378,187.73799820567726,20972100.0,,,,,,,,,,,,,,,
2024-06-24,,,,,,JPM,,,,,,189.80902099609375,190.14304864072443,188.1102085595612,188.78781706567207,9785900.0,,,,,,,,,,,,,,,
2024-06-25,,,,,,JPM,,,,,,189.0359649658203,190.94474426582192,188.72101463378038,189.05504227358247,6862500.0,,,,,,,,,,,,,,,
2024-06-26,,,,,,JPM,,,,,,188.4251708984375,188.9119190158098,187.32762845546597,188.44426277199767,7758600.0,,,,,,,,,,,,,,,
2024-06-27,,,,,,JPM,,,,,,190.08580017089844,190.74433141255324,187.91933141310852,188.43471002085207,7913500.0,,,,,,,,,,,,,,,
2024-06-28,,,,,,JPM,,,,,,193.03485107421875,193.35935463256504,190.20986578187188,190.88747429822308,15307600.0,,,,,,,,,,,,,,,
2024-07-01,,,,,,JPM,,,,,,196.07933044433594,197.64452872629258,193.41659000327897,193.5883731323922,10205800.0,,,,,,,,,,,,,,,
2024-07-02,,,,,,JPM,,,,,,199.30519104003906,199.33382156432344,195.43037141669657,195.92664354617938,7802900.0,,,,,,,,,,,,,,,
2024-07-03,,,,,,JPM,,,,,,199.17156982421875,200.78449059341636,198.1789964757142,199.99234547043878,5560900.0,,,,,,,,,,,,,,,
2024-07-05,,,,,,JPM,,,,,,196.532470703125,199.0084419463454,196.27336816071954,198.64377422771068,8093100.0,,,,,,,,,,,,,,,
2024-07-08,,,,,,JPM,,,,,,196.8971405029297,198.5573794017683,195.74552979069207,196.77237767256634,8707000.0,,,,,,,,,,,,,,,
2024-07-09,,,,,,JPM,,,,,,199.25794982910156,201.30205403205485,197.1658441534367,197.33859380980596,9058900.0,,,,,,,,,,,,,,,
2024-07-10,,,,,,JPM,,,,,,199.4210968017578,199.58424030901233,197.29061041180532,197.8280277635907,8328500.0,,,,,,,,,,,,,,,
2024-07-11,,,,,,JPM,,,,,,199.08522033691406,199.70901989248074,197.0986942703721,197.89522885627903,10658100.0,,,,,,,,,,,,,,,
2024-07-12,,,,,,JPM,,,,,,196.67642211914062,199.08520875553353,193.95093996868792,195.77432240821722,15443400.0,,,,,,,,,,,,,,,
2024-07-15,,,,,,JPM,,,,,,201.5803985595703,203.07749413226495,198.38466855930605,198.83571846178796,10719700.0,,,,,,,,,,,,,,,
2024-07-16,,,,,,JPM,,,,,,205.0064239501953,205.12159527581198,199.68981390311083,201.5323940342005,11557000.0,,,,,,,,,,,,,,,
2024-07-17,,,,,,JPM,,,,,,208.12538146972656,208.78756169090065,204.6705491521375,205.1791773653675,11572500.0,,,,,,,,,,,,,,,
2024-07-18,,,,,,JPM,,,,,,201.51319885253906,207.90465837072435,200.80304644620205,206.93538878296755,12415100.0,,,,,,,,,,,,,,,
2024-07-19,,,,,,JPM,,,,,,201.32125854492188,203.787638142558,200.49593484279177,202.68399960778325,8095900.0,,,,,,,,,,,,,,,
2024-07-22,,,,,,JPM,,,,,,201.80108642578125,203.61487723988253,201.25407758649305,201.97383607849395,7663200.0,,,,,,,,,,,,,,,
2024-07-23,,,,,,JPM,,,,,,201.84910583496094,202.95272984342498,200.90862535379435,202.5112860974499,5557300.0,,,,,,,,,,,,,,,
2024-07-24,,,,,,JPM,,,,,,200.1792449951172,203.4805398970385,199.6802229423339,201.10054238495405,7119000.0,,,,,,,,,,,,,,,
2024-07-25,,,,,,JPM,,,,,,200.2560272216797,201.7147420327881,199.66103148604793,200.2368295595067,6403800.0,,,,,,,,,,,,,,,
2024-07-26,,,,,,JPM,,,,,,203.68206787109375,204.56496989068702,200.20802348732903,200.8030338162583,8027800.0,,,,,,,,,,,,,,,
2024-07-29,,,,,,JPM,,,,,,202.3480987548828,204.99680458777706,202.06019244524745,204.07550732564854,6533600.0,,,,,,,,,,,,,,,
2024-07-30,,,,,,JPM,,,,,,206.5131072998047,207.08890530291896,204.37302950002504,204.63213201184072,8850700.0,,,,,,,,,,,,,,,
2024-07-31,,,,,,JPM,,,,,,204.21949768066406,207.66473846208044,204.09473484474648,206.11965617262393,9071600.0,,,,,,,,,,,,,,,
2024-08-01,,,,,,JPM,,,,,,199.57464599609375,205.207951245614,198.05835297856282,204.6033494115887,10918600.0,,,,,,,,,,,,,,,
2024-08-02,,,,,,JPM,,,,,,191.11029052734375,196.4173090899953,188.951014866982,195.65916985684163,18041700.0,,,,,,,,,,,,,,,
2024-08-05,,,,,,JPM,,,,,,187.04124450683594,188.26003972022244,183.2025323392783,186.2255269573448,13927000.0,,,,,,,,,,,,,,,
2024-08-06,,,,,,JPM,,,,,,192.26190185546875,194.4307836748442,186.17754637997143,187.5210898263343,10605800.0,,,,,,,,,,,,,,,
2024-08-07,,,,,,JPM,,,,,,192.31947326660156,197.4537566355557,192.12754058739833,195.30407255531497,9204400.0,,,,,,,,,,,,,,,
2024-08-08,,,,,,JPM,,,,,,195.8319091796875,196.6476414155857,193.6534358098913,194.30602452731497,7761200.0,,,,,,,,,,,,,,,
2024-08-09,,,,,,JPM,,,,,,197.50173950195312,198.14472201831654,194.71866445703174,195.26568795748204,5540200.0,,,,,,,,,,,,,,,
2024-08-12,,,,,,JPM,,,,,,197.8760223388672,198.78771357086882,195.44803800867777,198.08715268440758,6936000.0,,,,,,,,,,,,,,,
2024-08-13,,,,,,JPM,,,,,,199.55545043945312,199.6993962854889,197.11786006073427,199.35391161147854,6387800.0,,,,,,,,,,,,,,,
2024-08-14,,,,,,JPM,,,,,,201.76271057128906,202.26173259433187,198.76850521541047,199.36351554061437,6999800.0,,,,,,,,,,,,,,,
2024-08-15,,,,,,JPM,,,,,,203.0198974609375,205.26554061728052,202.58804526064463,204.41142772567014,7001000.0,,,,,,,,,,,,,,,
2024-08-16,,,,,,JPM,,,,,,205.34230041503906,205.45745708775618,203.0582621159896,203.15423577226989,7931200.0,,,,,,,,,,,,,,,
2024-08-19,,,,,,JPM,,,,,,206.76263427734375,206.83941027906192,205.19836900335173,205.37110402457384,6090800.0,,,,,,,,,,,,,,,
2024-08-20,,,,,,JPM,,,,,,205.87013244628906,207.290451812223,205.0639917823852,206.33077379457382,5640000.0,,,,,,,,,,,,,,,
2024-08-21,,,,,,JPM,,,,,,205.94692993164062,206.3307953213397,204.25788707250234,205.78377176531626,5202300.0,,,,,,,,,,,,,,,
2024-08-22,,,,,,JPM,,,,,,207.89505004882812,208.05819355178016,205.6973792260983,205.92770721801395,5247100.0,,,,,,,,,,,,,,,
2024-08-23,,,,,,JPM,,,,,,209.50730895996094,210.3518303146011,207.770294063869,208.82594575716917,7214000.0,,,,,,,,,,,,,,,
2024-08-26,,,,,,JPM,,,,,,210.3326416015625,210.82207214735465,209.25780684522277,210.17908959536388,5105200.0,,,,,,,,,,,,,,,
2024-08-27,,,,,,JPM,,,,,,211.30191040039062,211.5322384088343,210.3518384830516,210.6589278507846,5185200.0,,,,,,,,,,,,,,,
2024-08-28,,,,,,JPM,,,,,,212.36715698242188,213.25007370690733,210.35184179007584,210.40942013221067,6506400.0,,,,,,,,,,,,,,,
2024-08-29,,,,,,JPM,,,,,,213.2500457763672,213.98898726168142,210.11189474931135,213.19245279825017,6416100.0,,,,,,,,,,,,,,,
2024-08-30,,,,,,JPM,,,,,,215.7356414794922,216.38821556365377,212.98135535356386,213.52837890369267,8574100.0,,,,,,,,,,,,,,,
2024-09-03,,,,,,JPM,,,,,,211.41708374023438,215.0638633692745,210.39982731942075,213.33643989830546,8956100.0,,,,,,,,,,,,,,,
2024-09-04,,,,,,JPM,,,,,,210.48617553710938,213.11569850429112,208.4516628819831,212.12721670145393,7389500.0,,,,,,,,,,,,,,,
2024-09-05,,,,,,JPM,,,,,,208.85475158691406,211.89692943579365,207.31926075481468,211.2731298787107,8067900.0,,,,,,,,,,,,,,,
2024-09-06,,,,,,JPM,,,,,,203.89321899414062,209.91999639189612,202.57845001745773,208.82596392525963,7777000.0,,,,,,,,,,,,,,,
2024-09-09,,,,,,JPM,,,,,,208.0677947998047,209.35375986693387,205.54383685302398,206.51312105129102,8935100.0,,,,,,,,,,,,,,,
2024-09-10,,,,,,JPM,,,,,,197.27142333984375,209.82401435534237,192.52101978319223,209.78563367537953,28406900.0,,,,,,,,,,,,,,,
2024-09-11,,,,,,JPM,,,,,,198.8740692138672,199.3251190484655,193.6918138354718,196.97391086092546,13658700.0,,,,,,,,,,,,,,,
2024-09-12,,,,,,JPM,,,,,,198.2694854736328,200.36157653556083,196.6284296106188,199.27713568329062,9054400.0,,,,,,,,,,,,,,,
2024-09-13,,,,,,JPM,,,,,,196.0814208984375,199.46908315177689,194.83383653849526,198.51899663631963,10226700.0,,,,,,,,,,,,,,,
2024-09-16,,,,,,JPM,,,,,,199.4786834716797,199.81457665233654,197.30021016072058,197.5305381683303,8634900.0,,,,,,,,,,,,,,,
2024-09-17,,,,,,JPM,,,,,,200.8126220703125,201.4651960832742,199.28673756042474,199.35390740598294,7573300.0,,,,,,,,,,,,,,,
2024-09-18,,,,,,JPM,,,,,,199.1619873046875,202.81835838288768,198.36545275492742,200.58230673818105,8259900.0,,,,,,,,,,,,,,,
2024-09-19,,,,,,JPM,,,,,,201.9930419921875,203.36538928713296,198.97965334983056,201.32127025220836,11635200.0,,,,,,,,,,,,,,,
2024-09-20,,,,,,JPM,,,,,,202.5784454345703,202.8951409629487,201.05256077890448,201.46521533060852,20885000.0,,,,,,,,,,,,,,,
2024-09-23,,,,,,JPM,,,,,,202.91433715820312,203.25982185543435,201.52280686007273,202.49207645675105,7223500.0,,,,,,,,,,,,,,,
2024-09-24,,,,,,JPM,,,,,,203.05828857421875,204.36345139466172,201.88748010395994,202.63602786120398,7323200.0,,,,,,,,,,,,,,,
2024-09-25,,,,,,JPM,,,,,,201.7147216796875,203.68206451343198,200.19842867858037,203.14463253149498,8976500.0,,,,,,,,,,,,,,,
2024-09-26,,,,,,JPM,,,,,,201.32125854492188,203.16383862893971,200.582302352154,202.61682975945425,7807500.0,,,,,,,,,,,,,,,
2024-09-27,,,,,,JPM,,,,,,202.01222229003906,203.87399998332447,200.88940076897532,202.15616813497374,7032500.0,,,,,,,,,,,,,,,
2024-09-30,,,,,,JPM,,,,,,202.3577117919922,202.45368545325593,196.98350891876606,197.99117378793656,8663800.0,,,,,,,,,,,,,,,
2024-10-01,,,,,,JPM,,,,,,198.69175720214844,200.65910033309902,197.87603956294308,200.4767591421218,8540100.0,,,,,,,,,,,,,,,
2024-10-02,,,,,,JPM,,,,,,198.931640625,200.5247095749859,197.39616465396708,198.73011645099774,5810900.0,,,,,,,,,,,,,,,
2024-10-03,,,,,,JPM,,,,,,196.9547119140625,198.16391556637382,196.10059907948147,197.85681157736644,7251300.0,,,,,,,,,,,,,,,
2024-10-04,,,,,,JPM,,,,,,203.94537353515625,204.37987213930614,199.78381659479555,202.09150201972523,10211700.0,,,,,,,,,,,,,,,
2024-10-07,,,,,,JPM,,,,,,203.66534423828125,205.98269458084312,202.46806055788844,203.76190602752735,6718900.0,,,,,,,,,,,,,,,
2024-10-08,,,,,,JPM,,,,,,203.49156188964844,204.0515878849043,201.20319174460775,203.32741862551052,6021800.0,,,,,,,,,,,,,,,
2024-10-09,,,,,,JPM,,,,,,206.06961059570312,206.86137608833337,202.16875851799102,202.47772975256393,7024000.0,,,,,,,,,,,,,,,
2024-10-10,,,,,,JPM,,,,,,205.5095672607422,207.41171960680364,204.18675618891916,207.41171960680364,7927100.0,,,,,,,,,,,,,,,
2024-10-11,,,,,,JPM,,,,,,214.63409423828125,216.89351339672228,207.74966888805528,208.24209865254014,18320700.0,,,,,,,,,,,,,,,
2024-10-14,,,,,,JPM,,,,,,213.85202026367188,215.99556259342347,211.34157550325287,215.51278305488955,9048900.0,,,,,,,,,,,,,,,
2024-10-15,,,,,,JPM,,,,,,214.73068237304688,217.68529078898302,214.1803213608932,215.95694652517005,9235800.0,,,,,,,,,,,,,,,
2024-10-16,,,,,,JPM,,,,,,215.93760681152344,215.97622268757254,213.42714760377535,214.6727269219523,6382500.0,,,,,,,,,,,,,,,
2024-10-17,,,,,,JPM,,,,,,216.69076538085938,218.07152251645772,215.61899422056717,216.5459374132235,6470200.0,,,,,,,,,,,,,,,
2024-10-18,,,,,,JPM,,,,,,217.6080322265625,218.1390926356883,215.416223853029,217.25078010281487,7000500.0,,,,,,,,,,,,,,,
2024-10-21,,,,,,JPM,,,,,,215.3196563720703,217.92666271781536,215.22309457904748,217.46319852448005,5870000.0,,,,,,,,,,,,,,,
2024-10-22,,,,,,JPM,,,,,,216.4010772705078,217.52112924082374,213.48509971320877,215.33897121583806,9586800.0,,,,,,,,,,,,,,,
2024-10-23,,,,,,JPM,,,,,,215.71554565429688,217.05767211185088,214.86584899630188,215.95693541093075,6180500.0,,,,,,,,,,,,,,,
2024-10-24,,,,,,JPM,,,,,,217.23146057128906,217.3087070595921,214.02581233964898,214.18995560232,6002200.0,,,,,,,,,,,,,,,
2024-10-25,,,,,,JPM,,,,,,214.65341186523438,217.84940969268465,213.2726696126605,217.25076784703845,6369700.0,,,,,,,,,,,,,,,
2024-10-28,,,,,,JPM,,,,,,217.73353576660156,217.86871342564066,215.27135758179068,215.6575899885166,6843000.0,,,,,,,,,,,,,,,
2024-10-29,,,,,,JPM,,,,,,215.2230987548828,218.94050685947278,215.13620197943288,217.45355245759362,6580000.0,,,,,,,,,,,,,,,
2024-10-30,,,,,,JPM,,,,,,216.6811065673828,218.5156628404685,213.94857273050474,214.87550115342282,7110900.0,,,,,,,,,,,,,,,
2024-10-31,,,,,,JPM,,,,,,214.27684020996094,217.91700157327347,214.18029315501,216.96109290971893,7829900.0,,,,,,,,,,,,,,,
2024-11-01,,,,,,JPM,,,,,,215.26171875,218.36115478761525,215.0299792936343,215.86036059570225,6923500.0,,,,,,,,,,,,,,,
2024-11-04,,,,,,JPM,,,,,,212.21054077148438,216.0534611932713,211.6215492339804,214.98169019005127,8229600.0,,,,,,,,,,,,,,,
2024-11-05,,,,,,JPM,,,,,,213.8616485595703,214.3154624265246,212.42296047781522,212.45192606649232,5600700.0,,,,,,,,,,,,,,,
2024-11-06,,,,,,JPM,,,,,,238.55099487304688,239.45862265494782,226.68428170878914,226.90635614480942,23987800.0,,,,,,,,,,,,,,,
2024-11-07,,,,,,JPM,,,,,,228.2388458251953,236.1467765550335,227.11879382619438,236.07918035167899,16451100.0,,,,,,,,,,,,,,,
2024-11-08,,,,,,JPM,,,,,,228.8181610107422,231.09688077350958,227.65949319123993,231.09688077350958,9502100.0,,,,,,,,,,,,,,,
2024-11-11,,,,,,JPM,,,,,,231.04859924316406,233.76183232238978,230.7685936247478,231.734152593889,9017100.0,,,,,,,,,,,,,,,
2024-11-12,,,,,,JPM,,,,,,231.30929565429688,233.1438664671285,230.53684556117094,232.265204302032,6861000.0,,,,,,,,,,,,,,,
2024-11-13,,,,,,JPM,,,,,,232.85421752929688,235.68329839480197,232.0334864664189,232.29419152794952,11472600.0,,,,,,,,,,,,,,,
2024-11-14,,,,,,JPM,,,,,,233.5397491455078,235.87640014281013,232.7479984317867,234.07080953881766,10172200.0,,,,,,,,,,,,,,,
2024-11-15,,,,,,JPM,,,,,,236.86126708984375,237.93303812916133,233.1438739185833,233.1438739185833,11518800.0,,,,,,,,,,,,,,,
2024-11-18,,,,,,JPM,,,,,,236.59091186523438,239.3910269686542,234.32184240561926,239.22688371269956,9051400.0,,,,,,,,,,,,,,,
2024-11-19,,,,,,JPM,,,,,,234.71771240234375,236.70676140391376,233.2307581603698,233.90664645217612,6792700.0,,,,,,,,,,,,,,,
2024-11-20,,,,,,JPM,,,,,,232.48727416992188,236.1853665791003,230.4209786829753,235.9825927244949,9015300.0,,,,,,,,,,,,,,,
2024-11-21,,,,,,JPM,,,,,,236.33023071289062,237.0350994361045,233.77150509187655,234.85292652668068,8783500.0,,,,,,,,,,,,,,,
2024-11-22,,,,,,JPM,,,,,,239.98968505859375,240.5690116009233,234.65979541625032,235.219821387118,7997300.0,,,,,,,,,,,,,,,
2024-11-25,,,,,,JPM,,,,,,241.6697540283203,245.55130530795057,240.4821205914916,240.99386567944467,10295400.0,,,,,,,,,,,,,,,
2024-11-26,,,,,,JPM,,,,,,241.3607635498047,242.3552880551951,239.78689780117762,241.86285831172583,6212100.0,,,,,,,,,,,,,,,
2024-11-27,,,,,,JPM,,,,,,241.18695068359375,242.5387419809446,240.20209121543851,240.76211714435047,5472300.0,,,,,,,,,,,,,,,
2024-11-29,,,,,,JPM,,,,,,241.11941528320312,243.09881434916647,240.8587102055902,241.25459296543534,5494800.0,,,,,,,,,,,,,,,
2024-12-02,,,,,,JPM,,,,,,237.76890563964844,241.63114167034325,236.59092247162565,240.9552533116239,8899700.0,,,,,,,,,,,,,,,
2024-12-03,,,,,,JPM,,,,,,236.38815307617188,240.4627983571973,236.20469451535047,239.68069795223073,6657700.0,,,,,,,,,,,,,,,
2024-12-04,,,,,,JPM,,,,,,235.0170440673828,236.89989581875426,233.8873418565162,236.2722736572103,7346300.0,,,,,,,,,,,,,,,
2024-12-05,,,,,,JPM,,,,,,237.02540588378906,238.66685314495626,236.19502460109126,236.93850911465168,6572500.0,,,,,,,,,,,,,,,
2024-12-06,,,,,,JPM,,,,,,238.84068298339844,239.20760013056864,236.40747009501496,237.2378514526948,5519700.0,,,,,,,,,,,,,,,
2024-12-09,,,,,,JPM,,,,,,235.41293334960938,239.3331004642951,235.36465245379455,238.61859624597477,7076500.0,,,,,,,,,,,,,,,
2024-12-10,,,,,,JPM,,,,,,234.4956512451172,239.42000786865495,233.87769409575165,235.49017580217017,9108300.0,,,,,,,,,,,,,,,
2024-12-11,,,,,,JPM,,,,,,235.142578125,235.85709707692163,233.8390676036829,235.59639202600604,7884400.0,,,,,,,,,,,,,,,
2024-12-12,,,,,,JPM,,,,,,233.21145629882812,235.692949917877,232.73832710066324,234.63082916006218,6113800.0,,,,,,,,,,,,,,,
2024-12-13,,,,,,JPM,,,,,,231.6762237548828,234.3604765375674,230.9037736251097,233.7328690945859,10392700.0,,,,,,,,,,,,,,,
2024-12-16,,,,,,JPM,,,,,,231.32861328125,232.38106899290696,229.33956421642742,232.32313781366128,9032000.0,,,,,,,,,,,,,,,
2024-12-17,,,,,,JPM,,,,,,230.15066528320312,230.7879378185902,228.4802521828059,230.43067093666943,8083600.0,,,,,,,,,,,,,,,
2024-12-18,,,,,,JPM,,,,,,222.43582153320312,230.83619659782678,221.6247555113085,230.76860039603835,11322400.0,,,,,,,,,,,,,,,
2024-12-19,,,,,,JPM,,,,,,224.9366455078125,228.2195404244562,224.2704073978834,224.2704073978834,11790800.0,,,,,,,,,,,,,,,
2024-12-20,,,,,,JPM,,,,,,229.4168243408203,230.97137492047273,223.61380532033132,223.93244155838863,32348400.0,,,,,,,,,,,,,,,
2024-12-23,,,,,,JPM,,,,,,230.1796112060547,230.4016856524641,226.79050439374112,227.93952196997523,8611500.0,,,,,,,,,,,,,,,
2024-12-24,,,,,,JPM,,,,,,233.96461486816406,234.13842316129805,230.83621292437365,231.18380004411736,3729100.0,,,,,,,,,,,,,,,
2024-12-26,,,,,,JPM,,,,,,234.76600646972656,234.88186883103566,232.4969370056862,233.11489415476902,4451800.0,,,,,,,,,,,,,,,
2024-12-27,,,,,,JPM,,,,,,232.86387634277344,235.0074186310496,231.7727898921543,234.36049582992294,5730200.0,,,,,,,,,,,,,,,
2024-12-30,,,,,,JPM,,,,,,231.07757568359375,232.54521468407714,228.94368391501692,230.54651531283838,5723800.0,,,,,,,,,,,,,,,
2024-12-31,,,,,,JPM,,,,,,231.45413208007812,233.1245448638788,230.79754436202174,231.78241857247647,4871000.0,,,,,,,,,,,,,,,
2025-01-02,,,,,,JPM,,,,,,231.73414611816406,234.90117826978482,231.20308575332456,232.62245857695913,9220900.0,,,,,,,,,,,,,,,
2025-01-03,,,,,,JPM,,,,,,234.90118408203125,236.4460843210158,231.9851918792467,235.4901756406523,9491100.0,,,,,,,,,,,,,,,
2025-01-06,,,,,,JPM,,,,,,233.75595092773438,238.45338882592614,233.4938994273639,236.52199744283416,9917800.0,,,,,,,,,,,,,,,
2025-01-07,,,,,,JPM,,,,,,236.00759887695312,238.03603585964578,233.8044559653357,235.00793797890452,8753400.0,,,,,,,,,,,,,,,
2025-01-08,,,,,,JPM,,,,,,235.9687957763672,237.05580229045634,233.41625568415455,235.59998364793563,8675300.0,,,,,,,,,,,,,,,
2025-01-10,,,,,,JPM,,,,,,232.8048095703125,236.628762281155,231.70810291840846,235.92996814062778,10256800.0,,,,,,,,,,,,,,,
2025-01-13,,,,,,JPM,,,,,,237.01698303222656,237.3372500960213,231.96043318189513,232.61069705427852,10005300.0,,,,,,,,,,,,,,,
2025-01-14,,,,,,JPM,,,,,,240.1809539794922,240.42359041299397,235.05647368868276,235.51263136841433,12407400.0,,,,,,,,,,,,,,,
2025-01-15,,,,,,JPM,,,,,,244.917236328125,246.19834907161936,236.50259128635952,243.02466018784034,18448500.0,,,,,,,,,,,,,,,
2025-01-16,,,,,,JPM,,,,,,246.78065490722656,249.46907059514717,244.897793913136,246.5186034262573,15292300.0,,,,,,,,,,,,,,,
2025-01-17,,,,,,JPM,,,,,,251.52664184570312,252.94363035716344,244.71340648745428,246.65449800073918,17678100.0,,,,,,,,,,,,,,,
2025-01-21,,,,,,JPM,,,,,,255.28262329101562,256.4666901787651,251.85659830232555,252.409816435987,13712100.0,,,,,,,,,,,,,,,
2025-01-22,,,,,,JPM,,,,,,255.0982208251953,255.62232378121152,252.58451108944297,255.15645119600785,9021900.0,,,,,,,,,,,,,,,
2025-01-23,,,,,,JPM,,,,,,258.1165771484375,258.9997474533163,256.0395956453413,256.8936803898408,10749700.0,,,,,,,,,,,,,,,
2025-01-24,,,,,,JPM,,,,,,257.039306640625,259.2327492897336,255.26322113163457,255.9231850657849,7666300.0,,,,,,,,,,,,,,,
2025-01-27,,,,,,JPM,,,,,,258.01959228515625,258.13605303558734,254.535336614133,256.3890825417096,7522300.0,,,,,,,,,,,,,,,
2025-01-28,,,,,,JPM,,,,,,259.27154541015625,259.4559218104506,257.0295580012758,258.0195333913864,7375400.0,,,,,,,,,,,,,,,
2025-01-29,,,,,,JPM,,,,,,258.7280578613281,262.7073011271936,257.78662735417487,259.3395063870375,7684900.0,,,,,,,,,,,,,,,
2025-01-30,,,,,,JPM,,,,,,260.3294677734375,261.75617104949805,258.766873890751,260.71768010583645,8753500.0,,,,,,,,,,,,,,,
2025-01-31,,,,,,JPM,,,,,,259.4268798828125,262.8432200467561,259.0968978658329,261.3000557826277,7193800.0,,,,,,,,,,,,,,,
2025-02-03,,,,,,JPM,,,,,,258.9512939453125,260.2712514893426,253.99181967172157,254.11796573208338,8381400.0,,,,,,,,,,,,,,,
2025-02-04,,,,,,JPM,,,,,,260.04803466796875,261.8920656979003,258.97071346699056,261.8920656979003,5626000.0,,,,,,,,,,,,,,,
2025-02-05,,,,,,JPM,,,,,,262.46466064453125,262.6684965624178,260.4265087965908,260.9894418764152,5704400.0,,,,,,,,,,,,,,,
2025-02-06,,,,,,JPM,,,,,,268.7441101074219,268.8217703532776,263.20230221236784,264.4251993255983,7264400.0,,,,,,,,,,,,,,,
2025-02-07,,,,,,JPM,,,,,,267.676513671875,270.3455145608461,266.6186223283094,269.10321715000055,6857900.0,,,,,,,,,,,,,,,
2025-02-10,,,,,,JPM,,,,,,263.0567321777344,268.0453220031556,261.64942897239877,268.01620681498275,8627400.0,,,,,,,,,,,,,,,
2025-02-11,,,,,,JPM,,,,,,266.890380859375,268.08416285966723,261.71738476219014,262.299718167667,7196400.0,,,,,,,,,,,,,,,
2025-02-12,,,,,,JPM,,,,,,267.3368225097656,268.3073682010428,265.20161014147436,266.0071500330046,6683900.0,,,,,,,,,,,,,,,
2025-02-13,,,,,,JPM,,,,,,268.1811828613281,268.812031614192,265.74510378599365,267.3853283146615,8398700.0,,,,,,,,,,,,,,,
2025-02-14,,,,,,JPM,,,,,,268.4432373046875,271.0054922240324,268.30737630553097,269.20026178200214,5688600.0,,,,,,,,,,,,,,,
2025-02-18,,,,,,JPM,,,,,,271.70428466796875,271.72368491952835,267.89001749911944,268.6082414686908,7919800.0,,,,,,,,,,,,,,,
2025-02-19,,,,,,JPM,,,,,,271.02490234375,271.9954480996811,269.0546956439582,270.18053227508295,7007200.0,,,,,,,,,,,,,,,
2025-02-20,,,,,,JPM,,,,,,258.94158935546875,270.52990776080935,257.9128132494212,270.47167738640707,13846700.0,,,,,,,,,,,,,,,
2025-02-21,,,,,,JPM,,,,,,256.45703125,261.2709600914064,255.09827295553427,260.41687498668233,12835600.0,,,,,,,,,,,,,,,
2025-02-24,,,,,,JPM,,,,,,253.64244079589844,259.1357336859581,250.9928400471611,257.67020002120825,10372800.0,,,,,,,,,,,,,,,
2025-02-25,,,,,,JPM,,,,,,249.8184814453125,255.2535438153115,245.88778282719832,254.50623421668564,9608400.0,,,,,,,,,,,,,,,
2025-02-26,,,,,,JPM,,,,,,251.16751098632812,253.2250629756072,249.3622807192329,249.58551687607053,5943600.0,,,,,,,,,,,,,,,
2025-02-27,,,,,,JPM,,,,,,251.41986083984375,255.87469182858476,250.2649090455339,252.51658225954176,8204400.0,,,,,,,,,,,,,,,
2025-02-28,,,,,,JPM,,,,,,256.85491943359375,257.0102103033765,250.29405049282587,253.0503967893836,10467100.0,,,,,,,,,,,,,,,
2025-03-03,,,,,,JPM,,,,,,252.94363403320312,258.47575677394605,250.22611772259287,256.2240834773225,9058300.0,,,,,,,,,,,,,,,
2025-03-04,,,,,,JPM,,,,,,242.8790740966797,249.6534940988536,238.70572440707394,247.76091803763094,13465600.0,,,,,,,,,,,,,,,
2025-03-05,,,,,,JPM,,,,,,244.12135314941406,245.5965867262712,240.53033710346665,243.84960154438141,7861400.0,,,,,,,,,,,,,,,
2025-03-06,,,,,,JPM,,,,,,239.2783203125,242.01526618004075,236.6675649290042,240.80208410599286,9983200.0,,,,,,,,,,,,,,,
2025-03-07,,,,,,JPM,,,,,,235.143798828125,239.45302388235442,232.36803767756697,238.00690553291304,20498700.0,,,,,,,,,,,,,,,
2025-03-10,,,,,,JPM,,,,,,225.380126953125,230.5143072655119,221.9638018922669,229.25260968443942,18887200.0,,,,,,,,,,,,,,,
2025-03-11,,,,,,JPM,,,,,,222.39083862304688,226.4477273046224,220.01300464646138,224.92396346414336,18143000.0,,,,,,,,,,,,,,,
2025-03-12,,,,,,JPM,,,,,,221.18736267089844,227.4182791975453,220.56621400526214,227.10769746005099,16054000.0,,,,,,,,,,,,,,,
2025-03-13,,,,,,JPM,,,,,,218.55718994140625,222.7402395654928,217.62545954737027,222.5461333861297,16467900.0,,,,,,,,,,,,,,,
2025-03-14,,,,,,JPM,,,,,,225.59364318847656,226.27302221151962,220.87679052941755,221.40087868737876,11962100.0,,,,,,,,,,,,,,,
2025-03-17,,,,,,JPM,,,,,,227.039794921875,228.72855011659018,223.67201427877188,224.3707937010675,9586000.0,,,,,,,,,,,,,,,
2025-03-18,,,,,,JPM,,,,,,228.04913330078125,229.2137852248078,226.6418449421928,227.4182844946614,10344900.0,,,,,,,,,,,,,,,
2025-03-19,,,,,,JPM,,,,,,232.0671844482422,235.19234280757902,227.97148038251137,228.79645015668714,10120600.0,,,,,,,,,,,,,,,
2025-03-20,,,,,,JPM,,,,,,231.9701385498047,234.6391394103261,229.24290731273203,229.5923043813926,8328500.0,,,,,,,,,,,,,,,
2025-03-21,,,,,,JPM,,,,,,234.5129852294922,235.16324913514356,229.5340805612011,230.8054931833966,19326900.0,,,,,,,,,,,,,,,
2025-03-24,,,,,,JPM,,,,,,240.7535858154297,241.36503440089746,237.21109961277028,238.24957590512537,9422700.0,,,,,,,,,,,,,,,
2025-03-25,,,,,,JPM,,,,,,243.733154296875,244.4028332211237,240.32652930123646,241.96675395701018,9287700.0,,,,,,,,,,,,,,,
2025-03-26,,,,,,JPM,,,,,,243.6361083984375,247.16889448049588,242.4229261613384,245.1598723967236,12779300.0,,,,,,,,,,,,,,,
2025-03-27,,,,,,JPM,,,,,,240.81179809570312,243.25757744441526,239.89948275399726,242.1802711082619,8022500.0,,,,,,,,,,,,,,,
2025-03-28,,,,,,JPM,,,,,,235.69703674316406,242.16086005777964,234.00828183952703,239.6665652294854,11978400.0,,,,,,,,,,,,,,,
2025-03-31,,,,,,JPM,,,,,,238.07489013671875,238.6183934207807,230.3687540364097,232.35837590862877,13603000.0,,,,,,,,,,,,,,,
2025-04-01,,,,,,JPM,,,,,,236.48316955566406,238.45337614807622,233.78505368597595,235.47379373127083,8054700.0,,,,,,,,,,,,,,,
2025-04-02,,,,,,JPM,,,,,,238.5795440673828,239.9674172690853,234.34796434743257,234.48384014906324,7758800.0,,,,,,,,,,,,,,,
2025-04-03,,,,,,JPM,,,,,,221.9541015625,228.21411845193424,220.6050436132751,227.36974842028587,17188500.0,,,,,,,,,,,,,,,
2025-04-04,,,,,,JPM,,,,,,205.34344482421875,212.58925038559218,204.02513159690807,210.25535885692955,27170700.0,,,,,,,,,,,,,,,
2025-04-07,,,,,,JPM,,,,,,209.40577697753906,216.83712407913987,197.41406528016333,200.9393169780438,22914400.0,,,,,,,,,,,,,,,
2025-04-08,,,,,,JPM,,,,,,211.77871704101562,222.4911845873146,208.24370556467724,218.27260941397304,19485700.0,,,,,,,,,,,,,,,
2025-04-09,,,,,,JPM,,,,,,228.83860778808594,231.9048922466148,206.04654347465694,207.5113293287422,24022400.0,,,,,,,,,,,,,,,
2025-04-10,,,,,,JPM,,,,,,221.77833557128906,224.9422782580252,214.9329086419956,224.60048894505405,18896400.0,,,,,,,,,,,,,,,
2025-04-11,,,,,,JPM,,,,,,230.65493774414062,232.97906934942662,219.71787325553504,220.99711715573133,20284500.0,,,,,,,,,,,,,,,
2025-04-14,,,,,,JPM,,,,,,229.20965576171875,234.1508635519738,228.14524845049638,231.53378705459363,13017800.0,,,,,,,,,,,,,,,
2025-04-15,,,,,,JPM,,,,,,227.65701293945312,233.04741393456666,227.3542929260278,230.5572900044825,10912900.0,,,,,,,,,,,,,,,
2025-04-16,,,,,,JPM,,,,,,224.21961975097656,228.0964202463851,222.57905209596737,226.5535109270035,9322300.0,,,,,,,,,,,,,,,
2025-04-17,,,,,,JPM,,,,,,226.5144805908203,228.83859723978307,225.13757837531108,225.38170933973876,9557900.0,,,,,,,,,,,,,,,
2025-04-21,,,,,,JPM,,,,,,223.61419677734375,226.36798622449223,221.02639969234494,225.21569525952322,8716200.0,,,,,,,,,,,,,,,
2025-04-22,,,,,,JPM,,,,,,230.05926513671875,230.4498836423457,225.93833303093191,226.53401321401216,10701400.0,,,,,,,,,,,,,,,
2025-04-23,,,,,,JPM,,,,,,235.22508239746094,240.99632733668028,234.36573659509583,234.5805730456871,14126800.0,,,,,,,,,,,,,,,
2025-04-24,,,,,,JPM,,,,,,238.8968048095703,239.7073214295824,232.0025485026731,234.11184368965115,9055200.0,,,,,,,,,,,,,,,
2025-04-25,,,,,,JPM,,,,,,237.83236694335938,239.85376339709086,236.07462117887317,238.90653414902246,8588600.0,,,,,,,,,,,,,,,
2025-04-28,,,,,,JPM,,,,,,237.5101318359375,241.04514340247584,235.18600030625285,238.81867021795682,7394300.0,,,,,,,,,,,,,,,
2025-04-29,,,,,,JPM,,,,,,238.87725830078125,239.49247309158469,236.01605058594708,236.50431250866183,7216800.0,,,,,,,,,,,,,,,
2025-04-30,,,,,,JPM,,,,,,238.87725830078125,239.4631785682675,232.83257331348125,235.5473233123009,12991700.0,,,,,,,,,,,,,,,
2025-05-01,,,,,,JPM,,,,,,241.093994140625,242.61736909781558,236.4847999672637,237.13906921679697,8689600.0,,,,,,,,,,,,,,,
2025-05-02,,,,,,JPM,,,,,,246.58201599121094,247.66595799036438,243.60363036252463,245.36136125795574,7165000.0,,,,,,,,,,,,,,,
2025-05-05,,,,,,JPM,,,,,,246.63087463378906,249.1698427426024,244.7071213522389,245.28326687904956,5450700.0,,,,,,,,,,,,,,,
2025-05-06,,,,,,JPM,,,,,,243.39854431152344,246.7187190961668,243.15441337440055,244.1309371228921,6369900.0,,,,,,,,,,,,,,,
2025-05-07,,,,,,JPM,,,,,,243.5352783203125,246.5234388677099,242.98842735746476,243.98448584012095,8724100.0,,,,,,,,,,,,,,,
2025-05-08,,,,,,JPM,,,,,,247.51950073242188,249.87292678022158,245.64457673393773,245.66411138304096,8320100.0,,,,,,,,,,,,,,,
2025-05-09,,,,,,JPM,,,,,,247.13865661621094,249.51160240858812,246.41602360630893,248.52531868880288,5087600.0,,,,,,,,,,,,,,,
2025-05-12,,,,,,JPM,,,,,,253.94500732421875,257.4116847639064,252.62672400889193,256.7281061698435,9603900.0,,,,,,,,,,,,,,,
2025-05-13,,,,,,JPM,,,,,,256.8355407714844,257.4800500721763,254.27705311794927,254.90201286940857,8589000.0,,,,,,,,,,,,,,,
2025-05-14,,,,,,JPM,,,,,,259.40380859375,260.38033243913924,256.13244775146745,256.82577133737385,8643100.0,,,,,,,,,,,,,,,
2025-05-15,,,,,,JPM,,,,,,261.21038818359375,263.1927306581205,258.54449680817817,260.70260644569237,9214600.0,,,,,,,,,,,,,,,
2025-05-16,,,,,,JPM,,,,,,261.27874755859375,262.15761315969064,258.4956483208318,261.2201585052637,8932900.0,,,,,,,,,,,,,,,
2025-05-19,,,,,,JPM,,,,,,258.6616516113281,262.0208961622138,255.78089422806747,259.3159059261038,12145000.0,,,,,,,,,,,,,,,
2025-05-20,,,,,,JPM,,,,,,259.4428405761719,260.3998446453458,256.14218530617444,256.3570217379832,8436300.0,,,,,,,,,,,,,,,
2025-05-21,,,,,,JPM,,,,,,254.91180419921875,259.41356502066975,254.60908417787425,258.1440958860731,7464000.0,,,,,,,,,,,,,,,
2025-05-22,,,,,,JPM,,,,,,254.5504608154297,256.1421695061678,252.79270017238227,253.34932586607096,6514100.0,,,,,,,,,,,,,,,
2025-05-23,,,,,,JPM,,,,,,254.5895233154297,255.8394726451303,249.9901043492613,250.78108627971244,6671800.0,,,,,,,,,,,,,,,
2025-05-27,,,,,,JPM,,,,,,259.06201171875,259.0717566921421,255.83946524243134,255.8883093139594,7506600.0,,,,,,,,,,,,,,,
2025-05-28,,,,,,JPM,,,,,,257.30426025390625,260.45844302460614,256.7281147573034,259.9897008471859,5535400.0,,,,,,,,,,,,,,,
2025-05-29,,,,,,JPM,,,,,,258.1636047363281,259.17919788181575,256.3668044334763,258.5835028383828,5081200.0,,,,,,,,,,,,,,,
2025-05-30,,,,,,JPM,,,,,,257.80230712890625,259.10107079095377,256.56213251620557,257.265230909512,10977700.0,,,,,,,,,,,,,,,
2025-06-02,,,,,,JPM,,,,,,258.4468078613281,258.8081169206428,255.75159247660167,256.84529442949264,6011200.0,,,,,,,,,,,,,,,
2025-06-03,,,,,,JPM,,,,,,260.01898193359375,260.32170192801004,256.70858174263634,257.53863293425644,6998400.0,,,,,,,,,,,,,,,
2025-06-04,,,,,,JPM,,,,,,258.0171203613281,260.8490334291481,257.9780510648975,259.67722274650265,5915700.0,,,,,,,,,,,,,,,
2025-06-05,,,,,,JPM,,,,,,255.80043029785156,258.5249103385397,254.1989169051607,258.5249103385397,8173800.0,,,,,,,,,,,,,,,
2025-06-06,,,,,,JPM,,,,,,259.49169921875,260.39008449229345,258.056207934954,258.12454195712064,7738100.0,,,,,,,,,,,,,,,
2025-06-09,,,,,,JPM,,,,,,260.47796630859375,261.61073756854347,257.1675659016327,259.75534818459647,8285000.0,,,,,,,,,,,,,,,
2025-06-10,,,,,,JPM,,,,,,262.2943115234375,262.58725675736963,259.6088709415357,259.63816546492893,7538100.0,,,,,,,,,,,,,,,
2025-06-11,,,,,,JPM,,,,,,261.8548278808594,263.2903189321121,259.55024622096454,262.3723842570994,7434100.0,,,,,,,,,,,,,,,
2025-06-12,,,,,,JPM,,,,,,261.9427795410156,261.9916236200851,258.9155790822762,260.5951716975012,6618000.0,,,,,,,,,,,,,,,
2025-06-13,,,,,,JPM,,,,,,258.7300109863281,260.75139274608847,256.5425772552077,258.85693405632503,7098300.0,,,,,,,,,,,,,,,
2025-06-16,,,,,,JPM,,,,,,264.012939453125,265.3508019866292,260.58536145007355,260.73183404829985,8566000.0,,,,,,,,,,,,,,,
2025-06-17,,,,,,JPM,,,,,,263.19268798828125,264.2375756229939,261.51306583381086,261.87440467845437,6739300.0,,,,,,,,,,,,,,,
2025-06-18,,,,,,JPM,,,,,,267.5284423828125,271.200181276507,263.3879911545291,263.6614166167527,9586400.0,,,,,,,,,,,,,,,
2025-06-20,,,,,,JPM,,,,,,268.5440368652344,270.79002961674195,267.3819711943445,269.1006625666469,13969700.0,,,,,,,,,,,,,,,
2025-06-23,,,,,,JPM,,,,,,271.7373046875,272.0107301972778,265.72191367124316,268.60267120020006,8094600.0,,,,,,,,,,,,,,,
2025-06-24,,,,,,JPM,,,,,,274.6571044921875,276.0730461780452,272.94818777394573,273.6317365805569,9267900.0,,,,,,,,,,,,,,,
2025-06-25,,,,,,JPM,,,,,,277.3913879394531,277.60622439824255,274.31534348949015,274.89148903780136,6826900.0,,,,,,,,,,,,,,,
2025-06-26,,,,,,JPM,,,,,,281.97125244140625,282.61576173740934,277.79173169250225,278.0163428990485,8942100.0,,,,,,,,,,,,,,,
2025-06-27,,,,,,JPM,,,,,,280.3697204589844,281.92241945147737,278.34833893885445,279.10025150036057,17868600.0,,,,,,,,,,,,,,,
2025-06-30,,,,,,JPM,,,,,,283.1040344238281,285.77970025058426,282.13728534359143,283.5825215764878,12689200.0,,,,,,,,,,,,,,,
2025-07-01,,,,,,JPM,,,,,,283.59228515625,284.2953834962509,279.86195702454677,284.0610273166312,9338300.0,,,,,,,,,,,,,,,
2025-07-02,,,,,,JPM,,,,,,285.14495849609375,285.9457151893501,282.89896560647867,285.18402779363225,8158700.0,,,,,,,,,,,,,,,
2025-07-03,,,,,,JPM,,,,,,290.443603515625,290.8360888827844,285.74351114178125,286.66586822419856,6541600.0,,,,,,,,,,,,,,,
2025-07-07,,,,,,JPM,,,,,,286.4892578125,290.4828645965253,284.6347217587213,289.7076857742013,8825700.0,,,,,,,,,,,,,,,
2025-07-08,,,,,,JPM,,,,,,277.47174072265625,284.26185381377417,275.04810559551106,283.83990288185674,15440900.0,,,,,,,,,,,,,,,
2025-07-09,,,,,,JPM,,,,,,277.8446350097656,281.8088060970764,277.1774068900867,281.7891623646238,11273800.0,,,,,,,,,,,,,,,
2025-07-10,,,,,,JPM,,,,,,282.78021240234375,282.89795501811136,277.687634657396,277.687634657396,8410900.0,,,,,,,,,,,,,,,
2025-07-11,,,,,,JPM,,,,,,281.4751281738281,281.9853860406829,278.3253938002881,280.16028588065166,7384700.0,,,,,,,,,,,,,,,
2025-07-14,,,,,,JPM,,,,,,283.2806701660156,283.8693832899546,279.9052418467557,281.6812629749765,9079900.0,,,,,,,,,,,,,,,
2025-07-15,,,,,,JPM,,,,,,281.1709899902344,286.46964738040805,280.121098345475,282.5937831680985,12526100.0,,,,,,,,,,,,,,,
2025-07-16,,,,,,JPM,,,,,,280.4547119140625,285.2725470105113,277.6974624718264,282.9862680414337,9979800.0,,,,,,,,,,,,,,,
2025-07-17,,,,,,JPM,,,,,,284.4580993652344,284.85058472552134,278.11937245969557,278.11937245969557,8509500.0,,,,,,,,,,,,,,,
2025-07-18,,,,,,JPM,,,,,,285.8023681640625,287.009289803847,282.819455566978,284.08521856694546,12217000.0,,,,,,,,,,,,,,,
2025-07-21,,,,,,JPM,,,,,,285.50799560546875,288.65773001934355,285.125302200427,285.5374312562634,7898100.0,,,,,,,,,,,,,,,
2025-07-22,,,,,,JPM,,,,,,285.9593811035156,288.11809552877634,283.75161723688194,286.0280742772089,6717500.0,,,,,,,,,,,,,,,
2025-07-23,,,,,,JPM,,,,,,291.1893615722656,291.4150249489527,287.0583682777473,287.3429329100002,7083500.0,,,,,,,,,,,,,,,
2025-07-24,,,,,,JPM,,,,,,290.9832763671875,293.9662191525474,290.6398703754944,291.83697024730424,7001200.0,,,,,,,,,,,,,,,
2025-07-25,,,,,,JPM,,,,,,293.014404296875,293.2891470363467,290.4043332995373,291.1304626389869,5918500.0,,,,,,,,,,,,,,,
2025-07-28,,,,,,JPM,,,,,,292.6808166503906,293.809223362686,291.24823151855605,292.0724598113122,5840400.0,,,,,,,,,,,,,,,
2025-07-29,,,,,,JPM,,,,,,291.4640808105469,295.63430134586406,290.63985258046154,294.36850837533046,7635700.0,,,,,,,,,,,,,,,
2025-07-30,,,,,,JPM,,,,,,294.0054626464844,294.9670472888904,291.79769880383014,291.83695632333047,8061700.0,,,,,,,,,,,,,,,
2025-07-31,,,,,,JPM,,,,,,290.6790771484375,295.33011989507037,289.9529777509294,293.5246633224064,14749700.0,,,,,,,,,,,,,,,
2025-08-01,,,,,,JPM,,,,,,283.9380798339844,286.32245784834123,278.9043729516421,284.9487439683445,12007100.0,,,,,,,,,,,,,,,
2025-08-04,,,,,,JPM,,,,,,288.7362365722656,288.7951078721262,284.8113235431083,284.8113235431083,6649500.0,,,,,,,,,,,,,,,
2025-08-05,,,,,,JPM,,,,,,285.9005126953125,290.2375553774225,281.84803463230764,289.15819815384634,7182300.0,,,,,,,,,,,,,,,
2025-08-06,,,,,,JPM,,,,,,285.8808898925781,287.784475314663,284.71322574362773,286.8130388717205,6330200.0,,,,,,,,,,,,,,,
2025-08-07,,,,,,JPM,,,,,,281.5537109375,287.95131003993225,281.0336610252057,287.4410819950435,8057100.0,,,,,,,,,,,,,,,
2025-08-08,,,,,,JPM,,,,,,283.3395080566406,285.7631432800269,279.365515270513,283.55537949152693,6634100.0,,,,,,,,,,,,,,,
2025-08-11,,,,,,JPM,,,,,,284.1244812011719,285.8514526951056,283.3591242790355,283.9674810703858,5510100.0,,,,,,,,,,,,,,,
2025-08-12,,,,,,JPM,,,,,,287.35272216796875,289.21705000432985,284.88982947960193,286.02805793473163,8570900.0,,,,,,,,,,,,,,,
2025-08-13,,,,,,JPM,,,,,,285.0762939453125,289.0208214451698,281.7695589346143,288.43210834423235,8420400.0,,,,,,,,,,,,,,,
2025-08-14,,,,,,JPM,,,,,,288.6381530761719,288.67741059714604,284.20301143696577,285.1253385944976,6322400.0,,,,,,,,,,,,,,,
2025-08-15,,,,,,JPM,,,,,,285.03704833984375,289.9530125511936,284.37964203474183,289.30539816837313,7340500.0,,,,,,,,,,,,,,,
2025-08-18,,,,,,JPM,,,,,,286.0574951171875,286.4205448097455,282.9960675051489,284.5562169634104,5386900.0,,,,,,,,,,,,,,,
2025-08-19,,,,,,JPM,,,,,,285.2038269042969,286.98966963229896,284.0950341122438,285.3706189495528,6031500.0,,,,,,,,,,,,,,,
2025-08-20,,,,,,JPM,,,,,,286.754150390625,287.8236856501562,281.8774445149503,285.35100110061984,7374200.0,,,,,,,,,,,,,,,
2025-08-21,,,,,,JPM,,,,,,285.9986572265625,287.27424223237057,284.0362003285711,286.45983579537915,6624000.0,,,,,,,,,,,,,,,
2025-08-22,,,,,,JPM,,,,,,290.6790771484375,291.5818204071259,284.6837862966605,287.6961645212777,8552800.0,,,,,,,,,,,,,,,
2025-08-25,,,,,,JPM,,,,,,289.3642272949219,291.76824867106194,288.61851412970407,290.6790696581532,5856300.0,,,,,,,,,,,,,,,
2025-08-26,,,,,,JPM,,,,,,292.96539306640625,293.1321851381712,287.9905575097444,288.6381718968291,6714700.0,,,,,,,,,,,,,,,
2025-08-27,,,,,,JPM,,,,,,293.6620178222656,295.41842494390727,291.46407591230917,291.6701254801894,6056500.0,,,,,,,,,,,,,,,
2025-08-28,,,,,,JPM,,,,,,295.4184265136719,295.5852185641284,293.0929201153854,294.38811877937053,6410500.0,,,,,,,,,,,,,,,
2025-08-29,,,,,,JPM,,,,,,295.7618713378906,297.2631495608047,294.10359298088383,296.37022814205386,6796400.0,,,,,,,,,,,,,,,
2025-09-02,,,,,,JPM,,,,,,294.0741882324219,294.81990151683937,288.97178814468,294.6236737871366,7221900.0,,,,,,,,,,,,,,,
2025-09-03,,,,,,JPM,,,,,,293.8876953125,294.9277949064193,290.8164459674565,294.9277949064193,6316900.0,,,,,,,,,,,,,,,
2025-09-04,,,,,,JPM,,,,,,298.1167907714844,298.71532566399185,292.68077757800086,294.3684914601609,6605800.0,,,,,,,,,,,,,,,
2025-09-05,,,,,,JPM,,,,,,288.85400390625,299.4218223620716,288.78531073562726,297.9499798501053,9837700.0,,,,,,,,,,,,,,,
2025-09-08,,,,,,JPM,,,,,,287.4115905761719,290.89493913151904,285.9691837491296,289.3544334283243,8188500.0,,,,,,,,,,,,,,,
2025-09-09,,,,,,JPM,,,,,,292.2588806152344,293.3872872696363,286.8228669749493,287.1074315912692,7848200.0,,,,,,,,,,,,,,,
2025-09-10,,,,,,JPM,,,,,,294.8984069824219,295.8796354332035,289.8548783719408,291.1304933247864,7787300.0,,,,,,,,,,,,,,,
2025-09-11,,,,,,JPM,,,,,,299.8241271972656,299.9909491896388,295.1436788264331,295.5852136096933,7942500.0,,,,,,,,,,,,,,,
2025-09-12,,,,,,JPM,,,,,,301.1488037109375,301.7767742987404,297.9990690164523,299.27465392414524,6846700.0,,,,,,,,,,,,,,,
2025-09-15,,,,,,JPM,,,,,,303.1014404296875,304.13174819496044,301.40393449781925,301.40393449781925,7122000.0,,,,,,,,,,,,,,,
2025-09-16,,,,,,JPM,,,,,,303.3860168457031,305.06390905534744,301.3646887009418,304.18080946841434,10525600.0,,,,,,,,,,,,,,,
2025-09-17,,,,,,JPM,,,,,,305.8979187011719,307.03614710830897,302.9738476236277,304.56346260331446,8657800.0,,,,,,,,,,,,,,,
2025-09-18,,,,,,JPM,,,,,,307.3501892089844,307.556238792954,303.7981171700278,305.9372178866198,8050700.0,,,,,,,,,,,,,,,
2025-09-19,,,,,,JPM,,,,,,308.8710632324219,309.8719053836384,303.31730709863126,307.7132209495945,23568600.0,,,,,,,,,,,,,,,
2025-09-22,,,,,,JPM,,,,,,306.5749816894531,307.8113389670314,303.74903930910966,303.9845245259009,7520200.0,,,,,,,,,,,,,,,
2025-09-23,,,,,,JPM,,,,,,306.8693542480469,310.37234675445063,304.74989735202223,305.9666409066948,8584400.0,,,,,,,,,,,,,,,
2025-09-24,,,,,,JPM,,,,,,307.5365905761719,310.6372456892681,305.8194410309901,308.15473925887954,7310500.0,,,,,,,,,,,,,,,
2025-09-25,,,,,,JPM,,,,,,307.5660400390625,309.72472445454315,305.94698929656073,308.2234462682717,7083200.0,,,,,,,,,,,,,,,
2025-09-26,,,,,,JPM,,,,,,310.1270446777344,311.8441943720275,307.8113600348933,308.9888161441515,7258100.0,,,,,,,,,,,,,,,
2025-09-29,,,,,,JPM,,,,,,309.7640075683594,312.0404647281687,307.7721150397051,311.10828573544467,6462400.0,,,,,,,,,,,,,,,
2025-09-30,,,,,,JPM,,,,,,309.50885009765625,311.45169300349573,304.28870810842403,310.31346452838187,11823300.0,,,,,,,,,,,,,,,
2025-10-01,,,,,,JPM,,,,,,304.8774719238281,308.68464295873514,301.6394301376976,308.07628613361976,9235200.0,,,,,,,,,,,,,,,
2025-10-02,,,,,,JPM,,,,,,301.77679443359375,304.73030161726365,300.39328868596704,304.1808160870063,7600000.0,,,,,,,,,,,,,,,
2025-10-03,,,,,,JPM,,,,,,304.2102355957031,305.80964265751953,302.4243927447969,302.718779227698,6029900.0,,,,,,,,,,,,,,,
2025-10-06,,,,,,JPM,,,,,,304.8511047363281,307.38512889871987,300.8578215934895,305.8371035459471,7214500.0,,,,,,,,,,,,,,,
2025-10-07,,,,,,JPM,,,,,,303.3819885253906,305.66951307877287,300.43386159315816,305.01875022701944,8454200.0,,,,,,,,,,,,,,,
2025-10-08,,,,,,JPM,,,,,,299.7732238769531,304.4567183318842,299.2999336047902,303.8946917756213,6489900.0,,,,,,,,,,,,,,,
2025-10-09,,,,,,JPM,,,,,,301.25225830078125,303.72712529673134,299.1422361925597,300.7789679717848,7060300.0,,,,,,,,,,,,,,,
2025-10-10,,,,,,JPM,,,,,,296.6772155761719,306.1230715472904,296.5983188157025,301.3804193716138,8597400.0,,,,,,,,,,,,,,,
2025-10-13,,,,,,JPM,,,,,,303.6580505371094,305.1271791148808,301.17334440263704,301.321238204041,10788700.0,,,,,,,,,,,,,,,
2025-10-14,,,,,,JPM,,,,,,297.85052490234375,302.70165257420854,290.0907186231138,301.5578902761218,16178800.0,,,,,,,,,,,,,,,
2025-10-15,,,,,,JPM,,,,,,301.40997314453125,307.7499381556482,301.1634734465224,302.1001843350741,11354800.0,,,,,,,,,,,,,,,
2025-10-16,,,,,,JPM,,,,,,294.360107421875,304.3581201926382,292.9106878973514,301.0747572360179,10549400.0,,,,,,,,,,,,,,,
2025-10-17,,,,,,JPM,,,,,,293.3938293457031,295.3559575215809,290.08088749555986,294.97143359875633,10153500.0,,,,,,,,,,,,,,,
2025-10-20,,,,,,JPM,,,,,,298.1266174316406,299.43801283887467,293.9854400437148,294.3206760639065,6894900.0,,,,,,,,,,,,,,,
2025-10-21,,,,,,JPM,,,,,,292.9303894042969,299.7929328501146,292.8416531202475,297.436411288458,7372700.0,,,,,,,,,,,,,,,
2025-10-22,,,,,,JPM,,,,,,289.9920959472656,293.8868032880077,286.4721030595595,293.6008552074487,8054100.0,,,,,,,,,,,,,,,
2025-10-23,,,,,,JPM,,,,,,290.4161071777344,292.2204718178062,288.4145307332595,290.25834375227123,5438800.0,,,,,,,,,,,,,,,
2025-10-24,,,,,,JPM,,,,,,296.2334899902344,298.36325106738366,291.31336547241364,291.93451945757295,7228300.0,,,,,,,,,,,,,,,
2025-10-27,,,,,,JPM,,,,,,299.8915710449219,300.26625545589764,296.7955500258321,297.9294427867379,5642200.0,,,,,,,,,,,,,,,
2025-10-28,,,,,,JPM,,,,,,301.0845947265625,303.6580673748709,298.915415308335,300.59159530101573,6336000.0,,,,,,,,,,,,,,,
2025-10-29,,,,,,JPM,,,,,,301.2325134277344,303.93414060421026,298.7675163425421,299.2605157595805,7520300.0,,,,,,,,,,,,,,,
2025-10-30,,,,,,JPM,,,,,,305.10748291015625,308.2330823767899,300.82825156305904,301.50859316866377,7514600.0,,,,,,,,,,,,,,,
2025-10-31,,,,,,JPM,,,,,,306.7639465332031,308.4894444595929,302.9481359332913,304.22008283002725,7721300.0,,,,,,,,,,,,,,,
2025-11-03,,,,,,JPM,,,,,,305.01873779296875,307.94715546133403,301.92268708722753,306.64562981088375,7770000.0,,,,,,,,,,,,,,,
2025-11-04,,,,,,JPM,,,,,,304.920166015625,307.84858401169095,300.82827651560933,302.415720333495,7085200.0,,,,,,,,,,,,,,,
2025-11-05,,,,,,JPM,,,,,,307.3161315917969,308.7162632770978,301.35085025066564,305.27510663609064,6865200.0,,,,,,,,,,,,,,,
2025-11-06,,,,,,JPM,,,,,,309.0317687988281,310.4318702971036,305.9160088624015,306.6357687557767,7206100.0,,,,,,,,,,,,,,,
2025-11-07,,,,,,JPM,,,,,,309.8106689453125,310.02758988101914,303.3326798145578,307.5231746391179,7302300.0,,,,,,,,,,,,,,,
2025-11-10,,,,,,JPM,,,,,,312.4531555175781,315.08575530581015,309.81065602274725,310.5896034535161,5794100.0,,,,,,,,,,,,,,,
2025-11-11,,,,,,JPM,,,,,,311.2009582519531,314.58292715130625,310.86572224729366,313.05464094031504,5030200.0,,,,,,,,,,,,,,,
2025-11-12,,,,,,JPM,,,,,,315.92388916015625,317.7381233989844,311.782682032414,311.83200002815875,10578300.0,,,,,,,,,,,,,,,
2025-11-13,,,,,,JPM,,,,,,305.1469421386719,316.14082355780937,304.7722577523736,314.7604311532612,8973300.0,,,,,,,,,,,,,,,
2025-11-14,,,,,,JPM,,,,,,299.3591003417969,303.3327046462357,297.0124483237873,303.20451997960254,10327000.0,,,,,,,,,,,,,,,
2025-11-17,,,,,,JPM,,,,,,296.1644592285156,301.31137424610444,293.5022804823602,299.74363974118836,8344000.0,,,,,,,,,,,,,,,
2025-11-18,,,,,,JPM,,,,,,295.2179260253906,298.70837045931603,292.8613742767781,295.3066623130797,8077300.0,,,,,,,,,,,,,,,
2025-11-19,,,,,,JPM,,,,,,299.02386474609375,300.1873662746028,295.0798692888629,295.5432899586994,5546600.0,,,,,,,,,,,,,,,
2025-11-20,,,,,,JPM,,,,,,294.2023620605469,305.58079800315744,293.98544109490615,302.05090502503106,7501600.0,,,,,,,,,,,,,,,
2025-11-21,,,,,,JPM,,,,,,293.84735107421875,297.456110287291,288.71030575970536,297.0715864028587,11766800.0,,,,,,,,,,,,,,,
2025-11-24,,,,,,JPM,,,,,,293.8276672363281,295.6221924256846,290.386540762355,294.0642973394352,10940200.0,,,,,,,,,,,,,,,
2025-11-25,,,,,,JPM,,,,,,298.7576599121094,300.236658228506,291.42182585555855,295.848951187077,8877200.0,,,,,,,,,,,,,,,
2025-11-26,,,,,,JPM,,,,,,303.33270263671875,304.21022597199055,298.95486530692773,300.7296512123902,7910900.0,,,,,,,,,,,,,,,
2025-11-28,,,,,,JPM,,,,,,308.6965026855469,309.3275563846455,303.9242719247256,304.7722465716023,4322400.0,,,,,,,,,,,,,,,
2025-12-01,,,,,,JPM,,,,,,304.59478759765625,309.6430970545817,304.2201032083801,308.5683618849884,7727300.0,,,,,,,,,,,,,,,
2025-12-02,,,,,,JPM,,,,,,303.5693054199219,306.13290823405146,302.79035796814105,304.41724991681934,7249000.0,,,,,,,,,,,,,,,
2025-12-03,,,,,,JPM,,,,,,307.75982666015625,307.98658713845214,302.50443592551073,302.89885953876745,8535300.0,,,,,,,,,,,,,,,
2025-12-04,,,,,,JPM,,,,,,311.6742248535156,314.03074632461573,308.6176225735461,308.87399188892334,9627800.0,,,,,,,,,,,,,,,
2025-12-05,,,,,,JPM,,,,,,310.6290588378906,314.0208969911127,310.2740836361238,311.2206641139725,6518900.0,,,,,,,,,,,,,,,
2025-12-08,,,,,,JPM,,,,,,310.79669189453125,312.0390600856641,308.96274846028484,310.64879808375287,7417200.0,,,,,,,,,,,,,,,
2025-12-09,,,,,,JPM,,,,,,296.30255126953125,314.336450228146,295.8193913272319,310.5403783790639,18049200.0,,,,,,,,,,,,,,,
2025-12-10,,,,,,JPM,,,,,,305.7680969238281,306.8329925602339,294.2812160390869,296.2926621709551,18874100.0,,,,,,,,,,,,,,,
2025-12-11,,,,,,JPM,,,,,,312.9363098144531,313.5476242674454,304.9102649889192,304.9102649889192,9721900.0,,,,,,,,,,,,,,,
2025-12-12,,,,,,JPM,,,,,,314.06036376953125,315.7858618718594,312.16726270211575,315.2041261224818,8982900.0,,,,,,,,,,,,,,,
2025-12-15,,,,,,JPM,,,,,,315.5393371582031,318.3593094805321,313.9321843288561,315.1153648797306,10864100.0,,,,,,,,,,,,,,,
2025-12-16,,,,,,JPM,,,,,,311.1319274902344,315.0463441586525,309.9980348220149,314.6223718715413,8331300.0,,,,,,,,,,,,,,,
2025-12-17,,,,,,JPM,,,,,,310.5699157714844,314.8984348971578,310.254388930852,313.97159360923496,8718700.0,,,,,,,,,,,,,,,
2025-12-18,,,,,,JPM,,,,,,308.6176452636719,313.2518519730792,307.84856735129125,311.57564186364317,11444900.0,,,,,,,,,,,,,,,
2025-12-19,,,,,,JPM,,,,,,312.7686767578125,314.099781180705,308.8049723403709,309.39657764946713,24494400.0,,,,,,,,,,,,,,,
2025-12-22,,,,,,JPM,,,,,,318.56634521484375,318.7043994886834,313.0644852104395,313.0644852104395,8354600.0,,,,,,,,,,,,,,,
2025-12-23,,,,,,JPM,,,,,,321.3666076660156,323.1907116116738,318.56637445826755,319.07908304324746,6668300.0,,,,,,,,,,,,,,,
2025-12-24,,,,,,JPM,,,,,,324.561279296875,325.3697755465356,320.94265000334224,321.67227957875514,4289300.0,,,,,,,,,,,,,,,
2025-12-26,,,,,,JPM,,,,,,323.3188781738281,326.2275566521161,321.96806459862194,324.502058709128,4158300.0,,,,,,,,,,,,,,,
2025-12-29,,,,,,JPM,,,,,,319.2171325683594,323.1808371734579,319.0002116144308,322.4216288798564,8635300.0,,,,,,,,,,,,,,,
2025-12-30,,,,,,JPM,,,,,,318.89178466796875,320.39049219725354,317.97478280166575,320.2623075229155,7904300.0,,,,,,,,,,,,,,,
2025-12-31,,,,,,JPM,,,,,,317.70855712890625,320.3313177342217,317.5310845539587,319.79886991908165,5048500.0,,,,,,,,,,,,,,,
2026-01-02,,,,,,JPM,,,,,,320.92291259765625,321.1694123071354,316.2492576445291,317.9846252281575,8054000.0,,,,,,,,,,,,,,,
2026-01-05,,,,,,JPM,,,,,,329.3630676269531,332.5281155423397,320.63697169770103,320.942628937084,10752600.0,,,,,,,,,,,,,,,
2026-01-06,,,,,,JPM,,,,,,331.41326904296875,332.6612412306879,327.49110960074296,329.44229029813283,7660800.0,,,,,,,,,,,,,,,
2026-01-07,,,,,,JPM,,,,,,323.8660583496094,328.9767653957764,321.49890717343806,327.9764350864437,9815200.0,,,,,,,,,,,,,,,
2026-01-08,,,,,,JPM,,,,,,326.63934326171875,328.2339475379842,322.53888044956136,323.27183137637843,11737100.0,,,,,,,,,,,,,,,
2026-01-09,,,,,,JPM,,,,,,326.0450744628906,328.7291759216584,325.0348299492433,326.1936353875406,6738100.0,,,,,,,,,,,,,,,
2026-01-12,,,,,,JPM,,,,,,321.3899841308594,322.90536610933975,318.16114900395775,318.8049332018166,12805100.0,,,,,,,,,,,,,,,
2026-01-13,,,,,,JPM,,,,,,307.9298095703125,323.73732718365267,307.6029755260753,321.20178657189985,19371200.0,,,,,,,,,,,,,,,
2026-01-14,,,,,,JPM,,,,,,304.9287414550781,308.78159262538577,303.19546018048277,305.2556057077196,25951500.0,,,,,,,,,,,,,,,
2026-01-15,,,,,,JPM,,,,,,306.30548095703125,309.95031666446005,304.8098971346673,305.5230197927318,14751400.0,,,,,,,,,,,,,,,
2026-01-16,,,,,,JPM,,,,,,309.48480224609375,314.17950872864606,307.0383983149945,307.38506061636195,14652500.0,,,,,,,,,,,,,,,
2026-01-20,,,,,,JPM,,,,,,299.8477478027344,308.1774060521912,298.9761500928895,303.2845981841295,12900600.0,,,,,,,,,,,,,,,
2026-01-21,,,,,,JPM,,,,,,299.15447998046875,302.4823658305288,298.2729680555718,300.53118494697816,10270100.0,,,,,,,,,,,,,,,
2026-01-22,,,,,,JPM,,,,,,300.729248046875,305.2555953909441,300.0062112868251,301.9474777854751,10535800.0,,,,,,,,,,,,,,,
2026-01-23,,,,,,JPM,,,,,,294.875732421875,299.4813025896872,293.67730062328087,299.11484222180513,11107900.0,,,,,,,,,,,,,,,
2026-01-26,,,,,,JPM,,,,,,298.1640319824219,298.8969527426069,294.60833256531976,294.96487880777863,11752700.0,,,,,,,,,,,,,,,
2026-01-27,,,,,,JPM,,,,,,297.44097900390625,299.08512378237486,295.3016109870806,298.45122352878457,11527400.0,,,,,,,,,,,,,,,
2026-01-28,,,,,,JPM,,,,,,297.89654541015625,299.03558292254246,295.2025300603667,297.4013222225187,9556700.0,,,,,,,,,,,,,,,
2026-01-29,,,,,,JPM,,,,,,303.49261474609375,303.898671192008,299.3327275624257,299.51100066931883,11580000.0,,,,,,,,,,,,,,,
2026-01-30,,,,,,JPM,,,,,,302.9676818847656,304.98817089860455,299.66947824936375,302.333781642444,11953200.0,,,,,,,,,,,,,,,
2026-02-02,,,,,,JPM,,,,,,305.1961669921875,306.3450582127215,298.49082554616626,301.55130128288636,9839400.0,,,,,,,,,,,,,,,
2026-02-03,,,,,,JPM,,,,,,311.8420715332031,313.22869052113475,306.14700443281885,306.77099053389486,12688000.0,,,,,,,,,,,,,,,
2026-02-04,,,,,,JPM,,,,,,314.23895263671875,316.25947197584406,311.40629013300924,311.40629013300924,9848800.0,,,,,,,,,,,,,,,
2026-02-05,,,,,,JPM,,,,,,307.1968688964844,312.9909865673853,302.6210112179966,311.99062599899656,9388000.0,,,,,,,,,,,,,,,
2026-02-06,,,,,,JPM,,,,,,319.3199462890625,321.15227836348157,311.7034102684662,311.7034102684662,17797400.0,,,,,,,,,,,,,,,
2026-02-09,,,,,,JPM,,,,,,319.0228271484375,323.2817350541263,317.05181803840316,318.27007812796035,11477500.0,,,,,,,,,,,,,,,
2026-02-10,,,,,,JPM,,,,,,315.2392883300781,323.01429884581904,312.1094739861534,319.4684837021083,9902200.0,,,,,,,,,,,,,,,
2026-02-11,,,,,,JPM,,,,,,307.8505554199219,322.1724018130651,305.78052608370194,320.1518827061323,8703500.0,,,,,,,,,,,,,,,
2026-02-12,,,,,,JPM,,,,,,299.7487487792969,310.6238322045743,297.1537535117247,309.2966374972976,13443400.0,,,,,,,,,,,,,,,
2026-02-13,,,,,,JPM,,,,,,299.6595764160156,301.3829738793206,293.6871852314235,295.66807823097014,9114500.0,,,,,,,,,,,,,,,
2026-02-17,,,,,,JPM,,,,,,304.1958312988281,305.29521237973853,299.6100592744303,299.8675850307636,8896800.0,,,,,,,,,,,,,,,
2026-02-18,,,,,,JPM,,,,,,305.8300476074219,309.2966101142475,304.2849535938903,305.51309749540866,7209600.0,,,,,,,,,,,,,,,
2026-02-19,,,,,,JPM,,,,,,305.10699462890625,306.2262038721237,302.2049939958365,304.2354272061944,6737700.0,,,,,,,,,,,,,,,
2026-02-20,,,,,,JPM,,,,,,307.82086181640625,308.0288471084009,302.75966472033866,305.4536802835111,7792700.0,,,,,,,,,,,,,,,
2026-02-23,,,,,,JPM,,,,,,294.8262023925781,308.02884001734253,292.2807478108573,305.84984577889935,12955400.0,,,,,,,,,,,,,,,
2026-02-24,,,,,,JPM,,,,,,294.459716796875,296.886322684036,288.5962907533433,293.98432184665864,13554100.0,,,,,,,,,,,,,,,
2026-02-25,,,,,,JPM,,,,,,300.40240478515625,300.75898123488724,294.1725181992404,295.7869507950724,8095500.0,,,,,,,,,,,,,,,
2026-02-26,,,,,,JPM,,,,,,303.20538330078125,306.05787397622345,300.73918125790124,301.67017313360896,7007800.0,,,,,,,,,,,,,,,
2026-02-27,,,,,,JPM,,,,,,297.4310607910156,300.0557680991628,291.636973162459,297.13393894248406,18620800.0,,,,,,,,,,,,,,,
2026-03-02,,,,,,JPM,,,,,,294.7172546386719,297.11414843979566,290.4088063693875,291.9935267958635,8508900.0,,,,,,,,,,,,,,,
2026-03-03,,,,,,JPM,,,,,,297.3914489746094,299.5011046657454,286.73423592223537,289.4975898716125,10278200.0,,,,,,,,,,,,,,,
2026-03-04,,,,,,JPM,,,,,,296.52978515625,298.12438947518206,292.99388398032096,297.12402886142485,8055700.0,,,,,,,,,,,,,,,
2026-03-05,,,,,,JPM,,,,,,290.74554443359375,298.3620800816865,289.63624924146006,295.1332451958745,12732500.0,,,,,,,,,,,,,,,
2026-03-06,,,,,,JPM,,,,,,286.7144470214844,287.21955415339994,280.99955170429564,283.6044306839189,13496500.0,,,,,,,,,,,,,,,
2026-03-09,,,,,,JPM,,,,,,287.1502685546875,288.31898819476027,277.77073879547015,282.7724816341387,12241100.0,,,,,,,,,,,,,,,
2026-03-10,,,,,,JPM,,,,,,285.97161865234375,289.9532025593205,284.43640849634494,286.52626625452876,8344900.0,,,,,,,,,,,,,,,
2026-03-11,,,,,,JPM,,,,,,284.77313232421875,287.70487537204474,282.13854132603683,286.05081661783123,10205000.0,,,,,,,,,,,,,,,
2026-03-12,,,,,,JPM,,,,,,280.1874084472656,281.167940752382,276.4336079693154,280.1279538528093,13760500.0,,,,,,,,,,,,,,,
2026-03-13,,,,,,JPM,,,,,,280.7321472167969,284.4463214441296,280.2468381234208,281.9504072447318,9091200.0,,,,,,,,,,,,,,,
2026-03-16,,,,,,JPM,,,,,,283.4261474609375,286.506421278288,281.89093739443587,283.6044205599556,8149000.0,,,,,,,,,,,,,,,
2026-03-17,,,,,,JPM,,,,,,284.1492004394531,288.97266988082987,283.2181783456238,286.23902796907333,8961200.0,,,,,,,,,,,,,,,
2026-03-18,,,,,,JPM,,,,,,284.9910583496094,286.6451172582804,282.3960934275981,284.08974843243266,10057000.0,,,,,,,,,,,,,,,
2026-03-19,,,,,,JPM,,,,,,285.2188415527344,286.7441374214082,281.9008401776293,284.1392586396808,9846700.0,,,,,,,,,,,,,,,
2026-03-20,,,,,,JPM,,,,,,283.8223571777344,287.9327042603992,282.54467268192724,285.32782503235495,22436500.0,,,,,,,,,,,,,,,
2026-03-23,,,,,,JPM,,,,,,287.14031982421875,292.9245231806114,285.2188513876401,291.4982779446762,11470800.0,,,,,,,,,,,,,,,
2026-03-24,,,,,,JPM,,,,,,289.6065368652344,292.6571288676103,282.64369950840546,283.4360748065673,11092300.0,,,,,,,,,,,,,,,
2026-03-25,,,,,,JPM,,,,,,292.59771728515625,294.7965097163498,289.6461758443202,291.3398308899875,12188200.0,,,,,,,,,,,,,,,
2026-03-26,,,,,,JPM,,,,,,288.8736267089844,292.1718002190451,287.95251872814185,289.78482055260446,8669200.0,,,,,,,,,,,,,,,
2026-03-27,,,,,,JPM,,,,,,280.13787841796875,287.3384134369941,279.05829538327214,286.3777093696089,9873300.0,,,,,,,,,,,,,,,
2026-03-30,,,,,,JPM,,,,,,281.0589904785156,284.50575515603197,279.6327451103039,282.01972478590784,11734400.0,,,,,,,,,,,,,,,
2026-03-31,,,,,,JPM,,,,,,291.3497314453125,292.25104134220237,282.22772810140145,285.71408872506316,12956900.0,,,,,,,,,,,,,,,
2026-04-01,,,,,,JPM,,,,,,292.5580749511719,295.8661624411999,290.1116710297465,292.567989087923,11267200.0,,,,,,,,,,,,,,,
2026-04-02,,,,,,JPM,,,,,,291.7855224609375,292.7957669317203,285.9616926535428,289.1212191631598,6669300.0,,,,,,,,,,,,,,,
2026-04-06,,,,,,JPM,,,,,,294.125,295.4987855589938,291.88509063240025,292.7412191857173,7142600.0,,,,,,,,,,,,,,,
2026-04-07,,,,,,JPM,,,,,,296.0662536621094,296.8427544058445,291.38734983011653,291.8253790066561,7849100.0,,,,,,,,,,,,,,,
2026-04-08,,,,,,JPM,,,,,,306.5888366699219,309.8640903908154,303.96066179364243,306.5888366699219,10590200.0,,,,,,,,,,,,,,,
2026-04-09,,,,,,JPM,,,,,,308.938232421875,309.8640846884941,304.73715687535,305.5734164156603,6586600.0,,,,,,,,,,,,,,,
2026-04-10,,,,,,JPM,,,,,,308.4803161621094,308.9581744354404,305.344449093958,308.6097380099313,6069700.0,,,,,,,,,,,,,,,
2026-04-13,,,,,,JPM,,,,,,312.2732238769531,312.33295236293975,304.0900871089203,306.0910825316173,8318200.0,,,,,,,,,,,,,,,
2026-04-14,,,,,,JPM,,,,,,309.7247009277344,312.91036189245165,307.4847916064935,308.4305432499699,11455500.0,,,,,,,,,,,,,,,
2026-04-15,,,,,,JPM,,,,,,304.5579833984375,312.8307129741003,302.8954898881459,312.54203541599225,9885800.0,,,,,,,,,,,,,,,
2026-04-16,,,,,,JPM,,,,,,308.5599670410156,308.5599670410156,303.8312695552229,303.98059076810495,8208600.0,,,,,,,,,,,,,,,
2026-04-17,,,,,,JPM,,,,,,308.8984375,313.4877482505245,308.69932229637936,311.068653468178,11082400.0,,,,,,,,,,,,,,,
2026-04-20,,,,,,JPM,,,,,,315.5683898925781,315.70777661938337,308.9780833700189,309.45594165814435,10772000.0,,,,,,,,,,,,,,,
2026-04-21,,,,,,JPM,,,,,,311.5962829589844,318.8038038717339,311.3474041387296,316.0661368489313,7084300.0,,,,,,,,,,,,,,,
2026-04-22,,,,,,JPM,,,,,,311.6161804199219,313.73663281642627,310.5410372905177,313.43799038623484,5545900.0,,,,,,,,,,,,,,,
2026-04-23,,,,,,JPM,,,,,,310.29217529296875,313.57736372602733,307.5047445243564,312.11395497732667,6969700.0,,,,,,,,,,,,,,,
2026-04-24,,,,,,JPM,,,,,,306.8974609375,309.7545850384977,306.5092257615542,309.7545850384977,5215300.0,,,,,,,,,,,,,,,
2026-04-27,,,,,,JPM,,,,,,310.232421875,311.1781431330245,305.50372444273444,305.50372444273444,7925300.0,,,,,,,,,,,,,,,
2026-04-28,,,,,,JPM,,,,,,310.0532531738281,314.03531438457196,309.7745101043047,313.78643555890045,7398600.0,,,,,,,,,,,,,,,
2026-04-29,,,,,,JPM,,,,,,307.86309814453125,310.65052875636707,305.91189671624613,309.1771855961317,8031800.0,,,,,,,,,,,,,,,
2026-04-30,,,,,,JPM,,,,,,311.82525634765625,312.6913497643884,305.1951210592971,305.6928786901284,8865400.0,,,,,,,,,,,,,,,
2026-05-01,,,,,,JPM,,,,,,311.06866455078125,314.6624601726697,310.43152018106696,312.54203812020876,6135400.0,,,,,,,,,,,,,,,
2026-05-04,,,,,,JPM,,,,,,306.270263671875,309.2568094519629,305.13539207341324,309.22694520939064,7338200.0,,,,,,,,,,,,,,,
2026-05-05,,,,,,JPM,,,,,,308.0124206542969,309.5753869306937,305.42407485773,306.32999740556414,6316800.0,,,,,,,,,,,,,,,
2026-05-06,,,,,,JPM,,,,,,313.4877624511719,314.84167905955115,309.95369528217543,310.0532528884956,8629500.0,,,,,,,,,,,,,,,
2026-05-07,,,,,,JPM,,,,,,304.8964538574219,314.8814709002291,304.76706239082745,313.23887676443206,8359600.0,,,,,,,,,,,,,,,
2026-05-08,,,,,,JPM,,,,,,300.74517822265625,307.60426284206056,299.1523476664256,306.86759124184925,9464300.0,,,,,,,,,,,,,,,
2026-05-11,,,,,,JPM,,,,,,298.6545715332031,301.83026757429667,297.5395993270601,300.74515961007836,9512000.0,,,,,,,,,,,,,,,
2026-05-12,,,,,,JPM,,,,,,303.5126953125,304.6873960201211,294.2245209852311,298.67447538308426,9498200.0,,,,,,,,,,,,,,,
2026-05-13,,,,,,JPM,,,,,,298.9034729003906,301.6411400127173,298.72428743531935,300.91440289675086,7709500.0,,,,,,,,,,,,,,,
2026-05-14,,,,,,JPM,,,,,,298.56500244140625,302.38777761395096,297.4699295162906,300.8945046380796,7364300.0,,,,,,,,,,,,,,,
2026-05-15,,,,,,JPM,,,,,,296.4743957519531,299.44104214981957,295.1205095874812,298.86362628854243,8699300.0,,,,,,,,,,,,,,,
2026-05-18,,,,,,JPM,,,,,,299.3813171386719,299.908939014877,295.8870488301784,296.6635495230975,7546300.0,,,,,,,,,,,,,,,
2026-05-19,,,,,,JPM,,,,,,294.3738708496094,300.436555061437,293.935841710235,299.7396822358739,8066900.0,,,,,,,,,,,,,,,
2026-05-20,,,,,,JPM,,,,,,300.625732421875,301.57145376364997,292.35300240137923,295.3694126574367,9327000.0,,,,,,,,,,,,,,,
2026-05-21,,,,,,JPM,,,,,,301.6411437988281,302.6167597554335,298.8636475324957,299.8790926087445,7874400.0,,,,,,,,,,,,,,,
2026-05-22,,,,,,JPM,,,,,,305.0059814453125,306.07119010408854,302.4773640852478,303.31359328873907,5973900.0,,,,,,,,,,,,,,,
2026-05-26,,,,,,JPM,,,,,,305.3643493652344,308.54004556072954,304.0701916446211,307.1065011172144,7725400.0,,,,,,,,,,,,,,,
2026-05-27,,,,,,JPM,,,,,,297.93780517578125,304.52811132231307,294.42363753054383,303.63215366632585,11779200.0,,,,,,,,,,,,,,,
2026-05-28,,,,,,JPM,,,,,,295.3992614746094,299.7197941661088,294.4236455581874,296.23549066837876,9757700.0,,,,,,,,,,,,,,,
2026-05-29,,,,,,JPM,,,,,,297.9676818847656,298.53513289689414,293.87612858626386,295.070728717322,13969000.0,,,,,,,,,,,,,,,
2026-06-01,,,,,,JPM,,,,,,295.2499084472656,298.20659004481905,293.94578586060317,296.3549462063085,7930000.0,,,,,,,,,,,,,,,
2026-06-02,,,,,,JPM,,,,,,299.6102600097656,300.7152977310929,293.9457758280521,295.17027051801705,8296200.0,,,,,,,,,,,,,,,
2026-06-03,,,,,,JPM,,,,,,299.50079345703125,300.60580089187994,295.23002417973413,298.5749714904202,7003900.0,,,,,,,,,,,,,,,
2026-06-04,,,,,,JPM,,,,,,309.4957580566406,311.5066879726736,303.0746723882986,304.36883009196185,10345200.0,,,,,,,,,,,,,,,
2026-06-05,,,,,,JPM,,,,,,310.9691162109375,313.58732636819616,308.211549706599,312.8805189963161,9118800.0,,,,,,,,,,,,,,,
2026-06-08,,,,,,JPM,,,,,,309.7147521972656,314.88147906470095,309.3862455138746,311.84516953437026,6827000.0,,,,,,,,,,,,,,,
2026-06-09,,,,,,JPM,,,,,,311.2976379394531,315.0009559692908,307.62418415256917,312.1040028799189,11594600.0,,,,,,,,,,,,,,,
2026-06-10,,,,,,JPM,,,,,,307.75360107421875,313.3384270822022,307.64407859799763,311.1582462393224,7446200.0,,,,,,,,,,,,,,,
2026-06-11,,,,,,JPM,,,,,,312.0840759277344,313.30857066124145,307.4947650619962,308.1717081621576,9116600.0,,,,,,,,,,,,,,,
2026-06-12,,,,,,JPM,,,,,,319.28167724609375,319.85906276888113,314.1348496322589,314.5529794375797,7426200.0,,,,,,,,,,,,,,,
2026-06-15,,,,,,JPM,,,,,,317.96759033203125,324.4583697274161,317.41010417767774,322.4673390673774,7988900.0,,,,,,,,,,,,,,,
2026-06-16,,,,,,JPM,,,,,,329.6549377441406,330.26218746993305,322.56684357389287,322.8455866314347,11094900.0,,,,,,,,,,,,,,,
2026-06-17,,,,,,JPM,,,,,,331.9645080566406,336.25517637046335,330.01330666560995,330.69024974688585,12246400.0,,,,,,,,,,,,,,,
2026-06-18,,,,,,JPM,,,,,,323.761474609375,336.57375116590936,322.70623086248213,335.4388795655989,20111000.0,,,,,,,,,,,,,,,
2026-06-22,,,,,,JPM,,,,,,329.993408203125,331.2776010100568,325.28461010223134,328.22139226156105,10182500.0,,,,,,,,,,,,,,,
2026-06-23,,,,,,JPM,,,,,,332.6414794921875,333.86594380335947,325.7425357353925,327.9924099173137,7582200.0,,,,,,,,,,,,,,,
2026-06-24,,,,,,JPM,,,,,,331.95458984375,333.02973300317086,328.291070440402,331.57628916780243,7907400.0,,,,,,,,,,,,,,,
2026-06-25,,,,,,JPM,,,,,,333.6170654296875,341.90972446819404,333.2586945227413,333.4577793441399,10043100.0,,,,,,,,,,,,,,,
2026-06-26,,,,,,JPM,,,,,,327.57427978515625,334.8913229247855,326.03124330500606,334.49312290223526,17640900.0,,,,,,,,,,,,,,,
2026-06-29,,,,,,JPM,,,,,,327.91278076171875,330.8993264933345,325.73259994718205,326.80774304304947,7981800.0,,,,,,,,,,,,,,,
2026-06-30,,,,,,JPM,,,,,,325.86199951171875,328.95806779511634,325.2149206632551,327.41503128103255,8080100.0,,,,,,,,,,,,,,,
2026-07-01,,,,,,JPM,,,,,,332.5718078613281,334.13477419390347,323.5524415571975,326.89735842569155,15210200.0,,,,,,,,,,,,,,,
2026-07-02,,,,,,JPM,,,,,,332.9700012207031,338.4751995750331,330.2820977776739,336.5040683580973,8413900.0,,,,,,,,,,,,,,,
2026-07-06,,,,,,JPM,,,,,,337.7200012207031,339.7200012207031,334.1099853515625,335.0,8673500.0,,,,,,,,,,,,,,,
2026-07-07,,,,,,JPM,,,,,,339.2200012207031,341.3999938964844,337.0899963378906,340.9800109863281,7115800.0,,,,,,,,,,,,,,,
2026-07-08,,,,,,JPM,,,,,,330.6199951171875,336.5299987792969,330.1300048828125,336.5299987792969,18505200.0,,,,,,,,,,,,,,,
2026-07-09,,,,,,JPM,,,,,,335.4700012207031,337.0,330.80999755859375,331.4599914550781,15570600.0,,,,,,,,,,,,,,,
2026-07-10,,,,,,JPM,,,,,,336.4700012207031,338.5899963378906,335.7699890136719,337.4700012207031,6299000.0,,,,,,,,,,,,,,,
2026-07-13,,,,,,JPM,,,,,,334.5299987792969,338.3500061035156,332.5,338.3399963378906,7120300.0,,,,,,,,,,,,,,,
2026-07-14,,,,,,JPM,,,,,,342.8900146484375,344.7300109863281,325.75,327.0,14537900.0,,,,,,,,,,,,,,,
2026-07-15,,,,,,JPM,,,,,,346.9100036621094,351.239990234375,344.04998779296875,345.8500061035156,10750000.0,,,,,,,,,,,,,,,
2026-07-16,,,,,,JPM,,,,,,343.1499938964844,349.3399963378906,341.1099853515625,349.2799987792969,12432400.0,,,,,,,,,,,,,,,
2026-07-17,,,,,,JPM,,,,,,341.1000061035156,346.1300048828125,335.04998779296875,339.0299987792969,9250900.0,,,,,,,,,,,,,,,
2026-07-20,,,,,,JPM,,,,,,338.8699951171875,344.260009765625,337.3699951171875,341.79998779296875,7723300.0,,,,,,,,,,,,,,,
2026-07-21,,,,,,JPM,,,,,,345.2300109863281,345.739990234375,337.29998779296875,340.1199951171875,6015300.0,,,,,,,,,,,,,,,
2026-07-22,,,,,,JPM,,,,,,348.2099914550781,349.07000732421875,344.25,345.07000732421875,8040200.0,,,,,,,,,,,,,,,
2026-07-23,,,,,,JPM,,,,,,349.8999938964844,349.9200134277344,345.4200134277344,346.5799865722656,10913000.0,,,,,,,,,,,,,,,
2026-07-24,,,,,,JPM,,,,,,353.2099914550781,353.3699951171875,347.5,350.6400146484375,7520800.0,,,,,,,,,,,,,,,
2026-07-27,,,,,,JPM,,,,,,356.20001220703125,359.04998779296875,352.5799865722656,357.8900146484375,7884900.0,,,,,,,,,,,,,,,
2026-07-28,,,,,,JPM,,,,,,357.30999755859375,359.29998779296875,354.1499938964844,357.29998779296875,6533800.0,,,,,,,,,,,,,,,
2026-07-29,,,,,,JPM,,,,,,344.7099914550781,357.3699951171875,343.7799987792969,356.5,8265300.0,,,,,,,,,,,,,,,
2026-07-30,,,,,,JPM,,,,,,350.8500061035156,352.2799987792969,345.3699951171875,347.5400085449219,7606500.0,,,,,,,,,,,,,,,
2026-07-31,,,,,,JPM,,,,,,351.7900085449219,354.4700012207031,349.70001220703125,353.29998779296875,6603400.0,,,,,,,,,,,,,,,
2026-08-03,,,,,,JPM,,,,,,352.6400146484375,355.6199951171875,350.8399963378906,353.75,6436600.0,,,,,,,,,,,,,,,
2026-08-04,,,,,,JPM,,,,,,357.5199890136719,363.0,353.8699951171875,355.0,8477200.0,,,,,,,,,,,,,,,
2026-08-05,,,,,,JPM,,,,,,359.239990234375,362.1700134277344,358.20001220703125,358.9700012207031,5269500.0,,,,,,,,,,,,,,,
2026-08-06,,,,,,JPM,,,,,,356.29998779296875,362.80999755859375,354.95001220703125,362.80999755859375,5820100.0,,,,,,,,,,,,,,,
2026-08-07,,,,,,JPM,,,,,,357.5199890136719,358.8500061035156,353.3299865722656,355.760009765625,4566200.0,,,,,,,,,,,,,,,
2026-08-10,,,,,,JPM,,,,,,359.7900085449219,359.989990234375,356.5,357.9599914550781,5327500.0,,,,,,,,,,,,,,,
2026-08-11,,,,,,JPM,,,,,,362.0400085449219,363.1199951171875,358.6000061035156,360.04998779296875,4576500.0,,,,,,,,,,,,,,,
2026-08-12,,,,,,JPM,,,,,,365.17999267578125,366.0899963378906,361.29998779296875,362.9700012207031,4366800.0,,,,,,,,,,,,,,,
2026-08-13,,,,,,JPM,,,,,,363.1099853515625,366.5,361.5199890136719,366.5,5102700.0,,,,,,,,,,,,,,,
2026-08-14,,,,,,JPM,,,,,,362.8399963378906,365.8999938964844,361.45001220703125,363.0,5058600.0,,,,,,,,,,,,,,,
2026-08-17,,,,,,JPM,,,,,,360.9599914550781,365.75,360.9599914550781,361.94000244140625,5282600.0,,,,,,,,,,,,,,,
2026-08-18,,,,,,JPM,,,,,,363.25,363.57000732421875,359.2699890136719,362.3399963378906,5525100.0,,,,,,,,,,,,,,,
2026-08-19,,,,,,JPM,,,,,,357.260009765625,363.04998779296875,355.6499938964844,363.010009765625,6696200.0,,,,,,,,,,,,,,,
2026-08-20,,,,,,JPM,,,,,,351.54998779296875,357.95001220703125,351.54998779296875,357.6000061035156,6799700.0,,,,,,,,,,,,,,,
2026-08-21,,,,,,JPM,,,,,,351.5799865722656,356.8599853515625,350.3699951171875,354.07000732421875,8112100.0,,,,,,,,,,,,,,,
2026-08-24,,,,,,JPM,,,,,,356.3900146484375,358.2799987792969,352.82000732421875,353.29998779296875,4394400.0,,,,,,,,,,,,,,,
2026-08-25,,,,,,JPM,,,,,,356.69000244140625,357.3699951171875,353.07000732421875,357.0,4298000.0,,,,,,,,,,,,,,,
2026-08-26,,,,,,JPM,,,,,,356.5,358.3500061035156,354.6000061035156,356.5,5796500.0,,,,,,,,,,,,,,,
2026-08-27,,,,,,JPM,,,,,,354.2200012207031,357.57000732421875,352.2300109863281,354.67999267578125,5209900.0,,,,,,,,,,,,,,,
2026-08-28,,,,,,JPM,,,,,,357.6199951171875,358.7300109863281,354.2200012207031,355.6700134277344,3914500.0,,,,,,,,,,,,,,,
2026-08-31,,,,,,JPM,,,,,,356.0199890136719,357.7699890136719,354.7699890136719,355.8999938964844,7962900.0,,,,,,,,,,,,,,,
2026-09-01,,,,,,JPM,,,,,,354.95001220703125,359.92999267578125,354.1199951171875,355.7300109863281,5079000.0,,,,,,,,,,,,,,,
2026-09-02,,,,,,JPM,,,,,,356.2200012207031,361.4700012207031,353.7900085449219,357.54998779296875,5341400.0,,,,,,,,,,,,,,,
2026-09-03,,,,,,JPM,,,,,,362.05999755859375,362.8500061035156,356.3900146484375,358.67999267578125,5414200.0,,,,,,,,,,,,,,,
2026-09-04,,,,,,JPM,,,,,,358.6400146484375,362.8599853515625,355.20001220703125,361.0,4873500.0,,,,,,,,,,,,,,,
2026-09-08,,,,,,JPM,,,,,,353.510009765625,358.54998779296875,353.2300109863281,357.1000061035156,5631400.0,,,,,,,,,,,,,,,
2026-09-09,,,,,,JPM,,,,,,354.7099914550781,356.3299865722656,348.69000244140625,352.0,6318200.0,,,,,,,,,,,,,,,
2026-09-10,,,,,,JPM,,,,,,353.55999755859375,354.2200012207031,351.1199951171875,353.510009765625,4184200.0,,,,,,,,,,,,,,,
2026-09-11,,,,,,JPM,,,,,,356.2300109863281,360.04998779296875,354.7900085449219,358.32000732421875,5354600.0,,,,,,,,,,,,,,,
2026-09-14,,,,,,JPM,,,,,,350.1300048828125,355.2799987792969,347.54998779296875,354.2300109863281,9609900.0,,,,,,,,,,,,,,,
2026-09-15,,,,,,JPM,,,,,,352.489990234375,354.70001220703125,343.07000732421875,351.0,14026500.0,,,,,,,,,,,,,,,
2026-09-16,,,,,,JPM,,,,,,348.9200134277344,355.6000061035156,344.69000244140625,353.3800048828125,8303400.0,,,,,,,,,,,,,,,
2026-09-17,,,,,,JPM,,,,,,349.30999755859375,353.489990234375,345.2699890136719,352.25,6480100.0,,,,,,,,,,,,,,,
2026-09-18,,,,,,JPM,,,,,,349.6700134277344,349.6700134277344,345.010009765625,347.8900146484375,18312400.0,,,,,,,,,,,,,,,
2026-09-21,,,,,,JPM,,,,,,352.0400085449219,354.5,350.0799865722656,353.6700134277344,6414700.0,,,,,,,,,,,,,,,
2026-09-22,,,,,,JPM,,,,,,340.0,352.1000061035156,337.29998779296875,352.0,11485600.0,,,,,,,,,,,,,,,
2026-09-23,,,,,,JPM,,,,,,337.5299987792969,341.44000244140625,336.9800109863281,337.6099853515625,7068500.0,,,,,,,,,,,,,,,
2026-09-24,,,,,,JPM,,,,,,338.55999755859375,339.3699951171875,335.2799987792969,338.1199951171875,6934300.0,,,,,,,,,,,,,,,
2026-09-25,,,,,,JPM,,,,,,343.05999755859375,343.30999755859375,338.6400146484375,340.7699890136719,11460300.0,,,,,,,,,,,,,,,
2021-09-27,,,,,,KO,,,,,,,,,,,46.31169128417969,46.86456302113204,46.27713597677629,46.519016537849076,12429500.0,,,,,,,,,,
2021-09-28,,,,,,KO,,,,,,,,,,,45.47373962402344,46.182106893145175,45.29232921750146,46.182106893145175,19926100.0,,,,,,,,,,
2021-09-29,,,,,,KO,,,,,,,,,,,45.750179290771484,45.92295253323655,45.404636101216866,45.47374342097759,13941500.0,,,,,,,,,,
2021-09-30,,,,,,KO,,,,,,,,,,,45.32687759399414,46.06980005424339,45.29232229459308,45.93157885663913,17672000.0,,,,,,,,,,
2021-10-01,,,,,,KO,,,,,,,,,,,45.80200958251953,45.957505162137366,45.41327063347496,45.594681044570656,16277400.0,,,,,,,,,,
2021-10-04,,,,,,KO,,,,,,,,,,,45.77609634399414,46.242579803705375,45.26641710314955,45.836566483130326,18973400.0,,,,,,,,,,
2021-10-05,,,,,,KO,,,,,,,,,,,45.85384750366211,46.19075353083934,45.72426674149748,45.80201453972112,17173100.0,,,,,,,,,,
2021-10-06,,,,,,KO,,,,,,,,,,,46.3980712890625,46.44990424461738,45.36143524559084,45.586041424286854,21284500.0,,,,,,,,,,
2021-10-07,,,,,,KO,,,,,,,,,,,46.54494094848633,46.89048418303346,46.48447080005619,46.639966408983966,13774400.0,,,,,,,,,,
2021-10-08,,,,,,KO,,,,,,,,,,,46.752254486083984,46.985497840885486,46.562206908204146,46.64859187129725,13786800.0,,,,,,,,,,
2021-10-11,,,,,,KO,,,,,,,,,,,46.84728240966797,46.985500335179495,46.65723152632389,46.83000475705712,12378500.0,,,,,,,,,,
2021-10-12,,,,,,KO,,,,,,,,,,,46.84728240966797,47.36560210186765,46.83864523105019,47.01141516640813,19474400.0,,,,,,,,,,
2021-10-13,,,,,,KO,,,,,,,,,,,46.85592269897461,47.020055455067826,46.467183755200914,46.795449267387355,12143300.0,,,,,,,,,,
2021-10-14,,,,,,KO,,,,,,,,,,,47.1755485534668,47.34832177443966,46.91639036969505,46.98549768085914,13704000.0,,,,,,,,,,
2021-10-15,,,,,,KO,,,,,,,,,,,47.063255310058594,47.40880182428456,46.89912252825794,47.20147325667382,17867000.0,,,,,,,,,,
2021-10-18,,,,,,KO,,,,,,,,,,,46.59675979614258,46.98549872815263,46.527652483438104,46.95094342411281,15861800.0,,,,,,,,,,
2021-10-19,,,,,,KO,,,,,,,,,,,46.77817916870117,46.82137165630247,46.4499103312553,46.683153718752976,11068500.0,,,,,,,,,,
2021-10-20,,,,,,KO,,,,,,,,,,,47.192832946777344,47.30513275538333,46.7436238262267,46.804093967899334,12474800.0,,,,,,,,,,
2021-10-21,,,,,,KO,,,,,,,,,,,46.95094680786133,47.227382669352245,46.83000653038098,47.16691253061207,14388300.0,,,,,,,,,,
2021-10-22,,,,,,KO,,,,,,,,,,,47.03732681274414,47.10643411829144,46.70905804911367,46.98549386205254,12828600.0,,,,,,,,,,
2021-10-25,,,,,,KO,,,,,,,,,,,46.84728240966797,47.0546109456229,46.66587200031696,46.97686315656171,11855000.0,,,,,,,,,,
2021-10-26,,,,,,KO,,,,,,,,,,,47.05460739135742,47.149632825851725,46.84727887106303,46.925026654251546,12086700.0,,,,,,,,,,
2021-10-27,,,,,,KO,,,,,,,,,,,47.961666107177734,48.445430492334346,47.74570039341813,48.350405051020076,24019800.0,,,,,,,,,,
2021-10-28,,,,,,KO,,,,,,,,,,,48.41087341308594,48.4713435470925,48.0480493136714,48.1603524034158,15928000.0,,,,,,,,,,
2021-10-29,,,,,,KO,,,,,,,,,,,48.69594955444336,48.782337819547145,48.1862703241448,48.264018115050526,24463700.0,,,,,,,,,,
2021-11-01,,,,,,KO,,,,,,,,,,,48.52317428588867,48.72186563961206,48.28993421832251,48.71322516577615,11651100.0,,,,,,,,,,
2021-11-02,,,,,,KO,,,,,,,,,,,48.46270751953125,48.808253998734415,48.35040771485935,48.78233916617559,11498900.0,,,,,,,,,,
2021-11-03,,,,,,KO,,,,,,,,,,,48.62684631347656,48.66140162241439,48.186274362958386,48.376325266740785,10788300.0,,,,,,,,,,
2021-11-04,,,,,,KO,,,,,,,,,,,48.8946418762207,48.920560005695066,48.40224025609119,48.47135087418863,10820200.0,,,,,,,,,,
2021-11-05,,,,,,KO,,,,,,,,,,,49.10197067260742,49.378406555582814,48.886004933071916,49.10197067260742,12886700.0,,,,,,,,,,
2021-11-08,,,,,,KO,,,,,,,,,,,48.661399841308594,49.14516096722896,48.48862659831896,49.024220685748865,12828000.0,,,,,,,,,,
2021-11-09,,,,,,KO,,,,,,,,,,,48.79962158203125,48.82553641711911,48.454075069106175,48.73051096129593,10155800.0,,,,,,,,,,
2021-11-10,,,,,,KO,,,,,,,,,,,48.99830627441406,49.17107622351523,48.62684495217058,48.84281068392258,8813600.0,,,,,,,,,,
2021-11-11,,,,,,KO,,,,,,,,,,,49.01556396484375,49.13650419810702,48.868705613471064,49.09331172842359,7257700.0,,,,,,,,,,
2021-11-12,,,,,,KO,,,,,,,,,,,48.90327835083008,49.2315471691889,48.85144539149699,49.02421862723191,10162500.0,,,,,,,,,,
2021-11-15,,,,,,KO,,,,,,,,,,,48.91191482543945,48.963747784026225,48.609564138788265,48.834167035246956,10289200.0,,,,,,,,,,
2021-11-16,,,,,,KO,,,,,,,,,,,48.56637191772461,49.1883509472626,48.54045379060299,48.91191509071786,13756500.0,,,,,,,,,,
2021-11-17,,,,,,KO,,,,,,,,,,,48.29857635498047,48.4195166380969,48.07397344281789,48.41087945874954,13288700.0,,,,,,,,,,
2021-11-18,,,,,,KO,,,,,,,,,,,47.866641998291016,48.31585109086031,47.63339862549299,48.22946612110195,15380100.0,,,,,,,,,,
2021-11-19,,,,,,KO,,,,,,,,,,,47.62477493286133,47.93576618465729,47.42608680985309,47.89257039217073,15813700.0,,,,,,,,,,
2021-11-22,,,,,,KO,,,,,,,,,,,47.91847610473633,48.39360004053449,47.58157010108628,47.59884445915128,16905600.0,,,,,,,,,,
2021-11-23,,,,,,KO,,,,,,,,,,,48.27265548706055,48.471343540967744,47.94438669151271,48.08260461142099,13835900.0,,,,,,,,,,
2021-11-24,,,,,,KO,,,,,,,,,,,47.88391876220703,48.238102404240415,47.53837229883896,48.12579930933949,12598900.0,,,,,,,,,,
2021-11-26,,,,,,KO,,,,,,,,,,,46.415348052978516,47.296488508304265,46.28577060963287,47.15827059151052,14754300.0,,,,,,,,,,
2021-11-29,,,,,,KO,,,,,,,,,,,47.149635314941406,47.27921276351281,46.58812315167306,46.69178576960522,22712500.0,,,,,,,,,,
2021-11-30,,,,,,KO,,,,,,,,,,,45.66097640991211,46.688239809618125,45.652268930411154,46.66212069204567,30485200.0,,,,,,,,,,
2021-12-01,,,,,,KO,,,,,,,,,,,45.530391693115234,46.592478390151555,45.512980054696385,46.12237411563412,18719600.0,,,,,,,,,,
2021-12-02,,,,,,KO,,,,,,,,,,,46.200721740722656,46.43577386227418,45.71320586036428,45.79155656754813,17074200.0,,,,,,,,,,
2021-12-03,,,,,,KO,,,,,,,,,,,46.60988998413086,46.67082905807349,46.122374071659394,46.427072762302984,21064400.0,,,,,,,,,,
2021-12-06,,,,,,KO,,,,,,,,,,,47.80255126953125,48.09854243272367,47.13221824345048,47.28021548551165,26624100.0,,,,,,,,,,
2021-12-07,,,,,,KO,,,,,,,,,,,48.063720703125,48.2465379013025,47.75031789428927,47.898315141097264,23832700.0,,,,,,,,,,
2021-12-08,,,,,,KO,,,,,,,,,,,47.88091278076172,48.18560817008521,47.32375359975268,47.98537929696825,18026300.0,,,,,,,,,,
2021-12-09,,,,,,KO,,,,,,,,,,,47.759033203125,47.994085348289595,47.523981057960405,47.663270849065654,13846400.0,,,,,,,,,,
2021-12-10,,,,,,KO,,,,,,,,,,,48.99522018432617,49.030043455583204,47.94184113577546,48.09854253550217,23153600.0,,,,,,,,,,
2021-12-13,,,,,,KO,,,,,,,,,,,50.28366470336914,50.43166198510043,49.58721569768579,49.60462733794422,31362800.0,,,,,,,,,,
2021-12-14,,,,,,KO,,,,,,,,,,,50.318477630615234,50.640584606794185,49.97025485988749,49.97025485988749,24806600.0,,,,,,,,,,
2021-12-15,,,,,,KO,,,,,,,,,,,50.54482650756836,50.710232077608524,50.187896251533125,50.43165252757762,24923800.0,,,,,,,,,,
2021-12-16,,,,,,KO,,,,,,,,,,,51.05845260620117,51.258681428386964,50.40553123436192,50.47517445380793,24696900.0,,,,,,,,,,
2021-12-17,,,,,,KO,,,,,,,,,,,50.25754165649414,51.293509195507234,50.231425860337694,50.91917060718697,51874400.0,,,,,,,,,,
2021-12-20,,,,,,KO,,,,,,,,,,,50.09214401245117,50.301077056652424,49.62203968160206,49.79615276572368,20879500.0,,,,,,,,,,
2021-12-21,,,,,,KO,,,,,,,,,,,50.292362213134766,50.46647526026912,50.08342589238751,50.15307243961331,15864900.0,,,,,,,,,,
2021-12-22,,,,,,KO,,,,,,,,,,,50.649295806884766,50.65799996539716,50.04860924161813,50.24013061726424,12447400.0,,,,,,,,,,
2021-12-23,,,,,,KO,,,,,,,,,,,50.684120178222656,51.023638823360464,50.44036056251233,50.945288111334015,11027300.0,,,,,,,,,,
2021-12-27,,,,,,KO,,,,,,,,,,,51.05845260620117,51.093272555459265,50.492586088901895,50.492586088901895,9860000.0,,,,,,,,,,
2021-12-28,,,,,,KO,,,,,,,,,,,51.258697509765625,51.310929110504276,50.75376989641947,50.840828099202014,8979900.0,,,,,,,,,,
2021-12-29,,,,,,KO,,,,,,,,,,,51.31963348388672,51.45021579875758,51.067169692500116,51.31963348388672,9996000.0,,,,,,,,,,
2021-12-30,,,,,,KO,,,,,,,,,,,51.17163848876953,51.56339209269983,51.154226848491426,51.41539813173217,7703900.0,,,,,,,,,,
2021-12-31,,,,,,KO,,,,,,,,,,,51.54597091674805,51.66784905521728,51.10198579504865,51.1455132272262,10021300.0,,,,,,,,,,
2022-01-03,,,,,,KO,,,,,,,,,,,51.624324798583984,51.633032278113234,50.82340937027394,51.206455446300865,20187300.0,,,,,,,,,,
2022-01-04,,,,,,KO,,,,,,,,,,,52.486183166503906,52.703823663972315,51.87678910940629,51.99866725663972,26141600.0,,,,,,,,,,
2022-01-05,,,,,,KO,,,,,,,,,,,52.92145919799805,53.27838944753294,52.27724192470257,52.31206519805479,22507300.0,,,,,,,,,,
2022-01-06,,,,,,KO,,,,,,,,,,,52.642879486083984,53.208742732077276,52.616760370687594,52.642879486083984,17902300.0,,,,,,,,,,
2022-01-07,,,,,,KO,,,,,,,,,,,52.5210075378418,52.86052618962038,52.28595539716496,52.47747678069643,12307900.0,,,,,,,,,,
2022-01-10,,,,,,KO,,,,,,,,,,,52.608070373535156,52.947589076706564,52.39042983858621,52.71253690044997,20954300.0,,,,,,,,,,
2022-01-11,,,,,,KO,,,,,,,,,,,52.62547302246094,52.66029629912578,52.094429676578606,52.60806138412851,19369600.0,,,,,,,,,,
2022-01-12,,,,,,KO,,,,,,,,,,,52.70383071899414,52.83441304239688,52.39913198919263,52.69512323820876,15753800.0,,,,,,,,,,
2022-01-13,,,,,,KO,,,,,,,,,,,53.01722717285156,53.13910532160494,52.573238692758004,52.70382432123975,14318000.0,,,,,,,,,,
2022-01-14,,,,,,KO,,,,,,,,,,,53.44379806518555,53.49603297819549,52.547120311228575,53.05204451993676,19729600.0,,,,,,,,,,
2022-01-18,,,,,,KO,,,,,,,,,,,53.01722717285156,53.2696876291562,52.6254736083368,53.1565169601312,21976700.0,,,,,,,,,,
2022-01-19,,,,,,KO,,,,,,,,,,,53.104286193847656,53.2609876318974,52.721240079132016,52.808294957634885,18654700.0,,,,,,,,,,
2022-01-20,,,,,,KO,,,,,,,,,,,52.88663864135742,53.487325193353975,52.86052284546679,53.10427912959346,23002400.0,,,,,,,,,,
2022-01-21,,,,,,KO,,,,,,,,,,,52.62547302246094,53.36544938647145,52.5819455870951,53.17392800667569,26643200.0,,,,,,,,,,
2022-01-24,,,,,,KO,,,,,,,,,,,52.19889831542969,52.53841697443864,50.98881762986214,52.146666719231746,30185100.0,,,,,,,,,,
2022-01-25,,,,,,KO,,,,,,,,,,,52.07701873779297,52.27724759990982,51.09328274484453,51.676561013559265,19027100.0,,,,,,,,,,
2022-01-26,,,,,,KO,,,,,,,,,,,51.885501861572266,52.538423462116874,51.54598316063803,52.0509107924394,19190200.0,,,,,,,,,,
2022-01-27,,,,,,KO,,,,,,,,,,,51.92901611328125,53.04333422786253,51.79843050632191,52.12924494193695,18893800.0,,,,,,,,,,
2022-01-28,,,,,,KO,,,,,,,,,,,52.96499252319336,53.00851995926232,51.31092338512891,51.70267695161054,19101500.0,,,,,,,,,,
2022-01-31,,,,,,KO,,,,,,,,,,,53.11299514770508,53.22616915671934,52.36431449057897,52.49489682012061,22045300.0,,,,,,,,,,
2022-02-01,,,,,,KO,,,,,,,,,,,52.72123718261719,53.2261614278685,52.37301104587586,53.02593256156793,20841700.0,,,,,,,,,,
2022-02-02,,,,,,KO,,,,,,,,,,,53.2609748840332,53.33932558430506,52.72122746045484,52.77345904668278,20225600.0,,,,,,,,,,
2022-02-03,,,,,,KO,,,,,,,,,,,53.635318756103516,53.783312683858874,52.747345226781164,53.05204056094224,19440500.0,,,,,,,,,,
2022-02-04,,,,,,KO,,,,,,,,,,,53.069461822509766,53.69626756181624,52.72994315402899,53.53086196769067,17403700.0,,,,,,,,,,
2022-02-07,,,,,,KO,,,,,,,,,,,53.626617431640625,53.73108726185344,52.982403416647244,53.43509605144472,17846400.0,,,,,,,,,,
2022-02-08,,,,,,KO,,,,,,,,,,,53.9748420715332,54.26212911531535,53.74849742082968,53.82684813086751,18771700.0,,,,,,,,,,
2022-02-09,,,,,,KO,,,,,,,,,,,53.13910675048828,54.25342507868884,53.01722859845766,54.122839446695714,23595600.0,,,,,,,,,,
2022-02-10,,,,,,KO,,,,,,,,,,,53.43509292602539,54.236008318561986,52.40782956886393,52.54711934673683,23561500.0,,,,,,,,,,
2022-02-11,,,,,,KO,,,,,,,,,,,52.486183166503906,53.957431733855366,52.364305019270475,53.77461451300521,22781400.0,,,,,,,,,,
2022-02-14,,,,,,KO,,,,,,,,,,,52.82569885253906,52.921461197410565,51.60691080660581,52.37300624464758,23641300.0,,,,,,,,,,
2022-02-15,,,,,,KO,,,,,,,,,,,53.02593231201172,53.78332033678946,52.78217600999832,53.06945974866689,13408700.0,,,,,,,,,,
2022-02-16,,,,,,KO,,,,,,,,,,,53.01722717285156,53.45250817321674,52.72123595976601,52.98240389579903,15484700.0,,,,,,,,,,
2022-02-17,,,,,,KO,,,,,,,,,,,54.07931900024414,54.21860880927452,52.59065854355735,52.712536711342565,21468700.0,,,,,,,,,,
2022-02-18,,,,,,KO,,,,,,,,,,,54.4449462890625,54.68870257746442,53.96613787073144,54.079308535529265,21975000.0,,,,,,,,,,
2022-02-22,,,,,,KO,,,,,,,,,,,54.21860122680664,54.532004083528385,53.7310886238444,54.34918685741754,21731400.0,,,,,,,,,,
2022-02-23,,,,,,KO,,,,,,,,,,,53.617923736572266,54.2621411982165,53.40028319588492,54.18379047073181,19248500.0,,,,,,,,,,
2022-02-24,,,,,,KO,,,,,,,,,,,52.67770004272461,52.77346238477303,51.55467769569987,52.207599132288045,27207400.0,,,,,,,,,,
2022-02-25,,,,,,KO,,,,,,,,,,,54.714820861816406,54.75835161895078,53.03463592108923,53.052047559756886,21487800.0,,,,,,,,,,
2022-02-28,,,,,,KO,,,,,,,,,,,54.18377685546875,54.27083172149616,53.46120884790623,53.67014517567439,25879100.0,,,,,,,,,,
2022-03-01,,,,,,KO,,,,,,,,,,,53.948734283447266,54.627771657286175,53.54827319440274,54.09672824608155,15871100.0,,,,,,,,,,
2022-03-02,,,,,,KO,,,,,,,,,,,54.34919357299805,54.740947192306706,53.78332686500433,54.175080484312986,17319100.0,,,,,,,,,,
2022-03-03,,,,,,KO,,,,,,,,,,,54.38400650024414,54.862814912265065,54.22730508235652,54.50588464283889,21262800.0,,,,,,,,,,
2022-03-04,,,,,,KO,,,,,,,,,,,54.471065521240234,54.4884771602144,53.278396479419904,53.50474114422289,17163000.0,,,,,,,,,,
2022-03-07,,,,,,KO,,,,,,,,,,,53.17392349243164,54.035777930670825,52.86052067091552,53.98354302010808,29151400.0,,,,,,,,,,
2022-03-08,,,,,,KO,,,,,,,,,,,51.06717300415039,53.5743927992433,51.00623392240602,53.49604207686755,30242100.0,,,,,,,,,,
2022-03-09,,,,,,KO,,,,,,,,,,,51.32833480834961,52.09443029948437,51.06716687210132,52.07701866094375,23022700.0,,,,,,,,,,
2022-03-10,,,,,,KO,,,,,,,,,,,50.38813781738281,51.06717522690788,50.05732327284938,50.91047377533578,20887300.0,,,,,,,,,,
2022-03-11,,,,,,KO,,,,,,,,,,,50.42294692993164,51.232569815207235,50.37071533793342,50.45777020521733,19855600.0,,,,,,,,,,
2022-03-14,,,,,,KO,,,,,,,,,,,51.352813720703125,51.79142674528101,50.85279514039248,50.85279514039248,17799400.0,,,,,,,,,,
2022-03-15,,,,,,KO,,,,,,,,,,,52.30021667480469,52.53706811218009,51.738792532737904,51.82651714640574,18607200.0,,,,,,,,,,
2022-03-16,,,,,,KO,,,,,,,,,,,52.15985870361328,52.580926794537355,51.41421792004285,52.44057076422933,17347300.0,,,,,,,,,,
2022-03-17,,,,,,KO,,,,,,,,,,,52.71250915527344,52.75636978490596,51.95809427872854,52.15985585211937,15586200.0,,,,,,,,,,
2022-03-18,,,,,,KO,,,,,,,,,,,52.721275329589844,52.89672117912009,52.37915776349904,52.89672117912009,30197800.0,,,,,,,,,,
2022-03-21,,,,,,KO,,,,,,,,,,,53.142356872558594,53.59851148370292,52.85287066350543,53.07217718078138,17440100.0,,,,,,,,,,
2022-03-22,,,,,,KO,,,,,,,,,,,53.335330963134766,53.46691617905776,52.68618570867063,53.44937126051129,17559500.0,,,,,,,,,,
2022-03-23,,,,,,KO,,,,,,,,,,,52.98445129394531,53.493240629573194,52.63355955834901,53.29147905282838,15529200.0,,,,,,,,,,
2022-03-24,,,,,,KO,,,,,,,,,,,53.49324417114258,53.52833401629568,53.037086223207666,53.19498718004482,13151300.0,,,,,,,,,,
2022-03-25,,,,,,KO,,,,,,,,,,,53.97572326660156,54.04590296397679,53.554655121406654,53.6160606834339,12259800.0,,,,,,,,,,
2022-03-28,,,,,,KO,,,,,,,,,,,54.317832946777344,54.33537786854401,53.695003282643206,53.97571533820653,11485200.0,,,,,,,,,,
2022-03-29,,,,,,KO,,,,,,,,,,,54.52836990356445,54.85294259776108,54.15993657712803,54.57223053580426,14720600.0,,,,,,,,,,
2022-03-30,,,,,,KO,,,,,,,,,,,54.57222366333008,54.57222366333008,54.00202882331583,54.39677781011365,13641000.0,,,,,,,,,,
2022-03-31,,,,,,KO,,,,,,,,,,,54.38800811767578,54.949432182183955,54.38800811767578,54.58099889473224,16822900.0,,,,,,,,,,
2022-04-01,,,,,,KO,,,,,,,,,,,55.15119552612305,55.221375209627176,54.4669603437152,54.67749604787611,12644900.0,,,,,,,,,,
2022-04-04,,,,,,KO,,,,,,,,,,,54.86171340942383,55.08101990369269,54.14238837593007,54.91434482638337,11505800.0,,,,,,,,,,
2022-04-05,,,,,,KO,,,,,,,,,,,54.8003044128418,55.47576877427825,54.712579812839536,54.73889886601587,15721200.0,,,,,,,,,,
2022-04-06,,,,,,KO,,,,,,,,,,,55.35295867919922,55.49331470386874,54.651178555851594,55.063475842347145,19267400.0,,,,,,,,,,
2022-04-07,,,,,,KO,,,,,,,,,,,55.65121078491211,55.85297234358968,55.010836269191685,55.37927289321037,13960800.0,,,,,,,,,,
2022-04-08,,,,,,KO,,,,,,,,,,,55.99333572387695,56.177552375941396,55.40559257912413,55.68630462408468,12703500.0,,,,,,,,,,
2022-04-11,,,,,,KO,,,,,,,,,,,55.97578811645508,56.40563029699522,55.82665796740391,56.063509371413616,12720100.0,,,,,,,,,,
2022-04-12,,,,,,KO,,,,,,,,,,,56.633705139160156,56.85301162646199,56.04596535943993,56.47580420059472,18089900.0,,,,,,,,,,
2022-04-13,,,,,,KO,,,,,,,,,,,56.7828483581543,56.905659476652254,56.344235308460455,56.52845198620739,11883000.0,,,,,,,,,,
2022-04-14,,,,,,KO,,,,,,,,,,,57.037227630615234,57.51970457432927,56.86178511982983,56.98459621592017,16388400.0,,,,,,,,,,
2022-04-18,,,,,,KO,,,,,,,,,,,56.52845001220703,57.177595429128324,56.30036936037379,56.817929528441155,11679400.0,,,,,,,,,,
2022-04-19,,,,,,KO,,,,,,,,,,,57.08110046386719,57.239001425161995,56.52845044568728,56.58108186855094,11993800.0,,,,,,,,,,
2022-04-20,,,,,,KO,,,,,,,,,,,57.8618278503418,58.107450066698,57.370583417629376,57.405673261780755,14827100.0,,,,,,,,,,
2022-04-21,,,,,,KO,,,,,,,,,,,58.081119537353516,58.77412872393909,57.65128076840358,57.87936135084102,15120400.0,,,,,,,,,,
2022-04-22,,,,,,KO,,,,,,,,,,,57.238990783691406,58.195163815703346,57.17758523753195,57.96708989722683,14902200.0,,,,,,,,,,
2022-04-25,,,,,,KO,,,,,,,,,,,57.84428405761719,58.94958398885724,56.82669869433858,58.77414146752798,25082000.0,,,,,,,,,,
2022-04-26,,,,,,KO,,,,,,,,,,,57.063541412353516,58.22147920968096,57.05476728032857,57.47583191970122,21982600.0,,,,,,,,,,
2022-04-27,,,,,,KO,,,,,,,,,,,57.51093292236328,58.142536696766555,57.019688516806546,57.019688516806546,16971000.0,,,,,,,,,,
2022-04-28,,,,,,KO,,,,,,,,,,,58.063594818115234,58.142541950698,56.58108064104893,56.721440022578754,22010600.0,,,,,,,,,,
2022-04-29,,,,,,KO,,,,,,,,,,,56.67757797241211,57.92323740873451,56.572308432680565,57.78288471512968,20137100.0,,,,,,,,,,
2022-05-02,,,,,,KO,,,,,,,,,,,55.65121078491211,57.29162230727406,54.896799309733474,57.26530660068391,24970300.0,,,,,,,,,,
2022-05-03,,,,,,KO,,,,,,,,,,,55.33542251586914,56.089834130778065,54.9757566119803,55.89684666945342,21686300.0,,,,,,,,,,
2022-05-04,,,,,,KO,,,,,,,,,,,57.04600143432617,57.12495524861532,55.2125990978613,55.26523385860361,19780200.0,,,,,,,,,,
2022-05-05,,,,,,KO,,,,,,,,,,,56.589847564697266,57.046002111137064,56.15123459236166,56.7477485024462,20155200.0,,,,,,,,,,
2022-05-06,,,,,,KO,,,,,,,,,,,56.791603088378906,57.29162158539943,56.203863339595614,56.31790029761696,18984000.0,,,,,,,,,,
2022-05-09,,,,,,KO,,,,,,,,,,,56.67757797241211,57.33549753715049,56.17755937091909,56.55476685574392,20055300.0,,,,,,,,,,
2022-05-10,,,,,,KO,,,,,,,,,,,56.15123748779297,57.30040139290386,56.01087811691061,56.58107634888967,21322200.0,,,,,,,,,,
2022-05-11,,,,,,KO,,,,,,,,,,,56.41439437866211,57.19512487890275,56.10736665823641,56.43194264423063,19648400.0,,,,,,,,,,
2022-05-12,,,,,,KO,,,,,,,,,,,56.589847564697266,56.60738913880145,55.44945115954355,56.2828198226029,22574700.0,,,,,,,,,,
2022-05-13,,,,,,KO,,,,,,,,,,,57.65129470825195,57.72147439561752,56.2477344244574,56.85301582305118,16167000.0,,,,,,,,,,
2022-05-16,,,,,,KO,,,,,,,,,,,57.8618278503418,58.230261174876105,57.405673261780755,57.405673261780755,13223200.0,,,,,,,,,,
2022-05-17,,,,,,KO,,,,,,,,,,,57.70392608642578,57.98463814298525,57.02846500094635,57.98463814298525,21300600.0,,,,,,,,,,
2022-05-18,,,,,,KO,,,,,,,,,,,53.68622589111328,57.47583817506638,53.47569020216248,57.38811692337511,31437300.0,,,,,,,,,,
2022-05-19,,,,,,KO,,,,,,,,,,,52.63356399536133,53.47570021616266,52.33530699886687,53.47570021616266,31493900.0,,,,,,,,,,
2022-05-20,,,,,,KO,,,,,,,,,,,53.49324417114258,53.721324818285936,52.335306051904666,53.0634052802484,29133800.0,,,,,,,,,,
2022-05-23,,,,,,KO,,,,,,,,,,,55.142425537109375,55.35295789796648,54.02834814298991,54.080982906379965,19406900.0,,,,,,,,,,
2022-05-24,,,,,,KO,,,,,,,,,,,56.160003662109375,56.309137163483584,55.04592962484995,55.1599699379436,16154200.0,,,,,,,,,,
2022-05-25,,,,,,KO,,,,,,,,,,,56.20386505126953,56.55475676170942,55.791567793455364,56.14245950389525,15360500.0,,,,,,,,,,
2022-05-26,,,,,,KO,,,,,,,,,,,56.40563201904297,57.10740877283907,56.10737171183483,56.20386710304603,16159800.0,,,,,,,,,,
2022-05-27,,,,,,KO,,,,,,,,,,,56.73896789550781,56.87055311073607,56.26526513630731,56.37053464703033,17709000.0,,,,,,,,,,
2022-05-31,,,,,,KO,,,,,,,,,,,55.59857940673828,56.42317056181159,55.3090932486591,56.21263821625518,43159000.0,,,,,,,,,,
2022-06-01,,,,,,KO,,,,,,,,,,,55.3266487121582,55.86175715747967,54.50205739994187,55.63367650225154,15408300.0,,,,,,,,,,
2022-06-02,,,,,,KO,,,,,,,,,,,55.90560531616211,55.91437944897924,54.484500317745606,55.42313174810694,14586000.0,,,,,,,,,,
2022-06-03,,,,,,KO,,,,,,,,,,,55.23891830444336,55.817887288807235,55.0985622884264,55.7652525279191,13539900.0,,,,,,,,,,
2022-06-06,,,,,,KO,,,,,,,,,,,55.15119552612305,55.94070023378709,54.96697887645193,55.554722013568835,15112800.0,,,,,,,,,,
2022-06-07,,,,,,KO,,,,,,,,,,,55.48454666137695,55.5898128484991,54.581004917012386,54.721360948625836,17886300.0,,,,,,,,,,
2022-06-08,,,,,,KO,,,,,,,,,,,55.168739318847656,55.449451354420894,54.879256496191495,55.256463921433934,10211500.0,,,,,,,,,,
2022-06-09,,,,,,KO,,,,,,,,,,,54.21255874633789,55.57225819186042,54.195013827165525,55.151190170777056,13382200.0,,,,,,,,,,
2022-06-10,,,,,,KO,,,,,,,,,,,53.87044906616211,54.29151714882085,53.03708368853784,53.519557324104,14967600.0,,,,,,,,,,
2022-06-13,,,,,,KO,,,,,,,,,,,53.80904006958008,54.642405393870575,53.22129694119992,53.29147662366084,23064200.0,,,,,,,,,,
2022-06-14,,,,,,KO,,,,,,,,,,,52.33348846435547,53.8002043775208,51.82985731993012,53.65883429084928,24620000.0,,,,,,,,,,
2022-06-15,,,,,,KO,,,,,,,,,,,52.722251892089844,53.57930988208255,52.103759910165735,53.01382957259279,19684700.0,,,,,,,,,,
2022-06-16,,,,,,KO,,,,,,,,,,,52.19211959838867,52.589724029742,51.467597465935405,51.81218684959869,15053800.0,,,,,,,,,,
2022-06-17,,,,,,KO,,,,,,,,,,,52.51020050048828,53.12869587695968,52.24513201643729,52.74876314729276,34781900.0,,,,,,,,,,
2022-06-21,,,,,,KO,,,,,,,,,,,53.632328033447266,53.791369801025006,52.13910292347055,52.563216550697,17705000.0,,,,,,,,,,
2022-06-22,,,,,,KO,,,,,,,,,,,54.02992630004883,54.2949947589857,53.29656674744421,53.54396352638152,15207100.0,,,,,,,,,,
2022-06-23,,,,,,KO,,,,,,,,,,,54.67493438720703,54.70144022530402,54.100616511228104,54.16246571380691,17190900.0,,,,,,,,,,
2022-06-24,,,,,,KO,,,,,,,,,,,55.69986343383789,55.717535114514796,54.87814882026847,54.87814882026847,18147100.0,,,,,,,,,,
2022-06-27,,,,,,KO,,,,,,,,,,,55.58500289916992,55.92075811335058,55.337606094262426,55.64685210039679,12142100.0,,,,,,,,,,
2022-06-28,,,,,,KO,,,,,,,,,,,55.028350830078125,56.336024812653875,54.878146606177225,55.73520454652194,13150100.0,,,,,,,,,,
2022-06-29,,,,,,KO,,,,,,,,,,,55.42596435546875,55.7617195891702,55.16089585329556,55.25808842388246,11795500.0,,,,,,,,,,
2022-06-30,,,,,,KO,,,,,,,,,,,55.58500289916992,55.761716347187566,54.92232999700026,55.06370008130864,15514200.0,,,,,,,,,,
2022-07-01,,,,,,KO,,,,,,,,,,,56.88384246826172,56.94569167272089,55.50548491685303,55.770553417467866,15143200.0,,,,,,,,,,
2022-07-05,,,,,,KO,,,,,,,,,,,55.91191864013672,56.707127443260205,55.15205319949174,56.707127443260205,15921200.0,,,,,,,,,,
2022-07-06,,,,,,KO,,,,,,,,,,,56.026790618896484,56.627611011347234,55.83240546895331,56.194666558056205,13450500.0,,,,,,,,,,
2022-07-07,,,,,,KO,,,,,,,,,,,55.58500289916992,56.17699244444973,55.3994552954893,55.894248905304295,14828400.0,,,,,,,,,,
2022-07-08,,,,,,KO,,,,,,,,,,,55.78821563720703,56.035612413079186,55.558490541115496,55.69102308367775,11311500.0,,,,,,,,,,
2022-07-11,,,,,,KO,,,,,,,,,,,55.61151123046875,56.07096486770639,55.30226521046689,55.65569212235087,12702100.0,,,,,,,,,,
2022-07-12,,,,,,KO,,,,,,,,,,,55.37294006347656,56.06212209871709,55.1962300052117,55.66451772656454,14731100.0,,,,,,,,,,
2022-07-13,,,,,,KO,,,,,,,,,,,55.1167106628418,55.66451927385239,54.76328379543138,55.0725331470476,13145300.0,,,,,,,,,,
2022-07-14,,,,,,KO,,,,,,,,,,,54.94000244140625,55.00185164349158,54.16246528165383,54.188974490068055,14433000.0,,,,,,,,,,
2022-07-15,,,,,,KO,,,,,,,,,,,55.22274398803711,55.638020101396364,54.84281123975711,55.443634963989254,21968400.0,,,,,,,,,,
2022-07-18,,,,,,KO,,,,,,,,,,,54.471710205078125,55.275753136919576,54.348008440501516,55.24040977561197,10780800.0,,,,,,,,,,
2022-07-19,,,,,,KO,,,,,,,,,,,55.24924850463867,55.35527859733948,54.71911152324958,54.86048160965525,10998200.0,,,,,,,,,,
2022-07-20,,,,,,KO,,,,,,,,,,,54.33918380737305,55.29343450672232,54.02993776806303,55.13439272349744,11010500.0,,,,,,,,,,
2022-07-21,,,,,,KO,,,,,,,,,,,54.21547317504883,54.674926737442426,53.71184209849836,54.12711477620682,11959600.0,,,,,,,,,,
2022-07-22,,,,,,KO,,,,,,,,,,,54.418704986572266,54.6661018193277,54.18014231047422,54.23315736200569,11644700.0,,,,,,,,,,
2022-07-25,,,,,,KO,,,,,,,,,,,54.948829650878906,55.046022204877524,54.17129595994651,54.38334937728142,14941700.0,,,,,,,,,,
2022-07-26,,,,,,KO,,,,,,,,,,,55.85007858276367,56.37138146779996,55.24925480439884,55.443639959319555,20118000.0,,,,,,,,,,
2022-07-27,,,,,,KO,,,,,,,,,,,55.673362731933594,55.83240451179165,54.59541701020881,55.55850184578086,12142900.0,,,,,,,,,,
2022-07-28,,,,,,KO,,,,,,,,,,,56.60110092163086,56.76898021871567,55.56733278297265,55.59383862123708,10837000.0,,,,,,,,,,
2022-07-29,,,,,,KO,,,,,,,,,,,56.69828796386719,56.80431804764948,56.221166068960635,56.29184942095372,13734200.0,,,,,,,,,,
2022-08-01,,,,,,KO,,,,,,,,,,,57.00753402709961,57.46699098306552,56.57458964790846,56.62760131934418,12831500.0,,,,,,,,,,
2022-08-02,,,,,,KO,,,,,,,,,,,56.23000717163086,57.07822772352227,56.044459557878774,57.06939019685091,15241900.0,,,,,,,,,,
2022-08-03,,,,,,KO,,,,,,,,,,,56.4774055480957,56.63644732727918,55.938434374783874,56.15048783334254,11317000.0,,,,,,,,,,
2022-08-04,,,,,,KO,,,,,,,,,,,56.25650405883789,56.30951909884347,55.59383122614559,56.22999822409926,11795600.0,,,,,,,,,,
2022-08-05,,,,,,KO,,,,,,,,,,,56.000282287597656,56.22117326796942,55.372949341739904,56.22117326796942,10445400.0,,,,,,,,,,
2022-08-08,,,,,,KO,,,,,,,,,,,55.63801193237305,56.3802056374212,55.443626823506435,56.10629965406627,9165200.0,,,,,,,,,,
2022-08-09,,,,,,KO,,,,,,,,,,,55.70869445800781,55.93842292336803,55.53198103169879,55.823558690687925,7910900.0,,,,,,,,,,
2022-08-10,,,,,,KO,,,,,,,,,,,56.23884963989258,56.36254805992976,55.75288674613344,56.22117795552596,8857300.0,,,,,,,,,,
2022-08-11,,,,,,KO,,,,,,,,,,,55.85891342163086,56.539258060579584,55.7352150091909,56.27418618188944,8507800.0,,,,,,,,,,
2022-08-12,,,,,,KO,,,,,,,,,,,56.283023834228516,56.33603551366153,55.744049289799854,56.04446116519309,9489300.0,,,,,,,,,,
2022-08-15,,,,,,KO,,,,,,,,,,,56.989871978759766,57.15775127816122,56.16815727593534,56.23000647975836,9863300.0,,,,,,,,,,
2022-08-16,,,,,,KO,,,,,,,,,,,57.458160400390625,57.634877228291316,56.8396683553825,57.05172180780561,9569600.0,,,,,,,,,,
2022-08-17,,,,,,KO,,,,,,,,,,,57.325626373291016,57.62604162019516,57.219603014078444,57.28145222063842,8144000.0,,,,,,,,,,
2022-08-18,,,,,,KO,,,,,,,,,,,57.626041412353516,57.74090229810551,57.175421914151535,57.39631289979162,6532000.0,,,,,,,,,,
2022-08-19,,,,,,KO,,,,,,,,,,,57.58185577392578,57.84692763127452,57.39630817020461,57.61719913764277,8921100.0,,,,,,,,,,
2022-08-22,,,,,,KO,,,,,,,,,,,56.72479248046875,57.3609594862553,56.539248264485494,57.29027276537752,9087900.0,,,,,,,,,,
2022-08-23,,,,,,KO,,,,,,,,,,,56.786651611328125,56.87501339841344,56.26535212102593,56.38905053367587,8443800.0,,,,,,,,,,
2022-08-24,,,,,,KO,,,,,,,,,,,56.86616516113281,57.060550270416705,56.592262547718214,56.76013508123524,6844700.0,,,,,,,,,,
2022-08-25,,,,,,KO,,,,,,,,,,,57.14007568359375,57.175419048451666,56.459734447987294,56.86617303226691,7913900.0,,,,,,,,,,
2022-08-26,,,,,,KO,,,,,,,,,,,55.761714935302734,57.25493999418831,55.646850691420326,57.19309079452746,10089500.0,,,,,,,,,,
2022-08-29,,,,,,KO,,,,,,,,,,,55.42596435546875,55.69103285764194,55.1432241704135,55.39062098970462,9115900.0,,,,,,,,,,
2022-08-30,,,,,,KO,,,,,,,,,,,54.91349792480469,55.58500500811491,54.7721278351326,55.58500500811491,8456800.0,,,,,,,,,,
2022-08-31,,,,,,KO,,,,,,,,,,,54.52471923828125,55.24924125738815,54.515885083646026,55.11670871469003,14633600.0,,,,,,,,,,
2022-09-01,,,,,,KO,,,,,,,,,,,54.78096008300781,54.816303446826964,54.15363054259703,54.40986487449282,14939700.0,,,,,,,,,,
2022-09-02,,,,,,KO,,,,,,,,,,,54.02992630004883,55.46129867473061,53.80903535584671,55.12554349579546,11809800.0,,,,,,,,,,
2022-09-06,,,,,,KO,,,,,,,,,,,54.05643081665039,54.75444699223517,53.88855491654053,54.15362336901387,12181800.0,,,,,,,,,,
2022-09-07,,,,,,KO,,,,,,,,,,,55.05487823486328,55.213920036584994,54.18014832539384,54.18014832539384,13290700.0,,,,,,,,,,
2022-09-08,,,,,,KO,,,,,,,,,,,54.886985778808594,55.046027542495644,54.19780704985048,54.85164578617818,17193500.0,,,,,,,,,,
2022-09-09,,,,,,KO,,,,,,,,,,,55.06370544433594,55.55850247287124,54.657266833679614,54.93116950278196,11855900.0,,,,,,,,,,
2022-09-12,,,,,,KO,,,,,,,,,,,55.22274398803711,55.496650011608146,55.019524694624586,55.16089478441281,13026900.0,,,,,,,,,,
2022-09-13,,,,,,KO,,,,,,,,,,,53.429107666015625,54.97534442024138,53.26122837556136,54.95767273858679,18532800.0,,,,,,,,,,
2022-09-14,,,,,,KO,,,,,,,,,,,53.711849212646484,53.96808354743419,53.402599831531724,53.579313282093196,12881600.0,,,,,,,,,,
2022-09-15,,,,,,KO,,,,,,,,,,,52.98204803466797,53.75635558136546,52.8307486673312,53.75635558136546,11451900.0,,,,,,,,,,
2022-09-16,,,,,,KO,,,,,,,,,,,52.99094772338867,53.222347744428,52.60824494639444,53.097747471937375,20493500.0,,,,,,,,,,
2022-09-19,,,,,,KO,,,,,,,,,,,53.391441345214844,53.489339116493724,52.715035138456024,52.857435909073324,12596200.0,,,,,,,,,,
2022-09-20,,,,,,KO,,,,,,,,,,,53.31135177612305,53.42705009215566,52.79514675344382,53.1155494026788,11984600.0,,,,,,,,,,
2022-09-21,,,,,,KO,,,,,,,,,,,52.8663444519043,54.02335128167203,52.857442492886925,53.52494682488015,14165300.0,,,,,,,,,,
2022-09-22,,,,,,KO,,,,,,,,,,,52.74174118041992,53.16004498465405,52.688343006332246,52.999843672185776,11657600.0,,,,,,,,,,
2022-09-23,,,,,,KO,,,,,,,,,,,52.15433883666992,52.59934173935517,51.62033671148871,52.47474146981973,14824000.0,,,,,,,,,,
2022-09-26,,,,,,KO,,,,,,,,,,,51.5046272277832,52.127631876475114,51.344425935402356,52.05643318825152,18670100.0,,,,,,,,,,
2022-09-27,,,,,,KO,,,,,,,,,,,50.17852783203125,51.949637468446525,50.11622769779168,51.691538367355164,23829300.0,,,,,,,,,,
2022-09-28,,,,,,KO,,,,,,,,,,,50.712528228759766,50.95283019341613,49.760222329067446,50.427726654745385,21480100.0,,,,,,,,,,
2022-09-29,,,,,,KO,,,,,,,,,,,50.34762954711914,50.988434831350936,49.8403264954699,50.810432986275124,14570700.0,,,,,,,,,,
2022-09-30,,,,,,KO,,,,,,,,,,,49.85811996459961,50.84602683963458,49.84031944310051,50.6146234552486,16124600.0,,,,,,,,,,
2022-10-03,,,,,,KO,,,,,,,,,,,50.41883087158203,50.59682931883095,49.8937273039511,50.160728369927234,16277600.0,,,,,,,,,,
2022-10-04,,,,,,KO,,,,,,,,,,,50.534523010253906,51.45123119809904,50.24972145532212,50.68582574605649,18861400.0,,,,,,,,,,
2022-10-05,,,,,,KO,,,,,,,,,,,50.05392837524414,50.418830622465876,49.40422114460527,50.28532839258606,14324900.0,,,,,,,,,,
2022-10-06,,,,,,KO,,,,,,,,,,,48.97701644897461,49.92932235150571,48.834615661542934,49.840323132524375,17192800.0,,,,,,,,,,
2022-10-07,,,,,,KO,,,,,,,,,,,48.51421356201172,49.0304185439339,48.28281355311384,48.941419323996854,11479800.0,,,,,,,,,,
2022-10-10,,,,,,KO,,,,,,,,,,,48.40740966796875,48.91471264733272,48.07810850831723,48.594310050870774,10239100.0,,,,,,,,,,
2022-10-11,,,,,,KO,,,,,,,,,,,48.487518310546875,49.14612413352742,48.273918807760616,48.46971778613087,14303900.0,,,,,,,,,,
2022-10-12,,,,,,KO,,,,,,,,,,,49.074913024902344,49.87591950103006,48.98591381426694,49.15501367251512,18377400.0,,,,,,,,,,
2022-10-13,,,,,,KO,,,,,,,,,,,49.7246208190918,49.911524608813814,48.2917110034707,48.48751335694018,16220700.0,,,,,,,,,,
2022-10-14,,,,,,KO,,,,,,,,,,,48.932518005371094,50.258628128445935,48.89691695888928,50.098426814380446,15997900.0,,,,,,,,,,
2022-10-17,,,,,,KO,,,,,,,,,,,49.56441879272461,50.03612414696675,49.457619053789735,49.51102062080842,13721400.0,,,,,,,,,,
2022-10-18,,,,,,KO,,,,,,,,,,,50.23191833496094,50.534520395808386,49.92931627411349,50.1162200433885,11823100.0,,,,,,,,,,
2022-10-19,,,,,,KO,,,,,,,,,,,49.80472183227539,50.320926806015365,49.600020913582746,50.11622588732272,10182300.0,,,,,,,,,,
2022-10-20,,,,,,KO,,,,,,,,,,,49.02151870727539,49.76912028358346,48.91471557200064,49.63562145714382,16905100.0,,,,,,,,,,
2022-10-21,,,,,,KO,,,,,,,,,,,49.80472183227539,49.93822405516747,48.94141854824165,48.950317112053256,15034100.0,,,,,,,,,,
2022-10-24,,,,,,KO,,,,,,,,,,,51.23762893676758,51.380029715907725,50.34762321836605,50.40992334704597,17416700.0,,,,,,,,,,
2022-10-25,,,,,,KO,,,,,,,,,,,52.465843200683594,52.60824399453964,51.39783554921189,52.54594385942154,28829900.0,,,,,,,,,,
2022-10-26,,,,,,KO,,,,,,,,,,,52.857444763183594,53.20454648751213,52.385742768080995,52.51924160315203,15831400.0,,,,,,,,,,
2022-10-27,,,,,,KO,,,,,,,,,,,52.98204803466797,53.257951074938646,52.848549192036046,53.195650936023156,16026100.0,,,,,,,,,,
2022-10-28,,,,,,KO,,,,,,,,,,,54.076751708984375,54.21025393898769,52.928646790387376,53.01764601365443,12888900.0,,,,,,,,,,
2022-10-31,,,,,,KO,,,,,,,,,,,53.266849517822266,53.907654825318225,53.10664819094828,53.854253251325915,14016400.0,,,,,,,,,,
2022-11-01,,,,,,KO,,,,,,,,,,,53.07994842529297,53.65845358664618,52.8396464380433,53.42705016406374,10659500.0,,,,,,,,,,
2022-11-02,,,,,,KO,,,,,,,,,,,52.34124755859375,53.605054291427315,52.30564650820612,53.079950681070386,14549200.0,,,,,,,,,,
2022-11-03,,,,,,KO,,,,,,,,,,,52.31453323364258,52.51033557135833,51.7093290944323,51.71823105256607,9194000.0,,,,,,,,,,
2022-11-04,,,,,,KO,,,,,,,,,,,52.74174118041992,53.03544471831264,52.11873984871286,52.777342226546786,9725900.0,,,,,,,,,,
2022-11-07,,,,,,KO,,,,,,,,,,,52.94645309448242,53.195653662918794,52.723951616920495,52.74174874743471,8849700.0,,,,,,,,,,
2022-11-08,,,,,,KO,,,,,,,,,,,53.04433822631836,53.21344148175142,52.45693460162451,53.1778404390179,10081600.0,,,,,,,,,,
2022-11-09,,,,,,KO,,,,,,,,,,,52.30564498901367,53.079949139388646,52.287844464336864,53.03544952524809,10115200.0,,,,,,,,,,
2022-11-10,,,,,,KO,,,,,,,,,,,54.18354797363281,54.32594874984713,53.11554045447429,53.622843431931685,16804800.0,,,,,,,,,,
2022-11-11,,,,,,KO,,,,,,,,,,,54.575157165527344,54.690858873932186,53.58725015206921,54.619656777959115,18972100.0,,,,,,,,,,
2022-11-14,,,,,,KO,,,,,,,,,,,54.050052642822266,54.93115989197345,54.03225211914113,54.5751562085562,16361000.0,,,,,,,,,,
2022-11-15,,,,,,KO,,,,,,,,,,,53.9610481262207,54.69085255004357,53.400343568126694,54.406050989288424,13295800.0,,,,,,,,,,
2022-11-16,,,,,,KO,,,,,,,,,,,53.86315155029297,54.317053015517004,53.658450623223096,54.10345352427135,14199500.0,,,,,,,,,,
2022-11-17,,,,,,KO,,,,,,,,,,,54.03225326538086,54.0589557490204,53.516051648088165,53.56944982516162,11212600.0,,,,,,,,,,
2022-11-18,,,,,,KO,,,,,,,,,,,54.414955139160156,54.61965606977443,54.11235302540367,54.28145630359577,10415600.0,,,,,,,,,,
2022-11-21,,,,,,KO,,,,,,,,,,,55.25156021118164,55.367258517603375,54.46835417756727,54.65525457572786,15399400.0,,,,,,,,,,
2022-11-22,,,,,,KO,,,,,,,,,,,55.49185562133789,55.62535783819051,55.224854582735055,55.59865875286095,12319600.0,,,,,,,,,,
2022-11-23,,,,,,KO,,,,,,,,,,,55.74105453491211,55.88345530240493,55.44735104221323,55.61645428774365,8990400.0,,,,,,,,,,
2022-11-25,,,,,,KO,,,,,,,,,,,55.79446029663086,55.90126343311721,55.51856068179752,55.83006134212631,5165500.0,,,,,,,,,,
2022-11-28,,,,,,KO,,,,,,,,,,,55.80336380004883,56.159364079548816,55.6787635324687,55.7944618408773,12267500.0,,,,,,,,,,
2022-11-29,,,,,,KO,,,,,,,,,,,55.60755920410156,55.687659857912,55.16255632628855,55.64316024915121,10969600.0,,,,,,,,,,
2022-11-30,,,,,,KO,,,,,,,,,,,57.0147819519043,57.0775239311341,55.347630117097594,55.580671265782385,30433900.0,,,,,,,,,,
2022-12-01,,,,,,KO,,,,,,,,,,,57.17611312866211,57.462934550355385,56.853438174461914,57.01477565156201,12001400.0,,,,,,,,,,
2022-12-02,,,,,,KO,,,,,,,,,,,57.67804718017578,57.83041955999665,56.82654803330677,57.01477394456113,13643500.0,,,,,,,,,,
2022-12-05,,,,,,KO,,,,,,,,,,,56.88929748535156,57.185080610624446,56.701068130161836,56.83551718112859,9185100.0,,,,,,,,,,
2022-12-06,,,,,,KO,,,,,,,,,,,56.862403869628906,57.25678591673588,56.67417793942674,56.93411093971428,10099500.0,,,,,,,,,,
2022-12-07,,,,,,KO,,,,,,,,,,,56.9520378112793,57.11337530008483,56.692104810516895,56.871369066876525,12307600.0,,,,,,,,,,
2022-12-08,,,,,,KO,,,,,,,,,,,57.19404602050781,57.2298961376733,56.781737190881245,57.00581666427727,9946200.0,,,,,,,,,,
2022-12-09,,,,,,KO,,,,,,,,,,,56.593509674072266,57.22093286590344,56.54869446448032,57.01478016643544,13914900.0,,,,,,,,,,
2022-12-12,,,,,,KO,,,,,,,,,,,57.33745193481445,57.37330546815244,56.47698423060838,56.7369172185371,11647900.0,,,,,,,,,,
2022-12-13,,,,,,KO,,,,,,,,,,,57.355384826660156,57.99176630587458,57.185082234708084,57.89317078825632,17521600.0,,,,,,,,,,
2022-12-14,,,,,,KO,,,,,,,,,,,57.355384826660156,57.94695451318818,56.97892952477059,57.534649093313206,12826700.0,,,,,,,,,,
2022-12-15,,,,,,KO,,,,,,,,,,,56.566619873046875,57.265746699591226,56.01090376525986,56.99685202931888,12212300.0,,,,,,,,,,
2022-12-16,,,,,,KO,,,,,,,,,,,56.24393844604492,56.59350181919842,55.8674866347045,56.24393844604492,33631500.0,,,,,,,,,,
2022-12-19,,,,,,KO,,,,,,,,,,,56.324615478515625,56.83551639442727,55.99297882168451,56.315653804193204,10919700.0,,,,,,,,,,
2022-12-20,,,,,,KO,,,,,,,,,,,56.2797966003418,56.602471561819215,56.24394306702628,56.30668504073787,10286500.0,,,,,,,,,,
2022-12-21,,,,,,KO,,,,,,,,,,,57.185081481933594,57.40916437668625,56.53076982356747,56.53076982356747,10411300.0,,,,,,,,,,
2022-12-22,,,,,,KO,,,,,,,,,,,56.77276611328125,56.996845549563666,56.154308100046876,56.84446975491758,9666700.0,,,,,,,,,,
2022-12-23,,,,,,KO,,,,,,,,,,,57.2030029296875,57.24781813679708,56.64728683933027,56.91618150116886,6463300.0,,,,,,,,,,
2022-12-27,,,,,,KO,,,,,,,,,,,57.55256652832031,57.624273595285146,57.10440761733352,57.30159863230568,7320700.0,,,,,,,,,,
2022-12-28,,,,,,KO,,,,,,,,,,,56.97892379760742,57.946948688725236,56.9072201496623,57.776646113890905,7159400.0,,,,,,,,,,
2022-12-29,,,,,,KO,,,,,,,,,,,57.31953048706055,57.49879475120403,57.09545101167656,57.185081434157574,7169300.0,,,,,,,,,,
2022-12-30,,,,,,KO,,,,,,,,,,,57.0147819519043,57.29263831158446,56.62039988910959,57.29263831158446,7650200.0,,,,,,,,,,
2023-01-03,,,,,,KO,,,,,,,,,,,56.42321014404297,56.96996458739039,55.733044979422566,56.96996458739039,12180500.0,,,,,,,,,,
2023-01-04,,,,,,KO,,,,,,,,,,,56.39632034301758,56.76381396258261,56.02883014263398,56.60247646785991,13387900.0,,,,,,,,,,
2023-01-05,,,,,,KO,,,,,,,,,,,55.7509765625,56.28876595893023,55.64341936705028,56.10950168705962,9814700.0,,,,,,,,,,
2023-01-06,,,,,,KO,,,,,,,,,,,56.826560974121094,57.068563818454756,56.09158050826624,56.38736366199723,9990000.0,,,,,,,,,,
2023-01-09,,,,,,KO,,,,,,,,,,,56.11846160888672,57.11337497784708,56.09157316729794,56.73691969969771,9442600.0,,,,,,,,,,
2023-01-10,,,,,,KO,,,,,,,,,,,55.68824005126953,56.22602950053445,55.50001066676307,56.10950719949368,10134600.0,,,,,,,,,,
2023-01-11,,,,,,KO,,,,,,,,,,,55.580665588378906,56.07364311651607,55.0428762730052,55.912305638067735,10823000.0,,,,,,,,,,
2023-01-12,,,,,,KO,,,,,,,,,,,54.863609313964844,55.73303863601535,54.64849496612984,55.6702966662984,13907300.0,,,,,,,,,,
2023-01-13,,,,,,KO,,,,,,,,,,,55.06081008911133,55.087698532568346,54.307902899681125,54.40649841793222,13986400.0,,,,,,,,,,
2023-01-17,,,,,,KO,,,,,,,,,,,55.284881591796875,55.9123047289856,55.17732441430713,55.32969679748585,18327800.0,,,,,,,,,,
2023-01-18,,,,,,KO,,,,,,,,,,,53.6087760925293,55.20422089796804,53.492253805414094,55.13251382307207,19679400.0,,,,,,,,,,
2023-01-19,,,,,,KO,,,,,,,,,,,53.528099060058594,54.35270977867501,53.51913396749307,53.53706073344313,14894500.0,,,,,,,,,,
2023-01-20,,,,,,KO,,,,,,,,,,,53.85077667236328,53.85973834619107,53.241280276638605,53.5281017076642,14237700.0,,,,,,,,,,
2023-01-23,,,,,,KO,,,,,,,,,,,53.9852180480957,54.28996622198488,53.823880578437844,54.030033252071576,12613400.0,,,,,,,,,,
2023-01-24,,,,,,KO,,,,,,,,,,,54.27204132080078,55.43725376010294,53.599802980528644,53.85077428594,10103300.0,,,,,,,,,,
2023-01-25,,,,,,KO,,,,,,,,,,,54.61265182495117,54.621613499823845,53.68048035584155,53.95834014543622,11265800.0,,,,,,,,,,
2023-01-26,,,,,,KO,,,,,,,,,,,54.505088806152344,54.76501837986244,54.28997102119857,54.505088806152344,11884800.0,,,,,,,,,,
2023-01-27,,,,,,KO,,,,,,,,,,,54.21826934814453,54.63953642112638,54.11070874215734,54.53197923432052,14087000.0,,,,,,,,,,
2023-01-30,,,,,,KO,,,,,,,,,,,54.35271453857422,54.82776191071904,54.19137705007574,54.26308412015564,15632000.0,,,,,,,,,,
2023-01-31,,,,,,KO,,,,,,,,,,,54.96220397949219,54.98013074473617,54.23618537342479,54.65745580870622,14344400.0,,,,,,,,,,
2023-02-01,,,,,,KO,,,,,,,,,,,54.97117614746094,55.19525561308239,54.334787866518234,54.8008735653126,12535400.0,,,,,,,,,,
2023-02-02,,,,,,KO,,,,,,,,,,,54.0300407409668,54.69331747695898,53.69840408256139,54.496126449116176,16947200.0,,,,,,,,,,
2023-02-03,,,,,,KO,,,,,,,,,,,53.626705169677734,54.155529483482574,53.08891234235254,54.09278749983856,15404400.0,,,,,,,,,,
2023-02-06,,,,,,KO,,,,,,,,,,,53.93144226074219,54.08381807001657,53.528101972057264,53.59084394670519,11330900.0,,,,,,,,,,
2023-02-07,,,,,,KO,,,,,,,,,,,53.84181594848633,53.994191769373,53.36676855589772,53.48328742102004,14922700.0,,,,,,,,,,
2023-02-08,,,,,,KO,,,,,,,,,,,53.528099060058594,53.70735988119713,53.411576790973754,53.70735988119713,11012000.0,,,,,,,,,,
2023-02-09,,,,,,KO,,,,,,,,,,,53.4384651184082,54.065888248622215,53.42053835249569,53.913515867137335,12515300.0,,,,,,,,,,
2023-02-10,,,,,,KO,,,,,,,,,,,53.4384651184082,53.6894364220024,52.775191875550156,53.52809894797077,14420700.0,,,,,,,,,,
2023-02-13,,,,,,KO,,,,,,,,,,,54.316864013671875,54.46027474259794,53.53706838883527,53.689444211608794,16191800.0,,,,,,,,,,
2023-02-14,,,,,,KO,,,,,,,,,,,53.41157913208008,54.5857567094169,53.38469069156694,53.96729522416554,20505700.0,,,,,,,,,,
2023-02-15,,,,,,KO,,,,,,,,,,,53.41157913208008,53.71632732822652,53.088904169197825,53.68943888771338,13171400.0,,,,,,,,,,
2023-02-16,,,,,,KO,,,,,,,,,,,53.07994842529297,53.61773781072223,52.837942176095346,53.088910100071466,16538300.0,,,,,,,,,,
2023-02-17,,,,,,KO,,,,,,,,,,,53.886627197265625,53.98522270602806,53.22335391516027,53.33091109781875,16814700.0,,,,,,,,,,
2023-02-21,,,,,,KO,,,,,,,,,,,53.59981155395508,53.98522853756068,53.52810789749766,53.770114149006865,14278300.0,,,,,,,,,,
2023-02-22,,,,,,KO,,,,,,,,,,,53.76114273071289,54.10174446156787,53.55499004127416,53.644620456097556,12409600.0,,,,,,,,,,
2023-02-23,,,,,,KO,,,,,,,,,,,53.859745025634766,54.15552816716985,53.60877709715874,53.788037949395,12222800.0,,,,,,,,,,
2023-02-24,,,,,,KO,,,,,,,,,,,53.635658264160156,53.69840023776667,53.232314562988925,53.492247550319405,9736200.0,,,,,,,,,,
2023-02-27,,,,,,KO,,,,,,,,,,,53.617733001708984,54.047965155300865,53.54602935236761,53.9404079716982,8849800.0,,,,,,,,,,
2023-02-28,,,,,,KO,,,,,,,,,,,53.33987808227539,53.5101806758864,53.008241408204704,53.5101806758864,16082200.0,,,,,,,,,,
2023-03-01,,,,,,KO,,,,,,,,,,,52.75727081298828,53.04409226023349,52.318073548604545,52.99927705019793,13275800.0,,,,,,,,,,
2023-03-02,,,,,,KO,,,,,,,,,,,53.528099060058594,53.581875938727755,52.70348492226118,52.73933845416129,11758300.0,,,,,,,,,,
2023-03-03,,,,,,KO,,,,,,,,,,,53.27712631225586,53.49224407864631,53.070973638188,53.37572181271894,13101800.0,,,,,,,,,,
2023-03-06,,,,,,KO,,,,,,,,,,,54.10175323486328,54.11968000457125,53.07995129578117,53.115801416015394,16282700.0,,,,,,,,,,
2023-03-07,,,,,,KO,,,,,,,,,,,53.78804016113281,54.289979457905936,53.5549989921342,54.21827579789934,13961200.0,,,,,,,,,,
2023-03-08,,,,,,KO,,,,,,,,,,,53.8149299621582,54.074862985477495,53.53707016972915,53.8149299621582,10851600.0,,,,,,,,,,
2023-03-09,,,,,,KO,,,,,,,,,,,53.29505920410156,54.26308413536377,53.13372171555786,54.26308413536377,13900900.0,,,,,,,,,,
2023-03-10,,,,,,KO,,,,,,,,,,,53.07097244262695,53.90454821244252,52.87378486532384,53.51016963865548,13745800.0,,,,,,,,,,
2023-03-13,,,,,,KO,,,,,,,,,,,53.6087760925293,54.55887090063034,53.10683682580202,53.14269036325001,21956000.0,,,,,,,,,,
2023-03-14,,,,,,KO,,,,,,,,,,,53.80595779418945,54.19137473142511,53.19646140131359,53.7790693536506,19496900.0,,,,,,,,,,
2023-03-15,,,,,,KO,,,,,,,,,,,54.16448974609375,54.20930495624437,53.097872700110976,53.26817186635588,21089900.0,,,,,,,,,,
2023-03-16,,,,,,KO,,,,,,,,,,,54.4625358581543,54.49866440415481,53.92062144977775,54.27286615976328,15658300.0,,,,,,,,,,
2023-03-17,,,,,,KO,,,,,,,,,,,54.20965576171875,54.50770772327071,53.86644138426955,54.47158261412495,27351200.0,,,,,,,,,,
2023-03-20,,,,,,KO,,,,,,,,,,,54.73350143432617,54.73350143432617,54.16449225211804,54.3360977037574,12904100.0,,,,,,,,,,
2023-03-21,,,,,,KO,,,,,,,,,,,54.48060607910156,54.86897937748845,54.083202365932536,54.70640434814472,13716500.0,,,,,,,,,,
2023-03-22,,,,,,KO,,,,,,,,,,,54.23673629760742,54.977354245606534,54.218672025045535,54.552855899328996,10494200.0,,,,,,,,,,
2023-03-23,,,,,,KO,,,,,,,,,,,54.11933135986328,54.54383323870272,53.93869548797352,54.27287598545967,15479000.0,,,,,,,,,,
2023-03-24,,,,,,KO,,,,,,,,,,,55.00446319580078,55.11284540708178,54.110300477859504,54.41738628099598,12975600.0,,,,,,,,,,
2023-03-27,,,,,,KO,,,,,,,,,,,55.410892486572266,55.52830854831042,55.049617332205145,55.22122277212392,12777400.0,,,,,,,,,,
2023-03-28,,,,,,KO,,,,,,,,,,,55.47411346435547,55.763138399643765,55.33863657901601,55.44701877636916,10925700.0,,,,,,,,,,
2023-03-29,,,,,,KO,,,,,,,,,,,55.871524810791016,55.952812326288516,55.627662264298515,55.74507833010784,9441000.0,,,,,,,,,,
2023-03-30,,,,,,KO,,,,,,,,,,,55.862483978271484,56.07925180767926,55.69087855382082,55.88958211032731,9870700.0,,,,,,,,,,
2023-03-31,,,,,,KO,,,,,,,,,,,56.02507019042969,56.22377378666427,55.88055942373412,56.052168327903416,14440900.0,,,,,,,,,,
2023-04-03,,,,,,KO,,,,,,,,,,,56.359249114990234,56.46763131900062,55.871524028831274,56.26892774047479,12300700.0,,,,,,,,,,
2023-04-04,,,,,,KO,,,,,,,,,,,56.18763732910156,56.66633197583173,56.070224716397455,56.350212349438905,11433400.0,,,,,,,,,,
2023-04-05,,,,,,KO,,,,,,,,,,,56.720523834228516,56.91922741120383,56.4495666036128,56.47666129305193,12789600.0,,,,,,,,,,
2023-04-06,,,,,,KO,,,,,,,,,,,56.75665283203125,56.93729213567117,56.34118484544514,56.77471710693606,9644200.0,,,,,,,,,,
2023-04-10,,,,,,KO,,,,,,,,,,,56.62117385864258,56.62117385864258,56.01603613907239,56.44053799605389,7952600.0,,,,,,,,,,
2023-04-11,,,,,,KO,,,,,,,,,,,56.52182388305664,56.63923650127304,56.35924885508671,56.585047122221816,9913000.0,,,,,,,,,,
2023-04-12,,,,,,KO,,,,,,,,,,,56.62117385864258,56.928259648614855,56.2779629633975,56.431504135679525,9593700.0,,,,,,,,,,
2023-04-13,,,,,,KO,,,,,,,,,,,57.036643981933594,57.04567439669095,56.431502830946435,56.68439578905012,9871400.0,,,,,,,,,,
2023-04-14,,,,,,KO,,,,,,,,,,,56.946319580078125,57.03664094989096,56.70245704969541,56.946319580078125,8946000.0,,,,,,,,,,
2023-04-17,,,,,,KO,,,,,,,,,,,57.31663131713867,57.379854556319806,57.02760981076547,57.19018483877641,9452400.0,,,,,,,,,,
2023-04-18,,,,,,KO,,,,,,,,,,,57.406951904296875,57.44307700804221,57.07276799273991,57.361789495151065,9035700.0,,,,,,,,,,
2023-04-19,,,,,,KO,,,,,,,,,,,57.51533126831055,57.65081159824666,57.28953301535562,57.56049022981995,9769500.0,,,,,,,,,,
2023-04-20,,,,,,KO,,,,,,,,,,,57.768226623535156,57.804355172415846,57.29856582431031,57.47017470878957,10706400.0,,,,,,,,,,
2023-04-21,,,,,,KO,,,,,,,,,,,57.849517822265625,58.04821450571319,57.62371611352445,57.804355413272546,12931100.0,,,,,,,,,,
2023-04-24,,,,,,KO,,,,,,,,,,,57.75920104980469,58.69851928157037,57.46114566467109,58.48175486093535,15532300.0,,,,,,,,,,
2023-04-25,,,,,,KO,,,,,,,,,,,57.66887664794922,57.95789815725558,57.4701765136812,57.95789815725558,12818900.0,,,,,,,,,,
2023-04-26,,,,,,KO,,,,,,,,,,,57.39791488647461,57.59661845047834,57.2534041432195,57.40694874596999,13179600.0,,,,,,,,,,
2023-04-27,,,,,,KO,,,,,,,,,,,57.51533126831055,57.587584917644,57.00051152720595,57.379850938374425,13795800.0,,,,,,,,,,
2023-04-28,,,,,,KO,,,,,,,,,,,57.93983459472656,57.948868454508364,57.3346934694418,57.45210952874923,13687600.0,,,,,,,,,,
2023-05-01,,,,,,KO,,,,,,,,,,,58.0753173828125,58.427562130214845,57.85854608378314,57.93983704362323,9091500.0,,,,,,,,,,
2023-05-02,,,,,,KO,,,,,,,,,,,57.81338882446289,57.93080143979089,57.1450244542055,57.93080143979089,10948400.0,,,,,,,,,,
2023-05-03,,,,,,KO,,,,,,,,,,,57.48823547363281,57.96692665815021,57.425012239655345,57.82241247144987,11084600.0,,,,,,,,,,
2023-05-04,,,,,,KO,,,,,,,,,,,57.55146026611328,57.741129973181984,57.36178711363664,57.569524539940005,11938300.0,,,,,,,,,,
2023-05-05,,,,,,KO,,,,,,,,,,,57.822418212890625,57.99402710393314,57.47017690676044,57.47920732162196,9039000.0,,,,,,,,,,
2023-05-08,,,,,,KO,,,,,,,,,,,57.73209762573242,57.85854410042355,57.45210998760436,57.632749285195125,7240700.0,,,,,,,,,,
2023-05-09,,,,,,KO,,,,,,,,,,,57.25340270996094,57.57855273549723,57.1540509304462,57.47920095598249,9067700.0,,,,,,,,,,
2023-05-10,,,,,,KO,,,,,,,,,,,57.352752685546875,57.47919914807655,56.892125794130536,57.19017767789224,10134000.0,,,,,,,,,,
2023-05-11,,,,,,KO,,,,,,,,,,,57.677913665771484,57.74113690905544,56.910197440253214,57.42502069263568,9581500.0,,,,,,,,,,
2023-05-12,,,,,,KO,,,,,,,,,,,57.903709411621094,57.9759665124429,57.53340038342984,57.677911139665255,8740800.0,,,,,,,,,,
2023-05-15,,,,,,KO,,,,,,,,,,,57.750160217285156,58.03015129266276,57.54242623700162,58.00305660470645,8150000.0,,,,,,,,,,
2023-05-16,,,,,,KO,,,,,,,,,,,57.09986877441406,57.7140403568623,57.045675948171606,57.7140403568623,9129600.0,,,,,,,,,,
2023-05-17,,,,,,KO,,,,,,,,,,,57.036643981933594,57.28050307987178,56.65730109936991,57.26244225035707,11583000.0,,,,,,,,,,
2023-05-18,,,,,,KO,,,,,,,,,,,56.720523834228516,56.93729168596596,56.5127898425762,56.91019355111871,13595100.0,,,,,,,,,,
2023-05-19,,,,,,KO,,,,,,,,,,,56.74762725830078,56.991486376798406,56.54892366280508,56.93729699286935,14251400.0,,,,,,,,,,
2023-05-22,,,,,,KO,,,,,,,,,,,55.55539321899414,56.78373610223078,55.492169992245856,56.71148246255022,15055400.0,,,,,,,,,,
2023-05-23,,,,,,KO,,,,,,,,,,,55.456050872802734,55.6999099477421,55.24831345348608,55.55539920739648,13932700.0,,,,,,,,,,
2023-05-24,,,,,,KO,,,,,,,,,,,54.98639678955078,55.483152304537136,54.84188603163824,55.437993338703514,11090100.0,,,,,,,,,,
2023-05-25,,,,,,KO,,,,,,,,,,,54.561893463134766,54.85091497118535,54.32706477987172,54.61608628792231,14463600.0,,,,,,,,,,
2023-05-26,,,,,,KO,,,,,,,,,,,54.42641067504883,54.76962499244462,54.29093378728774,54.59801955645072,12570300.0,,,,,,,,,,
2023-05-30,,,,,,KO,,,,,,,,,,,53.992881774902344,54.37222466401414,53.75805308766796,54.27287287292752,15634200.0,,,,,,,,,,
2023-05-31,,,,,,KO,,,,,,,,,,,53.88449478149414,54.44447348238456,53.62256798197472,54.11932344786499,59432200.0,,,,,,,,,,
2023-06-01,,,,,,KO,,,,,,,,,,,54.191585540771484,54.34512671267439,53.983851542980844,54.13739271488375,13402700.0,,,,,,,,,,
2023-06-02,,,,,,KO,,,,,,,,,,,55.23928451538086,55.383795259587295,54.263837853339396,54.43544328539456,15259800.0,,,,,,,,,,
2023-06-05,,,,,,KO,,,,,,,,,,,54.86897659301758,55.49217854360374,54.688337297868436,55.094774850602015,12915600.0,,,,,,,,,,
2023-06-06,,,,,,KO,,,,,,,,,,,54.47157669067383,55.08574826967612,54.29996779790635,55.04961971905052,10943500.0,,,,,,,,,,
2023-06-07,,,,,,KO,,,,,,,,,,,54.390289306640625,54.51673578872927,54.02901069032317,54.200616138099434,16817900.0,,,,,,,,,,
2023-06-08,,,,,,KO,,,,,,,,,,,54.5257568359375,54.56188538044385,54.1735121405197,54.30899245971469,15585900.0,,,,,,,,,,
2023-06-09,,,,,,KO,,,,,,,,,,,54.616085052490234,54.796720906879706,54.34512438008989,54.4354457526927,12581500.0,,,,,,,,,,
2023-06-12,,,,,,KO,,,,,,,,,,,54.381248474121094,54.778655590200984,54.2096430483461,54.724462771078876,14208900.0,,,,,,,,,,
2023-06-13,,,,,,KO,,,,,,,,,,,54.59801483154297,54.796714938812,54.227705857723066,54.38124700631312,13397800.0,,,,,,,,,,
2023-06-14,,,,,,KO,,,,,,,,,,,54.96833419799805,55.16703778824284,54.733502055816324,54.85091812690718,14099700.0,,,,,,,,,,
2023-06-15,,,,,,KO,,,,,,,,,,,55.72368621826172,55.78739095546441,54.91372301241515,55.159442772331715,15271400.0,,,,,,,,,,
2023-06-16,,,,,,KO,,,,,,,,,,,56.124122619628906,56.579158490279305,55.95121023857511,56.06041787546971,26738000.0,,,,,,,,,,
2023-06-20,,,,,,KO,,,,,,,,,,,55.75099182128906,56.38804271712325,55.732793442010674,56.05131715410373,13971800.0,,,,,,,,,,
2023-06-21,,,,,,KO,,,,,,,,,,,55.905704498291016,56.169626123021004,55.49617154123552,55.79649686695889,13948700.0,,,,,,,,,,
2023-06-22,,,,,,KO,,,,,,,,,,,56.28792953491211,56.515447444869956,56.05131243608098,56.25152930777118,15193400.0,,,,,,,,,,
2023-06-23,,,,,,KO,,,,,,,,,,,55.69638442993164,56.39714000137273,55.67818258074058,56.36983549176226,25112100.0,,,,,,,,,,
2023-06-26,,,,,,KO,,,,,,,,,,,55.7145881652832,55.77829290378471,54.959227020696936,55.70548550455563,12856100.0,,,,,,,,,,
2023-06-27,,,,,,KO,,,,,,,,,,,55.596282958984375,55.84200274637005,55.496174511718195,55.71459325772152,9068500.0,,,,,,,,,,
2023-06-28,,,,,,KO,,,,,,,,,,,55.07754135131836,55.55077906609946,54.96833371610676,55.405167728601285,11173200.0,,,,,,,,,,
2023-06-29,,,,,,KO,,,,,,,,,,,54.62250518798828,54.92282705108446,54.394987257417675,54.804520226774386,17142300.0,,,,,,,,,,
2023-06-30,,,,,,KO,,,,,,,,,,,54.80451965332031,54.92282647639247,54.485992470865554,54.604302765585786,19739200.0,,,,,,,,,,
2023-07-03,,,,,,KO,,,,,,,,,,,55.132144927978516,55.17764781838115,54.63160271860542,54.78631671195201,9694500.0,,,,,,,,,,
2023-07-05,,,,,,KO,,,,,,,,,,,55.54167175292969,55.60537649077168,54.74991038857366,54.8591180146388,14716600.0,,,,,,,,,,
2023-07-06,,,,,,KO,,,,,,,,,,,55.11394500732422,55.53257716832392,55.05933945394021,55.26865553444006,12603900.0,,,,,,,,,,
2023-07-07,,,,,,KO,,,,,,,,,,,54.38587951660156,55.05933405571718,54.35857847841032,54.88642169442632,14574000.0,,,,,,,,,,
2023-07-10,,,,,,KO,,,,,,,,,,,53.976348876953125,54.74080917442322,53.821634896740704,54.57699600556194,15480600.0,,,,,,,,,,
2023-07-11,,,,,,KO,,,,,,,,,,,54.16746139526367,54.20386509202003,53.54861243699603,54.112855850129144,15967700.0,,,,,,,,,,
2023-07-12,,,,,,KO,,,,,,,,,,,54.45869445800781,54.649808695116704,54.103767025763226,54.37678786043997,14241300.0,,,,,,,,,,
2023-07-13,,,,,,KO,,,,,,,,,,,54.92282485961914,55.0229333005395,54.58609930787174,54.71350878844384,11269800.0,,,,,,,,,,
2023-07-14,,,,,,KO,,,,,,,,,,,55.42337417602539,55.550783672946395,54.68621476600591,54.73171766181363,11634200.0,,,,,,,,,,
2023-07-17,,,,,,KO,,,,,,,,,,,55.341461181640625,55.605379335495904,55.050238516136304,55.29595481944156,10014300.0,,,,,,,,,,
2023-07-18,,,,,,KO,,,,,,,,,,,55.123043060302734,55.74189209930028,54.97743172592967,55.477970470859084,11152900.0,,,,,,,,,,
2023-07-19,,,,,,KO,,,,,,,,,,,56.09681701660156,56.23332915535497,55.223149049193836,55.3050556381163,12936000.0,,,,,,,,,,
2023-07-20,,,,,,KO,,,,,,,,,,,56.77937316894531,56.797575019658936,56.12412042984717,56.133223091028,11563000.0,,,,,,,,,,
2023-07-21,,,,,,KO,,,,,,,,,,,56.82487487792969,57.04329361030191,56.64286331787548,56.843076728264705,12815100.0,,,,,,,,,,
2023-07-24,,,,,,KO,,,,,,,,,,,56.843074798583984,57.1616019611616,56.78847272108052,56.80667109914977,10251100.0,,,,,,,,,,
2023-07-25,,,,,,KO,,,,,,,,,,,56.65196228027344,56.77937176046018,56.4699472493004,56.69746517010471,13422700.0,,,,,,,,,,
2023-07-26,,,,,,KO,,,,,,,,,,,57.38001251220703,57.48922012991231,55.86929382596824,56.297028580148,17145500.0,,,,,,,,,,
2023-07-27,,,,,,KO,,,,,,,,,,,56.82487487792969,57.58023604441697,56.77027279857262,57.38001916237977,11517100.0,,,,,,,,,,
2023-07-28,,,,,,KO,,,,,,,,,,,56.86127471923828,57.125196323710824,56.624657624239,56.961383153462194,9721800.0,,,,,,,,,,
2023-07-31,,,,,,KO,,,,,,,,,,,56.360740661621094,56.833978362243116,56.178725627282155,56.833978362243116,15577900.0,,,,,,,,,,
2023-08-01,,,,,,KO,,,,,,,,,,,56.21513366699219,56.752076150325216,56.07862151279039,56.50635635575095,9281600.0,,,,,,,,,,
2023-08-02,,,,,,KO,,,,,,,,,,,56.38804244995117,56.96138860065018,56.024015848090784,56.024015848090784,11059400.0,,,,,,,,,,
2023-08-03,,,,,,KO,,,,,,,,,,,56.09681701660156,56.53365100030542,55.99670857773544,56.30613308348167,8037400.0,,,,,,,,,,
2023-08-04,,,,,,KO,,,,,,,,,,,55.250450134277344,56.324334980311235,55.168543545286695,56.13322076321568,9359300.0,,,,,,,,,,
2023-08-07,,,,,,KO,,,,,,,,,,,55.687278747558594,55.814691684981796,55.27774931375051,55.323252198435014,6982600.0,,,,,,,,,,
2023-08-08,,,,,,KO,,,,,,,,,,,55.44156265258789,55.832893735591554,55.16854185486732,55.68728241203073,7956100.0,,,,,,,,,,
2023-08-09,,,,,,KO,,,,,,,,,,,55.56897735595703,56.08771792952742,55.2868538887889,55.43246521695518,7904100.0,,,,,,,,,,
2023-08-10,,,,,,KO,,,,,,,,,,,55.44156265258789,56.17872193091643,55.32325583895258,55.832893735591554,7870300.0,,,,,,,,,,
2023-08-11,,,,,,KO,,,,,,,,,,,55.66908645629883,55.696390969115065,55.232252439368885,55.36876458850556,8483900.0,,,,,,,,,,
2023-08-14,,,,,,KO,,,,,,,,,,,55.40517044067383,55.95121211510859,55.28686013827526,55.80560077048276,7176300.0,,,,,,,,,,
2023-08-15,,,,,,KO,,,,,,,,,,,55.03203201293945,55.42336308756006,54.94102276788366,55.23224540876675,7187400.0,,,,,,,,,,
2023-08-16,,,,,,KO,,,,,,,,,,,55.041133880615234,55.35055838556998,54.968329952674765,55.0957394303065,8372300.0,,,,,,,,,,
2023-08-17,,,,,,KO,,,,,,,,,,,55.159446716308594,55.53257597730979,55.01383538205563,55.13214567602618,12873500.0,,,,,,,,,,
2023-08-18,,,,,,KO,,,,,,,,,,,55.4688720703125,55.596281555745236,54.941028805921896,55.09574280369601,11083800.0,,,,,,,,,,
2023-08-21,,,,,,KO,,,,,,,,,,,54.99563217163086,55.450668013877255,54.89552373087298,55.3869632736946,8648500.0,,,,,,,,,,
2023-08-22,,,,,,KO,,,,,,,,,,,54.658905029296875,55.13214270805482,54.58609763026587,54.91372398260967,9411500.0,,,,,,,,,,
2023-08-23,,,,,,KO,,,,,,,,,,,54.85002136230469,55.004731883747894,54.749912920595314,54.78631662151654,7749500.0,,,,,,,,,,
2023-08-24,,,,,,KO,,,,,,,,,,,54.70440673828125,55.40516231642897,54.68620488891599,54.850018061555595,8955100.0,,,,,,,,,,
2023-08-25,,,,,,KO,,,,,,,,,,,54.959224700927734,55.12303787063092,54.61339651248239,54.97742654996673,7629200.0,,,,,,,,,,
2023-08-28,,,,,,KO,,,,,,,,,,,55.11394500732422,55.26865553444006,54.941029157432254,55.104842345936156,6254300.0,,,,,,,,,,
2023-08-29,,,,,,KO,,,,,,,,,,,55.0593376159668,55.17764790852536,54.74081391097991,55.113943167527985,8189600.0,,,,,,,,,,
2023-08-30,,,,,,KO,,,,,,,,,,,55.03203201293945,55.27775176711851,54.868218843486744,55.186742522062715,9447900.0,,,,,,,,,,
2023-08-31,,,,,,KO,,,,,,,,,,,54.449588775634766,55.032034079270495,54.43138692594017,54.87732009269033,14663500.0,,,,,,,,,,
2023-09-01,,,,,,KO,,,,,,,,,,,53.976348876953125,54.722607325477775,53.80343304779527,54.604297043156244,11262300.0,,,,,,,,,,
2023-09-05,,,,,,KO,,,,,,,,,,,53.530418395996094,53.985454256874434,53.393906249073346,53.92174951408331,12474600.0,,,,,,,,,,
2023-09-06,,,,,,KO,,,,,,,,,,,53.494014739990234,53.53952110343574,53.166388364412036,53.34840340324972,13923500.0,,,,,,,,,,
2023-09-07,,,,,,KO,,,,,,,,,,,53.0844841003418,53.8398418085458,53.05717958853218,53.648727584118674,17628600.0,,,,,,,,,,
2023-09-08,,,,,,KO,,,,,,,,,,,53.0844841003418,53.15728803132202,52.79325796147679,53.05717958853218,14312300.0,,,,,,,,,,
2023-09-11,,,,,,KO,,,,,,,,,,,53.58502197265625,53.685130413820765,52.99347398667391,53.14818797892307,14767400.0,,,,,,,,,,
2023-09-12,,,,,,KO,,,,,,,,,,,53.05718231201172,53.69423323111733,52.957073864083206,53.685134041145744,12292700.0,,,,,,,,,,
2023-09-13,,,,,,KO,,,,,,,,,,,53.18458938598633,53.40300812351468,53.093583603810885,53.14818915610499,12641400.0,,,,,,,,,,
2023-09-14,,,,,,KO,,,,,,,,,,,53.62489700317383,53.74414595967669,53.37722770852561,53.42309511431333,12311600.0,,,,,,,,,,
2023-09-15,,,,,,KO,,,,,,,,,,,53.14789581298828,53.79000089582424,52.973611597312015,53.57902416131365,55727500.0,,,,,,,,,,
2023-09-18,,,,,,KO,,,,,,,,,,,53.47812271118164,53.52398661118131,52.86353875296526,53.18458955215422,13617400.0,,,,,,,,,,
2023-09-19,,,,,,KO,,,,,,,,,,,53.36805725097656,53.56068776153007,53.129559333841115,53.44143880296235,11998900.0,,,,,,,,,,
2023-09-20,,,,,,KO,,,,,,,,,,,53.606544494628906,53.96429132245397,53.27632230609952,53.4781241714467,14766600.0,,,,,,,,,,
2023-09-21,,,,,,KO,,,,,,,,,,,52.78098678588867,53.588201291714974,52.67090921757381,53.542337387846224,15941800.0,,,,,,,,,,
2023-09-22,,,,,,KO,,,,,,,,,,,52.83601760864258,53.17541816682901,52.74428980865187,53.06534060781063,14644100.0,,,,,,,,,,
2023-09-25,,,,,,KO,,,,,,,,,,,52.28564453125,52.735119155461064,52.047150148470934,52.652562734654595,12358800.0,,,,,,,,,,
2023-09-26,,,,,,KO,,,,,,,,,,,51.854515075683594,52.193915631406036,51.73526963639962,52.037974173524404,11194700.0,,,,,,,,,,
2023-09-27,,,,,,KO,,,,,,,,,,,51.322486877441406,51.85451440519013,51.074817623437426,51.75361172772282,13766300.0,,,,,,,,,,
2023-09-28,,,,,,KO,,,,,,,,,,,51.194061279296875,51.661878600251185,51.093158612238476,51.579322190766206,12484800.0,,,,,,,,,,
2023-09-29,,,,,,KO,,,,,,,,,,,51.35000228881836,51.61601779074513,51.01977663114251,51.4967688589864,12271600.0,,,,,,,,,,
2023-10-02,,,,,,KO,,,,,,,,,,,50.891361236572266,51.37752489112684,50.524446525297805,51.285797088106065,11792500.0,,,,,,,,,,
2023-10-03,,,,,,KO,,,,,,,,,,,50.340980529785156,50.8454903757288,50.249249240128464,50.597821142442086,13604200.0,,,,,,,,,,
2023-10-04,,,,,,KO,,,,,,,,,,,50.48774719238281,50.70789528960586,50.18503918471248,50.35015200722522,12100500.0,,,,,,,,,,
2023-10-05,,,,,,KO,,,,,,,,,,,48.04775619506836,50.405196367658974,47.91933587425662,50.21256588644137,29878100.0,,,,,,,,,,
2023-10-06,,,,,,KO,,,,,,,,,,,48.74489212036133,48.882487308182895,47.286397826054795,47.73587240697308,30298900.0,,,,,,,,,,
2023-10-09,,,,,,KO,,,,,,,,,,,48.506404876708984,48.75407415160766,47.80008957404049,48.57978642157258,15704700.0,,,,,,,,,,
2023-10-10,,,,,,KO,,,,,,,,,,,49.561283111572266,49.83647349688469,49.130158273018935,49.653014406406776,20909700.0,,,,,,,,,,
2023-10-11,,,,,,KO,,,,,,,,,,,49.26774978637695,49.7906059178534,48.634819600692595,49.73557064034499,21138900.0,,,,,,,,,,
2023-10-12,,,,,,KO,,,,,,,,,,,48.44218826293945,49.37782645491765,48.09361634847125,49.313612800323405,19330400.0,,,,,,,,,,
2023-10-13,,,,,,KO,,,,,,,,,,,48.51557540893555,49.001739070125794,48.2862523990622,48.3779837025264,14494600.0,,,,,,,,,,
2023-10-16,,,,,,KO,,,,,,,,,,,49.01091003417969,49.130158969559645,48.46970763415207,48.634820468003966,12816800.0,,,,,,,,,,
2023-10-17,,,,,,KO,,,,,,,,,,,49.59797286987305,49.625490507196766,48.80910127414463,48.900832563875205,16457200.0,,,,,,,,,,
2023-10-18,,,,,,KO,,,,,,,,,,,49.579620361328125,50.019919998952744,49.46037144930777,49.62548425081581,12809500.0,,,,,,,,,,
2023-10-19,,,,,,KO,,,,,,,,,,,49.85482406616211,50.23091368591834,49.40535289823453,49.68053982746247,16202200.0,,,,,,,,,,
2023-10-20,,,,,,KO,,,,,,,,,,,50.05662536621094,50.46940747599544,49.937376423564,50.0199328455209,15686400.0,,,,,,,,,,
2023-10-23,,,,,,KO,,,,,,,,,,,49.60715103149414,50.350155281934605,49.579629893158135,49.88233792051621,21212700.0,,,,,,,,,,
2023-10-24,,,,,,KO,,,,,,,,,,,51.038124084472656,51.524287703435704,50.726244678166466,51.047298963617884,25290800.0,,,,,,,,,,
2023-10-25,,,,,,KO,,,,,,,,,,,51.47842025756836,51.57015154674316,50.964739034953034,51.148194614920854,16701000.0,,,,,,,,,,
2023-10-26,,,,,,KO,,,,,,,,,,,51.166542053222656,51.94624228283797,51.111506777638944,51.70774442467198,16228400.0,,,,,,,,,,
2023-10-27,,,,,,KO,,,,,,,,,,,50.67121505737305,51.49677581386747,50.542791229339606,50.95557335718258,13626500.0,,,,,,,,,,
2023-10-30,,,,,,KO,,,,,,,,,,,51.505943298339844,51.62518872988983,50.836317109772594,50.84549198862476,15014300.0,,,,,,,,,,
2023-10-31,,,,,,KO,,,,,,,,,,,51.81782913208008,52.02880588240653,51.50594969699066,51.891210676058584,16639400.0,,,,,,,,,,
2023-11-01,,,,,,KO,,,,,,,,,,,51.7719612121582,52.17557194716909,51.60684836587037,52.10218690473386,14110800.0,,,,,,,,,,
2023-11-02,,,,,,KO,,,,,,,,,,,52.368202209472656,52.42324099106228,51.69857944649353,51.82699977101125,13087200.0,,,,,,,,,,
2023-11-03,,,,,,KO,,,,,,,,,,,52.04714584350586,52.82684258726058,52.010453326362075,52.652558379614156,13958700.0,,,,,,,,,,
2023-11-06,,,,,,KO,,,,,,,,,,,52.25813293457031,52.54249125086428,52.04715616792934,52.08384519315997,12673200.0,,,,,,,,,,
2023-11-07,,,,,,KO,,,,,,,,,,,52.45075607299805,52.652561429788456,52.037973979195506,52.21225819693826,10449300.0,,,,,,,,,,
2023-11-08,,,,,,KO,,,,,,,,,,,52.368202209472656,52.716774161157474,52.21226074456442,52.57917895677911,13744000.0,,,,,,,,,,
2023-11-09,,,,,,KO,,,,,,,,,,,51.9737663269043,52.4140660818001,51.707750798157434,52.313163398538094,12021100.0,,,,,,,,,,
2023-11-10,,,,,,KO,,,,,,,,,,,52.028804779052734,52.22143526450166,51.42339218250513,52.16639648329137,11678900.0,,,,,,,,,,
2023-11-13,,,,,,KO,,,,,,,,,,,52.221439361572266,52.37737733844856,51.9187312899536,51.93707755179639,12798200.0,,,,,,,,,,
2023-11-14,,,,,,KO,,,,,,,,,,,52.37737274169922,52.50579656332805,52.11136071630357,52.3039911999598,12697100.0,,,,,,,,,,
2023-11-15,,,,,,KO,,,,,,,,,,,52.478275299072266,52.597524240706605,52.05632181229396,52.56083172032814,10201900.0,,,,,,,,,,
2023-11-16,,,,,,KO,,,,,,,,,,,52.42324447631836,52.771812951985666,52.1113650249586,52.51497228587468,16010400.0,,,,,,,,,,
2023-11-17,,,,,,KO,,,,,,,,,,,52.52414321899414,52.59752826536634,52.01046189115512,52.45993305301426,14475800.0,,,,,,,,,,
2023-11-20,,,,,,KO,,,,,,,,,,,52.65256118774414,52.817674024506125,52.248950476018734,52.33150689439972,13051000.0,,,,,,,,,,
2023-11-21,,,,,,KO,,,,,,,,,,,53.23045349121094,53.23962837073236,52.58835189236188,52.70759733261026,13891600.0,,,,,,,,,,
2023-11-22,,,,,,KO,,,,,,,,,,,53.588199615478516,53.69827718035016,53.32218758168401,53.441433028174444,11320600.0,,,,,,,,,,
2023-11-24,,,,,,KO,,,,,,,,,,,53.725799560546875,53.890912423225714,53.514822791388745,53.624896866777384,4816000.0,,,,,,,,,,
2023-11-27,,,,,,KO,,,,,,,,,,,53.62489700317383,53.83587377286858,53.450612758432534,53.69828205308075,16246500.0,,,,,,,,,,
2023-11-28,,,,,,KO,,,,,,,,,,,53.7349739074707,53.96429693678044,53.53316852193678,53.56986104643235,13739600.0,,,,,,,,,,
2023-11-29,,,,,,KO,,,,,,,,,,,53.41392135620117,53.81752864159748,53.294672397191775,53.734975707504645,11263600.0,,,,,,,,,,
2023-11-30,,,,,,KO,,,,,,,,,,,54.033390045166016,54.051882388780356,53.25672924863348,53.5895843795837,22727500.0,,,,,,,,,,
2023-12-01,,,,,,KO,,,,,,,,,,,54.21830749511719,54.26453658852929,53.848471220766584,53.8762079714031,15371200.0,,,,,,,,,,
2023-12-04,,,,,,KO,,,,,,,,,,,54.15359115600586,54.514183056435385,54.033392680178,54.172083500522,14942200.0,,,,,,,,,,
2023-12-05,,,,,,KO,,,,,,,,,,,54.23679733276367,54.393980475569236,54.01489275675981,54.13509121572246,11891500.0,,,,,,,,,,
2023-12-06,,,,,,KO,,,,,,,,,,,54.18132781982422,54.30152629545369,53.820735919989865,54.14434665790706,14868500.0,,,,,,,,,,
2023-12-07,,,,,,KO,,,,,,,,,,,54.3107795715332,54.44946687823117,53.98716880179578,54.246054595942184,11587900.0,,,,,,,,,,
2023-12-08,,,,,,KO,,,,,,,,,,,54.190574645996094,54.320017527690894,53.96867004376645,54.3107731191644,11178700.0,,,,,,,,,,
2023-12-11,,,,,,KO,,,,,,,,,,,54.58815383911133,54.634382938064164,54.08887110549072,54.39398950727692,14524800.0,,,,,,,,,,
2023-12-12,,,,,,KO,,,,,,,,,,,54.93949890136719,54.93949890136719,54.458712030266405,54.73609015653354,12899000.0,,,,,,,,,,
2023-12-13,,,,,,KO,,,,,,,,,,,55.411041259765625,55.494255044898914,54.79156007553914,54.96723558140609,16196800.0,,,,,,,,,,
2023-12-14,,,,,,KO,,,,,,,,,,,54.58815383911133,55.51274992638467,54.33851247230102,55.448028482439874,22478300.0,,,,,,,,,,
2023-12-15,,,,,,KO,,,,,,,,,,,54.18132781982422,54.70834729297505,53.4416516756699,54.393988017881775,65177400.0,,,,,,,,,,
2023-12-18,,,,,,KO,,,,,,,,,,,54.56966018676758,55.004221466032384,54.199820349897,54.366247923783355,16717700.0,,,,,,,,,,
2023-12-19,,,,,,KO,,,,,,,,,,,54.39399337768555,54.73609296674364,54.21831785128874,54.55117303072014,14612200.0,,,,,,,,,,
2023-12-20,,,,,,KO,,,,,,,,,,,53.26597595214844,54.24604545166594,53.228991265775065,54.088865825159864,17701000.0,,,,,,,,,,
2023-12-21,,,,,,KO,,,,,,,,,,,53.61732864379883,53.691294496699996,53.136538255251665,53.487882228877,11725100.0,,,,,,,,,,
2023-12-22,,,,,,KO,,,,,,,,,,,53.92243576049805,54.05187862974238,53.645057679681095,53.73751586426886,9029400.0,,,,,,,,,,
2023-12-26,,,,,,KO,,,,,,,,,,,54.14434814453125,54.283035441400166,53.682050100859875,53.682050100859875,6422500.0,,,,,,,,,,
2023-12-27,,,,,,KO,,,,,,,,,,,54.283023834228516,54.3385008573461,53.99640136575452,54.218302404118035,8560100.0,,,,,,,,,,
2023-12-28,,,,,,KO,,,,,,,,,,,54.32001495361328,54.43096548594346,54.11660270512976,54.227556764513764,8400100.0,,,,,,,,,,
2023-12-29,,,,,,KO,,,,,,,,,,,54.4864387512207,54.53266784257654,54.20906067603212,54.3107667932471,9244300.0,,,,,,,,,,
2024-01-02,,,,,,KO,,,,,,,,,,,55.3093376159668,55.36481465090001,54.246050705598975,54.36624918442719,16322600.0,,,,,,,,,,
2024-01-03,,,,,,KO,,,,,,,,,,,55.43877410888672,55.66067869596868,55.25385420749405,55.411037358146636,14830600.0,,,,,,,,,,
2024-01-04,,,,,,KO,,,,,,,,,,,55.25385665893555,55.71615466940107,55.16139846766401,55.52199035149849,12912900.0,,,,,,,,,,
2024-01-05,,,,,,KO,,,,,,,,,,,55.17064666748047,55.42953596952956,54.63438277255465,55.290845146037036,10412800.0,,,,,,,,,,
2024-01-08,,,,,,KO,,,,,,,,,,,55.57747268676758,55.64219413224541,54.93949911412292,55.17989607765849,11554600.0,,,,,,,,,,
2024-01-09,,,,,,KO,,,,,,,,,,,55.47576141357422,55.60520429254393,55.124413937046484,55.466517005242345,10493700.0,,,,,,,,,,
2024-01-10,,,,,,KO,,,,,,,,,,,55.660682678222656,55.85484700140229,55.45727041943217,55.67917502239034,12258000.0,,,,,,,,,,
2024-01-11,,,,,,KO,,,,,,,,,,,55.30009460449219,55.716160032316076,55.18914053182185,55.70691562312067,13754200.0,,,,,,,,,,
2024-01-12,,,,,,KO,,,,,,,,,,,55.83634948730469,55.90107092237196,55.35555916462375,55.549726996879244,13218000.0,,,,,,,,,,
2024-01-16,,,,,,KO,,,,,,,,,,,55.466514587402344,55.87333555029542,55.33706818702141,55.836350864472294,11826900.0,,,,,,,,,,
2024-01-17,,,,,,KO,,,,,,,,,,,55.466514587402344,55.669923305322,55.30933143618095,55.346316122004076,8982100.0,,,,,,,,,,
2024-01-18,,,,,,KO,,,,,,,,,,,55.62369918823242,55.68842063068665,55.041202679090325,55.189137908564845,10397700.0,,,,,,,,,,
2024-01-19,,,,,,KO,,,,,,,,,,,55.31857681274414,55.734642164323574,55.14290132673597,55.71614982226726,14392600.0,,,,,,,,,,
2024-01-22,,,,,,KO,,,,,,,,,,,55.078189849853516,55.540487903672705,54.95799136828534,55.25386184056528,14314300.0,,,,,,,,,,
2024-01-23,,,,,,KO,,,,,,,,,,,55.337074279785156,55.475765103365234,54.97648237094195,55.041203814731546,14481600.0,,,,,,,,,,
2024-01-24,,,,,,KO,,,,,,,,,,,54.467952728271484,55.30009057742984,54.44946038417308,55.29084264185364,16370500.0,,,,,,,,,,
2024-01-25,,,,,,KO,,,,,,,,,,,54.69910430908203,54.70834871803861,54.23680626606171,54.560413485354275,14899700.0,,,,,,,,,,
2024-01-26,,,,,,KO,,,,,,,,,,,54.89326477050781,55.00421883248907,54.67136370065312,54.782314235580465,13025100.0,,,,,,,,,,
2024-01-29,,,,,,KO,,,,,,,,,,,55.22611618041992,55.28159320767172,54.70834117389752,54.86552432091744,14547100.0,,,,,,,,,,
2024-01-30,,,,,,KO,,,,,,,,,,,55.38330078125,55.494251311612366,54.96723188357392,55.337068160466394,22061500.0,,,,,,,,,,
2024-01-31,,,,,,KO,,,,,,,,,,,55.00421905517578,55.8918303922959,54.81929914484561,55.56821966745462,22837000.0,,,,,,,,,,
2024-02-01,,,,,,KO,,,,,,,,,,,56.38187026977539,56.409607024371404,54.88402556166846,55.078189897949045,15870900.0,,,,,,,,,,
2024-02-02,,,,,,KO,,,,,,,,,,,55.97504425048828,56.28015910494548,55.688418212740295,56.233930009064565,17544900.0,,,,,,,,,,
2024-02-05,,,,,,KO,,,,,,,,,,,55.51274871826172,55.82711152217535,55.36481348859966,55.82711152217535,12759600.0,,,,,,,,,,
2024-02-06,,,,,,KO,,,,,,,,,,,55.420284271240234,55.52199039795638,55.17989085750074,55.4387766149208,12775200.0,,,,,,,,,,
2024-02-07,,,,,,KO,,,,,,,,,,,55.466514587402344,55.669923305322,55.420281966596555,55.54048043199483,10259900.0,,,,,,,,,,
2024-02-08,,,,,,KO,,,,,,,,,,,55.31857681274414,55.44801968008473,54.93024468366877,55.37405031185948,12874800.0,,,,,,,,,,
2024-02-09,,,,,,KO,,,,,,,,,,,55.068939208984375,55.08743155229103,54.57890092899273,54.985725427631365,15235300.0,,,,,,,,,,
2024-02-12,,,,,,KO,,,,,,,,,,,55.19839096069336,55.25386447247932,54.51418825654638,55.16140626813311,13516800.0,,,,,,,,,,
2024-02-13,,,,,,KO,,,,,,,,,,,54.87477111816406,56.08599314633598,54.35699961614857,55.013461928806116,24195700.0,,,,,,,,,,
2024-02-14,,,,,,KO,,,,,,,,,,,54.81929397583008,55.096672051643864,54.58814499147632,54.708339923861686,15872500.0,,,,,,,,,,
2024-02-15,,,,,,KO,,,,,,,,,,,54.9210090637207,55.09668105078341,54.67136769659739,54.93949788168169,13695800.0,,,,,,,,,,
2024-02-16,,,,,,KO,,,,,,,,,,,54.91175842285156,55.124415089469565,54.51418184224495,54.87477373464304,13947100.0,,,,,,,,,,
2024-02-20,,,,,,KO,,,,,,,,,,,56.12297821044922,56.25242108682415,55.02270670715459,55.10592048868903,18339300.0,,,,,,,,,,
2024-02-21,,,,,,KO,,,,,,,,,,,56.62226486206055,56.65924602428856,56.243180614554134,56.39111584462849,14373000.0,,,,,,,,,,
2024-02-22,,,,,,KO,,,,,,,,,,,56.53904724121094,56.63150543109322,55.938058425814525,56.39111202116697,12982800.0,,,,,,,,,,
2024-02-23,,,,,,KO,,,,,,,,,,,56.58527374267578,56.97360235484771,56.400353844332805,56.48356762223446,13612900.0,,,,,,,,,,
2024-02-26,,,,,,KO,,,,,,,,,,,56.132225036621094,56.65000009147903,56.08599593978917,56.622263338790674,10336100.0,,,,,,,,,,
2024-02-27,,,,,,KO,,,,,,,,,,,55.79011917114258,56.196940115079556,55.586706935647285,55.975039064587975,9931100.0,,,,,,,,,,
2024-02-28,,,,,,KO,,,,,,,,,,,55.845603942871094,55.92881773011028,55.53124113852905,55.81786366242197,8076500.0,,,,,,,,,,
2024-02-29,,,,,,KO,,,,,,,,,,,55.494258880615234,56.06750748057034,55.38330833512004,55.799373762490575,18152700.0,,,,,,,,,,
2024-03-01,,,,,,KO,,,,,,,,,,,55.04119873046875,55.38330178981777,54.865526760274754,55.38330178981777,10927600.0,,,,,,,,,,
2024-03-04,,,,,,KO,,,,,,,,,,,55.30009460449219,55.42953749555333,54.7545827585529,54.7638271677483,10150200.0,,,,,,,,,,
2024-03-05,,,,,,KO,,,,,,,,,,,55.03195571899414,55.577467513713586,54.93949400045039,55.39254760367999,12310000.0,,,,,,,,,,
2024-03-06,,,,,,KO,,,,,,,,,,,55.059688568115234,55.47575745443423,54.90250894831343,55.031951818045194,12378800.0,,,,,,,,,,
2024-03-07,,,,,,KO,,,,,,,,,,,54.95798873901367,55.263107132923054,54.77307234797606,55.18913775486475,13686900.0,,,,,,,,,,
2024-03-08,,,,,,KO,,,,,,,,,,,55.03195571899414,55.2815970684814,54.523428611692204,54.8285434652518,13239000.0,,,,,,,,,,
2024-03-11,,,,,,KO,,,,,,,,,,,55.69767761230469,55.74390671770086,55.08744425073308,55.272360672317774,14114300.0,,,,,,,,,,
2024-03-12,,,,,,KO,,,,,,,,,,,55.93805694580078,56.16920594144459,55.66992326436107,55.77162938677294,12684600.0,,,,,,,,,,
2024-03-13,,,,,,KO,,,,,,,,,,,56.51130676269531,56.59452054411654,56.21543632365402,56.289405696941266,13909500.0,,,,,,,,,,
2024-03-14,,,,,,KO,,,,,,,,,,,56.3854866027832,56.665083345958784,56.29228887347983,56.46004763043828,13996600.0,,,,,,,,,,
2024-03-15,,,,,,KO,,,,,,,,,,,55.807655334472656,56.33889023664507,55.583975796853174,55.93813358339,36849900.0,,,,,,,,,,
2024-03-18,,,,,,KO,,,,,,,,,,,56.040653228759766,56.292291375381446,55.73309430891138,55.81697369111861,15856700.0,,,,,,,,,,
2024-03-19,,,,,,KO,,,,,,,,,,,56.133853912353516,56.24569190941899,55.97541704611625,56.14317581934737,15030600.0,,,,,,,,,,
2024-03-20,,,,,,KO,,,,,,,,,,,56.61848831176758,56.674409086292144,56.06861313903937,56.087253397214226,15258800.0,,,,,,,,,,
2024-03-21,,,,,,KO,,,,,,,,,,,56.35753631591797,56.84217240143332,56.21773614605673,56.441415706781505,13067100.0,,,,,,,,,,
2024-03-22,,,,,,KO,,,,,,,,,,,56.37617874145508,56.65577553665316,56.32025796030901,56.40413735439505,11502800.0,,,,,,,,,,
2024-03-25,,,,,,KO,,,,,,,,,,,56.29229736328125,56.581212500854114,56.0313372823969,56.36685484691534,13144700.0,,,,,,,,,,
2024-03-26,,,,,,KO,,,,,,,,,,,56.422767639160156,56.58120449149631,56.273649137734445,56.38548712498735,13277400.0,,,,,,,,,,
2024-03-27,,,,,,KO,,,,,,,,,,,56.879451751708984,57.252249850134596,56.57189634248409,56.655775736866545,12551200.0,,,,,,,,,,
2024-03-28,,,,,,KO,,,,,,,,,,,57.019248962402344,57.09380644505074,56.85149018236098,56.98196844344516,13683500.0,,,,,,,,,,
2024-04-01,,,,,,KO,,,,,,,,,,,56.55324935913086,57.131083143259616,56.50665049118375,57.01924514913341,11668700.0,,,,,,,,,,
2024-04-02,,,,,,KO,,,,,,,,,,,56.05929946899414,56.599852780142676,56.0220189495312,56.33889625443414,13017300.0,,,,,,,,,,
2024-04-03,,,,,,KO,,,,,,,,,,,55.76105499267578,56.28296797453871,55.714452571924696,55.96609071186527,13672900.0,,,,,,,,,,
2024-04-04,,,,,,KO,,,,,,,,,,,55.2671012878418,56.05929628270551,55.14594138410672,56.00337550668952,14320700.0,,,,,,,,,,
2024-04-05,,,,,,KO,,,,,,,,,,,55.46282196044922,55.621262390925246,54.90362838818729,55.22050569387332,10157800.0,,,,,,,,,,
2024-04-08,,,,,,KO,,,,,,,,,,,55.239139556884766,55.42553857780882,55.0527405359607,55.36029945377525,10284500.0,,,,,,,,,,
2024-04-09,,,,,,KO,,,,,,,,,,,55.65853500366211,55.67717526079162,55.10865986177087,55.4348554733735,10779100.0,,,,,,,,,,
2024-04-10,,,,,,KO,,,,,,,,,,,54.912940979003906,55.35097814965225,54.6985833469516,55.28573902490875,11861900.0,,,,,,,,,,
2024-04-11,,,,,,KO,,,,,,,,,,,55.03410339355469,55.33234042180869,54.79178714132299,55.1273046869252,11109000.0,,,,,,,,,,
2024-04-12,,,,,,KO,,,,,,,,,,,54.31646728515625,54.996820701157766,54.17667068352797,54.94090348261272,12250900.0,,,,,,,,,,
2024-04-15,,,,,,KO,,,,,,,,,,,54.18598937988281,54.810425581315265,54.092791644870545,54.62402655602503,12425000.0,,,,,,,,,,
2024-04-16,,,,,,KO,,,,,,,,,,,54.11143112182617,54.409668135879215,53.990271223846605,54.288508237899656,11236800.0,,,,,,,,,,
2024-04-17,,,,,,KO,,,,,,,,,,,54.53083038330078,54.57743281044611,54.14871394546488,54.31647272844318,13805100.0,,,,,,,,,,
2024-04-18,,,,,,KO,,,,,,,,,,,54.903629302978516,54.96886843565387,54.55879337951362,54.63335086459999,11125900.0,,,,,,,,,,
2024-04-19,,,,,,KO,,,,,,,,,,,56.07792663574219,56.25500729544031,54.987498291406105,55.08069601894639,21207900.0,,,,,,,,,,
2024-04-22,,,,,,KO,,,,,,,,,,,56.432090759277344,56.506651793924284,55.65853957877735,56.049974344876325,15624500.0,,,,,,,,,,
2024-04-23,,,,,,KO,,,,,,,,,,,56.51597213745117,56.55325265608854,56.04065796825549,56.413452488831375,13689100.0,,,,,,,,,,
2024-04-24,,,,,,KO,,,,,,,,,,,57.364078521728516,57.457279808799775,55.77037384309857,56.217729355243875,19548300.0,,,,,,,,,,
2024-04-25,,,,,,KO,,,,,,,,,,,57.54116439819336,58.333355856048044,57.19632493771299,57.66232074945478,19048500.0,,,,,,,,,,
2024-04-26,,,,,,KO,,,,,,,,,,,57.54116439819336,57.71824152675952,57.17768467861141,57.36408371436131,10994300.0,,,,,,,,,,
2024-04-29,,,,,,KO,,,,,,,,,,,57.82075500488281,57.83007335580641,57.34543733667226,57.708913462206496,13409300.0,,,,,,,,,,
2024-04-30,,,,,,KO,,,,,,,,,,,57.56912612915039,58.55703858347827,57.289529338005856,57.913962053053126,19349200.0,,,,,,,,,,
2024-05-01,,,,,,KO,,,,,,,,,,,57.718238830566406,58.314712872890254,57.04720375531922,57.59707892969884,16729800.0,,,,,,,,,,
2024-05-02,,,,,,KO,,,,,,,,,,,57.77416229248047,58.156278715821486,57.52252412755845,57.951239421011124,10991300.0,,,,,,,,,,
2024-05-03,,,,,,KO,,,,,,,,,,,57.94191360473633,58.091035667458435,57.447959215399145,57.77415839470527,11628700.0,,,,,,,,,,
2024-05-06,,,,,,KO,,,,,,,,,,,58.109676361083984,58.13763852739769,57.69028297430335,58.06307749091568,9310700.0,,,,,,,,,,
2024-05-07,,,,,,KO,,,,,,,,,,,58.3613166809082,58.54771572372884,58.01648076261294,58.49179494430284,9807000.0,,,,,,,,,,
2024-05-08,,,,,,KO,,,,,,,,,,,58.5756721496582,58.68751370433608,58.23083624423285,58.5756721496582,10484400.0,,,,,,,,,,
2024-05-09,,,,,,KO,,,,,,,,,,,58.603633880615234,58.85527204387226,58.48247397491387,58.538394751837394,9113700.0,,,,,,,,,,
2024-05-10,,,,,,KO,,,,,,,,,,,58.957786560058594,59.05098785244091,58.519752929291926,58.64090927649027,8371700.0,,,,,,,,,,
2024-05-13,,,,,,KO,,,,,,,,,,,59.25602340698242,59.29330036632093,58.883225371472896,58.93914614337899,10137600.0,,,,,,,,,,
2024-05-14,,,,,,KO,,,,,,,,,,,58.80867385864258,59.423788228084774,58.529077064399054,59.25603299575157,10852200.0,,,,,,,,,,
2024-05-15,,,,,,KO,,,,,,,,,,,58.836631774902344,59.07894803099802,58.71547186922157,58.77139264613559,9838900.0,,,,,,,,,,
2024-05-16,,,,,,KO,,,,,,,,,,,59.013710021972656,59.395826449970826,58.78071211330875,58.9391525399385,10228000.0,,,,,,,,,,
2024-05-17,,,,,,KO,,,,,,,,,,,58.74342727661133,59.06030455131221,58.659547893447396,59.03234594201279,11539000.0,,,,,,,,,,
2024-05-20,,,,,,KO,,,,,,,,,,,58.31471252441406,58.72478753724475,58.212192882389964,58.650230060032676,11000900.0,,,,,,,,,,
2024-05-21,,,,,,KO,,,,,,,,,,,58.631591796875,58.69683092488,58.19355460432791,58.54771241011632,9796200.0,,,,,,,,,,
2024-05-22,,,,,,KO,,,,,,,,,,,58.7154655456543,58.7341058026181,58.39858828780046,58.44518715257725,7419400.0,,,,,,,,,,
2024-05-23,,,,,,KO,,,,,,,,,,,57.86735916137695,58.603633385958865,57.83007864374261,58.24015722718866,9834300.0,,,,,,,,,,
2024-05-24,,,,,,KO,,,,,,,,,,,57.78347396850586,58.17490869853927,57.75551536072218,57.988513239627444,8203100.0,,,,,,,,,,
2024-05-28,,,,,,KO,,,,,,,,,,,57.615718841552734,57.90463750949517,57.224284086855604,57.587760232007426,12347000.0,,,,,,,,,,
2024-05-29,,,,,,KO,,,,,,,,,,,57.503883361816406,57.671642136953025,56.91672764883822,57.28952571697869,11861800.0,,,,,,,,,,
2024-05-30,,,,,,KO,,,,,,,,,,,57.755523681640625,57.858043331971565,57.41068421138818,57.64368212386178,9433800.0,,,,,,,,,,
2024-05-31,,,,,,KO,,,,,,,,,,,58.650238037109375,58.743435785116816,57.49456676337967,57.77416711793438,19816600.0,,,,,,,,,,
2024-06-03,,,,,,KO,,,,,,,,,,,58.650238037109375,58.79935656708099,58.20288244719451,58.445198725173576,9369000.0,,,,,,,,,,
2024-06-04,,,,,,KO,,,,,,,,,,,59.59154510498047,59.619507272194554,58.65955345054074,58.90187327164404,11895600.0,,,,,,,,,,
2024-06-05,,,,,,KO,,,,,,,,,,,59.57289505004883,59.7126951973347,59.041660178787204,59.63813772597689,9632500.0,,,,,,,,,,
2024-06-06,,,,,,KO,,,,,,,,,,,59.787261962890625,59.982979343665264,59.49834328989061,59.57290076840514,8658500.0,,,,,,,,,,
2024-06-07,,,,,,KO,,,,,,,,,,,59.5635871887207,59.852505884867284,59.47038944429461,59.73134241763446,9523100.0,,,,,,,,,,
2024-06-10,,,,,,KO,,,,,,,,,,,59.265342712402344,59.63814075391536,59.060303434043625,59.591538332277025,15685300.0,,,,,,,,,,
2024-06-11,,,,,,KO,,,,,,,,,,,59.22806930541992,59.32127060461648,58.78071373507455,59.265349825098546,8396000.0,,,,,,,,,,
2024-06-12,,,,,,KO,,,,,,,,,,,58.603633880615234,59.35854481512045,58.42655319799035,59.35854481512045,9569600.0,,,,,,,,,,
2024-06-13,,,,,,KO,,,,,,,,,,,58.706153869628906,58.752752739703936,58.20287754018049,58.58499396322112,9668900.0,,,,,,,,,,
2024-06-14,,,,,,KO,,,,,,,,,,,58.748409271240234,58.87989994336029,58.31636746774516,58.58874305019505,8179200.0,,,,,,,,,,
2024-06-17,,,,,,KO,,,,,,,,,,,58.81415557861328,59.077140510048686,58.40089866186074,58.57934977942048,10532700.0,,,,,,,,,,
2024-06-18,,,,,,KO,,,,,,,,,,,58.823551177978516,59.00200229966709,58.645096473437704,58.72962670641697,10651700.0,,,,,,,,,,
2024-06-20,,,,,,KO,,,,,,,,,,,58.400901794433594,58.926868102664606,58.18488087753131,58.60753205531941,13306300.0,,,,,,,,,,
2024-06-21,,,,,,KO,,,,,,,,,,,58.95504379272461,59.26498560193257,58.40090193228384,58.40090193228384,28278100.0,,,,,,,,,,
2024-06-24,,,,,,KO,,,,,,,,,,,60.082115173339844,60.1666418301343,59.086537193370106,59.16167677654633,13212500.0,,,,,,,,,,
2024-06-25,,,,,,KO,,,,,,,,,,,59.96001052856445,60.17603143929586,59.65006514608966,60.05393141745559,10235300.0,,,,,,,,,,
2024-06-26,,,,,,KO,,,,,,,,,,,60.157249450683594,60.2136005502431,59.387083122465654,59.54675293120608,9402500.0,,,,,,,,,,
2024-06-27,,,,,,KO,,,,,,,,,,,60.0257568359375,60.363874191112814,59.753381237765,60.15725109850004,8494100.0,,,,,,,,,,
2024-06-28,,,,,,KO,,,,,,,,,,,59.78156280517578,60.16664062123286,59.65946277639399,60.016368623604826,17358800.0,,,,,,,,,,
2024-07-01,,,,,,KO,,,,,,,,,,,59.434043884277344,60.39205557613957,59.283768313227874,60.13846129535656,10033400.0,,,,,,,,,,
2024-07-02,,,,,,KO,,,,,,,,,,,59.31195068359375,59.52797160484076,59.03957507655744,59.41526223326216,8878200.0,,,,,,,,,,
2024-07-03,,,,,,KO,,,,,,,,,,,59.48101043701172,59.80034290405582,59.10531970200913,59.349516171764144,9154200.0,,,,,,,,,,
2024-07-05,,,,,,KO,,,,,,,,,,,59.88487243652344,59.91305157017152,59.17106434783005,59.481009737992565,11735500.0,,,,,,,,,,
2024-07-08,,,,,,KO,,,,,,,,,,,59.13349914550781,59.725210838087065,59.020793350729306,59.725210838087065,11235100.0,,,,,,,,,,
2024-07-09,,,,,,KO,,,,,,,,,,,58.87990951538086,59.387090975597495,58.785988615127124,59.2274247285956,11657500.0,,,,,,,,,,
2024-07-10,,,,,,KO,,,,,,,,,,,59.01139831542969,59.03957386632056,58.50421690227986,58.90808318502668,11930400.0,,,,,,,,,,
2024-07-11,,,,,,KO,,,,,,,,,,,59.264991760253906,59.60311273841719,58.60753828366166,58.83294988053537,11431600.0,,,,,,,,,,
2024-07-12,,,,,,KO,,,,,,,,,,,59.82852554321289,60.21360695686776,59.53736502738503,59.60311037243445,9201500.0,,,,,,,,,,
2024-07-15,,,,,,KO,,,,,,,,,,,59.5561408996582,60.05392803185199,59.49978621978923,59.91304670645762,8207500.0,,,,,,,,,,
2024-07-16,,,,,,KO,,,,,,,,,,,60.36387252807617,60.4014423163447,59.537358683281845,59.57492847155037,9025100.0,,,,,,,,,,
2024-07-17,,,,,,KO,,,,,,,,,,,61.24674606323242,61.41580653152233,60.49537177749195,60.55172287835372,12508200.0,,,,,,,,,,
2024-07-18,,,,,,KO,,,,,,,,,,,61.227970123291016,61.810283991830325,60.786534019265915,60.86167360414363,11128200.0,,,,,,,,,,
2024-07-19,,,,,,KO,,,,,,,,,,,61.32188415527344,61.65061084517416,60.8804481006763,61.65061084517416,13775700.0,,,,,,,,,,
2024-07-22,,,,,,KO,,,,,,,,,,,60.8334846496582,61.321884735593606,60.410837068029615,61.284314947005925,11794200.0,,,,,,,,,,
2024-07-23,,,,,,KO,,,,,,,,,,,61.011940002441406,62.02630280797577,60.90862487415339,61.453376065907534,11810300.0,,,,,,,,,,
2024-07-24,,,,,,KO,,,,,,,,,,,61.81027603149414,61.96055518189564,60.88984131524996,61.13403418609597,13244600.0,,,,,,,,,,
2024-07-25,,,,,,KO,,,,,,,,,,,62.054481506347656,62.82464430538982,61.85724547843862,62.02630595460421,16328600.0,,,,,,,,,,
2024-07-26,,,,,,KO,,,,,,,,,,,62.974918365478516,63.03126946439872,61.998125378537104,62.0544764774573,13530100.0,,,,,,,,,,
2024-07-29,,,,,,KO,,,,,,,,,,,62.76829528808594,62.95613708308868,62.35503474023372,62.81525215398404,12140200.0,,,,,,,,,,
2024-07-30,,,,,,KO,,,,,,,,,,,63.5666389465332,63.70752388734259,62.32686436568102,62.43957375146967,13258000.0,,,,,,,,,,
2024-07-31,,,,,,KO,,,,,,,,,,,62.68375778198242,63.50088459022304,62.561661338973714,63.39756945932923,15576800.0,,,,,,,,,,
2024-08-01,,,,,,KO,,,,,,,,,,,63.829612731933594,63.9704976559335,62.646189402321234,62.927959250321045,16495900.0,,,,,,,,,,
2024-08-02,,,,,,KO,,,,,,,,,,,65.11634063720703,65.43567305850767,63.576015293477916,64.36495927483509,22514800.0,,,,,,,,,,
2024-08-05,,,,,,KO,,,,,,,,,,,63.96110153198242,65.32297953624266,63.613593517488695,64.79700964652281,25484300.0,,,,,,,,,,
2024-08-06,,,,,,KO,,,,,,,,,,,63.91413879394531,64.65611878324486,63.65115029040792,64.00805967664238,12969100.0,,,,,,,,,,
2024-08-07,,,,,,KO,,,,,,,,,,,64.29920959472656,64.97545134198872,63.7075016487238,63.9141318676876,13365300.0,,,,,,,,,,
2024-08-08,,,,,,KO,,,,,,,,,,,64.55281829833984,64.67491474340464,63.72629723727086,63.8671821604717,15240900.0,,,,,,,,,,
2024-08-09,,,,,,KO,,,,,,,,,,,64.50585174560547,64.609166874198,64.10198546993593,64.52463305730203,12080400.0,,,,,,,,,,
2024-08-12,,,,,,KO,,,,,,,,,,,64.02684783935547,64.37436302480171,63.70751537086821,64.28982920533434,11012300.0,,,,,,,,,,
2024-08-13,,,,,,KO,,,,,,,,,,,64.29920959472656,64.44009448635671,63.87656208553934,63.94230741287298,9877600.0,,,,,,,,,,
2024-08-14,,,,,,KO,,,,,,,,,,,64.41194152832031,64.70309848493942,63.9892867052187,64.08321477637845,14328000.0,,,,,,,,,,
2024-08-15,,,,,,KO,,,,,,,,,,,64.47766876220703,64.73125585225219,64.33678386075805,64.44949321505798,11285100.0,,,,,,,,,,
2024-08-16,,,,,,KO,,,,,,,,,,,64.9754638671875,65.08817323535905,64.46828245897247,64.65612424022042,12651200.0,,,,,,,,,,
2024-08-19,,,,,,KO,,,,,,,,,,,64.78761291503906,65.20086620842811,64.6655093253779,65.13512087772735,9843900.0,,,,,,,,,,
2024-08-20,,,,,,KO,,,,,,,,,,,65.1633071899414,65.17270142893742,64.59038042816596,64.79701069184954,11957400.0,,,,,,,,,,
2024-08-21,,,,,,KO,,,,,,,,,,,65.34175872802734,65.86772143497615,65.11634716300706,65.2572320782839,8792400.0,,,,,,,,,,
2024-08-22,,,,,,KO,,,,,,,,,,,65.11634063720703,65.67047883853594,64.60915929246153,65.67047883853594,12509200.0,,,,,,,,,,
2024-08-23,,,,,,KO,,,,,,,,,,,65.54838562011719,65.60473671705626,64.75004736209598,65.18208915860505,11834700.0,,,,,,,,,,
2024-08-26,,,,,,KO,,,,,,,,,,,66.53457641601562,66.6097160012344,65.49204512535229,65.58596602402315,12912200.0,,,,,,,,,,
2024-08-27,,,,,,KO,,,,,,,,,,,67.15446472167969,67.18264027365151,66.73181711069236,66.98540424414377,16988400.0,,,,,,,,,,
2024-08-28,,,,,,KO,,,,,,,,,,,67.38926696777344,67.44561806872798,66.96661937920513,67.25777628840976,13272600.0,,,,,,,,,,
2024-08-29,,,,,,KO,,,,,,,,,,,67.67103576660156,67.83070199399494,66.90087301397558,67.53015085067027,17201700.0,,,,,,,,,,
2024-08-30,,,,,,KO,,,,,,,,,,,68.06551361083984,68.15943450757923,67.41744724163945,67.8119193073679,18624200.0,,,,,,,,,,
2024-09-03,,,,,,KO,,,,,,,,,,,68.57270050048828,68.83568189853564,67.85888873028424,68.03734346426167,14755800.0,,,,,,,,,,
2024-09-04,,,,,,KO,,,,,,,,,,,68.15003967285156,69.06108741124558,67.53955026652612,68.84507006720258,18140800.0,,,,,,,,,,
2024-09-05,,,,,,KO,,,,,,,,,,,66.8445053100586,68.26273417629875,66.66605779639907,68.20638308416453,23866100.0,,,,,,,,,,
2024-09-06,,,,,,KO,,,,,,,,,,,66.81633758544922,67.31412473278125,66.58153178646586,66.67545267291834,17485700.0,,,,,,,,,,
2024-09-09,,,,,,KO,,,,,,,,,,,67.4831771850586,67.91521894402418,66.66605768763166,66.90086345874579,12939300.0,,,,,,,,,,
2024-09-10,,,,,,KO,,,,,,,,,,,67.20140838623047,68.01852780859934,67.17322567709463,67.59588032569839,10277600.0,,,,,,,,,,
2024-09-11,,,,,,KO,,,,,,,,,,,66.7599868774414,67.03236246574075,66.28098103831469,67.02296822732922,11418200.0,,,,,,,,,,
2024-09-12,,,,,,KO,,,,,,,,,,,66.90087890625,67.04175666888457,66.36552191112328,66.68485439403513,12337800.0,,,,,,,,,,
2024-09-13,,,,,,KO,,,,,,,,,,,67.52974700927734,67.58648443744191,66.65028079857339,66.99071258239141,11073800.0,,,,,,,,,,
2024-09-16,,,,,,KO,,,,,,,,,,,68.18224334716797,68.31463547831193,67.72832953034013,67.87017308883006,10786500.0,,,,,,,,,,
2024-09-17,,,,,,KO,,,,,,,,,,,67.8985366821289,68.41864647005491,67.82288198812299,67.99310144222193,12974400.0,,,,,,,,,,
2024-09-18,,,,,,KO,,,,,,,,,,,67.85126495361328,68.44702956074514,67.39734390901502,67.98365708853147,10719700.0,,,,,,,,,,
2024-09-19,,,,,,KO,,,,,,,,,,,66.78266143798828,68.0309351464166,66.7637441553047,67.67157892372262,13635600.0,,,,,,,,,,
2024-09-20,,,,,,KO,,,,,,,,,,,67.74724578857422,67.89855521789231,66.5557092846017,66.58408521372188,48578500.0,,,,,,,,,,
2024-09-23,,,,,,KO,,,,,,,,,,,67.83235168457031,68.27680685093212,67.31223459704174,67.66213220272732,11613000.0,,,,,,,,,,
2024-09-24,,,,,,KO,,,,,,,,,,,67.45409393310547,67.91746644230595,66.76375727607426,67.35007050239075,13330600.0,,,,,,,,,,
2024-09-25,,,,,,KO,,,,,,,,,,,67.56755828857422,68.01202065711097,67.43516616366918,67.81343246975342,12329100.0,,,,,,,,,,
2024-09-26,,,,,,KO,,,,,,,,,,,67.52029418945312,67.71888241998657,66.99071835986601,67.00963564743944,10815200.0,,,,,,,,,,
2024-09-27,,,,,,KO,,,,,,,,,,,67.88907623291016,68.27679390341027,67.57700603957177,67.65266073156202,11175700.0,,,,,,,,,,
2024-09-30,,,,,,KO,,,,,,,,,,,67.95529174804688,68.276813458851,67.79453089264481,68.08768388953452,18015300.0,,,,,,,,,,
2024-10-01,,,,,,KO,,,,,,,,,,,67.81343078613281,68.79692027160262,67.73777608382832,68.1822384413303,13294500.0,,,,,,,,,,
2024-10-02,,,,,,KO,,,,,,,,,,,67.15148162841797,67.54865806099704,66.58408569404347,67.51083070339463,11155500.0,,,,,,,,,,
2024-10-03,,,,,,KO,,,,,,,,,,,66.68810272216797,67.13256516087792,66.38549107248919,67.00963165829401,9374800.0,,,,,,,,,,
2024-10-04,,,,,,KO,,,,,,,,,,,66.35711669921875,66.46114012131589,65.93157158324333,66.15852849744154,12684800.0,,,,,,,,,,
2024-10-07,,,,,,KO,,,,,,,,,,,65.26014709472656,66.29091537673638,65.12775497070383,66.24363659805948,14512000.0,,,,,,,,,,
2024-10-08,,,,,,KO,,,,,,,,,,,65.42091369628906,65.66678789750544,65.1183020697267,65.28852156059493,13549700.0,,,,,,,,,,
2024-10-09,,,,,,KO,,,,,,,,,,,65.78971862792969,65.95047946954584,65.31688753035513,65.43036959111183,9037700.0,,,,,,,,,,
2024-10-10,,,,,,KO,,,,,,,,,,,65.48711395263672,66.11125453068313,65.24123973569442,66.03559981549616,8635200.0,,,,,,,,,,
2024-10-11,,,,,,KO,,,,,,,,,,,65.78971862792969,65.80862869730748,65.2506914652879,65.68569520927689,8786300.0,,,,,,,,,,
2024-10-14,,,,,,KO,,,,,,,,,,,66.51787567138672,66.64081637485299,65.69515417504483,65.78971895205964,7659300.0,,,,,,,,,,
2024-10-15,,,,,,KO,,,,,,,,,,,66.51787567138672,67.34060438255861,66.34766340165807,66.6313577327025,10358700.0,,,,,,,,,,
2024-10-16,,,,,,KO,,,,,,,,,,,66.73538208007812,66.85831557042424,66.16798619526743,66.2814610433315,7937300.0,,,,,,,,,,
2024-10-17,,,,,,KO,,,,,,,,,,,66.1017837524414,66.84885769439384,65.79917216207848,66.79211306100557,14674600.0,,,,,,,,,,
2024-10-18,,,,,,KO,,,,,,,,,,,66.6124496459961,66.71647306825771,65.827548265233,66.07342246465414,15087500.0,,,,,,,,,,
2024-10-21,,,,,,KO,,,,,,,,,,,65.67623138427734,66.50841866782697,65.5438392645907,66.19634843649587,11981200.0,,,,,,,,,,
2024-10-22,,,,,,KO,,,,,,,,,,,65.67623138427734,65.95993290636552,64.94807472600083,65.25068631597449,18603300.0,,,,,,,,,,
2024-10-23,,,,,,KO,,,,,,,,,,,64.31448364257812,64.96698560782878,62.962186504697065,63.34990422725708,24655200.0,,,,,,,,,,
2024-10-24,,,,,,KO,,,,,,,,,,,63.643062591552734,64.3428505295307,63.312075082735845,63.97404288554033,17568800.0,,,,,,,,,,
2024-10-25,,,,,,KO,,,,,,,,,,,63.28370666503906,64.02132195641273,63.16077318808656,63.42555742449461,11138100.0,,,,,,,,,,
2024-10-28,,,,,,KO,,,,,,,,,,,63.047306060791016,63.73764273896773,62.981109986020456,63.32154900336363,10761400.0,,,,,,,,,,
2024-10-29,,,,,,KO,,,,,,,,,,,61.99760818481445,62.735223506722626,61.959780833071775,62.6879447281665,16525900.0,,,,,,,,,,
2024-10-30,,,,,,KO,,,,,,,,,,,62.33804702758789,62.92436015633844,61.77065118209071,61.9503292988495,14177800.0,,,,,,,,,,
2024-10-31,,,,,,KO,,,,,,,,,,,61.76119613647461,62.40424672276724,61.71391735524767,62.23402723772419,13383700.0,,,,,,,,,,
2024-11-01,,,,,,KO,,,,,,,,,,,61.47749710083008,62.09217892838974,61.364015047874155,61.912500814916896,12163100.0,,,,,,,,,,
2024-11-04,,,,,,KO,,,,,,,,,,,61.57206726074219,61.86522023800334,61.13706350857623,61.54369854872725,10984500.0,,,,,,,,,,
2024-11-05,,,,,,KO,,,,,,,,,,,61.81793212890625,61.91249689296441,61.12759564310651,61.12759564310651,8780200.0,,,,,,,,,,
2024-11-06,,,,,,KO,,,,,,,,,,,60.238685607910156,61.33565366562698,59.74694080860052,60.91955996991066,22899300.0,,,,,,,,,,
2024-11-07,,,,,,KO,,,,,,,,,,,60.20085525512695,60.89118822534081,60.144114224695606,60.79662344870357,14856100.0,,,,,,,,,,
2024-11-08,,,,,,KO,,,,,,,,,,,60.44672393798828,60.749335542609344,60.27650806687695,60.437268903587885,14719300.0,,,,,,,,,,
2024-11-11,,,,,,KO,,,,,,,,,,,59.91716003417969,60.63586535589965,59.813136610713755,60.512928254765804,13980900.0,,,,,,,,,,
2024-11-12,,,,,,KO,,,,,,,,,,,59.76585006713867,60.28596354091061,59.69019536172426,60.21976747738045,15021000.0,,,,,,,,,,
2024-11-13,,,,,,KO,,,,,,,,,,,59.576717376708984,59.82258795639791,59.09443125187438,59.62399976425513,13177600.0,,,,,,,,,,
2024-11-14,,,,,,KO,,,,,,,,,,,59.15117263793945,59.680744793224044,59.03769417874103,59.680744793224044,15910800.0,,,,,,,,,,
2024-11-15,,,,,,KO,,,,,,,,,,,58.385189056396484,59.22682788393193,58.05420510357358,59.094435745768855,26284300.0,,,,,,,,,,
2024-11-18,,,,,,KO,,,,,,,,,,,58.4986686706543,58.76345295220399,58.21497071079173,58.48921002779022,16062100.0,,,,,,,,,,
2024-11-19,,,,,,KO,,,,,,,,,,,59.18899917602539,59.2173678885794,58.281164300145655,58.53649353537717,16254800.0,,,,,,,,,,
2024-11-20,,,,,,KO,,,,,,,,,,,59.5672607421875,59.586170810766085,58.64996729728805,59.29301785140511,18904900.0,,,,,,,,,,
2024-11-21,,,,,,KO,,,,,,,,,,,60.29541778564453,60.342703779616656,59.529433744138245,59.71856689778215,17292300.0,,,,,,,,,,
2024-11-22,,,,,,KO,,,,,,,,,,,60.44672393798828,60.976299657197465,60.19139832761385,60.749335542609344,19562200.0,,,,,,,,,,
2024-11-25,,,,,,KO,,,,,,,,,,,60.88173294067383,61.19380321413347,60.37107806829063,60.82499551452858,36805300.0,,,,,,,,,,
2024-11-26,,,,,,KO,,,,,,,,,,,61.04249572753906,61.12760185939746,60.579116071321934,60.81553161292382,14473300.0,,,,,,,,,,
2024-11-27,,,,,,KO,,,,,,,,,,,60.929019927978516,61.56261191298583,60.75880043194948,61.43021977327775,13263400.0,,,,,,,,,,
2024-11-29,,,,,,KO,,,,,,,,,,,61.057647705078125,61.21962785509961,60.76226764737469,61.00047268129575,10648400.0,,,,,,,,,,
2024-12-02,,,,,,KO,,,,,,,,,,,60.64793014526367,61.16246175591831,60.362076827271586,61.0290654794025,16500100.0,,,,,,,,,,
2024-12-03,,,,,,KO,,,,,,,,,,,60.52406692504883,61.05765572150549,60.05717627380221,60.71463461198166,24874500.0,,,,,,,,,,
2024-12-04,,,,,,KO,,,,,,,,,,,59.27584457397461,60.362075527674996,58.98046814941361,60.295377390853105,28137700.0,,,,,,,,,,
2024-12-05,,,,,,KO,,,,,,,,,,,59.952362060546875,60.14292974174636,59.17103783892756,59.523589321318276,21040400.0,,,,,,,,,,
2024-12-06,,,,,,KO,,,,,,,,,,,59.58075714111328,60.37161174671295,59.56170000949659,59.866610480587404,15581100.0,,,,,,,,,,
2024-12-09,,,,,,KO,,,,,,,,,,,59.6474494934082,59.96188668239159,58.98046812546015,59.7332047599695,22348300.0,,,,,,,,,,
2024-12-10,,,,,,KO,,,,,,,,,,,59.94282913208008,60.066698657305324,58.87565531607438,59.742734723099474,14949400.0,,,,,,,,,,
2024-12-11,,,,,,KO,,,,,,,,,,,59.68556594848633,60.6288739153604,59.45688765242812,60.02858702734963,32819000.0,,,,,,,,,,
2024-12-12,,,,,,KO,,,,,,,,,,,60.8289680480957,60.905192934832634,60.23821154547463,60.552645109775405,17542100.0,,,,,,,,,,
2024-12-13,,,,,,KO,,,,,,,,,,,60.142921447753906,60.82896355155313,60.13339470065701,60.571697762628425,13429000.0,,,,,,,,,,
2024-12-16,,,,,,KO,,,,,,,,,,,59.59980773925781,60.84802246249715,59.409240078757605,60.24773560409303,24559700.0,,,,,,,,,,
2024-12-17,,,,,,KO,,,,,,,,,,,60.409725189208984,60.55264822222807,59.380661904546045,59.504531440983506,21902400.0,,,,,,,,,,
2024-12-18,,,,,,KO,,,,,,,,,,,59.885658264160156,60.63839853471282,59.828490509540266,59.84754763933885,20946100.0,,,,,,,,,,
2024-12-19,,,,,,KO,,,,,,,,,,,59.5045280456543,60.19056656150807,59.45688703736633,59.74273672187007,21300600.0,,,,,,,,,,
2024-12-20,,,,,,KO,,,,,,,,,,,59.59980773925781,60.08575545527213,59.3425419427989,59.52358285592321,42458100.0,,,,,,,,,,
2024-12-23,,,,,,KO,,,,,,,,,,,59.43783187866211,59.79990646148149,58.627920171797975,59.55217102930107,13010800.0,,,,,,,,,,
2024-12-24,,,,,,KO,,,,,,,,,,,59.87613296508789,59.87613296508789,59.08527841580683,59.26631933588492,5019100.0,,,,,,,,,,
2024-12-26,,,,,,KO,,,,,,,,,,,59.61886215209961,59.78084592831511,59.45688201065974,59.66650315635982,7943800.0,,,,,,,,,,
2024-12-27,,,,,,KO,,,,,,,,,,,59.5045280456543,59.98094539808584,59.27584611718574,59.5045280456543,8542800.0,,,,,,,,,,
2024-12-30,,,,,,KO,,,,,,,,,,,59.10433578491211,59.39971585296543,58.77084509096155,59.39971585296543,8972200.0,,,,,,,,,,
2024-12-31,,,,,,KO,,,,,,,,,,,59.323486328125,59.485470115858035,58.88518324212531,59.094808037505985,9256700.0,,,,,,,,,,
2025-01-02,,,,,,KO,,,,,,,,,,,58.92329025268555,59.79036957038699,58.71366548309549,59.40923428654606,12991000.0,,,,,,,,,,
2025-01-03,,,,,,KO,,,,,,,,,,,58.83753967285156,59.15197685223284,58.71367015053993,58.98046632434773,10403200.0,,,,,,,,,,
2025-01-06,,,,,,KO,,,,,,,,,,,57.94187545776367,58.666028180998566,57.798948808616,58.599330047336494,17924200.0,,,,,,,,,,
2025-01-07,,,,,,KO,,,,,,,,,,,57.970462799072266,58.808958345659605,57.76083800373146,58.22772860205165,17799600.0,,,,,,,,,,
2025-01-08,,,,,,KO,,,,,,,,,,,58.7994270324707,58.8565984215975,58.05621714770143,58.11338853682823,14412400.0,,,,,,,,,,
2025-01-10,,,,,,KO,,,,,,,,,,,58.18961715698242,58.74226304969694,57.86565320068193,58.675564908821194,22425000.0,,,,,,,,,,
2025-01-13,,,,,,KO,,,,,,,,,,,58.74226379394531,58.932827836132645,57.84659680264995,58.2467892877508,18016200.0,,,,,,,,,,
2025-01-14,,,,,,KO,,,,,,,,,,,59.11386489868164,59.14244877618505,58.408765630465226,58.751786699609646,16658300.0,,,,,,,,,,
2025-01-15,,,,,,KO,,,,,,,,,,,58.85660171508789,59.666509781771246,58.77084644398692,59.390190472469044,16187200.0,,,,,,,,,,
2025-01-16,,,,,,KO,,,,,,,,,,,59.3139533996582,59.36159440234138,58.42781693760416,58.52309894297051,12585500.0,,,,,,,,,,
2025-01-17,,,,,,KO,,,,,,,,,,,59.752262115478516,59.80943350499399,59.23773051416683,59.37113042303627,17948900.0,,,,,,,,,,
2025-01-21,,,,,,KO,,,,,,,,,,,59.4759407043457,60.24773812602943,59.36160155716973,59.93330456260151,19817100.0,,,,,,,,,,
2025-01-22,,,,,,KO,,,,,,,,,,,58.866127014160156,59.352074750029914,58.75178786709854,59.190090959814675,18191900.0,,,,,,,,,,
2025-01-23,,,,,,KO,,,,,,,,,,,58.62791442871094,59.056690745074945,58.475461031201036,58.88518021852934,16528400.0,,,,,,,,,,
2025-01-24,,,,,,KO,,,,,,,,,,,58.9995231628418,59.08527843164495,58.54216294081697,58.808959129746746,19244600.0,,,,,,,,,,
2025-01-27,,,,,,KO,,,,,,,,,,,60.85755157470703,61.15293164169917,59.523585168921244,59.90471686995607,20742900.0,,,,,,,,,,
2025-01-28,,,,,,KO,,,,,,,,,,,59.41877746582031,61.01954018709552,59.34254893872329,60.51453528201831,14956000.0,,,,,,,,,,
2025-01-29,,,,,,KO,,,,,,,,,,,59.866607666015625,60.37160890839901,59.599811470701354,59.609341853449735,11325600.0,,,,,,,,,,
2025-01-30,,,,,,KO,,,,,,,,,,,61.02906036376953,61.25773863726361,60.2477326308005,60.83848907789843,13201000.0,,,,,,,,,,
2025-01-31,,,,,,KO,,,,,,,,,,,60.48594665527344,60.91472299960655,60.40019138640681,60.695571453564284,12096800.0,,,,,,,,,,
2025-02-03,,,,,,KO,,,,,,,,,,,60.36207580566406,60.62887198895618,59.48546964066732,60.200095654000876,12067900.0,,,,,,,,,,
2025-02-04,,,,,,KO,,,,,,,,,,,59.71415328979492,60.62887743140319,59.40924645418423,60.609820299830496,15678000.0,,,,,,,,,,
2025-02-05,,,,,,KO,,,,,,,,,,,60.142921447753906,60.30490522660681,59.63792025177709,59.76178977269099,10686800.0,,,,,,,,,,
2025-02-06,,,,,,KO,,,,,,,,,,,60.37160873413086,60.7336869472276,59.94283238109208,60.61934416323325,13423400.0,,,,,,,,,,
2025-02-07,,,,,,KO,,,,,,,,,,,60.8289680480957,60.905192934832634,60.2858525540322,60.43830596228203,13184700.0,,,,,,,,,,
2025-02-10,,,,,,KO,,,,,,,,,,,61.50547790527344,61.600759913791464,60.65745203645024,61.076697962615434,16154300.0,,,,,,,,,,
2025-02-11,,,,,,KO,,,,,,,,,,,64.41162109375,64.47831922868296,63.277752799889456,64.31633908235311,30589100.0,,,,,,,,,,
2025-02-12,,,,,,KO,,,,,,,,,,,65.46925354003906,65.57406591006706,63.71604165875223,63.71604165875223,26033800.0,,,,,,,,,,
2025-02-13,,,,,,KO,,,,,,,,,,,66.22200012207031,66.32681250238872,65.5169046022879,65.74558285500505,24393100.0,,,,,,,,,,
2025-02-14,,,,,,KO,,,,,,,,,,,65.6217269897461,66.72701143772413,65.51691459344407,66.0886139471949,20779100.0,,,,,,,,,,
2025-02-18,,,,,,KO,,,,,,,,,,,65.7932357788086,66.09814257736348,65.19294529416352,65.31681845171961,15569100.0,,,,,,,,,,
2025-02-19,,,,,,KO,,,,,,,,,,,66.76513671875,66.82230448269675,65.9075839117842,65.94569817759968,16032300.0,,,,,,,,,,
2025-02-20,,,,,,KO,,,,,,,,,,,66.73654174804688,66.76512562527084,66.14578163039526,66.4221045594798,13398000.0,,,,,,,,,,
2025-02-21,,,,,,KO,,,,,,,,,,,67.98475646972656,68.2229651520098,66.82229693705602,67.00333786184794,21662300.0,,,,,,,,,,
2025-02-24,,,,,,KO,,,,,,,,,,,67.26058959960938,68.34682771019793,67.01285784256636,67.49879824491676,21418400.0,,,,,,,,,,
2025-02-25,,,,,,KO,,,,,,,,,,,68.11815643310547,68.38494900855872,67.39400723389018,67.51787313833563,21555600.0,,,,,,,,,,
2025-02-26,,,,,,KO,,,,,,,,,,,67.46070098876953,67.918057582776,67.2034315437829,67.90852720011488,14531200.0,,,,,,,,,,
2025-02-27,,,,,,KO,,,,,,,,,,,67.52739715576172,68.16579465392162,67.09861718315969,67.38447049822771,16789500.0,,,,,,,,,,
2025-02-28,,,,,,KO,,,,,,,,,,,67.85134887695312,68.19436990381628,67.23200495236405,68.08002713834495,22167400.0,,,,,,,,,,
2025-03-03,,,,,,KO,,,,,,,,,,,68.90899658203125,68.94711083760347,66.44115850752485,66.92709890958112,21717600.0,,,,,,,,,,
2025-03-04,,,,,,KO,,,,,,,,,,,66.87947845458984,69.22345124338753,66.58409471659695,68.67080530216498,25411900.0,,,,,,,,,,
2025-03-05,,,,,,KO,,,,,,,,,,,66.77466583251953,67.40353303263129,66.54598024197638,66.60315527438854,23933600.0,,,,,,,,,,
2025-03-06,,,,,,KO,,,,,,,,,,,67.13673400878906,67.20343214891359,66.17436889880489,67.08909663415844,21694000.0,,,,,,,,,,
2025-03-07,,,,,,KO,,,,,,,,,,,68.06098937988281,68.43259436663374,66.36494461582937,66.36494461582937,28393300.0,,,,,,,,,,
2025-03-10,,,,,,KO,,,,,,,,,,,68.08003234863281,69.76655373804098,67.95616646205566,68.56598005213787,25251200.0,,,,,,,,,,
2025-03-11,,,,,,KO,,,,,,,,,,,67.68936920166016,68.64220377836784,67.27965004289382,68.48974675671018,28076400.0,,,,,,,,,,
2025-03-12,,,,,,KO,,,,,,,,,,,66.64125061035156,67.39399077558348,66.45067933902979,67.050969756755,18923300.0,,,,,,,,,,
2025-03-13,,,,,,KO,,,,,,,,,,,66.33634948730469,66.93663268652976,66.01238193328149,66.93663268652976,15746600.0,,,,,,,,,,
2025-03-14,,,,,,KO,,,,,,,,,,,66.38434600830078,66.48033115802387,65.63564426478669,65.76043155030446,14205100.0,,,,,,,,,,
2025-03-17,,,,,,KO,,,,,,,,,,,67.30582427978516,67.35381319850408,66.3075624981324,66.46113729051064,15634800.0,,,,,,,,,,
2025-03-18,,,,,,KO,,,,,,,,,,,66.59551239013672,67.37300896938443,66.51872866199184,67.29621791804185,12657600.0,,,,,,,,,,
2025-03-19,,,,,,KO,,,,,,,,,,,66.4995346069336,66.59551977014989,65.78923561129469,65.79883632457589,14780000.0,,,,,,,,,,
2025-03-20,,,,,,KO,,,,,,,,,,,66.91226196289062,67.00824710396303,66.31714237112679,66.52831407540418,16295300.0,,,,,,,,,,
2025-03-21,,,,,,KO,,,,,,,,,,,65.91400909423828,67.16183806265164,65.44367671459847,66.91227080432941,47479500.0,,,,,,,,,,
2025-03-24,,,,,,KO,,,,,,,,,,,66.18276977539062,66.30755706487108,65.5876574342909,66.03879570783279,12575400.0,,,,,,,,,,
2025-03-25,,,,,,KO,,,,,,,,,,,66.04838562011719,66.30755357447431,65.84681461294907,66.1827662915626,12513900.0,,,,,,,,,,
2025-03-26,,,,,,KO,,,,,,,,,,,67.2098388671875,67.52659652149194,66.13479323783781,66.15398734270515,14478200.0,,,,,,,,,,
2025-03-27,,,,,,KO,,,,,,,,,,,67.90092468261719,68.14089120344384,67.25781616436902,67.36340201938852,11663400.0,,,,,,,,,,
2025-03-28,,,,,,KO,,,,,,,,,,,67.54578399658203,68.45765391499688,66.73949261792679,67.96812012521326,17412900.0,,,,,,,,,,
2025-03-31,,,,,,KO,,,,,,,,,,,68.74562072753906,69.05277762239639,67.66096722132563,67.89134038486716,24016900.0,,,,,,,,,,
2025-04-01,,,,,,KO,,,,,,,,,,,68.98558044433594,69.02397596778803,68.33287119204489,68.8032035387378,15309100.0,,,,,,,,,,
2025-04-02,,,,,,KO,,,,,,,,,,,68.46725463867188,69.4559156072594,68.19849328680702,69.07196768036779,14606500.0,,,,,,,,,,
2025-04-03,,,,,,KO,,,,,,,,,,,70.24300384521484,70.98209754477979,69.41751838569184,69.57110048197399,24959600.0,,,,,,,,,,
2025-04-04,,,,,,KO,,,,,,,,,,,67.1234359741211,70.07982528921842,66.98905530736185,69.51350048799272,26517300.0,,,,,,,,,,
2025-04-07,,,,,,KO,,,,,,,,,,,65.62606048583984,66.59552016016018,63.39917099946673,63.57194722354735,34258400.0,,,,,,,,,,
2025-04-08,,,,,,KO,,,,,,,,,,,65.6740493774414,67.17144575988546,65.04054143822162,66.19237804945682,22774400.0,,,,,,,,,,
2025-04-09,,,,,,KO,,,,,,,,,,,67.14263916015625,67.64177369555041,64.57979811030717,65.19411190525531,27918700.0,,,,,,,,,,
2025-04-10,,,,,,KO,,,,,,,,,,,67.92012786865234,68.35206468807569,66.21156736771948,67.37300447989072,22450200.0,,,,,,,,,,
2025-04-11,,,,,,KO,,,,,,,,,,,68.56324005126953,68.96638208060541,67.70895975535404,68.06411287064381,19988200.0,,,,,,,,,,
2025-04-14,,,,,,KO,,,,,,,,,,,69.54229736328125,69.74387569260085,68.08330408521627,68.43845718544925,13930200.0,,,,,,,,,,
2025-04-15,,,,,,KO,,,,,,,,,,,68.97599029541016,69.71508409625262,68.8416096043479,69.70549070631849,14965500.0,,,,,,,,,,
2025-04-16,,,,,,KO,,,,,,,,,,,68.80321502685547,69.75348059057009,68.52485292774743,69.45592438812982,15276200.0,,,,,,,,,,
2025-04-17,,,,,,KO,,,,,,,,,,,70.07022857666016,70.48297131188893,68.84160108291799,69.01437728192533,20754500.0,,,,,,,,,,
2025-04-21,,,,,,KO,,,,,,,,,,,69.8494644165039,70.52137519144668,68.93759440010818,70.43498342010903,16037200.0,,,,,,,,,,
2025-04-22,,,,,,KO,,,,,,,,,,,70.93411254882812,71.39484421671976,69.99344046515282,70.07023151753403,15613500.0,,,,,,,,,,
2025-04-23,,,,,,KO,,,,,,,,,,,70.35819244384766,70.98209958917045,69.47511001118603,70.34859173175415,16353900.0,,,,,,,,,,
2025-04-24,,,,,,KO,,,,,,,,,,,69.6094970703125,70.48297887097158,69.39833264727682,70.08943019422674,16893900.0,,,,,,,,,,
2025-04-25,,,,,,KO,,,,,,,,,,,69.02398681640625,69.99344647395345,68.27528497621157,69.7342858039157,16316000.0,,,,,,,,,,
2025-04-28,,,,,,KO,,,,,,,,,,,68.9087905883789,69.35992884274141,68.44805162218812,69.18715264581955,15997500.0,,,,,,,,,,
2025-04-29,,,,,,KO,,,,,,,,,,,69.44631958007812,69.79187200527188,67.45939679681301,68.33287857249672,16244100.0,,,,,,,,,,
2025-04-30,,,,,,KO,,,,,,,,,,,69.63829040527344,70.53096619582608,68.81280495064638,70.40617891253758,21074700.0,,,,,,,,,,
2025-05-01,,,,,,KO,,,,,,,,,,,68.4288558959961,69.1487554788676,68.3712662727895,69.11035995566411,18034200.0,,,,,,,,,,
2025-05-02,,,,,,KO,,,,,,,,,,,68.7744140625,68.93758955743267,68.24648472807328,68.63043266918382,12629600.0,,,,,,,,,,
2025-05-05,,,,,,KO,,,,,,,,,,,68.82239532470703,68.91838779170817,68.16009270622091,68.79360051388551,11932700.0,,,,,,,,,,
2025-05-06,,,,,,KO,,,,,,,,,,,68.84159851074219,69.01437470329397,68.3040758331132,68.80320298759766,12705500.0,,,,,,,,,,
2025-05-07,,,,,,KO,,,,,,,,,,,69.49430847167969,69.77267052493909,68.79360298268918,68.84159921791219,15018200.0,,,,,,,,,,
2025-05-08,,,,,,KO,,,,,,,,,,,68.31367492675781,69.56150390197799,68.27527940040666,69.30233592990713,14371100.0,,,,,,,,,,
2025-05-09,,,,,,KO,,,,,,,,,,,67.68975830078125,68.29447866771115,67.63216867467273,68.14089656715828,11228900.0,,,,,,,,,,
2025-05-12,,,,,,KO,,,,,,,,,,,66.73948669433594,67.50738247983273,65.94279609844249,67.33460629425579,21539000.0,,,,,,,,,,
2025-05-13,,,,,,KO,,,,,,,,,,,66.1923599243164,66.89306534179934,66.10597549756737,66.79707288114942,14389100.0,,,,,,,,,,
2025-05-14,,,,,,KO,,,,,,,,,,,66.38434600830078,66.55711488388384,65.82762188743037,66.11557733659963,16286800.0,,,,,,,,,,
2025-05-15,,,,,,KO,,,,,,,,,,,68.73602294921875,68.85120953590675,66.80668973058525,66.90267489122608,19817100.0,,,,,,,,,,
2025-05-16,,,,,,KO,,,,,,,,,,,69.1103744506836,69.35994174225117,68.56325094587696,68.97599375288539,18441200.0,,,,,,,,,,
2025-05-19,,,,,,KO,,,,,,,,,,,69.04317474365234,69.27354057676844,68.7648126721714,69.13915989718423,13282800.0,,,,,,,,,,
2025-05-20,,,,,,KO,,,,,,,,,,,68.81281280517578,69.23514896925887,68.56324553330973,68.9183986769961,12137800.0,,,,,,,,,,
2025-05-21,,,,,,KO,,,,,,,,,,,68.96638488769531,69.18715733552574,68.70722423634456,68.81281010402026,12094400.0,,,,,,,,,,
2025-05-22,,,,,,KO,,,,,,,,,,,68.28487396240234,69.10075868508395,68.11209777098294,68.95677730503492,11101800.0,,,,,,,,,,
2025-05-23,,,,,,KO,,,,,,,,,,,68.88959503173828,69.0911733813125,67.85294508511771,68.66882990326832,12822100.0,,,,,,,,,,
2025-05-27,,,,,,KO,,,,,,,,,,,68.89918518066406,69.32152859395397,68.6880134740191,68.86078965916526,10666100.0,,,,,,,,,,
2025-05-28,,,,,,KO,,,,,,,,,,,68.29447937011719,69.01437899666826,68.19849421788325,68.82240136900268,8710900.0,,,,,,,,,,
2025-05-29,,,,,,KO,,,,,,,,,,,68.6208267211914,68.78400952687154,67.63216579142254,68.15049437389499,10291100.0,,,,,,,,,,
2025-05-30,,,,,,KO,,,,,,,,,,,69.20635986328125,69.5615130362671,68.73602741931532,68.73602741931532,28019500.0,,,,,,,,,,
2025-06-02,,,,,,KO,,,,,,,,,,,69.1103744506836,69.14876998194005,68.49606059697787,69.13916926832624,10202700.0,,,,,,,,,,
2025-06-03,,,,,,KO,,,,,,,,,,,68.3040771484375,68.89918946064469,67.64176717703543,68.83199912464718,20139800.0,,,,,,,,,,
2025-06-04,,,,,,KO,,,,,,,,,,,68.50564575195312,68.9663773759941,67.84333580379744,68.40005989577766,13565900.0,,,,,,,,,,
2025-06-05,,,,,,KO,,,,,,,,,,,68.0641098022461,68.59203177213975,67.987318755397,68.51524072529065,13531400.0,,,,,,,,,,
2025-06-06,,,,,,KO,,,,,,,,,,,68.48645782470703,68.61124512833919,68.09291645675582,68.22729715051463,9524000.0,,,,,,,,,,
2025-06-09,,,,,,KO,,,,,,,,,,,68.88959503173828,68.9471919844158,68.23688571257819,68.48645297898595,12281300.0,,,,,,,,,,
2025-06-10,,,,,,KO,,,,,,,,,,,69.44631958007812,69.77267790307138,68.88000202518718,69.01438271018496,12265000.0,,,,,,,,,,
2025-06-11,,,,,,KO,,,,,,,,,,,69.17755889892578,69.45592098439248,68.88000271106746,69.36952921563473,12718500.0,,,,,,,,,,
2025-06-12,,,,,,KO,,,,,,,,,,,69.34072875976562,69.49431085919782,68.72641500843196,69.35032947177953,12806900.0,,,,,,,,,,
2025-06-13,,,,,,KO,,,,,,,,,,,68.65438079833984,69.4857355178651,68.37404694257829,69.37939893453517,17467200.0,,,,,,,,,,
2025-06-16,,,,,,KO,,,,,,,,,,,68.17103576660156,69.23440160602148,67.90036350757319,68.828385842213,15045900.0,,,,,,,,,,
2025-06-17,,,,,,KO,,,,,,,,,,,67.30101776123047,68.11303451253002,67.26234924327349,68.03569747661606,15437000.0,,,,,,,,,,
2025-06-18,,,,,,KO,,,,,,,,,,,66.90467834472656,67.66836506405285,66.78867277809225,67.66836506405285,16227600.0,,,,,,,,,,
2025-06-20,,,,,,KO,,,,,,,,,,,66.5469970703125,67.24301568846545,66.48899797722181,66.7886697918786,40859400.0,,,,,,,,,,
2025-06-23,,,,,,KO,,,,,,,,,,,67.4170150756836,67.48468313742453,66.6726663965334,66.83700206429486,21822800.0,,,,,,,,,,
2025-06-24,,,,,,KO,,,,,,,,,,,67.8713607788086,68.00669690197547,67.36868480351244,67.61035750563408,15216100.0,,,,,,,,,,
2025-06-25,,,,,,KO,,,,,,,,,,,67.31068420410156,67.68769306223604,67.11734897566662,67.60069442202018,12540400.0,,,,,,,,,,
2025-06-26,,,,,,KO,,,,,,,,,,,67.156005859375,67.591013735607,66.84666512232303,67.37834059602162,14454100.0,,,,,,,,,,
2025-06-27,,,,,,KO,,,,,,,,,,,67.98735809326172,68.20969282212582,67.1560035086728,67.27200167146634,23470700.0,,,,,,,,,,
2025-06-30,,,,,,KO,,,,,,,,,,,68.39337158203125,68.43204009763949,67.75535213739312,67.79402065300135,15429000.0,,,,,,,,,,
2025-07-01,,,,,,KO,,,,,,,,,,,69.28273010253906,70.03674777083798,68.53838140762663,68.6253800423077,21729300.0,,,,,,,,,,
2025-07-02,,,,,,KO,,,,,,,,,,,68.54805755615234,69.43741144389041,68.38371449244289,69.30207530337664,13050200.0,,,,,,,,,,
2025-07-03,,,,,,KO,,,,,,,,,,,68.973388671875,69.02172616307934,68.10336545705684,68.67371687715206,9440500.0,,,,,,,,,,
2025-07-07,,,,,,KO,,,,,,,,,,,68.64471435546875,68.99272362630313,68.44171017669292,68.99272362630313,16984700.0,,,,,,,,,,
2025-07-08,,,,,,KO,,,,,,,,,,,67.90036010742188,68.32570642189037,67.55235082745048,68.32570642189037,17115500.0,,,,,,,,,,
2025-07-09,,,,,,KO,,,,,,,,,,,67.16567993164062,67.91002860144354,66.6726655592818,67.82302996969725,33704100.0,,,,,,,,,,
2025-07-10,,,,,,KO,,,,,,,,,,,67.44601440429688,67.52335143897223,66.85633979687755,66.98200694677584,14608400.0,,,,,,,,,,
2025-07-11,,,,,,KO,,,,,,,,,,,67.54269409179688,67.82303533058068,66.94334309419709,67.25268387918851,12916700.0,,,,,,,,,,
2025-07-14,,,,,,KO,,,,,,,,,,,67.156005859375,67.74568779176546,66.96266328917694,67.47501556875311,13983200.0,,,,,,,,,,
2025-07-15,,,,,,KO,,,,,,,,,,,67.0496826171875,67.23335625156862,66.84667840957667,67.19468772984278,12639800.0,,,,,,,,,,
2025-07-16,,,,,,KO,,,,,,,,,,,66.96267700195312,67.18501915939642,66.49866948898708,67.04001404586961,13178300.0,,,,,,,,,,
2025-07-17,,,,,,KO,,,,,,,,,,,68.23870086669922,68.33537584809433,67.19468039512854,67.4846832135171,20464700.0,,,,,,,,,,
2025-07-18,,,,,,KO,,,,,,,,,,,67.52335357666016,68.34503931411889,67.50402300501212,68.09370500636545,14928000.0,,,,,,,,,,
2025-07-21,,,,,,KO,,,,,,,,,,,67.73602294921875,68.26770583059829,67.6006868294613,67.85202849841029,17811700.0,,,,,,,,,,
2025-07-22,,,,,,KO,,,,,,,,,,,67.33968353271484,67.91969652788217,66.40199229248275,67.13667197790417,22339900.0,,,,,,,,,,
2025-07-23,,,,,,KO,,,,,,,,,,,66.85633850097656,67.41701355334125,66.31498664400783,67.33968389543035,21030000.0,,,,,,,,,,
2025-07-24,,,,,,KO,,,,,,,,,,,66.79833984375,67.23335517474858,66.69200325452366,66.95301392817606,12511400.0,,,,,,,,,,
2025-07-25,,,,,,KO,,,,,,,,,,,66.86600494384766,66.9240114105658,66.45999655315042,66.82733642445754,12574800.0,,,,,,,,,,
2025-07-28,,,,,,KO,,,,,,,,,,,65.82197570800781,66.60500030302391,65.79297616287126,66.45032622860786,13668800.0,,,,,,,,,,
2025-07-29,,,,,,KO,,,,,,,,,,,67.06900024414062,67.10766875840231,65.87997477547003,66.0636409991318,16223400.0,,,,,,,,,,
2025-07-30,,,,,,KO,,,,,,,,,,,66.45999908447266,67.02068157408556,66.24732590735974,66.80800839697264,10448200.0,,,,,,,,,,
2025-07-31,,,,,,KO,,,,,,,,,,,65.6286392211914,66.36332630992939,65.48363412304677,65.87998089962439,17193400.0,,,,,,,,,,
2025-08-01,,,,,,KO,,,,,,,,,,,66.56633758544922,66.74034224669829,65.9959861054181,66.31499588025247,16107500.0,,,,,,,,,,
2025-08-04,,,,,,KO,,,,,,,,,,,66.66299438476562,66.77899993186192,66.03464391137487,66.43099066583828,10701500.0,,,,,,,,,,
2025-08-05,,,,,,KO,,,,,,,,,,,66.75,67.17533891967778,66.45998982158156,66.60499491079078,11993400.0,,,,,,,,,,
2025-08-06,,,,,,KO,,,,,,,,,,,67.19468688964844,67.4750281372056,66.34399417284982,66.81767802661862,10783000.0,,,,,,,,,,
2025-08-07,,,,,,KO,,,,,,,,,,,68.08403015136719,68.36437135527369,67.02067179620593,67.14633893922671,15790800.0,,,,,,,,,,
2025-08-08,,,,,,KO,,,,,,,,,,,67.99702453613281,68.50937683429015,67.74569024865774,68.0163624814864,9232700.0,,,,,,,,,,
2025-08-11,,,,,,KO,,,,,,,,,,,68.39337158203125,68.4997081561376,67.62968499311525,67.95836368815269,10909400.0,,,,,,,,,,
2025-08-12,,,,,,KO,,,,,,,,,,,68.35470581054688,68.69304611662024,67.88102938204416,68.46104238892215,11061100.0,,,,,,,,,,
2025-08-13,,,,,,KO,,,,,,,,,,,68.11304473876953,68.41271657884565,67.89070994621848,68.33538690658737,10356500.0,,,,,,,,,,
2025-08-14,,,,,,KO,,,,,,,,,,,67.23335266113281,68.11303751380231,67.07867858248947,68.03570047448063,10722400.0,,,,,,,,,,
2025-08-15,,,,,,KO,,,,,,,,,,,67.59101104736328,68.04535685017723,67.25267078205438,67.41700642873803,12381100.0,,,,,,,,,,
2025-08-18,,,,,,KO,,,,,,,,,,,66.82733917236328,67.716700404374,66.75000950566925,67.64903233647532,14094900.0,,,,,,,,,,
2025-08-19,,,,,,KO,,,,,,,,,,,67.79402923583984,67.88103525078981,66.93367493661356,66.99168140500225,13862200.0,,,,,,,,,,
2025-08-20,,,,,,KO,,,,,,,,,,,68.34504699707031,69.32140691853321,68.06471311269841,68.38371551997906,17530800.0,,,,,,,,,,
2025-08-21,,,,,,KO,,,,,,,,,,,68.30636596679688,68.54803863318051,67.98735627710701,68.24835951168497,8840400.0,,,,,,,,,,
2025-08-22,,,,,,KO,,,,,,,,,,,67.79402923583984,68.65438353506613,67.59102503464483,68.5963844419436,12999600.0,,,,,,,,,,
2025-08-25,,,,,,KO,,,,,,,,,,,66.63400268554688,67.8907037802594,66.4309984856809,67.77469821950766,13634600.0,,,,,,,,,,
2025-08-26,,,,,,KO,,,,,,,,,,,66.44065856933594,66.77899885717359,66.29565348161547,66.74033034209712,17964200.0,,,,,,,,,,
2025-08-27,,,,,,KO,,,,,,,,,,,66.53733825683594,66.57600677893709,66.1893289331921,66.52766928249403,11562700.0,,,,,,,,,,
2025-08-28,,,,,,KO,,,,,,,,,,,66.08299255371094,66.60500654085516,66.00565550925998,66.58566859210917,16209900.0,,,,,,,,,,
2025-08-29,,,,,,KO,,,,,,,,,,,66.6919937133789,66.83699880296693,66.15064924586653,66.38265296404823,14601100.0,,,,,,,,,,
2025-09-02,,,,,,KO,,,,,,,,,,,66.75965881347656,67.03033103523836,65.9863106620521,66.66299121645662,24770100.0,,,,,,,,,,
2025-09-03,,,,,,KO,,,,,,,,,,,66.6919937133789,66.79833028739245,65.1259593965709,66.37299136660353,33581500.0,,,,,,,,,,
2025-09-04,,,,,,KO,,,,,,,,,,,65.97664642333984,67.14634139431152,65.8413103027491,66.80800109283466,16736000.0,,,,,,,,,,
2025-09-05,,,,,,KO,,,,,,,,,,,65.69630432128906,66.29565525813736,65.60930569148456,65.74464181024622,23978000.0,,,,,,,,,,
2025-09-08,,,,,,KO,,,,,,,,,,,65.18396759033203,65.6189755446137,64.92296429281627,65.59964497175805,21671700.0,,,,,,,,,,
2025-09-09,,,,,,KO,,,,,,,,,,,65.5996322631836,65.8413049410246,65.0389498805289,65.0389498805289,14120600.0,,,,,,,,,,
2025-09-10,,,,,,KO,,,,,,,,,,,65.56097412109375,65.82197740933483,64.97129210385596,65.53197457520763,16041900.0,,,,,,,,,,
2025-09-11,,,,,,KO,,,,,,,,,,,65.36763000488281,65.89930548274634,65.32896149054028,65.65763279955428,15128700.0,,,,,,,,,,
2025-09-12,,,,,,KO,,,,,,,,,,,64.77794647216797,65.46429599049445,64.71027841755169,65.34829045032448,18712400.0,,,,,,,,,,
2025-09-15,,,,,,KO,,,,,,,,,,,64.4954605102539,65.05069979913367,64.38830841662555,64.95329083178821,15986100.0,,,,,,,,,,
2025-09-16,,,,,,KO,,,,,,,,,,,64.5246810913086,64.78769347258408,64.3493419810675,64.63183318266859,18555900.0,,,,,,,,,,
2025-09-17,,,,,,KO,,,,,,,,,,,65.30396270751953,65.39162854005477,64.69027958429156,64.69027958429156,17372300.0,,,,,,,,,,
2025-09-18,,,,,,KO,,,,,,,,,,,64.73898315429688,65.30396553899996,64.63183106644534,65.07018254360909,17722900.0,,,,,,,,,,
2025-09-19,,,,,,KO,,,,,,,,,,,64.70976257324219,65.00199689751305,64.33960553674967,64.76820646536532,31192900.0,,,,,,,,,,
2025-09-22,,,,,,KO,,,,,,,,,,,64.4954605102539,64.86561755889781,64.36882959588759,64.44675974249509,13298700.0,,,,,,,,,,
2025-09-23,,,,,,KO,,,,,,,,,,,64.98250579833984,65.03121399269422,64.19348358622275,64.63182760810402,15072800.0,,,,,,,,,,
2025-09-24,,,,,,KO,,,,,,,,,,,64.72924041748047,65.05069668296662,64.25193129807307,64.69028277787076,14759300.0,,,,,,,,,,
2025-09-25,,,,,,KO,,,,,,,,,,,64.27142333984375,65.18707658971151,64.24219395976202,65.02148059505573,14395000.0,,,,,,,,,,
2025-09-26,,,,,,KO,,,,,,,,,,,63.96944046020508,64.61235299475709,63.803844479545624,64.35908374491895,17821600.0,,,,,,,,,,
2025-09-29,,,,,,KO,,,,,,,,,,,64.32986450195312,64.3883083959761,63.657729993377664,63.96944314787988,14818500.0,,,,,,,,,,
2025-09-30,,,,,,KO,,,,,,,,,,,64.60260772705078,64.91432085812184,64.25192952561744,64.35908161115692,13815000.0,,,,,,,,,,
2025-10-01,,,,,,KO,,,,,,,,,,,65.05069732666016,65.09940552439548,64.57338820252966,64.78769238164102,14877500.0,,,,,,,,,,
2025-10-02,,,,,,KO,,,,,,,,,,,64.3883056640625,64.92406610930084,64.15452266606191,64.8071708943868,14350700.0,,,,,,,,,,
2025-10-03,,,,,,KO,,,,,,,,,,,64.924072265625,65.25526425821164,64.32986787249888,64.38831176958399,12249200.0,,,,,,,,,,
2025-10-06,,,,,,KO,,,,,,,,,,,64.3883056640625,64.77794894861516,64.13503641432914,64.76820582274878,14333300.0,,,,,,,,,,
2025-10-07,,,,,,KO,,,,,,,,,,,65.06044006347656,65.51827036487138,64.16426571239552,64.5052007990212,13328300.0,,,,,,,,,,
2025-10-08,,,,,,KO,,,,,,,,,,,64.40779113769531,65.13836950047023,64.34933981503067,64.9435441446338,12606700.0,,,,,,,,,,
2025-10-09,,,,,,KO,,,,,,,,,,,64.65132141113281,65.07018666330032,64.40779527456631,64.57339126379284,12705200.0,,,,,,,,,,
2025-10-10,,,,,,KO,,,,,,,,,,,65.30396270751953,65.65464090131469,64.66105020828604,64.79742423567004,17991700.0,,,,,,,,,,
2025-10-13,,,,,,KO,,,,,,,,,,,65.0701904296875,65.0701904296875,64.29090377483693,64.51495110345067,13690000.0,,,,,,,,,,
2025-10-14,,,,,,KO,,,,,,,,,,,65.76179504394531,65.82023893413239,65.02147356365718,65.13836877585868,14245600.0,,,,,,,,,,
2025-10-15,,,,,,KO,,,,,,,,,,,65.34293365478516,65.96635995942698,65.18707336271082,65.52800846183872,11193700.0,,,,,,,,,,
2025-10-16,,,,,,KO,,,,,,,,,,,65.83972930908203,66.34626788569682,65.42087144679132,65.44035026966328,15707200.0,,,,,,,,,,
2025-10-17,,,,,,KO,,,,,,,,,,,66.66771697998047,66.72616087409403,66.04429067000962,66.23910860494007,15541800.0,,,,,,,,,,
2025-10-20,,,,,,KO,,,,,,,,,,,66.66771697998047,66.86253491491092,66.16117845823675,66.6579738536856,17786800.0,,,,,,,,,,
2025-10-21,,,,,,KO,,,,,,,,,,,69.37572479248047,69.54132077649946,68.41136340291547,68.74255537095344,33651300.0,,,,,,,,,,
2025-10-22,,,,,,KO,,,,,,,,,,,68.97633361816406,69.76536327506938,68.68410674271855,69.51209403755489,18293000.0,,,,,,,,,,
2025-10-23,,,,,,KO,,,,,,,,,,,68.12887573242188,69.09323717196605,67.9145715387836,68.97634194857389,13989400.0,,,,,,,,,,
2025-10-24,,,,,,KO,,,,,,,,,,,67.90483093261719,68.23603036194066,67.84638703466588,68.09965631216875,15688200.0,,,,,,,,,,
2025-10-27,,,,,,KO,,,,,,,,,,,68.24576568603516,68.30421701549703,67.45674334066871,67.97301758797408,13800000.0,,,,,,,,,,
2025-10-28,,,,,,KO,,,,,,,,,,,68.34317016601562,69.06400536108848,68.13860169633662,68.23601808449881,12730500.0,,,,,,,,,,
2025-10-29,,,,,,KO,,,,,,,,,,,66.58003997802734,68.2165358080024,66.39496517975726,68.10938372024359,19789600.0,,,,,,,,,,
2025-10-30,,,,,,KO,,,,,,,,,,,67.1937255859375,67.49569557536583,66.61900011851132,66.67744400502599,14751700.0,,,,,,,,,,
2025-10-31,,,,,,KO,,,,,,,,,,,67.11580657958984,67.28140257339447,66.14170200639356,66.77487146533677,16742700.0,,,,,,,,,,
2025-11-03,,,,,,KO,,,,,,,,,,,66.20987701416016,67.10605127523355,65.90790702945269,67.01838544683207,15660400.0,,,,,,,,,,
2025-11-04,,,,,,KO,,,,,,,,,,,66.88201904296875,66.9502060612112,66.39496678928617,66.69693680838454,12743800.0,,,,,,,,,,
2025-11-05,,,,,,KO,,,,,,,,,,,66.73590087890625,67.04761401931171,66.41444461266163,66.88201803918358,12850100.0,,,,,,,,,,
2025-11-06,,,,,,KO,,,,,,,,,,,67.27165985107422,67.34959000103704,66.16118122550238,66.53134572191175,15906700.0,,,,,,,,,,
2025-11-07,,,,,,KO,,,,,,,,,,,68.72307586669922,69.03478901132647,67.61259732447542,68.00223318138879,25108300.0,,,,,,,,,,
2025-11-10,,,,,,KO,,,,,,,,,,,68.69384002685547,68.83022148213905,67.64181290759342,68.19705212647477,15318000.0,,,,,,,,,,
2025-11-11,,,,,,KO,,,,,,,,,,,69.75563049316406,69.89200454162585,68.83023410262645,69.14194727508601,16160200.0,,,,,,,,,,
2025-11-12,,,,,,KO,,,,,,,,,,,69.65821838378906,70.02837543697167,69.4926149622606,69.63873213098434,13612600.0,,,,,,,,,,
2025-11-13,,,,,,KO,,,,,,,,,,,69.2296142578125,69.81407553679158,69.16142723246207,69.5705493845646,14002800.0,,,,,,,,,,
2025-11-14,,,,,,KO,,,,,,,,,,,69.3172836303711,69.78484965447049,68.7717800264845,69.56080976887269,13172000.0,,,,,,,,,,
2025-11-17,,,,,,KO,,,,,,,,,,,68.84971618652344,69.6777036433646,68.79127228636457,69.35624732883365,14772300.0,,,,,,,,,,
2025-11-18,,,,,,KO,,,,,,,,,,,69.37572479248047,69.49261257798673,68.74255537095344,69.15167748388069,12838900.0,,,,,,,,,,
2025-11-19,,,,,,KO,,,,,,,,,,,69.2685775756836,69.59976956702774,68.97634322769791,69.3562434209824,12401500.0,,,,,,,,,,
2025-11-20,,,,,,KO,,,,,,,,,,,69.36598205566406,69.62899443818439,68.78152082937,69.11271279926648,15396500.0,,,,,,,,,,
2025-11-21,,,,,,KO,,,,,,,,,,,71.06092071533203,71.29471114760685,69.63872902888441,69.82381126314507,26492500.0,,,,,,,,,,
2025-11-24,,,,,,KO,,,,,,,,,,,70.71024322509766,71.26548993358325,69.71665988911998,71.26548993358325,39818600.0,,,,,,,,,,
2025-11-25,,,,,,KO,,,,,,,,,,,70.72972869873047,71.04144184304033,70.27189839231308,70.91481093285518,17451200.0,,,,,,,,,,
2025-11-26,,,,,,KO,,,,,,,,,,,70.99273681640625,71.1972978797638,70.515427668572,70.71998873192953,11795100.0,,,,,,,,,,
2025-11-28,,,,,,KO,,,,,,,,,,,71.22653198242188,71.33368408440478,70.87585372717392,71.10963675339643,7423000.0,,,,,,,,,,
2025-12-01,,,,,,KO,,,,,,,,,,,70.57909393310547,71.52080910903778,70.55947829711947,71.21671062104878,14388100.0,,,,,,,,,,
2025-12-02,,,,,,KO,,,,,,,,,,,69.323486328125,70.43196064642193,69.08806126715312,70.43196064642193,19871300.0,,,,,,,,,,
2025-12-03,,,,,,KO,,,,,,,,,,,69.46080780029297,70.03957003141849,69.26462152629966,69.52947374459329,17001700.0,,,,,,,,,,
2025-12-04,,,,,,KO,,,,,,,,,,,69.10767364501953,69.98071537714732,69.02920361774777,69.48043808167684,17710000.0,,,,,,,,,,
2025-12-05,,,,,,KO,,,,,,,,,,,68.66625213623047,69.36272322410035,68.53873179079882,68.98015470377784,13978200.0,,,,,,,,,,
2025-12-08,,,,,,KO,,,,,,,,,,,68.91149139404297,69.03901174436555,68.16596996101379,68.50929973805755,17775100.0,,,,,,,,,,
2025-12-09,,,,,,KO,,,,,,,,,,,68.75453186035156,69.28424383197529,68.49949117640585,69.02920314802958,13010600.0,,,,,,,,,,
2025-12-10,,,,,,KO,,,,,,,,,,,68.87224578857422,69.18614833695179,68.45043853756432,69.0488164397883,29789400.0,,,,,,,,,,
2025-12-11,,,,,,KO,,,,,,,,,,,67.793212890625,69.34311014940499,67.47931031148215,69.20577823878173,23124200.0,,,,,,,,,,
2025-12-12,,,,,,KO,,,,,,,,,,,69.17633819580078,69.2744388249522,67.72454168629756,67.7932076362872,18444500.0,,,,,,,,,,
2025-12-15,,,,,,KO,,,,,,,,,,,69.6177749633789,69.96110474483282,68.98015823551995,69.0880629502666,18660100.0,,,,,,,,,,
2025-12-16,,,,,,KO,,,,,,,,,,,69.02920532226562,69.94148583256967,68.98015500548561,69.94148583256967,17370000.0,,,,,,,,,,
2025-12-17,,,,,,KO,,,,,,,,,,,69.323486328125,69.5687229494788,68.97034499465332,69.22539317638903,13672700.0,,,,,,,,,,
2025-12-18,,,,,,KO,,,,,,,,,,,69.01939392089844,69.45101276066728,68.8330116975387,68.93110484729681,15524800.0,,,,,,,,,,
2025-12-19,,,,,,KO,,,,,,,,,,,68.72510528564453,69.42157636091521,68.69567808984861,68.72510528564453,36911100.0,,,,,,,,,,
2025-12-22,,,,,,KO,,,,,,,,,,,68.87224578857422,68.88205734809364,68.33272975943967,68.59758199424724,12828500.0,,,,,,,,,,
2025-12-23,,,,,,KO,,,,,,,,,,,68.53873443603516,68.9213029711228,68.36216376722332,68.86244109216697,9471000.0,,,,,,,,,,
2025-12-24,,,,,,KO,,,,,,,,,,,68.77415466308594,68.82320497809492,68.4210133502977,68.56815681129734,4515300.0,,,,,,,,,,
2025-12-26,,,,,,KO,,,,,,,,,,,68.53873443603516,68.82320981823354,68.40140252518461,68.61720446792987,5711400.0,,,,,,,,,,
2025-12-29,,,,,,KO,,,,,,,,,,,68.82320404052734,69.07824471982322,68.51910556286346,68.6662490218586,9686900.0,,,,,,,,,,
2025-12-30,,,,,,KO,,,,,,,,,,,68.73492431640625,68.90168343339319,68.47007204142865,68.66625835740997,8610900.0,,,,,,,,,,
2025-12-31,,,,,,KO,,,,,,,,,,,68.57797241210938,68.82320903355043,68.54853773095313,68.73491995813721,8127800.0,,,,,,,,,,
2026-01-02,,,,,,KO,,,,,,,,,,,67.80301666259766,68.5387264495806,67.66568476774967,68.51910333087262,12151300.0,,,,,,,,,,
2026-01-05,,,,,,KO,,,,,,,,,,,66.64550018310547,67.60682345499488,66.62587706423514,67.60682345499488,21186600.0,,,,,,,,,,
2026-01-06,,,,,,KO,,,,,,,,,,,66.54740905761719,66.94960072758157,66.30217242491543,66.71417565571575,21019900.0,,,,,,,,,,
2026-01-07,,,,,,KO,,,,,,,,,,,66.25312042236328,66.77302081431588,65.98826070463423,66.6945433065423,20223400.0,,,,,,,,,,
2026-01-08,,,,,,KO,,,,,,,,,,,68.04825592041016,68.13653750596887,66.16483310419095,66.25312217377693,19237000.0,,,,,,,,,,
2026-01-09,,,,,,KO,,,,,,,,,,,69.16653442382812,69.31367788417414,67.80301949374109,68.10711049016953,19638600.0,,,,,,,,,,
2026-01-12,,,,,,KO,,,,,,,,,,,69.15673065185547,69.61777672031234,68.90168245746969,69.54911076228863,20582500.0,,,,,,,,,,
2026-01-13,,,,,,KO,,,,,,,,,,,69.88262176513672,69.88262176513672,68.93110252803984,69.07824598974003,18324800.0,,,,,,,,,,
2026-01-14,,,,,,KO,,,,,,,,,,,70.07881927490234,70.34367153284843,69.46081819964854,69.81395953292851,16739100.0,,,,,,,,,,
2026-01-15,,,,,,KO,,,,,,,,,,,69.1371078491211,70.23576306364107,69.02920314283398,70.22595150378933,15464100.0,,,,,,,,,,
2026-01-16,,,,,,KO,,,,,,,,,,,69.0978775024414,69.39215697755917,68.7054973849228,68.95073402286839,20027500.0,,,,,,,,,,
2026-01-20,,,,,,KO,,,,,,,,,,,70.38290405273438,70.41233124722847,68.46025001084048,68.66624785632622,22152200.0,,,,,,,,,,
2026-01-21,,,,,,KO,,,,,,,,,,,70.63795471191406,70.86356820037227,69.48043762200533,70.60852751637842,21660600.0,,,,,,,,,,
2026-01-22,,,,,,KO,,,,,,,,,,,70.50062561035156,70.66738471436216,70.07881832818924,70.46138685340301,13962800.0,,,,,,,,,,
2026-01-23,,,,,,KO,,,,,,,,,,,71.49137878417969,71.66794945492002,70.41233912255672,70.64776418886787,18307100.0,,,,,,,,,,
2026-01-26,,,,,,KO,,,,,,,,,,,71.17747497558594,71.90338076725783,71.15785933874271,71.47176191642889,14017400.0,,,,,,,,,,
2026-01-27,,,,,,KO,,,,,,,,,,,72.14862060546875,72.15842468231341,70.89300275473586,71.05976935346081,13239200.0,,,,,,,,,,
2026-01-28,,,,,,KO,,,,,,,,,,,71.6679458618164,72.21728096770514,71.18728419268787,71.81508932739423,14633700.0,,,,,,,,,,
2026-01-29,,,,,,KO,,,,,,,,,,,72.03089904785156,72.67831982147118,71.74642367561515,71.78566243220233,20862100.0,,,,,,,,,,
2026-01-30,,,,,,KO,,,,,,,,,,,73.38460540771484,73.47289448457488,72.1388066433511,72.3055657524971,26420500.0,,,,,,,,,,
2026-02-02,,,,,,KO,,,,,,,,,,,73.89469909667969,74.25764449940421,72.982418583732,73.58079652684971,19301500.0,,,,,,,,,,
2026-02-03,,,,,,KO,,,,,,,,,,,75.42496490478516,76.02334278217994,73.69849721833332,73.83582910979834,27007100.0,,,,,,,,,,
2026-02-04,,,,,,KO,,,,,,,,,,,75.8761978149414,76.62171912801156,75.61134559641769,75.79772031166526,28607300.0,,,,,,,,,,
2026-02-05,,,,,,KO,,,,,,,,,,,77.01410675048828,77.357436506125,76.1116303419223,76.33725131507063,21633500.0,,,,,,,,,,
2026-02-06,,,,,,KO,,,,,,,,,,,77.52420043945312,77.69095954773124,76.7688749299401,77.00429999362849,18512400.0,,,,,,,,,,
2026-02-09,,,,,,KO,,,,,,,,,,,76.48440551757812,77.60268401241686,76.06259819169836,77.17106512527614,23415600.0,,,,,,,,,,
2026-02-10,,,,,,KO,,,,,,,,,,,75.34649658203125,76.03316360706373,74.56174389002975,75.16992591662607,28848200.0,,,,,,,,,,
2026-02-11,,,,,,KO,,,,,,,,,,,77.1023941040039,77.54382452343293,75.12088544896557,75.41516491122366,22649700.0,,,,,,,,,,
2026-02-12,,,,,,KO,,,,,,,,,,,77.4947738647461,78.8779120285895,77.28877599685985,77.47515822762603,26043500.0,,,,,,,,,,
2026-02-13,,,,,,KO,,,,,,,,,,,77.18086242675781,77.88714502648641,76.6413389175132,76.95524146361178,16711900.0,,,,,,,,,,
2026-02-17,,,,,,KO,,,,,,,,,,,78.04409790039062,78.12257541329457,77.23972210319404,77.48495871799821,16260200.0,,,,,,,,,,
2026-02-18,,,,,,KO,,,,,,,,,,,77.97543334960938,78.3187631197028,77.41629415716362,77.98524490990567,16304900.0,,,,,,,,,,
2026-02-19,,,,,,KO,,,,,,,,,,,77.40648651123047,78.15200041075971,77.09257646844678,77.94600255820342,14924700.0,,,,,,,,,,
2026-02-20,,,,,,KO,,,,,,,,,,,78.31876373291016,78.31876373291016,77.38686756621337,77.81848641429748,17175100.0,,,,,,,,,,
2026-02-23,,,,,,KO,,,,,,,,,,,79.0250473022461,79.30952268409519,77.98524641164639,78.00486204858902,17157700.0,,,,,,,,,,
2026-02-24,,,,,,KO,,,,,,,,,,,79.18199920654297,79.5449446058556,78.32857309470242,79.00542854492173,16448500.0,,,,,,,,,,
2026-02-25,,,,,,KO,,,,,,,,,,,78.93675994873047,79.15256935948766,78.0440951104216,78.86809399840112,18086900.0,,,,,,,,,,
2026-02-26,,,,,,KO,,,,,,,,,,,78.96619415283203,79.34876269348376,78.4953365344764,79.21143078063585,12843200.0,,,,,,,,,,
2026-02-27,,,,,,KO,,,,,,,,,,,80.00598907470703,80.43760790224196,79.28009080623886,79.39780707302857,28483500.0,,,,,,,,,,
2026-03-02,,,,,,KO,,,,,,,,,,,78.6915283203125,79.8490454733882,78.62286236563969,79.70190200365282,18137200.0,,,,,,,,,,
2026-03-03,,,,,,KO,,,,,,,,,,,77.82829284667969,78.55419865571008,77.06315576302471,78.33838922513499,20549300.0,,,,,,,,,,
2026-03-04,,,,,,KO,,,,,,,,,,,76.6119155883789,77.95581490755454,76.2685858306413,77.77924424871415,21011800.0,,,,,,,,,,
2026-03-05,,,,,,KO,,,,,,,,,,,75.56230163574219,76.23915706133192,75.04240122989448,76.19991830639643,23165700.0,,,,,,,,,,
2026-03-06,,,,,,KO,,,,,,,,,,,75.5721206665039,75.71926414105175,74.89526517400058,75.33669559764414,15516000.0,,,,,,,,,,
2026-03-09,,,,,,KO,,,,,,,,,,,76.31764221191406,76.58249447921091,75.07183594107374,75.1601250195247,18554100.0,,,,,,,,,,
2026-03-10,,,,,,KO,,,,,,,,,,,76.39610290527344,76.91601078363519,75.63096591104305,76.00373033266192,17243900.0,,,,,,,,,,
2026-03-11,,,,,,KO,,,,,,,,,,,76.15087127685547,76.22934879011198,75.1404976167675,76.22934879011198,11546800.0,,,,,,,,,,
2026-03-12,,,,,,KO,,,,,,,,,,,76.13126373291016,76.67078733886274,75.43479256778942,75.94488149012138,16842200.0,,,,,,,,,,
2026-03-13,,,,,,KO,,,,,,,,,,,76.38804626464844,77.08931376238849,76.23989858884553,76.51645096432705,11974500.0,,,,,,,,,,
2026-03-16,,,,,,KO,,,,,,,,,,,76.86214447021484,77.46463682723909,76.78312734967358,77.039929223689,11761200.0,,,,,,,,,,
2026-03-17,,,,,,KO,,,,,,,,,,,76.62510681152344,77.33624588265866,76.49670209643693,77.039935424523,14900100.0,,,,,,,,,,
2026-03-18,,,,,,KO,,,,,,,,,,,75.03491973876953,76.18063788821625,74.91639405345256,76.1312578376166,13134600.0,,,,,,,,,,
2026-03-19,,,,,,KO,,,,,,,,,,,74.62008666992188,75.50900288230186,74.60032862247638,75.06454477611187,13023300.0,,,,,,,,,,
2026-03-20,,,,,,KO,,,,,,,,,,,73.8299331665039,75.11393501837722,73.47436365476938,74.63983982423535,33298700.0,,,,,,,,,,
2026-03-23,,,,,,KO,,,,,,,,,,,74.18550109863281,74.52131255507207,73.63239633015058,74.4126658990506,15054900.0,,,,,,,,,,
2026-03-24,,,,,,KO,,,,,,,,,,,73.75091552734375,74.75836498201754,73.71140696681856,73.93857930596654,15653700.0,,,,,,,,,,
2026-03-25,,,,,,KO,,,,,,,,,,,74.32377624511719,74.71885430368368,73.15830011686397,73.67189631815938,14787900.0,,,,,,,,,,
2026-03-26,,,,,,KO,,,,,,,,,,,73.77067565917969,74.81762616846487,73.73116709753849,74.26452137646328,11202100.0,,,,,,,,,,
2026-03-27,,,,,,KO,,,,,,,,,,,74.77812194824219,75.11394097394536,73.7805514314765,73.8990771232814,17461000.0,,,,,,,,,,
2026-03-30,,,,,,KO,,,,,,,,,,,75.33122253417969,76.05224059832382,74.78799676548425,74.99541106285753,18502800.0,,,,,,,,,,
2026-03-31,,,,,,KO,,,,,,,,,,,75.11393737792969,76.07199174940631,74.58058309357364,75.58802505147659,18301800.0,,,,,,,,,,
2026-04-01,,,,,,KO,,,,,,,,,,,75.14356231689453,75.42011469878683,74.33365568328682,75.21270041236761,15834300.0,,,,,,,,,,
2026-04-02,,,,,,KO,,,,,,,,,,,75.77568817138672,76.012732006077,75.18307481691718,75.63741197319341,14573400.0,,,,,,,,,,
2026-04-06,,,,,,KO,,,,,,,,,,,76.26953887939453,76.3287979580723,75.2818473788284,75.69667600054902,8259900.0,,,,,,,,,,
2026-04-07,,,,,,KO,,,,,,,,,,,74.97566223144531,76.64485567217139,74.69910229325674,76.24977758167553,12769200.0,,,,,,,,,,
2026-04-08,,,,,,KO,,,,,,,,,,,76.33866882324219,76.41768594335856,74.39291556942865,74.87688224303861,12331300.0,,,,,,,,,,
2026-04-09,,,,,,KO,,,,,,,,,,,77.21771240234375,77.32635905700035,75.4299934156097,75.7065457963766,14311000.0,,,,,,,,,,
2026-04-10,,,,,,KO,,,,,,,,,,,76.5164566040039,77.2078375936662,76.35842235751673,77.02018134532221,11081400.0,,,,,,,,,,
2026-04-13,,,,,,KO,,,,,,,,,,,75.4695053100586,76.4966977595879,74.89664247573404,76.36830058726864,12696200.0,,,,,,,,,,
2026-04-14,,,,,,KO,,,,,,,,,,,74.96578216552734,75.67692121144344,74.86701452814738,75.03492026524209,12397600.0,,,,,,,,,,
2026-04-15,,,,,,KO,,,,,,,,,,,74.38304138183594,74.80774901071625,73.80030703793551,74.80774901071625,16212100.0,,,,,,,,,,
2026-04-16,,,,,,KO,,,,,,,,,,,74.25464630126953,74.90651876429888,73.97809389056084,74.10649107110758,11501900.0,,,,,,,,,,
2026-04-17,,,,,,KO,,,,,,,,,,,74.80774688720703,75.12380784376332,73.87932206603473,74.0274697523208,15033900.0,,,,,,,,,,
2026-04-20,,,,,,KO,,,,,,,,,,,74.55094909667969,75.28183861204782,74.43242341763867,74.88676055073168,10141800.0,,,,,,,,,,
2026-04-21,,,,,,KO,,,,,,,,,,,73.78054809570312,74.60033380544128,73.70153850689346,74.55095375437119,11806900.0,,,,,,,,,,
2026-04-22,,,,,,KO,,,,,,,,,,,73.7114028930664,74.45217140712752,73.63239331187,73.97808377800114,9352300.0,,,,,,,,,,
2026-04-23,,,,,,KO,,,,,,,,,,,75.34109497070312,75.71642250640673,74.23488548143857,74.51143785375471,12060300.0,,,,,,,,,,
2026-04-24,,,,,,KO,,,,,,,,,,,75.6867904663086,76.0621180269568,75.23245331938115,75.76580758807532,12008700.0,,,,,,,,,,
2026-04-27,,,,,,KO,,,,,,,,,,,74.51144409179688,75.76580889567012,74.47193553023166,75.76580889567012,15812200.0,,,,,,,,,,
2026-04-28,,,,,,KO,,,,,,,,,,,77.3856201171875,79.33137339178496,77.11894675330538,78.5412172531557,30710700.0,,,,,,,,,,
2026-04-29,,,,,,KO,,,,,,,,,,,77.89922332763672,78.30417288264714,77.22759287510647,77.40537762829057,18294700.0,,,,,,,,,,
2026-04-30,,,,,,KO,,,,,,,,,,,77.79057312011719,78.1461426102551,77.36586553664618,77.83008167851996,15142200.0,,,,,,,,,,
2026-05-01,,,,,,KO,,,,,,,,,,,77.61279296875,78.65974345418515,77.07943870197528,78.31405296705915,12610400.0,,,,,,,,,,
2026-05-04,,,,,,KO,,,,,,,,,,,77.22759246826172,77.80044774951499,76.77325533151526,77.09918776439626,12672400.0,,,,,,,,,,
2026-05-05,,,,,,KO,,,,,,,,,,,77.51402282714844,77.81032571989103,76.78312578031152,77.22759142265622,11637500.0,,,,,,,,,,
2026-05-06,,,,,,KO,,,,,,,,,,,78.25479888916016,78.3535665295743,77.60291889854851,77.81033320406459,14060300.0,,,,,,,,,,
2026-05-07,,,,,,KO,,,,,,,,,,,77.46463775634766,78.17577677877368,77.13869778182115,77.82020726756068,16531400.0,,,,,,,,,,
2026-05-08,,,,,,KO,,,,,,,,,,,77.45476531982422,78.22516348114569,77.15846239227109,77.60292055134482,12447200.0,,,,,,,,,,
2026-05-11,,,,,,KO,,,,,,,,,,,77.69181060791016,77.76094870579604,76.88189641055054,77.197964898586,10967900.0,,,,,,,,,,
2026-05-12,,,,,,KO,,,,,,,,,,,79.0449447631836,79.3313761851351,77.31648474262246,78.02762378533136,19883100.0,,,,,,,,,,
2026-05-13,,,,,,KO,,,,,,,,,,,79.2721176147461,80.03263671302015,78.8572814801998,78.88691855340774,12357000.0,,,,,,,,,,
2026-05-14,,,,,,KO,,,,,,,,,,,79.45977020263672,79.92398636682198,78.92642347728277,79.73633012474832,10642000.0,,,,,,,,,,
2026-05-15,,,,,,KO,,,,,,,,,,,79.82522583007812,80.35858013833334,79.45977726641584,80.35858013833334,17527200.0,,,,,,,,,,
2026-05-18,,,,,,KO,,,,,,,,,,,80.2005386352539,80.38820241253838,79.40051101291462,79.87460620034847,12375500.0,,,,,,,,,,
2026-05-19,,,,,,KO,,,,,,,,,,,80.91167449951172,81.64257153233709,80.25980211958489,80.4079573308596,16595200.0,,,,,,,,,,
2026-05-20,,,,,,KO,,,,,,,,,,,80.54623413085938,81.3857702871484,80.5165970599895,81.15859795673538,16999700.0,,,,,,,,,,
2026-05-21,,,,,,KO,,,,,,,,,,,80.17091369628906,80.79316413644646,79.72645555516617,80.78328511194727,15708400.0,,,,,,,,,,
2026-05-22,,,,,,KO,,,,,,,,,,,80.47710418701172,80.67463946656079,79.92399184039613,80.18079373220023,8240200.0,,,,,,,,,,
2026-05-26,,,,,,KO,,,,,,,,,,,79.46965789794922,80.5956256152011,79.25236456032373,79.84497795853711,13004200.0,,,,,,,,,,
2026-05-27,,,,,,KO,,,,,,,,,,,80.6153793334961,81.4944241263008,79.80547264117644,80.10177555661761,13209600.0,,,,,,,,,,
2026-05-28,,,,,,KO,,,,,,,,,,,79.4202651977539,80.7536470152924,79.35111956907564,80.31906040924042,14691400.0,,,,,,,,,,
2026-05-29,,,,,,KO,,,,,,,,,,,78.0374984741211,79.34125080149192,77.93873084267382,79.05481939545376,32477000.0,,,,,,,,,,
2026-06-01,,,,,,KO,,,,,,,,,,,77.67205810546875,78.22516292804762,77.46464379700167,77.61279902747475,12776300.0,,,,,,,,,,
2026-06-02,,,,,,KO,,,,,,,,,,,77.44488525390625,78.22515481822813,77.28685101498868,77.90909387588026,12533200.0,,,,,,,,,,
2026-06-03,,,,,,KO,,,,,,,,,,,77.79057312011719,78.05724646997712,77.14857223317446,77.32635697824341,14964300.0,,,,,,,,,,
2026-06-04,,,,,,KO,,,,,,,,,,,75.87445831298828,79.05482604741398,75.86457928836613,78.79802415565302,19361600.0,,,,,,,,,,
2026-06-05,,,,,,KO,,,,,,,,,,,78.50172424316406,79.74621011565878,76.52634123039232,76.55597076990578,25708100.0,,,,,,,,,,
2026-06-08,,,,,,KO,,,,,,,,,,,78.56097412109375,78.9461731606305,78.12638749782673,78.33380178561673,12828900.0,,,,,,,,,,
2026-06-09,,,,,,KO,,,,,,,,,,,80.33881378173828,80.75364989114632,78.40293956795405,78.57085283067298,20591600.0,,,,,,,,,,
2026-06-10,,,,,,KO,,,,,,,,,,,82.56111907958984,82.8179209490803,81.1092190765359,81.66232383960407,20880500.0,,,,,,,,,,
2026-06-11,,,,,,KO,,,,,,,,,,,81.51416778564453,83.00558386840169,81.4746592264769,82.88705819089883,14264500.0,,,,,,,,,,
2026-06-12,,,,,,KO,,,,,,,,,,,81.60306549072266,81.86973885085317,80.86229694698676,81.69195409893706,11757700.0,,,,,,,,,,
2026-06-15,,,,,,KO,,,,,,,,,,,80.43006896972656,80.7183420997319,79.77398025805853,80.59905875880257,20055200.0,,,,,,,,,,
2026-06-16,,,,,,KO,,,,,,,,,,,79.80380249023438,80.90721891798076,79.36641000813258,80.66864464780673,17565100.0,,,,,,,,,,
2026-06-17,,,,,,KO,,,,,,,,,,,79.45587921142578,79.85350804669757,78.52145258615798,79.47575724032673,17055400.0,,,,,,,,,,
2026-06-18,,,,,,KO,,,,,,,,,,,78.91908264160156,79.53540772500882,78.27293672231222,79.39623876813289,46857900.0,,,,,,,,,,
2026-06-22,,,,,,KO,,,,,,,,,,,79.0582504272461,79.58510541106253,78.59103711431025,78.77991251761773,21205900.0,,,,,,,,,,
2026-06-23,,,,,,KO,,,,,,,,,,,79.8336181640625,80.84757201898508,79.3564696545662,80.84757201898508,16854000.0,,,,,,,,,,
2026-06-24,,,,,,KO,,,,,,,,,,,80.12190246582031,81.09609272471494,80.08213882421857,80.41018317932853,20632600.0,,,,,,,,,,
2026-06-25,,,,,,KO,,,,,,,,,,,79.9429702758789,80.89727492674004,79.4956425778356,80.05231839480312,16021400.0,,,,,,,,,,
2026-06-26,,,,,,KO,,,,,,,,,,,82.13985443115234,82.31878701442906,80.22130245985042,80.4797623210587,53357500.0,,,,,,,,,,
2026-06-29,,,,,,KO,,,,,,,,,,,82.15974426269531,83.12399170076121,81.72235179574442,82.33867685516257,15015800.0,,,,,,,,,,
2026-06-30,,,,,,KO,,,,,,,,,,,80.78792572021484,82.05039668202069,80.5294734281817,82.01063304075272,16422100.0,,,,,,,,,,
2026-07-01,,,,,,KO,,,,,,,,,,,80.80780792236328,81.49371743304293,80.47976358385225,81.21537195591496,21734800.0,,,,,,,,,,
2026-07-02,,,,,,KO,,,,,,,,,,,83.64089965820312,83.64089965820312,80.91715485133743,81.14578629545979,18308400.0,,,,,,,,,,
2026-07-06,,,,,,KO,,,,,,,,,,,82.46790313720703,84.05841085947863,81.8317000482984,83.60114036333422,18992600.0,,,,,,,,,,
2026-07-07,,,,,,KO,,,,,,,,,,,83.55143737792969,85.1717658550302,83.14386576513202,84.09817035141258,17835200.0,,,,,,,,,,
2026-07-08,,,,,,KO,,,,,,,,,,,82.9052963256836,84.32681427385329,82.77606259503419,83.67072556663383,14160000.0,,,,,,,,,,
2026-07-09,,,,,,KO,,,,,,,,,,,82.13985443115234,82.32872982020517,81.22531348735522,81.60305668132222,15782500.0,,,,,,,,,,
2026-07-10,,,,,,KO,,,,,,,,,,,82.99475860595703,83.2432756760538,81.92117062708472,82.23927217344301,10694600.0,,,,,,,,,,
2026-07-13,,,,,,KO,,,,,,,,,,,83.75025177001953,84.17770142960003,83.17369035307114,83.40232939225379,12085800.0,,,,,,,,,,
2026-07-14,,,,,,KO,,,,,,,,,,,82.58719635009766,84.12799766770932,82.58719635009766,83.67072715888746,13775400.0,,,,,,,,,,
2026-07-15,,,,,,KO,,,,,,,,,,,81.96092224121094,82.74623705024202,81.7422336020576,82.43807832695161,18383800.0,,,,,,,,,,
2026-07-16,,,,,,KO,,,,,,,,,,,84.41627502441406,84.44609585882439,82.7860036807783,83.00469991197266,17889900.0,,,,,,,,,,
2026-07-17,,,,,,KO,,,,,,,,,,,81.07620239257812,85.05247531163171,80.35053683196853,84.86360750519098,32903000.0,,,,,,,,,,
2026-07-20,,,,,,KO,,,,,,,,,,,81.63288879394531,81.88140586062717,80.8177531185944,81.06627018527625,14967200.0,,,,,,,,,,
2026-07-21,,,,,,KO,,,,,,,,,,,81.48377990722656,81.91122958034106,80.83763399426662,81.48377990722656,12949400.0,,,,,,,,,,
2026-07-22,,,,,,KO,,,,,,,,,,,81.71240997314453,82.42814035162986,81.47383570836246,82.35855587506262,11701300.0,,,,,,,,,,
2026-07-23,,,,,,KO,,,,,,,,,,,80.68852233886719,81.38437470149,80.40024162088422,81.18555649039521,13755600.0,,,,,,,,,,
2026-07-24,,,,,,KO,,,,,,,,,,,81.76211547851562,81.8416427605726,80.42012482639515,81.08614874930944,11980400.0,,,,,,,,,,
2026-07-27,,,,,,KO,,,,,,,,,,,83.57131958007812,83.64090405596605,82.01063269161537,82.58719411133768,19937600.0,,,,,,,,,,
2026-07-28,,,,,,KO,,,,,,,,,,,87.74639892578125,89.68483651594346,85.73838444733994,87.77622734322203,34982900.0,,,,,,,,,,
2026-07-29,,,,,,KO,,,,,,,,,,,88.55160522460938,90.38068724053291,88.1142127494367,88.1241555559104,21711700.0,,,,,,,,,,
2026-07-30,,,,,,KO,,,,,,,,,,,87.96509552001953,88.11420727129791,86.69268939950297,87.11019623577145,17616100.0,,,,,,,,,,
2026-07-31,,,,,,KO,,,,,,,,,,,87.0704345703125,87.47800619410351,86.3050053531352,87.14002662874023,14725900.0,,,,,,,,,,
2026-08-03,,,,,,KO,,,,,,,,,,,86.34477233886719,87.95516570012737,86.11613329497983,87.95516570012737,23197100.0,,,,,,,,,,
2026-08-04,,,,,,KO,,,,,,,,,,,86.04654693603516,86.16583785860287,84.65485742677355,85.28111770594127,17085700.0,,,,,,,,,,
2026-08-05,,,,,,KO,,,,,,,,,,,86.31494903564453,86.63305057621476,85.67874595450408,86.53364526681261,15868600.0,,,,,,,,,,
2026-08-06,,,,,,KO,,,,,,,,,,,86.33482360839844,87.44818274790256,85.90737396935245,87.33883463669507,13568500.0,,,,,,,,,,
2026-08-07,,,,,,KO,,,,,,,,,,,86.53364562988281,86.65292896801027,85.67874631398736,85.99684785589226,11221700.0,,,,,,,,,,
2026-08-10,,,,,,KO,,,,,,,,,,,86.3547134399414,87.01079455510899,85.91732097373699,86.59328770144425,13710800.0,,,,,,,,,,
2026-08-11,,,,,,KO,,,,,,,,,,,85.96702575683594,86.53364435702373,85.59921777336217,86.10619470536355,16018000.0,,,,,,,,,,
2026-08-12,,,,,,KO,,,,,,,,,,,86.1956558227539,86.77221721975558,85.15188872556685,85.27117206002322,12651900.0,,,,,,,,,,
2026-08-13,,,,,,KO,,,,,,,,,,,86.90144348144531,87.22948781993581,86.39447414102047,86.62310558847354,10140600.0,,,,,,,,,,
2026-08-14,,,,,,KO,,,,,,,,,,,87.18972778320312,87.44818765913077,86.68275083769021,86.7821637328356,9166400.0,,,,,,,,,,
2026-08-17,,,,,,KO,,,,,,,,,,,86.46405792236328,87.49788220680313,86.33482419870427,86.78215945237679,12056400.0,,,,,,,,,,
2026-08-18,,,,,,KO,,,,,,,,,,,88.29314422607422,88.43231317838521,87.35871761700973,87.87563736914123,12524500.0,,,,,,,,,,
2026-08-19,,,,,,KO,,,,,,,,,,,89.8140640258789,90.22163564493194,88.06450179877645,88.06450179877645,15993900.0,,,,,,,,,,
2026-08-20,,,,,,KO,,,,,,,,,,,89.96318054199219,91.32505683407821,89.19775129318654,89.64507899150762,14928000.0,,,,,,,,,,
2026-08-21,,,,,,KO,,,,,,,,,,,90.55961608886719,90.6590213970731,89.7842440670666,90.31109902628296,15595800.0,,,,,,,,,,
2026-08-24,,,,,,KO,,,,,,,,,,,91.4443359375,91.94137006110614,90.9075381739087,91.57356966348647,14787700.0,,,,,,,,,,
2026-08-25,,,,,,KO,,,,,,,,,,,91.0964126586914,91.53380511002422,90.7584330983988,91.02682818544653,11940100.0,,,,,,,,,,
2026-08-26,,,,,,KO,,,,,,,,,,,89.54566955566406,91.66303219256494,89.46614227567014,91.66303219256494,17133900.0,,,,,,,,,,
2026-08-27,,,,,,KO,,,,,,,,,,,88.5317153930664,89.49596280331046,88.43231008548368,88.87964534581421,13452600.0,,,,,,,,,,
2026-08-28,,,,,,KO,,,,,,,,,,,89.12816619873047,89.50590941727118,88.54166196600396,88.68083091936839,9887200.0,,,,,,,,,,
2026-08-31,,,,,,KO,,,,,,,,,,,88.14402770996094,88.99892699038024,88.07444323756117,88.97904896289688,23764800.0,,,,,,,,,,
2026-09-01,,,,,,KO,,,,,,,,,,,87.4780044555664,89.24744469586453,87.28912906447658,89.05856930477471,14824100.0,,,,,,,,,,
2026-09-02,,,,,,KO,,,,,,,,,,,87.71658325195312,88.42237082345903,87.20961388772017,87.37860367579782,18492800.0,,,,,,,,,,
2026-09-03,,,,,,KO,,,,,,,,,,,88.283203125,88.70071757413677,87.4879530370246,87.58735835000411,13763000.0,,,,,,,,,,
2026-09-04,,,,,,KO,,,,,,,,,,,87.54759216308594,88.38261345294723,87.32889593040467,88.064504326037,17290700.0,,,,,,,,,,
2026-09-08,,,,,,KO,,,,,,,,,,,87.83586883544922,88.02474422483915,87.03067600133623,87.03067600133623,19426900.0,,,,,,,,,,
2026-09-09,,,,,,KO,,,,,,,,,,,87.03067779541016,87.87563428597807,86.89150884798197,87.78616420026633,12337500.0,,,,,,,,,,
2026-09-10,,,,,,KO,,,,,,,,,,,87.30902099609375,88.43231544978137,87.27920016042388,88.05457222439757,12019900.0,,,,,,,,,,
2026-09-11,,,,,,KO,,,,,,,,,,,87.76628875732422,88.12415394243344,87.28913264913226,87.9154005151429,9988700.0,,,,,,,,,,
2026-09-14,,,,,,KO,,,,,,,,,,,88.81999969482422,89.82401078563296,88.34285116542739,89.46614559651577,14066100.0,,,,,,,,,,
2026-09-15,,,,,,KO,,,,,,,,,,,88.70999908447266,88.9000015258789,87.80000305175781,88.52999877929688,13148900.0,,,,,,,,,,
2026-09-16,,,,,,KO,,,,,,,,,,,87.87000274658203,88.66000366210938,87.73999786376953,88.4800033569336,17074800.0,,,,,,,,,,
2026-09-17,,,,,,KO,,,,,,,,,,,88.05999755859375,88.33000183105469,87.51000213623047,88.08000183105469,16563600.0,,,,,,,,,,
2026-09-18,,,,,,KO,,,,,,,,,,,88.25,88.29000091552734,87.5199966430664,87.80000305175781,28048200.0,,,,,,,,,,
2026-09-21,,,,,,KO,,,,,,,,,,,87.12000274658203,88.5,87.12000274658203,88.31999969482422,18100400.0,,,,,,,,,,
2026-09-22,,,,,,KO,,,,,,,,,,,88.61000061035156,88.97000122070312,87.45999908447266,87.5999984741211,17266800.0,,,,,,,,,,
2026-09-23,,,,,,KO,,,,,,,,,,,88.08999633789062,89.0,87.61000061035156,88.94999694824219,13016400.0,,,,,,,,,,
2026-09-24,,,,,,KO,,,,,,,,,,,88.0999984741211,89.36000061035156,88.0999984741211,88.81999969482422,13163300.0,,,,,,,,,,
2026-09-25,,,,,,KO,,,,,,,,,,,87.80999755859375,88.31999969482422,87.55999755859375,88.16000366210938,12123400.0,,,,,,,,,,
2021-09-27,,,,,,NVDA,,,,,,,,,,,,,,,,21.56501579284668,21.703406185279654,21.231485755998357,21.614795771814215,245215000.0,,,,,
2021-09-28,,,,,,NVDA,,,,,,,,,,,,,,,,20.60822868347168,21.32507250371504,20.560438842257536,21.120971560225616,343069000.0,,,,,
2021-09-29,,,,,,NVDA,,,,,,,,,,,,,,,,20.427024841308594,20.92483213876471,20.3772429721725,20.848170149177676,218394000.0,,,,,
2021-09-30,,,,,,NVDA,,,,,,,,,,,,,,,,20.625150680541992,20.97361615381417,20.597273594598942,20.67692268286252,221009000.0,,,,,
2021-10-01,,,,,,NVDA,,,,,,,,,,,,,,,,20.651039123535156,20.7675247129361,20.114401382383377,20.659003463241838,240978000.0,,,,,
2021-10-04,,,,,,NVDA,,,,,,,,,,,,,,,,19.645471572875977,20.451919028744175,19.46924770779128,20.414085560020563,345635000.0,,,,,
2021-10-05,,,,,,NVDA,,,,,,,,,,,,,,,,20.361316680908203,20.557453280437706,19.766934576510337,19.86251425727249,279282000.0,,,,,
2021-10-06,,,,,,NVDA,,,,,,,,,,,,,,,,20.609228134155273,20.629138987907215,19.99194609221421,20.03177159768733,297202000.0,,,,,
2021-10-07,,,,,,NVDA,,,,,,,,,,,,,,,,20.98258399963379,21.22850061256001,20.880035030674634,20.999507750816413,256919000.0,,,,,
2021-10-08,,,,,,NVDA,,,,,,,,,,,,,,,,20.739648818969727,21.113004324739432,20.683894639844777,21.00846523888015,151258000.0,,,,,
2021-10-11,,,,,,NVDA,,,,,,,,,,,,,,,,20.6042423248291,20.97062850101373,20.42104923673679,20.484769645064205,163388000.0,,,,,
2021-10-12,,,,,,NVDA,,,,,,,,,,,,,,,,20.58034896850586,20.964655885876756,20.437976429822484,20.736660050850766,162134000.0,,,,,
2021-10-13,,,,,,NVDA,,,,,,,,,,,,,,,,20.8471736907959,20.8979506288575,20.622164953970238,20.826265874944212,180652000.0,,,,,
2021-10-14,,,,,,NVDA,,,,,,,,,,,,,,,,21.650638580322266,21.6595979888479,21.029374431188767,21.194646843821843,243589000.0,,,,,
2021-10-15,,,,,,NVDA,,,,,,,,,,,,,,,,21.76612663269043,21.834824285475865,21.56700484536949,21.71435462616983,226994000.0,,,,,
2021-10-18,,,,,,NVDA,,,,,,,,,,,,,,,,22.12455177307129,22.193249435993522,21.54908541210571,21.653626407282953,189494000.0,,,,,
2021-10-19,,,,,,NVDA,,,,,,,,,,,,,,,,22.19225311279297,22.280861623084096,21.940362329321403,22.178312668438,161473000.0,,,,,
2021-10-20,,,,,,NVDA,,,,,,,,,,,,,,,,22.006072998046875,22.334625782730672,21.885603327165416,22.207186839128415,146276000.0,,,,,
2021-10-21,,,,,,NVDA,,,,,,,,,,,,,,,,22.59248924255371,22.611406925381793,21.986160606952357,22.00009915262171,187590000.0,,,,,
2021-10-22,,,,,,NVDA,,,,,,,,,,,,,,,,22.626340866088867,23.02856856064082,22.46206541817937,22.72291561933294,249384000.0,,,,,
2021-10-25,,,,,,NVDA,,,,,,,,,,,,,,,,23.06441307067871,23.25258344955109,22.67014969676888,22.872258622224397,230235000.0,,,,,
2021-10-26,,,,,,NVDA,,,,,,,,,,,,,,,,24.60860824584961,25.148233144137606,23.81908649717466,23.88380198609397,485898000.0,,,,,
2021-10-27,,,,,,NVDA,,,,,,,,,,,,,,,,24.343772888183594,24.979970559191603,24.17551339728853,24.36667273808714,245990000.0,,,,,
2021-10-28,,,,,,NVDA,,,,,,,,,,,,,,,,24.831623077392578,24.840584383344975,24.415456914629402,24.7688996326781,234204000.0,,,,,
2021-10-29,,,,,,NVDA,,,,,,,,,,,,,,,,25.454879760742188,25.596257241681755,24.890366803732874,24.89136187149755,292503000.0,,,,,
2021-11-01,,,,,,NVDA,,,,,,,,,,,,,,,,25.7137451171875,25.78045075190704,25.116375810653224,25.536526170254046,265740000.0,,,,,
2021-11-02,,,,,,NVDA,,,,,,,,,,,,,,,,26.28522491455078,26.56101063434502,25.68686059809661,25.708765384211045,294112000.0,,,,,
2021-11-03,,,,,,NVDA,,,,,,,,,,,,,,,,26.48135757446289,26.666542716501237,26.119950495850016,26.553042329347175,239910000.0,,,,,
2021-11-04,,,,,,NVDA,,,,,,,,,,,,,,,,29.67031478881836,31.227455386633288,26.999079939655886,27.109593234066324,1153631000.0,,,,,
2021-11-05,,,,,,NVDA,,,,,,,,,,,,,,,,29.621530532836914,31.26230243845938,29.28102933486203,30.054622412775466,851260000.0,,,,,
2021-11-08,,,,,,NVDA,,,,,,,,,,,,,,,,30.668916702270508,30.963618188602332,29.775849037020173,30.01678837668219,503101000.0,,,,,
2021-11-09,,,,,,NVDA,,,,,,,,,,,,,,,,30.522558212280273,32.16831102221569,29.832598362114123,32.14043393327905,646746000.0,,,,,
2021-11-10,,,,,,NVDA,,,,,,,,,,,,,,,,29.329816818237305,30.714717786724723,28.65180336425327,29.227269752002172,636206000.0,,,,,
2021-11-11,,,,,,NVDA,,,,,,,,,,,,,,,,30.256729125976562,30.45585281899345,29.646418368081974,30.334388087867172,332172000.0,,,,,
2021-11-12,,,,,,NVDA,,,,,,,,,,,,,,,,30.256729125976562,30.54545829095262,29.500061751090385,29.87839638802561,413054000.0,,,,,
2021-11-15,,,,,,NVDA,,,,,,,,,,,,,,,,29.893335342407227,30.509620414960658,29.118747114504277,30.41802479111372,384909000.0,,,,,
2021-11-16,,,,,,NVDA,,,,,,,,,,,,,,,,30.0705509185791,30.25673114722093,29.575730654228828,29.62849963276353,264484000.0,,,,,
2021-11-17,,,,,,NVDA,,,,,,,,,,,,,,,,29.13267707824707,30.375205132582746,28.673698329349342,30.28460270438273,428508000.0,,,,,
2021-11-18,,,,,,NVDA,,,,,,,,,,,,,,,,31.53609275817871,32.61633372407065,31.18364508674992,32.22505942148186,781711000.0,,,,,
2021-11-19,,,,,,NVDA,,,,,,,,,,,,,,,,32.84035873413086,32.94290770891931,31.7650946968093,32.101611886418695,533867000.0,,,,,
2021-11-22,,,,,,NVDA,,,,,,,,,,,,,,,,31.81585693359375,34.49505558796112,31.760102763621962,33.3700101185093,754335000.0,,,,,
2021-11-23,,,,,,NVDA,,,,,,,,,,,,,,,,31.60678482055664,32.21809257052514,30.744581358909567,31.39670967652622,532163000.0,,,,,
2021-11-24,,,,,,NVDA,,,,,,,,,,,,,,,,32.53071594238281,32.71092196803006,30.792372310199486,31.323035910804574,435162000.0,,,,,
2021-11-26,,,,,,NVDA,,,,,,,,,,,,,,,,31.364856719970703,32.566562744726234,31.21252776050895,32.457044497118794,283069000.0,,,,,
2021-11-29,,,,,,NVDA,,,,,,,,,,,,,,,,33.22963333129883,33.26547475913897,31.895509575688923,32.22406422648845,454964000.0,,,,,
2021-11-30,,,,,,NVDA,,,,,,,,,,,,,,,,32.5327033996582,33.20673647061269,31.724265919380148,33.023541458568594,622066000.0,,,,,
2021-12-01,,,,,,NVDA,,,,,,,,,,,,,,,,31.30097770690918,33.14707524856972,31.246211893152907,33.07737399441328,484368000.0,,,,,
2021-12-02,,,,,,NVDA,,,,,,,,,,,,,,,,31.98902702331543,32.339527421049986,30.892721414598597,31.08091667285877,472890000.0,,,,,
2021-12-03,,,,,,NVDA,,,,,,,,,,,,,,,,30.562143325805664,31.992021860446783,30.001542011299605,31.86357023241154,544325000.0,,,,,
2021-12-06,,,,,,NVDA,,,,,,,,,,,,,,,,29.908937454223633,30.112066268959172,27.918459673671148,29.752605337087843,658938000.0,,,,,
2021-12-07,,,,,,NVDA,,,,,,,,,,,,,,,,32.288753509521484,32.310662878163335,30.52032598088665,30.825023080342124,593053000.0,,,,,
2021-12-08,,,,,,NVDA,,,,,,,,,,,,,,,,31.69031524658203,32.15233775708551,31.287041214384153,31.86257802352817,475551000.0,,,,,
2021-12-09,,,,,,NVDA,,,,,,,,,,,,,,,,30.360004425048828,32.067694504402716,30.29826849106695,31.598700064194155,488507000.0,,,,,
2021-12-10,,,,,,NVDA,,,,,,,,,,,,,,,,30.069252014160156,31.17153271430594,29.733688906259296,31.017192866760514,488825000.0,,,,,
2021-12-13,,,,,,NVDA,,,,,,,,,,,,,,,,28.040939331054688,30.16484694472882,27.99613110546957,30.120038719143704,598344000.0,,,,,
2021-12-14,,,,,,NVDA,,,,,,,,,,,,,,,,28.216190338134766,28.555736152702433,27.13382466783278,27.580909846868153,667035000.0,,,,,
2021-12-15,,,,,,NVDA,,,,,,,,,,,,,,,,30.32914161682129,30.369967183258264,27.71931562363803,28.27891988260038,698297000.0,,,,,
2021-12-16,,,,,,NVDA,,,,,,,,,,,,,,,,28.265975952148438,31.027154448930762,27.97323064778504,31.01918913294205,707366000.0,,,,,
2021-12-17,,,,,,NVDA,,,,,,,,,,,,,,,,27.682472229003906,28.798693182569515,27.64164666608465,27.86568776813946,713758000.0,,,,,
2021-12-20,,,,,,NVDA,,,,,,,,,,,,,,,,27.6008243560791,28.024011677111307,27.02927210549903,27.188589819244115,461847000.0,,,,,
2021-12-21,,,,,,NVDA,,,,,,,,,,,,,,,,28.95104217529297,28.995850397906604,27.284177433595826,28.25303061151138,524385000.0,,,,,
2021-12-22,,,,,,NVDA,,,,,,,,,,,,,,,,29.2746524810791,29.42899232103665,28.327706864600266,28.767823731054484,395184000.0,,,,,
2021-12-23,,,,,,NVDA,,,,,,,,,,,,,,,,29.513629913330078,29.930844139118374,29.305521344818228,29.628139385488993,343022000.0,,,,,
2021-12-27,,,,,,NVDA,,,,,,,,,,,,,,,,30.813072204589844,30.954467015008788,29.513635493426495,29.53355068344991,403686000.0,,,,,
2021-12-28,,,,,,NVDA,,,,,,,,,,,,,,,,30.192726135253906,31.196428065606888,29.88404641723083,31.178505155996454,420591000.0,,,,,
2021-12-29,,,,,,NVDA,,,,,,,,,,,,,,,,29.873088836669922,30.417757558740163,29.240795959898424,30.143930413484238,343139000.0,,,,,
2021-12-30,,,,,,NVDA,,,,,,,,,,,,,,,,29.45985984802246,30.32714660813748,29.41405644108792,29.69983156408998,308864000.0,,,,,
2021-12-31,,,,,,NVDA,,,,,,,,,,,,,,,,29.285612106323242,29.9019745214391,29.2059532443293,29.54749135107495,266530000.0,,,,,
2022-01-03,,,,,,NVDA,,,,,,,,,,,,,,,,29.992584228515625,30.580069009930835,29.658016270092954,29.687889053615017,391547000.0,,,,,
2022-01-04,,,,,,NVDA,,,,,,,,,,,,,,,,29.165124893188477,30.33810206507223,28.228136800951273,30.147916396398475,527154000.0,,,,,
2022-01-05,,,,,,NVDA,,,,,,,,,,,,,,,,27.48631477355957,29.290589869699456,27.415618321755158,28.825579893631648,498064000.0,,,,,
2022-01-06,,,,,,NVDA,,,,,,,,,,,,,,,,28.0578670501709,28.316758809179447,26.949613182894534,27.522160621764158,454186000.0,,,,,
2022-01-07,,,,,,NVDA,,,,,,,,,,,,,,,,27.130834579467773,28.300826210955492,26.941644095796043,28.02102409273095,409939000.0,,,,,
2022-01-10,,,,,,NVDA,,,,,,,,,,,,,,,,27.283184051513672,27.351890124020873,25.53466996334042,26.467675485447426,594681000.0,,,,,
2022-01-11,,,,,,NVDA,,,,,,,,,,,,,,,,27.69840431213379,27.94534808174242,26.72457518291045,27.206510950592097,404089000.0,,,,,
2022-01-12,,,,,,NVDA,,,,,,,,,,,,,,,,27.879629135131836,28.473086907923104,27.49029538667551,27.947338113635016,383413000.0,,,,,
2022-01-13,,,,,,NVDA,,,,,,,,,,,,,,,,26.46170425415039,28.358581501754113,26.385030961290575,28.258012259555365,540171000.0,,,,,
2022-01-14,,,,,,NVDA,,,,,,,,,,,,,,,,26.827136993408203,27.081050909641085,26.09825739628388,26.187873849164077,395832000.0,,,,,
2022-01-18,,,,,,NVDA,,,,,,,,,,,,,,,,25.792564392089844,26.524431382788112,25.660132004918143,26.148042698978056,424270000.0,,,,,
2022-01-19,,,,,,NVDA,,,,,,,,,,,,,,,,24.960128784179688,26.42983583830402,24.94519334293258,25.96781525631739,488315000.0,,,,,
2022-01-20,,,,,,NVDA,,,,,,,,,,,,,,,,24.047039031982422,25.46994751510898,23.97534549383341,25.19612032401024,435181000.0,,,,,
2022-01-21,,,,,,NVDA,,,,,,,,,,,,,,,,23.27435302734375,24.717175090048293,23.16382617931283,23.406785447324438,718958000.0,,,,,
2022-01-24,,,,,,NVDA,,,,,,,,,,,,,,,,23.272357940673828,23.280323256927787,20.79894871741768,22.234800479522537,913982000.0,,,,,
2022-01-25,,,,,,NVDA,,,,,,,,,,,,,,,,22.22882652282715,22.84518895116685,21.906208409712576,22.44988020196596,664616000.0,,,,,
2022-01-26,,,,,,NVDA,,,,,,,,,,,,,,,,22.67491340637207,23.954434796117226,22.204925605698346,23.140918549293506,755959000.0,,,,,
2022-01-27,,,,,,NVDA,,,,,,,,,,,,,,,,21.850448608398438,23.892705380193526,21.58259440609181,23.46752572050447,573353000.0,,,,,
2022-01-28,,,,,,NVDA,,,,,,,,,,,,,,,,22.742626190185547,22.760549101180075,21.20520811526972,21.918155191484143,543774000.0,,,,,
2022-01-31,,,,,,NVDA,,,,,,,,,,,,,,,,24.38160514831543,24.40450780299976,22.95371892485848,23.083163840300895,564680000.0,,,,,
2022-02-01,,,,,,NVDA,,,,,,,,,,,,,,,,24.532960891723633,25.03779935981821,23.788148758594023,24.996973791149287,518925000.0,,,,,
2022-02-02,,,,,,NVDA,,,,,,,,,,,,,,,,25.13438606262207,25.706933518845947,24.448322405650178,25.6840327601272,543419000.0,,,,,
2022-02-03,,,,,,NVDA,,,,,,,,,,,,,,,,23.845897674560547,24.970083895234886,23.678614671732475,24.353723517852895,410178000.0,,,,,
2022-02-04,,,,,,NVDA,,,,,,,,,,,,,,,,24.215320587158203,24.529973363145128,23.531249213857308,23.869799837318162,354829000.0,,,,,
2022-02-07,,,,,,NVDA,,,,,,,,,,,,,,,,24.62257194519043,25.074634872099356,24.098813592190186,24.26808886721252,376868000.0,,,,,
2022-02-08,,,,,,NVDA,,,,,,,,,,,,,,,,25.000953674316406,25.12243327791411,23.877762561815906,24.255146434255927,410359000.0,,,,,
2022-02-09,,,,,,NVDA,,,,,,,,,,,,,,,,26.591150283813477,26.611065474963386,25.244914889084622,25.51276718294738,524282000.0,,,,,
2022-02-10,,,,,,NVDA,,,,,,,,,,,,,,,,25.713903427124023,26.81020934447509,25.490859383243375,25.884175827584478,513200000.0,,,,,
2022-02-11,,,,,,NVDA,,,,,,,,,,,,,,,,23.846893310546875,26.040501880764474,23.671644989793617,25.80550800141122,605472000.0,,,,,
2022-02-14,,,,,,NVDA,,,,,,,,,,,,,,,,24.16353988647461,24.768947532154037,23.653721722186578,23.831959421608797,440424000.0,,,,,
2022-02-15,,,,,,NVDA,,,,,,,,,,,,,,,,26.38204002380371,26.43182609028829,24.67833439160507,24.84262993037753,699869000.0,,,,,
2022-02-16,,,,,,NVDA,,,,,,,,,,,,,,,,26.397974014282227,26.468672364813905,25.44306293139375,26.147049472381745,732676000.0,,,,,
2022-02-17,,,,,,NVDA,,,,,,,,,,,,,,,,24.402515411376953,25.675066590866578,24.06197445592718,25.52072674309447,810595000.0,,,,,
2022-02-18,,,,,,NVDA,,,,,,,,,,,,,,,,23.54120445251465,24.87947428103264,23.00151540777712,24.562829258106373,761255000.0,,,,,
2022-02-22,,,,,,NVDA,,,,,,,,,,,,,,,,23.29027557373047,23.96140174606812,22.901938955709063,22.936789580443467,633422000.0,,,,,
2022-02-23,,,,,,NVDA,,,,,,,,,,,,,,,,22.291555404663086,24.052019342712313,22.205923511795177,23.700523668904758,566511000.0,,,,,
2022-02-24,,,,,,NVDA,,,,,,,,,,,,,,,,23.646753311157227,23.698531662871755,20.800938144655944,20.9254052267072,735801000.0,,,,,
2022-02-25,,,,,,NVDA,,,,,,,,,,,,,,,,24.05400848388672,24.11375214772827,23.281317813989904,23.619868407786754,528866000.0,,,,,
2022-02-28,,,,,,NVDA,,,,,,,,,,,,,,,,24.281038284301758,24.559845228253224,23.605929341272788,23.88971413278726,477319000.0,,,,,
2022-03-01,,,,,,NVDA,,,,,,,,,,,,,,,,23.376911163330078,24.273075765282154,23.033382665393212,24.18744196343962,412056000.0,,,,,
2022-03-02,,,,,,NVDA,,,,,,,,,,,,,,,,24.120853424072266,24.309080821194527,23.319150331128935,23.658754033910338,389642000.0,,,,,
2022-03-03,,,,,,NVDA,,,,,,,,,,,,,,,,23.61692237854004,24.226416539633046,23.372924502534758,24.162677458354135,365095000.0,,,,,
2022-03-04,,,,,,NVDA,,,,,,,,,,,,,,,,22.84211540222168,23.583069422027354,22.389973318820534,23.2882815291373,431415000.0,,,,,
2022-03-07,,,,,,NVDA,,,,,,,,,,,,,,,,21.264591217041016,22.938711412053266,21.24268191605436,22.723594140609173,450821000.0,,,,,
2022-03-08,,,,,,NVDA,,,,,,,,,,,,,,,,21.425926208496094,22.281408900955046,20.56546292122889,21.22176551078603,557467000.0,,,,,
2022-03-09,,,,,,NVDA,,,,,,,,,,,,,,,,22.919784545898438,23.12494059396146,22.15592431561285,22.295350571622645,492742000.0,,,,,
2022-03-10,,,,,,NVDA,,,,,,,,,,,,,,,,22.565248489379883,22.6947154875098,21.792424138907304,22.438767569291258,428066000.0,,,,,
2022-03-11,,,,,,NVDA,,,,,,,,,,,,,,,,22.009531021118164,23.05025324732895,21.95575122647575,22.927755670439296,367209000.0,,,,,
2022-03-14,,,,,,NVDA,,,,,,,,,,,,,,,,21.242685317993164,22.17086937481578,21.07238577959174,21.77947847445638,385354000.0,,,,,
2022-03-15,,,,,,NVDA,,,,,,,,,,,,,,,,22.87895393371582,22.943688372057732,21.234713636338597,21.429910411009644,491996000.0,,,,,
2022-03-16,,,,,,NVDA,,,,,,,,,,,,,,,,24.395723342895508,24.496309721640184,23.077143868450847,23.403800284654025,671422000.0,,,,,
2022-03-17,,,,,,NVDA,,,,,,,,,,,,,,,,24.664613723754883,24.74030090825493,23.80813378286248,24.02125840895199,471941000.0,,,,,
2022-03-18,,,,,,NVDA,,,,,,,,,,,,,,,,26.344711303710938,26.460237571454236,24.523199913712308,24.697482775125827,730719000.0,,,,,
2022-03-21,,,,,,NVDA,,,,,,,,,,,,,,,,26.624563217163086,27.040853297881945,25.86070274585129,26.398493159365138,591727000.0,,,,,
2022-03-22,,,,,,NVDA,,,,,,,,,,,,,,,,26.415416717529297,27.126494456861913,25.965267440901066,26.6175847985813,547007000.0,,,,,
2022-03-23,,,,,,NVDA,,,,,,,,,,,,,,,,25.52906036376953,26.503055368285953,25.470301882639813,26.019044893201844,502120000.0,,,,,
2022-03-24,,,,,,NVDA,,,,,,,,,,,,,,,,28.034759521484375,28.204063653708854,25.800941854899072,26.058882339128612,877379000.0,,,,,
2022-03-25,,,,,,NVDA,,,,,,,,,,,,,,,,27.57863998413086,28.24191402369098,27.159363852947997,27.771846072498157,579016000.0,,,,,
2022-03-28,,,,,,NVDA,,,,,,,,,,,,,,,,28.103473663330078,28.134346888718213,27.09462031339218,27.642369799622262,425494000.0,,,,,
2022-03-29,,,,,,NVDA,,,,,,,,,,,,,,,,28.53868865966797,28.827500474518697,27.86545546506131,28.5775285613948,488984000.0,,,,,
2022-03-30,,,,,,NVDA,,,,,,,,,,,,,,,,27.576644897460938,28.379345100642087,27.390410153130244,28.188131660804462,463487000.0,,,,,
2022-03-31,,,,,,NVDA,,,,,,,,,,,,,,,,27.174301147460938,28.13236299140276,27.158367800089522,27.668271007248077,523440000.0,,,,,
2022-04-01,,,,,,NVDA,,,,,,,,,,,,,,,,26.60264778137207,27.38343868051935,26.1594698017538,27.26293373491524,517235000.0,,,,,
2022-04-04,,,,,,NVDA,,,,,,,,,,,,,,,,27.247995376586914,27.44518476682431,26.50405367248858,26.618582662321668,397120000.0,,,,,
2022-04-05,,,,,,NVDA,,,,,,,,,,,,,,,,25.824846267700195,27.207164711525582,25.714300606563835,27.142430269538746,436615000.0,,,,,
2022-04-06,,,,,,NVDA,,,,,,,,,,,,,,,,24.307085037231445,25.19642902764495,23.90473955432291,24.83192809110766,703833000.0,,,,,
2022-04-07,,,,,,NVDA,,,,,,,,,,,,,,,,24.108901977539062,24.620797799219233,23.381890771561523,24.340947967952697,557992000.0,,,,,
2022-04-08,,,,,,NVDA,,,,,,,,,,,,,,,,23.024356842041016,23.825066344638063,22.967590974113833,23.819090390264524,524781000.0,,,,,
2022-04-11,,,,,,NVDA,,,,,,,,,,,,,,,,21.8272762298584,22.228626311058377,21.57132836419141,22.12306125571871,575207000.0,,,,,
2022-04-12,,,,,,NVDA,,,,,,,,,,,,,,,,21.41596794128418,22.63197015423266,21.194876629839,22.44474005075557,662258000.0,,,,,
2022-04-13,,,,,,NVDA,,,,,,,,,,,,,,,,22.112106323242188,22.40789137072251,21.367169228856223,21.639052358381548,516943000.0,,,,,
2022-04-14,,,,,,NVDA,,,,,,,,,,,,,,,,21.170974731445312,22.683757345759695,21.07636432042871,22.41286958131203,569097000.0,,,,,
2022-04-18,,,,,,NVDA,,,,,,,,,,,,,,,,21.69382667541504,21.9975764845038,20.992708207900467,21.113213152266766,525701000.0,,,,,
2022-04-19,,,,,,NVDA,,,,,,,,,,,,,,,,22.107128143310547,22.281410987109858,21.226746193463015,21.631084290617952,512781000.0,,,,,
2022-04-20,,,,,,NVDA,,,,,,,,,,,,,,,,21.394058227539062,22.57719456880331,21.11321307776146,22.42482103543778,468974000.0,,,,,
2022-04-21,,,,,,NVDA,,,,,,,,,,,,,,,,20.100379943847656,22.300336872596574,19.918128505755924,21.620132221860942,656209000.0,,,,,
2022-04-22,,,,,,NVDA,,,,,,,,,,,,,,,,19.435108184814453,20.402133738806455,19.42017020020564,20.219882348509838,624713000.0,,,,,
2022-04-25,,,,,,NVDA,,,,,,,,,,,,,,,,19.820526123046875,19.863349361314793,19.017825948530263,19.12339100546342,641566000.0,,,,,
2022-04-26,,,,,,NVDA,,,,,,,,,,,,,,,,18.711090087890625,19.706996516542763,18.593573098917023,19.637283370463635,653143000.0,,,,,
2022-04-27,,,,,,NVDA,,,,,,,,,,,,,,,,18.33962059020996,19.088541244549987,18.215132267657488,18.521870157149877,499460000.0,,,,,
2022-04-28,,,,,,NVDA,,,,,,,,,,,,,,,,19.701013565063477,19.954970677927243,18.414303098537996,18.889349582079028,570327000.0,,,,,
2022-04-29,,,,,,NVDA,,,,,,,,,,,,,,,,18.4710750579834,20.045602297833724,18.441197185099483,19.32257448999954,500435000.0,,,,,
2022-05-02,,,,,,NVDA,,,,,,,,,,,,,,,,19.453039169311523,19.493869793767686,18.315713949725147,18.46509951842047,572049000.0,,,,,
2022-05-03,,,,,,NVDA,,,,,,,,,,,,,,,,19.521753311157227,19.743841875684236,19.0546734235437,19.320580585935083,475751000.0,,,,,
2022-05-04,,,,,,NVDA,,,,,,,,,,,,,,,,20.250757217407227,20.316487014368857,18.67423744950525,19.84144044981811,648855000.0,,,,,
2022-05-05,,,,,,NVDA,,,,,,,,,,,,,,,,18.766855239868164,19.843429158431288,18.424263663115507,19.785667939358376,626331000.0,,,,,
2022-05-06,,,,,,NVDA,,,,,,,,,,,,,,,,18.598548889160156,19.432122333318322,17.916353624000763,18.65929999241693,633297000.0,,,,,
2022-05-09,,,,,,NVDA,,,,,,,,,,,,,,,,16.880611419677734,18.180267458938104,16.75811385880719,17.960173412210224,644455000.0,,,,,
2022-05-10,,,,,,NVDA,,,,,,,,,,,,,,,,17.52297019958496,18.12350232079174,16.955303927577983,17.61658525253339,761474000.0,,,,,
2022-05-11,,,,,,NVDA,,,,,,,,,,,,,,,,16.561922073364258,17.680326019393185,16.500177504520302,17.27598789699067,670167000.0,,,,,
2022-05-12,,,,,,NVDA,,,,,,,,,,,,,,,,16.108783721923828,16.719275153017346,15.503273835867764,16.152604222388675,708728000.0,,,,,
2022-05-13,,,,,,NVDA,,,,,,,,,,,,,,,,17.633516311645508,17.854607631651785,16.525073633919344,16.71927505834853,670437000.0,,,,,
2022-05-16,,,,,,NVDA,,,,,,,,,,,,,,,,17.193326950073242,17.71518203809066,17.035974706114335,17.437324838562272,521446000.0,,,,,
2022-05-17,,,,,,NVDA,,,,,,,,,,,,,,,,18.10259246826172,18.29579857210596,17.561815969016706,18.00001346067366,585830000.0,,,,,
2022-05-18,,,,,,NVDA,,,,,,,,,,,,,,,,16.868663787841797,18.04383374535337,16.794967300527965,17.632524260224322,545161000.0,,,,,
2022-05-19,,,,,,NVDA,,,,,,,,,,,,,,,,17.05390167236328,17.614596699783718,16.665496886231242,16.86766690277533,621310000.0,,,,,
2022-05-20,,,,,,NVDA,,,,,,,,,,,,,,,,16.625659942626953,17.33872845520384,15.69050380184821,17.26104864553038,739105000.0,,,,,
2022-05-23,,,,,,NVDA,,,,,,,,,,,,,,,,16.828821182250977,16.845751782688478,16.112764867573357,16.207375258686408,639889000.0,,,,,
2022-05-24,,,,,,NVDA,,,,,,,,,,,,,,,,16.08786964416504,16.529056923699873,15.715401091996485,16.44241318228326,588550000.0,,,,,
2022-05-25,,,,,,NVDA,,,,,,,,,,,,,,,,16.90550994873047,17.040952887419728,15.934500919066734,15.954419501105296,781132000.0,,,,,
2022-05-26,,,,,,NVDA,,,,,,,,,,,,,,,,17.777921676635742,18.017934299435986,15.95640873833212,15.970351364556697,996575000.0,,,,,
2022-05-27,,,,,,NVDA,,,,,,,,,,,,,,,,18.73399543762207,18.80370857918977,18.02590557198039,18.111553959995266,738379000.0,,,,,
2022-05-31,,,,,,NVDA,,,,,,,,,,,,,,,,18.595561981201172,19.121400348314285,18.27487967412374,18.902299762323565,664100000.0,,,,,
2022-06-01,,,,,,NVDA,,,,,,,,,,,,,,,,18.24500274658203,18.97500185230617,18.047813348721185,18.6473501146243,544514000.0,,,,,
2022-06-02,,,,,,NVDA,,,,,,,,,,,,,,,,19.511796951293945,19.538686849184053,18.12350434729059,18.217119410706687,648656000.0,,,,,
2022-06-03,,,,,,NVDA,,,,,,,,,,,,,,,,18.64336395263672,19.25285997901017,18.446174564570704,19.00388342136499,598779000.0,,,,,
2022-06-06,,,,,,NVDA,,,,,,,,,,,,,,,,18.70909881591797,19.257843890249216,18.48800745127705,19.060654448775498,422406000.0,,,,,
2022-06-07,,,,,,NVDA,,,,,,,,,,,,,,,,18.84852409362793,18.92222057056187,18.11354434422296,18.396382141540013,388914000.0,,,,,
2022-06-08,,,,,,NVDA,,,,,,,,,,,,,,,,18.57558822631836,19.105521994199414,18.463026152906487,18.726000947489727,363252000.0,,,,,
2022-06-09,,,,,,NVDA,,,,,,,,,,,,,,,,17.977916717529297,18.859480331996103,17.970943930182248,18.40923586335072,395574000.0,,,,,
2022-06-10,,,,,,NVDA,,,,,,,,,,,,,,,,16.9080867767334,17.628278767149297,16.803493073192044,17.531655320031188,465248000.0,,,,,
2022-06-13,,,,,,NVDA,,,,,,,,,,,,,,,,15.586240768432617,16.248658440141707,15.54539961251888,15.9378697072585,604153000.0,,,,,
2022-06-14,,,,,,NVDA,,,,,,,,,,,,,,,,15.774505615234375,16.003612016416973,15.35215136745031,15.669912860368118,469680000.0,,,,,
2022-06-15,,,,,,NVDA,,,,,,,,,,,,,,,,16.46282196044922,16.80249737716836,15.86415501064633,16.03249841468416,563936000.0,,,,,
2022-06-16,,,,,,NVDA,,,,,,,,,,,,,,,,15.540420532226562,15.880096970510953,15.34119733013796,15.798414650179138,545749000.0,,,,,
2022-06-17,,,,,,NVDA,,,,,,,,,,,,,,,,15.818334579467773,15.932887781168011,15.26847807134145,15.58723513693202,630334000.0,,,,,
2022-06-21,,,,,,NVDA,,,,,,,,,,,,,,,,16.501670837402344,16.94195389912008,16.343287871553795,16.411024604098987,483089000.0,,,,,
2022-06-22,,,,,,NVDA,,,,,,,,,,,,,,,,16.296476364135742,16.59730377393721,16.117174982143233,16.162995897557902,437135000.0,,,,,
2022-06-23,,,,,,NVDA,,,,,,,,,,,,,,,,16.1619930267334,16.520593728784007,15.791436941343258,16.45485004508153,463680000.0,,,,,
2022-06-24,,,,,,NVDA,,,,,,,,,,,,,,,,17.05949592590332,17.073441500432935,16.24666462485629,16.43592735057394,472153000.0,,,,,
2022-06-27,,,,,,NVDA,,,,,,,,,,,,,,,,16.803495407104492,17.26270573709096,16.561438970901577,17.244775982546706,427968000.0,,,,,
2022-06-28,,,,,,NVDA,,,,,,,,,,,,,,,,15.919939994812012,17.135201879170452,15.883083017438073,16.83437454206532,461149000.0,,,,,
2022-06-29,,,,,,NVDA,,,,,,,,,,,,,,,,15.481646537780762,15.758566876112974,15.111091360585093,15.752590608725741,482352000.0,,,,,
2022-06-30,,,,,,NVDA,,,,,,,,,,,,,,,,15.100133895874023,15.50654951386169,14.804287295645784,15.301349140819207,686070000.0,,,,,
2022-07-01,,,,,,NVDA,,,,,,,,,,,,,,,,14.466604232788086,15.004507273555733,14.336113363533372,14.84114455708728,577610000.0,,,,,
2022-07-05,,,,,,NVDA,,,,,,,,,,,,,,,,14.90589427947998,14.912867067960342,14.00042449691902,14.119958420855697,651397000.0,,,,,
2022-07-06,,,,,,NVDA,,,,,,,,,,,,,,,,15.071248054504395,15.259514268350555,14.73157165387112,14.951714146500859,529066000.0,,,,,
2022-07-07,,,,,,NVDA,,,,,,,,,,,,,,,,15.796420097351074,15.883082152996206,15.329241452564782,15.395981666093258,492903000.0,,,,,
2022-07-08,,,,,,NVDA,,,,,,,,,,,,,,,,15.776498794555664,15.974726402731946,15.329241976596508,15.37008313178978,467972000.0,,,,,
2022-07-11,,,,,,NVDA,,,,,,,,,,,,,,,,15.093160629272461,15.466704390913305,14.97960300654342,15.465707871427929,437321000.0,,,,,
2022-07-12,,,,,,NVDA,,,,,,,,,,,,,,,,15.02343463897705,15.371079409038126,14.819230753552452,15.20871225038852,458483000.0,,,,,
2022-07-13,,,,,,NVDA,,,,,,,,,,,,,,,,15.105113983154297,15.315295058565692,14.408828966444313,14.533343560416391,521918000.0,,,,,
2022-07-14,,,,,,NVDA,,,,,,,,,,,,,,,,15.31230640411377,15.412914028547368,14.670807164690196,15.04933164322953,456235000.0,,,,,
2022-07-15,,,,,,NVDA,,,,,,,,,,,,,,,,15.700794219970703,15.720716063425629,15.38502478396033,15.59819449374581,385935000.0,,,,,
2022-07-18,,,,,,NVDA,,,,,,,,,,,,,,,,16.03847885131836,16.83138747265714,15.939864245998463,16.238698571143832,670517000.0,,,,,
2022-07-19,,,,,,NVDA,,,,,,,,,,,,,,,,16.92601776123047,17.0435595776271,16.109202264221235,16.421982128219415,702366000.0,,,,,
2022-07-20,,,,,,NVDA,,,,,,,,,,,,,,,,17.737852096557617,17.86336417339984,16.735759920763662,16.88119289080597,760538000.0,,,,,
2022-07-21,,,,,,NVDA,,,,,,,,,,,,,,,,17.979907989501953,18.073542834559365,17.476869827222348,17.815549700814543,557049000.0,,,,,
2022-07-22,,,,,,NVDA,,,,,,,,,,,,,,,,17.25174903869629,17.897231611980214,17.07045465118201,17.823519553288822,536671000.0,,,,,
2022-07-25,,,,,,NVDA,,,,,,,,,,,,,,,,16.957895278930664,17.05750735482923,16.584351419267783,16.952913630167462,480748000.0,,,,,
2022-07-26,,,,,,NVDA,,,,,,,,,,,,,,,,16.468801498413086,16.853302299081996,16.414014765426856,16.823418108378,397865000.0,,,,,
2022-07-27,,,,,,NVDA,,,,,,,,,,,,,,,,17.72092056274414,17.86635353894504,16.84732523587989,16.965862630194085,569776000.0,,,,,
2022-07-28,,,,,,NVDA,,,,,,,,,,,,,,,,17.91416358947754,18.069557945364984,17.372277332995978,17.90519966314176,474646000.0,,,,,
2022-07-29,,,,,,NVDA,,,,,,,,,,,,,,,,18.092470169067383,18.173155009470385,17.623298471299282,17.743828897049305,435460000.0,,,,,
2022-08-01,,,,,,NVDA,,,,,,,,,,,,,,,,18.3693904876709,18.77281848869698,17.920141583548578,18.111395452950937,476469000.0,,,,,
2022-08-02,,,,,,NVDA,,,,,,,,,,,,,,,,18.454055786132812,18.86445649184929,18.02174115290596,18.05162533582695,489527000.0,,,,,
2022-08-03,,,,,,NVDA,,,,,,,,,,,,,,,,18.819639205932617,18.894348745175176,18.06657419415145,18.113392577397853,418146000.0,,,,,
2022-08-04,,,,,,NVDA,,,,,,,,,,,,,,,,19.140380859375,19.19915175470648,18.687147876727973,18.775802954410633,409652000.0,,,,,
2022-08-05,,,,,,NVDA,,,,,,,,,,,,,,,,18.915264129638672,19.154331957599457,18.593518416599398,18.736958353398986,386068000.0,,,,,
2022-08-08,,,,,,NVDA,,,,,,,,,,,,,,,,17.723907470703125,18.16817666184887,17.175048359813875,17.434038984708703,981859000.0,,,,,
2022-08-09,,,,,,NVDA,,,,,,,,,,,,,,,,17.019649505615234,17.379247676702683,16.659055765062003,17.18500523413819,668263000.0,,,,,
2022-08-10,,,,,,NVDA,,,,,,,,,,,,,,,,18.0267276763916,18.047646040112355,17.249755809744542,17.62927686575505,597422000.0,,,,,
2022-08-11,,,,,,NVDA,,,,,,,,,,,,,,,,17.872325897216797,18.634356491462075,17.80658220790549,18.06059303930121,509327000.0,,,,,
2022-08-12,,,,,,NVDA,,,,,,,,,,,,,,,,18.636350631713867,18.645316458949107,17.883285741988434,18.089482668919175,478094000.0,,,,,
2022-08-15,,,,,,NVDA,,,,,,,,,,,,,,,,18.95809555053711,19.089582944835495,18.540723865569156,18.628381495120706,457666000.0,,,,,
2022-08-16,,,,,,NVDA,,,,,,,,,,,,,,,,18.805686950683594,19.067666130006987,18.42915457848667,18.846528100303107,451240000.0,,,,,
2022-08-17,,,,,,NVDA,,,,,,,,,,,,,,,,18.26380157470703,18.615431461944837,18.074540740730857,18.45107316928741,446799000.0,,,,,
2022-08-18,,,,,,NVDA,,,,,,,,,,,,,,,,18.700098037719727,18.791739824467466,18.112389079418975,18.229930871079127,415447000.0,,,,,
2022-08-19,,,,,,NVDA,,,,,,,,,,,,,,,,17.77968978881836,18.448083694133654,17.70099608999701,18.334526059114626,441588000.0,,,,,
2022-08-22,,,,,,NVDA,,,,,,,,,,,,,,,,16.967853546142578,17.489818903609883,16.900116815044345,17.42208217251165,409593000.0,,,,,
2022-08-23,,,,,,NVDA,,,,,,,,,,,,,,,,17.11428451538086,17.397182115122416,16.904103405013966,16.92303062961487,369986000.0,,,,,
2022-08-24,,,,,,NVDA,,,,,,,,,,,,,,,,17.155120849609375,17.33840632607673,16.8293910435938,16.945935367801415,522661000.0,,,,,
2022-08-25,,,,,,NVDA,,,,,,,,,,,,,,,,17.84343910217285,17.877307466202186,16.76763310909007,16.778590073936765,770691000.0,,,,,
2022-08-26,,,,,,NVDA,,,,,,,,,,,,,,,,16.19685935974121,17.85439727044476,16.173947959014292,17.787658007376972,769127000.0,,,,,
2022-08-29,,,,,,NVDA,,,,,,,,,,,,,,,,15.739640235900879,16.27455462835807,15.705772821557588,15.957790614919103,496132000.0,,,,,
2022-08-30,,,,,,NVDA,,,,,,,,,,,,,,,,15.407934188842773,15.97671599783805,15.12304454959439,15.898023253937998,530181000.0,,,,,
2022-08-31,,,,,,NVDA,,,,,,,,,,,,,,,,15.03538703918457,15.479655236596056,14.900911041431531,15.324260876966457,573710000.0,,,,,
2022-09-01,,,,,,NVDA,,,,,,,,,,,,,,,,13.882880210876465,14.32415979672276,13.218470483091595,14.153823343963365,1178865000.0,,,,,
2022-09-02,,,,,,NVDA,,,,,,,,,,,,,,,,13.594003677368164,14.115967997813975,13.538220440474564,14.045244569734505,743157000.0,,,,,
2022-09-06,,,,,,NVDA,,,,,,,,,,,,,,,,13.412714004516602,13.725494835509304,13.299156360470214,13.677680890653752,535751000.0,,,,,
2022-09-07,,,,,,NVDA,,,,,,,,,,,,,,,,13.664806365966797,13.788362113873305,13.298126385508025,13.514347994091015,512657000.0,,,,,
2022-09-08,,,,,,NVDA,,,,,,,,,,,,,,,,13.939815521240234,13.957751553071784,13.321043803751946,13.410720161896329,624873000.0,,,,,
2022-09-09,,,,,,NVDA,,,,,,,,,,,,,,,,14.335390090942383,14.422077892391746,14.07532668659429,14.10621466793855,486612000.0,,,,,
2022-09-12,,,,,,NVDA,,,,,,,,,,,,,,,,14.452966690063477,14.494815842064591,14.14706782384788,14.317454878749421,484159000.0,,,,,
2022-09-13,,,,,,NVDA,,,,,,,,,,,,,,,,13.083895683288574,13.87205855128794,13.052010885075777,13.752489132610048,714956000.0,,,,,
2022-09-14,,,,,,NVDA,,,,,,,,,,,,,,,,13.08090877532959,13.242327368226784,12.86667985035143,13.206456253054055,588507000.0,,,,,
2022-09-15,,,,,,NVDA,,,,,,,,,,,,,,,,12.882619857788086,13.185529223484204,12.744118551602249,12.968311791958639,523625000.0,,,,,
2022-09-16,,,,,,NVDA,,,,,,,,,,,,,,,,13.150655746459961,13.164605464480621,12.571739597842733,12.6962911946005,670751000.0,,,,,
2022-09-19,,,,,,NVDA,,,,,,,,,,,,,,,,13.333996772766113,13.414706540772462,12.963331449798705,12.965324131066843,569685000.0,,,,,
2022-09-20,,,,,,NVDA,,,,,,,,,,,,,,,,13.128734588623047,13.434633475375263,13.010161983326146,13.167595196842449,524818000.0,,,,,
2022-09-21,,,,,,NVDA,,,,,,,,,,,,,,,,13.213430404663086,13.98066875064519,13.06297204241683,13.165603203916465,807679000.0,,,,,
2022-09-22,,,,,,NVDA,,,,,,,,,,,,,,,,12.515941619873047,13.10183266935545,12.38341928920965,13.023115583255532,759162000.0,,,,,
2022-09-23,,,,,,NVDA,,,,,,,,,,,,,,,,12.471102714538574,12.565762199000392,12.213031967666868,12.375447364597502,663309000.0,,,,,
2022-09-26,,,,,,NVDA,,,,,,,,,,,,,,,,12.184136390686035,12.61359104915648,12.170186671175692,12.446193464778984,547343000.0,,,,,
2022-09-27,,,,,,NVDA,,,,,,,,,,,,,,,,12.368473052978516,12.690314364148412,12.21402932430884,12.462135725855696,553854000.0,,,,,
2022-09-28,,,,,,NVDA,,,,,,,,,,,,,,,,12.690314292907715,12.777002105621296,12.309684609382174,12.365483486484552,542414000.0,,,,,
2022-09-29,,,,,,NVDA,,,,,,,,,,,,,,,,12.176164627075195,12.455159943744142,11.903147353863744,12.403346432766009,532763000.0,,,,,
2022-09-30,,,,,,NVDA,,,,,,,,,,,,,,,,12.09545612335205,12.587684528904116,12.03168556856468,12.043642606978148,565638000.0,,,,,
2022-10-03,,,,,,NVDA,,,,,,,,,,,,,,,,12.467117309570312,12.632522202880898,12.061576751367282,12.3027092319889,547478000.0,,,,,
2022-10-04,,,,,,NVDA,,,,,,,,,,,,,,,,13.119766235351562,13.172576558568696,12.832799262641858,12.832799262641858,584182000.0,,,,,
2022-10-05,,,,,,NVDA,,,,,,,,,,,,,,,,13.161617279052734,13.273215984590474,12.575727163303043,12.864686858561551,507131000.0,,,,,
2022-10-06,,,,,,NVDA,,,,,,,,,,,,,,,,13.082900047302246,13.607013197671234,13.055996476257599,13.172577350446693,644157000.0,,,,,
2022-10-07,,,,,,NVDA,,,,,,,,,,,,,,,,12.032681465148926,12.624550545260242,11.978875271525471,12.460142467451544,672478000.0,,,,,
2022-10-10,,,,,,NVDA,,,,,,,,,,,,,,,,11.628135681152344,12.080506544532378,11.36707548368734,11.993818750562575,698699000.0,,,,,
2022-10-11,,,,,,NVDA,,,,,,,,,,,,,,,,11.544439315795898,11.803505925509853,11.242525784323794,11.51952842526829,667482000.0,,,,,
2022-10-12,,,,,,NVDA,,,,,,,,,,,,,,,,11.458748817443848,11.692905516404727,11.304305077714478,11.537465911080686,492590000.0,,,,,
2022-10-13,,,,,,NVDA,,,,,,,,,,,,,,,,11.917097091674805,12.034673832144149,10.774211301684586,10.931644516028966,850103000.0,,,,,
2022-10-14,,,,,,NVDA,,,,,,,,,,,,,,,,11.186724662780762,12.067553239477103,11.163807408301581,12.013747057100579,713432000.0,,,,,
2022-10-17,,,,,,NVDA,,,,,,,,,,,,,,,,11.845353126525879,11.905138303672846,11.475684694532076,11.476680559836852,580774000.0,,,,,
2022-10-18,,,,,,NVDA,,,,,,,,,,,,,,,,11.924073219299316,12.447189613338601,11.576325138914761,12.29972073933894,659362000.0,,,,,
2022-10-19,,,,,,NVDA,,,,,,,,,,,,,,,,12.007769584655762,12.305697731615245,11.791548012253855,11.836386661619711,523131000.0,,,,,
2022-10-20,,,,,,NVDA,,,,,,,,,,,,,,,,12.15025806427002,12.72319524071747,12.061576624677791,12.069548299667495,652398000.0,,,,,
2022-10-21,,,,,,NVDA,,,,,,,,,,,,,,,,12.421280860900879,12.453166608425773,11.844358361540095,12.054600941010673,609494000.0,,,,,
2022-10-24,,,,,,NVDA,,,,,,,,,,,,,,,,12.553804397583008,12.664406275262714,12.02072372059677,12.46313123131559,517457000.0,,,,,
2022-10-25,,,,,,NVDA,,,,,,,,,,,,,,,,13.213430404663086,13.252291014913888,12.618571815177777,12.64846488467942,505482000.0,,,,,
2022-10-26,,,,,,NVDA,,,,,,,,,,,,,,,,12.849740028381348,13.339974778311161,12.662414686166759,12.82283740595862,532953000.0,,,,,
2022-10-27,,,,,,NVDA,,,,,,,,,,,,,,,,13.128734588623047,13.788360510627266,13.07492839668743,13.581106467465899,583113000.0,,,,,
2022-10-28,,,,,,NVDA,,,,,,,,,,,,,,,,13.784375190734863,13.800318541551777,13.014148282801942,13.056994256397354,521040000.0,,,,,
2022-10-31,,,,,,NVDA,,,,,,,,,,,,,,,,13.448583602905273,13.788360930226967,13.24930122851385,13.728575742782882,486341000.0,,,,,
2022-11-01,,,,,,NVDA,,,,,,,,,,,,,,,,13.49441909790039,13.875048766316969,13.470505022876246,13.761457385078938,432817000.0,,,,,
2022-11-02,,,,,,NVDA,,,,,,,,,,,,,,,,13.171579360961914,14.159024522745352,13.163608637105877,13.800316292387196,672628000.0,,,,,
2022-11-03,,,,,,NVDA,,,,,,,,,,,,,,,,13.372856140136719,13.731565367636188,12.909524971705448,12.996212781616933,500065000.0,,,,,
2022-11-04,,,,,,NVDA,,,,,,,,,,,,,,,,14.105218887329102,14.177956971752689,13.647864854214127,13.935828645472183,612576000.0,,,,,
2022-11-07,,,,,,NVDA,,,,,,,,,,,,,,,,14.249698638916016,14.360300516988321,13.90394423701555,14.176960552458848,410061000.0,,,,,
2022-11-08,,,,,,NVDA,,,,,,,,,,,,,,,,14.54962158203125,14.837584472787446,14.165005566889713,14.74790715863396,595292000.0,,,,,
2022-11-09,,,,,,NVDA,,,,,,,,,,,,,,,,13.726582527160645,14.160022506058544,13.70964331218987,14.111197542274558,454414000.0,,,,,
2022-11-10,,,,,,NVDA,,,,,,,,,,,,,,,,15.693501472473145,15.716418731024099,14.49481681539553,14.746909510215898,700819000.0,,,,,
2022-11-11,,,,,,NVDA,,,,,,,,,,,,,,,,16.2684326171875,16.33021048888852,15.426464425019901,15.750298418180774,655487000.0,,,,,
2022-11-14,,,,,,NVDA,,,,,,,,,,,,,,,,16.236547470092773,16.480669454615672,15.86488533252821,16.15982401511625,527852000.0,,,,,
2022-11-15,,,,,,NVDA,,,,,,,,,,,,,,,,16.606218338012695,16.93702626168871,16.323236669194443,16.662017219102463,545876000.0,,,,,
2022-11-16,,,,,,NVDA,,,,,,,,,,,,,,,,15.852927207946777,16.30330545087524,15.816060231495598,16.104024034799696,649547000.0,,,,,
2022-11-17,,,,,,NVDA,,,,,,,,,,,,,,,,15.62076187133789,16.207649648312586,15.47927107093897,15.658625660191303,710894000.0,,,,,
2022-11-18,,,,,,NVDA,,,,,,,,,,,,,,,,15.353724479675293,15.94459765168975,15.065760685221573,15.908725591523805,492072000.0,,,,,
2022-11-21,,,,,,NVDA,,,,,,,,,,,,,,,,15.262055397033691,15.421481294578124,15.025905097362354,15.092665143329405,404739000.0,,,,,
2022-11-22,,,,,,NVDA,,,,,,,,,,,,,,,,15.980467796325684,16.000396507453974,15.067753352120171,15.273014705576616,472866000.0,,,,,
2022-11-23,,,,,,NVDA,,,,,,,,,,,,,,,,16.45974349975586,16.46771612556409,15.99043426388969,16.040254147784076,427241000.0,,,,,
2022-11-25,,,,,,NVDA,,,,,,,,,,,,,,,,16.211637496948242,16.427858142364496,16.11398946353445,16.259465648152826,167934000.0,,,,,
2022-11-28,,,,,,NVDA,,,,,,,,,,,,,,,,15.770224571228027,16.298324023340506,15.668591183311177,15.968510119436205,303741000.0,,,,,
2022-11-29,,,,,,NVDA,,,,,,,,,,,,,,,,15.582897186279297,15.874846309698507,15.46432459928425,15.770222488567383,298384000.0,,,,,
2022-11-30,,,,,,NVDA,,,,,,,,,,,,,,,,16.86660385131836,16.87358049316019,15.545022579304094,15.644688755545094,565298000.0,,,,,
2022-12-01,,,,,,NVDA,,,,,,,,,,,,,,,,17.077898025512695,17.207463965478787,16.579564270117494,16.942351563411925,470977000.0,,,,,
2022-12-02,,,,,,NVDA,,,,,,,,,,,,,,,,16.819765090942383,16.876576265200864,16.390201516412013,16.603489123219873,371389000.0,,,,,
2022-12-05,,,,,,NVDA,,,,,,,,,,,,,,,,16.554649353027344,16.938366605030453,16.417108738331706,16.623419660375163,352255000.0,,,,,
2022-12-06,,,,,,NVDA,,,,,,,,,,,,,,,,15.933728218078613,16.51777502605684,15.766287810992363,16.474919041618143,352694000.0,,,,,
2022-12-07,,,,,,NVDA,,,,,,,,,,,,,,,,16.066286087036133,16.132066147916248,15.614794545863099,15.719445161170468,372388000.0,,,,,
2022-12-08,,,,,,NVDA,,,,,,,,,,,,,,,,17.111791610717773,17.121758517727503,15.905822476444317,16.218777273371813,515456000.0,,,,,
2022-12-09,,,,,,NVDA,,,,,,,,,,,,,,,,16.944347381591797,17.524408725344184,16.91843494852363,17.102817944678048,465338000.0,,,,,
2022-12-12,,,,,,NVDA,,,,,,,,,,,,,,,,17.4765682220459,17.47955848372448,16.741028482869503,16.9802285062354,457328000.0,,,,,
2022-12-13,,,,,,NVDA,,,,,,,,,,,,,,,,18.01177978515625,18.72738762856205,17.651982672461422,18.469249909930564,656589000.0,,,,,
2022-12-14,,,,,,NVDA,,,,,,,,,,,,,,,,17.6151065826416,18.19118159319031,17.361953248979066,17.927063332040404,496888000.0,,,,,
2022-12-15,,,,,,NVDA,,,,,,,,,,,,,,,,16.895511627197266,17.26228539533921,16.64435244524807,17.088865417042985,478542000.0,,,,,
2022-12-16,,,,,,NVDA,,,,,,,,,,,,,,,,16.515779495239258,16.98421452775994,16.355316696171542,16.80780430040909,478232000.0,,,,,
2022-12-19,,,,,,NVDA,,,,,,,,,,,,,,,,16.19983673095703,16.55365331311345,16.091200695343332,16.516777854754576,354039000.0,,,,,
2022-12-20,,,,,,NVDA,,,,,,,,,,,,,,,,16.03139877319336,16.255649382131462,15.799176351187127,16.010468843091985,403260000.0,,,,,
2022-12-21,,,,,,NVDA,,,,,,,,,,,,,,,,16.44601058959961,16.571592053600934,16.04834007241244,16.060301117075653,325025000.0,,,,,
2022-12-22,,,,,,NVDA,,,,,,,,,,,,,,,,15.287886619567871,16.084224902594713,14.832409670787916,16.040370897342594,565045000.0,,,,,
2022-12-23,,,,,,NVDA,,,,,,,,,,,,,,,,15.155329704284668,15.287885933378956,14.833406075775102,15.145362798947778,349326000.0,,,,,
2022-12-27,,,,,,NVDA,,,,,,,,,,,,,,,,14.073945045471191,15.049682826445732,14.009161111934528,15.023769443130346,464902000.0,,,,,
2022-12-28,,,,,,NVDA,,,,,,,,,,,,,,,,13.989229202270508,14.214475953122395,13.837735273982746,13.880592209011148,351066000.0,,,,,
2022-12-29,,,,,,NVDA,,,,,,,,,,,,,,,,14.554339408874512,14.634072755943127,14.179592867751314,14.354009920900088,354923000.0,,,,,
2022-12-30,,,,,,NVDA,,,,,,,,,,,,,,,,14.565302848815918,14.580252256779966,14.185571918188986,14.286235193865508,310490000.0,,,,,
2023-01-03,,,,,,NVDA,,,,,,,,,,,,,,,,14.267298698425293,14.946030156445817,14.049028593833635,14.801512873667992,401277000.0,,,,,
2023-01-04,,,,,,NVDA,,,,,,,,,,,,,,,,14.699851989746094,14.803505525216863,14.193545359327329,14.518459253168668,431324000.0,,,,,
2023-01-05,,,,,,NVDA,,,,,,,,,,,,,,,,14.2174654006958,14.515468836750369,14.100854699285643,14.442712138646769,389168000.0,,,,,
2023-01-06,,,,,,NVDA,,,,,,,,,,,,,,,,14.809487342834473,14.959984206467885,13.987236581425599,14.425770004011499,405044000.0,,,,,
2023-01-09,,,,,,NVDA,,,,,,,,,,,,,,,,15.575922966003418,16.002496236779955,15.090545335630782,15.233069416455065,504231000.0,,,,,
2023-01-10,,,,,,NVDA,,,,,,,,,,,,,,,,15.855987548828125,15.908810437445068,15.42044347056914,15.455326689560788,384101000.0,,,,,
2023-01-11,,,,,,NVDA,,,,,,,,,,,,,,,,15.947678565979004,15.974589018428674,15.511138407767845,15.787215773433328,353285000.0,,,,,
2023-01-12,,,,,,NVDA,,,,,,,,,,,,,,,,16.455978393554688,16.581557963434708,15.440374057820266,16.046348710283624,551409000.0,,,,,
2023-01-13,,,,,,NVDA,,,,,,,,,,,,,,,,16.842689514160156,16.865613588598475,16.11113608569389,16.22375851425544,447287000.0,,,,,
2023-01-17,,,,,,NVDA,,,,,,,,,,,,,,,,17.64301109313965,17.668925426357585,16.842687440869174,16.842687440869174,511102000.0,,,,,
2023-01-18,,,,,,NVDA,,,,,,,,,,,,,,,,17.3190975189209,17.813443145734695,17.224412859359354,17.608130198283973,439624000.0,,,,,
2023-01-19,,,,,,NVDA,,,,,,,,,,,,,,,,16.709135055541992,17.139696655240964,16.67524985593479,16.97923193804357,452932000.0,,,,,
2023-01-20,,,,,,NVDA,,,,,,,,,,,,,,,,17.77955436706543,17.79649791430325,16.768933461540048,16.954312559037017,564967000.0,,,,,
2023-01-23,,,,,,NVDA,,,,,,,,,,,,,,,,19.12904167175293,19.18086843158552,17.758623747963394,18.003802360832424,655163000.0,,,,,
2023-01-24,,,,,,NVDA,,,,,,,,,,,,,,,,19.200803756713867,19.430038785893963,18.757286908397305,18.76426355229002,496204000.0,,,,,
2023-01-25,,,,,,NVDA,,,,,,,,,,,,,,,,19.258609771728516,19.30545403532492,18.518085645970668,18.849976169985318,449537000.0,,,,,
2023-01-26,,,,,,NVDA,,,,,,,,,,,,,,,,19.736011505126953,20.09879882435529,19.21375752485205,19.635348246628528,489535000.0,,,,,
2023-01-27,,,,,,NVDA,,,,,,,,,,,,,,,,20.29714012145996,20.55926424729607,19.340339917531214,19.397149193004687,542142000.0,,,,,
2023-01-30,,,,,,NVDA,,,,,,,,,,,,,,,,19.098148345947266,20.07288815679004,19.086187298640233,19.883522650362398,488611000.0,,,,,
2023-01-31,,,,,,NVDA,,,,,,,,,,,,,,,,19.47189712524414,19.621396897100432,18.88685330332513,19.106119508648174,498017000.0,,,,,
2023-02-01,,,,,,NVDA,,,,,,,,,,,,,,,,20.873214721679688,21.121383652696668,19.54565246966647,19.625385818373413,660477000.0,,,,,
2023-02-02,,,,,,NVDA,,,,,,,,,,,,,,,,21.636659622192383,21.875859651889073,20.631022997012753,20.9300225588854,564276000.0,,,,,
2023-02-03,,,,,,NVDA,,,,,,,,,,,,,,,,21.02968978881836,21.672540940249053,20.71972529905481,20.93002263417135,429366000.0,,,,,
2023-02-06,,,,,,NVDA,,,,,,,,,,,,,,,,21.01872444152832,21.498120569952917,20.716732749173072,20.736666558099405,452197000.0,,,,,
2023-02-07,,,,,,NVDA,,,,,,,,,,,,,,,,22.099111557006836,22.184825413683594,21.07951986309014,21.310747101593492,664150000.0,,,,,
2023-02-08,,,,,,NVDA,,,,,,,,,,,,,,,,22.131006240844727,22.80176393868283,21.934662201742093,22.312398971746344,559651000.0,,,,,
2023-02-09,,,,,,NVDA,,,,,,,,,,,,,,,,22.262563705444336,22.94328822764602,22.046287782724328,22.530668289120996,523876000.0,,,,,
2023-02-10,,,,,,NVDA,,,,,,,,,,,,,,,,21.194137573242188,22.00442812205311,20.74165187678693,21.6177224771655,550737000.0,,,,,
2023-02-13,,,,,,NVDA,,,,,,,,,,,,,,,,21.715396881103516,21.974530722285284,20.89214911284721,21.466229945466377,474919000.0,,,,,
2023-02-14,,,,,,NVDA,,,,,,,,,,,,,,,,22.894453048706055,22.972192242637163,21.294800040276197,21.506093473695493,675474000.0,,,,,
2023-02-15,,,,,,NVDA,,,,,,,,,,,,,,,,22.68814468383789,22.778841054015846,22.032338260019806,22.473860964718224,420575000.0,,,,,
2023-02-16,,,,,,NVDA,,,,,,,,,,,,,,,,21.928688049316406,22.474860494775402,21.853937196052712,22.05925016093341,412026000.0,,,,,
2023-02-17,,,,,,NVDA,,,,,,,,,,,,,,,,21.316728591918945,21.667554896645086,20.905104738152975,21.5589188659097,465888000.0,,,,,
2023-02-21,,,,,,NVDA,,,,,,,,,,,,,,,,20.586172103881836,21.422375105842487,20.549294744904135,20.930021777294268,410015000.0,,,,,
2023-02-22,,,,,,NVDA,,,,,,,,,,,,,,,,20.68484115600586,21.03367523119019,20.352950629424083,20.637998793039895,513184000.0,,,,,
2023-02-23,,,,,,NVDA,,,,,,,,,,,,,,,,23.585142135620117,23.808396610345156,22.94827158681363,23.3618895618877,1117995000.0,,,,,
2023-02-24,,,,,,NVDA,,,,,,,,,,,,,,,,23.20840072631836,23.395775859883635,22.870531615825424,23.147605083288227,589716000.0,,,,,
2023-02-27,,,,,,NVDA,,,,,,,,,,,,,,,,23.422683715820312,23.80042043107323,23.375841359560795,23.59112115652379,452994000.0,,,,,
2023-02-28,,,,,,NVDA,,,,,,,,,,,,,,,,23.138633728027344,23.745605429194818,23.1286668242865,23.294114004597965,455963000.0,,,,,
2023-03-01,,,,,,NVDA,,,,,,,,,,,,,,,,22.622364044189453,23.1785051990992,22.43299664359423,23.114717384744207,460026000.0,,,,,
2023-03-02,,,,,,NVDA,,,,,,,,,,,,,,,,23.236309051513672,23.302089102000206,22.35724820401247,22.413063250752206,389415000.0,,,,,
2023-03-03,,,,,,NVDA,,,,,,,,,,,,,,,,23.81039047241211,23.82035737741727,23.05292280095457,23.24229019406714,412393000.0,,,,,
2023-03-06,,,,,,NVDA,,,,,,,,,,,,,,,,23.47551155090332,24.16719726800564,23.408733477576387,23.811388454961868,437429000.0,,,,,
2023-03-07,,,,,,NVDA,,,,,,,,,,,,,,,,23.214340209960938,24.04869267419401,23.167487988654617,23.525353628386604,515154000.0,,,,,
2023-03-08,,,,,,NVDA,,,,,,,,,,,,,,,,24.10451316833496,24.123454073591056,23.34990765503741,23.412708106815042,513573000.0,,,,,
2023-03-09,,,,,,NVDA,,,,,,,,,,,,,,,,23.36187171936035,24.376651390603612,23.309037961330453,24.09853264786072,501257000.0,,,,,
2023-03-10,,,,,,NVDA,,,,,,,,,,,,,,,,22.892358779907227,23.552265439254963,22.65411444951107,23.334954591781766,474866000.0,,,,,
2023-03-13,,,,,,NVDA,,,,,,,,,,,,,,,,22.893356323242188,23.22430691098968,22.22647370103853,22.68003442386319,421890000.0,,,,,
2023-03-14,,,,,,NVDA,,,,,,,,,,,,,,,,23.986886978149414,24.14239367745541,23.3857936653715,23.42168099679016,474910000.0,,,,,
2023-03-15,,,,,,NVDA,,,,,,,,,,,,,,,,24.151369094848633,24.20918430620047,23.286114490388712,23.68584522635948,524486000.0,,,,,
2023-03-16,,,,,,NVDA,,,,,,,,,,,,,,,,25.460214614868164,25.507064935559395,23.818422785484607,23.951003432054158,583253000.0,,,,,
2023-03-17,,,,,,NVDA,,,,,,,,,,,,,,,,25.64362907409668,26.31549691711218,25.586808261666317,25.899816121394398,848547000.0,,,,,
2023-03-20,,,,,,NVDA,,,,,,,,,,,,,,,,25.81808090209961,25.941689251957087,25.050515867118953,25.533982476387376,432747000.0,,,,,
2023-03-21,,,,,,NVDA,,,,,,,,,,,,,,,,26.116130828857422,26.308521152399816,25.300719308848564,26.097191824105813,547408000.0,,,,,
2023-03-22,,,,,,NVDA,,,,,,,,,,,,,,,,26.384279251098633,27.501733695308825,26.154009031774457,26.341414093559983,797295000.0,,,,,
2023-03-23,,,,,,NVDA,,,,,,,,,,,,,,,,27.104997634887695,27.412024025202122,26.60558279418749,27.02923780216144,564889000.0,,,,,
2023-03-24,,,,,,NVDA,,,,,,,,,,,,,,,,26.694297790527344,27.08107103959281,26.27163910855887,26.945501524795564,454920000.0,,,,,
2023-03-27,,,,,,NVDA,,,,,,,,,,,,,,,,26.447080612182617,26.91459699343309,26.281605317466703,26.752112468073136,361026000.0,,,,,
2023-03-28,,,,,,NVDA,,,,,,,,,,,,,,,,26.32646369934082,26.42913854404045,25.768235539667923,26.36334732054611,356104000.0,,,,,
2023-03-29,,,,,,NVDA,,,,,,,,,,,,,,,,26.898653030395508,26.99235558601917,26.51287791862298,26.740157428680025,393694000.0,,,,,
2023-03-30,,,,,,NVDA,,,,,,,,,,,,,,,,27.29638671875,27.412020935167096,27.01627538766958,27.142874491555478,364516000.0,,,,,
2023-03-31,,,,,,NVDA,,,,,,,,,,,,,,,,27.68914031982422,27.745959234891043,27.019265008815836,27.054154149877146,433933000.0,,,,,
2023-04-03,,,,,,NVDA,,,,,,,,,,,,,,,,27.876544952392578,27.911434092903463,27.249534811234103,27.42198793508251,398716000.0,,,,,
2023-04-04,,,,,,NVDA,,,,,,,,,,,,,,,,27.366165161132812,27.911435879998983,27.220627051021687,27.877543026671038,368592000.0,,,,,
2023-04-05,,,,,,NVDA,,,,,,,,,,,,,,,,26.795976638793945,26.91260524763218,26.31151378285065,26.744141067760594,515015000.0,,,,,
2023-04-06,,,,,,NVDA,,,,,,,,,,,,,,,,26.95148277282715,26.994346033960124,26.34341159102696,26.49991459021249,397654000.0,,,,,
2023-04-10,,,,,,NVDA,,,,,,,,,,,,,,,,27.491769790649414,27.53363676470612,26.584648216789198,26.738160454997114,395279000.0,,,,,
2023-04-11,,,,,,NVDA,,,,,,,,,,,,,,,,27.083065032958984,27.702101097960746,27.04019987081764,27.636309871277366,314378000.0,,,,,
2023-04-12,,,,,,NVDA,,,,,,,,,,,,,,,,26.41119384765625,27.381115701428637,26.364341632306775,27.283426113543882,446259000.0,,,,,
2023-04-13,,,,,,NVDA,,,,,,,,,,,,,,,,26.379297256469727,26.801955937603214,26.245722222126854,26.649439996093154,353615000.0,,,,,
2023-04-14,,,,,,NVDA,,,,,,,,,,,,,,,,26.67336082458496,26.797965435367647,26.137062473302613,26.420164544474495,395660000.0,,,,,
2023-04-17,,,,,,NVDA,,,,,,,,,,,,,,,,26.916593551635742,26.920580610646343,26.349393053761112,26.480975507689482,321471000.0,,,,,
2023-04-18,,,,,,NVDA,,,,,,,,,,,,,,,,27.579492568969727,28.021092206518258,27.270473592429965,27.445917519730365,604812000.0,,,,,
2023-04-19,,,,,,NVDA,,,,,,,,,,,,,,,,27.842653274536133,27.911435269103396,27.145864822992923,27.274456503625604,358660000.0,,,,,
2023-04-20,,,,,,NVDA,,,,,,,,,,,,,,,,27.01827049255371,27.94134215983428,26.914599351934957,27.583476516154896,427713000.0,,,,,
2023-04-21,,,,,,NVDA,,,,,,,,,,,,,,,,27.033222198486328,27.09702084669948,26.637478546679382,26.866750601318966,345103000.0,,,,,
2023-04-24,,,,,,NVDA,,,,,,,,,,,,,,,,26.95646858215332,27.279443208222265,26.58664173033635,26.9275609756168,339282000.0,,,,,
2023-04-25,,,,,,NVDA,,,,,,,,,,,,,,,,26.15799903869629,27.160817581589445,26.142050802636824,26.992351504330397,378527000.0,,,,,
2023-04-26,,,,,,NVDA,,,,,,,,,,,,,,,,26.87073516845703,27.24355272101591,26.620529651196374,26.91659109618502,406337000.0,,,,,
2023-04-27,,,,,,NVDA,,,,,,,,,,,,,,,,27.139881134033203,27.4080312626638,26.54078232749637,27.276448822954162,377161000.0,,,,,
2023-04-28,,,,,,NVDA,,,,,,,,,,,,,,,,27.661231994628906,27.670202402547503,26.98537507177856,27.138889210344786,292216000.0,,,,,
2023-05-01,,,,,,NVDA,,,,,,,,,,,,,,,,28.81855583190918,28.96608841417271,27.69213092438785,27.751940608520385,570329000.0,,,,,
2023-05-02,,,,,,NVDA,,,,,,,,,,,,,,,,28.120769500732422,28.744790786364405,27.994172302997715,28.58928408497182,402730000.0,,,,,
2023-05-03,,,,,,NVDA,,,,,,,,,,,,,,,,27.714061737060547,28.277275162589756,27.385105610028088,27.75194164873796,383387000.0,,,,,
2023-05-04,,,,,,NVDA,,,,,,,,,,,,,,,,27.474822998046875,27.770882582276077,27.15384096655844,27.563540293710812,321850000.0,,,,,
2023-05-05,,,,,,NVDA,,,,,,,,,,,,,,,,28.589284896850586,28.66404652957751,27.64328719583459,27.737986024481625,361494000.0,,,,,
2023-05-08,,,,,,NVDA,,,,,,,,,,,,,,,,29.05879020690918,29.12757219321254,28.260325194855845,28.43178011466119,344979000.0,,,,,
2023-05-09,,,,,,NVDA,,,,,,,,,,,,,,,,28.480627059936523,28.881355931475877,28.360011403786928,28.807590591905967,314869000.0,,,,,
2023-05-10,,,,,,NVDA,,,,,,,,,,,,,,,,28.793642044067383,29.020921558936134,28.37098329457941,28.913261440397022,369350000.0,,,,,
2023-05-11,,,,,,NVDA,,,,,,,,,,,,,,,,28.48760986328125,28.8584349085419,28.15666111611045,28.804604853160228,322149000.0,,,,,
2023-05-12,,,,,,NVDA,,,,,,,,,,,,,,,,28.250362396240234,28.688971234445617,27.957291677344866,28.438763778969957,274222000.0,,,,,
2023-05-15,,,,,,NVDA,,,,,,,,,,,,,,,,28.861419677734375,28.877369814441632,28.06295457930079,28.4178275338678,293926000.0,,,,,
2023-05-16,,,,,,NVDA,,,,,,,,,,,,,,,,29.120595932006836,29.77551927102902,28.74080245431232,28.74977286090327,449405000.0,,,,,
2023-05-17,,,,,,NVDA,,,,,,,,,,,,,,,,30.08254623413086,30.103479719693794,29.336912970483333,29.49042519794485,432535000.0,,,,,
2023-05-18,,,,,,NVDA,,,,,,,,,,,,,,,,31.577800750732422,31.727325914629347,30.22409635534029,30.313811833941568,748725000.0,,,,,
2023-05-19,,,,,,NVDA,,,,,,,,,,,,,,,,31.165109634399414,31.48011008821705,30.818210809592202,31.436248639784157,473908000.0,,,,,
2023-05-22,,,,,,NVDA,,,,,,,,,,,,,,,,31.077392578125,31.420304387689416,30.582961110509476,30.803260867315778,372000000.0,,,,,
2023-05-23,,,,,,NVDA,,,,,,,,,,,,,,,,30.590932846069336,31.189035411939713,30.534113929383956,30.901946256374558,356253000.0,,,,,
2023-05-24,,,,,,NVDA,,,,,,,,,,,,,,,,30.44140625,30.510188241482325,29.711721267992726,30.114442718121378,721419000.0,,,,,
2023-05-25,,,,,,NVDA,,,,,,,,,,,,,,,,37.859867095947266,39.3551225285011,36.51912017458201,38.40114883242656,1543911000.0,,,,,
2023-05-26,,,,,,NVDA,,,,,,,,,,,,,,,,38.82281494140625,39.04610546738504,37.431230509295986,37.77015525878446,714397000.0,,,,,
2023-05-30,,,,,,NVDA,,,,,,,,,,,,,,,,39.984130859375,41.8053518099001,39.82264450499864,40.4666011461992,923401000.0,,,,,
2023-05-31,,,,,,NVDA,,,,,,,,,,,,,,,,37.71432876586914,40.1675430373075,37.70236568816468,39.36309641035941,1002580000.0,,,,,
2023-06-01,,,,,,NVDA,,,,,,,,,,,,,,,,39.64420700073242,39.92332013723305,38.21872982052202,38.367256795979486,635873000.0,,,,,
2023-06-02,,,,,,NVDA,,,,,,,,,,,,,,,,39.202606201171875,40.37189627228211,38.934456059073696,39.970171105133474,482731000.0,,,,,
2023-06-05,,,,,,NVDA,,,,,,,,,,,,,,,,39.04710006713867,39.43985101130171,38.584567040791214,38.785927762163986,396094000.0,,,,,
2023-06-06,,,,,,NVDA,,,,,,,,,,,,,,,,38.53173828125,39.03613834073106,38.02733822176895,38.70718409484521,388729000.0,,,,,
2023-06-07,,,,,,NVDA,,,,,,,,,,,,,,,,37.36033248901367,39.378141523481524,37.241697122376735,38.79592881153469,511998000.0,,,,,
2023-06-08,,,,,,NVDA,,,,,,,,,,,,,,,,38.39215850830078,38.74507536675845,37.390236526079995,37.60856435210394,417772000.0,,,,,
2023-06-09,,,,,,NVDA,,,,,,,,,,,,,,,,38.651371002197266,39.58948978920315,38.44899302917782,38.917552324899084,427717000.0,,,,,
2023-06-12,,,,,,NVDA,,,,,,,,,,,,,,,,39.36118698120117,39.4090404400651,38.49983232769968,39.08005218877828,388701000.0,,,,,
2023-06-13,,,,,,NVDA,,,,,,,,,,,,,,,,40.8964729309082,40.97523356570902,39.61839813533891,40.06303253313572,613208000.0,,,,,
2023-06-14,,,,,,NVDA,,,,,,,,,,,,,,,,42.865440368652344,42.86842954641151,40.42791802705582,40.69908893155934,740465000.0,,,,,
2023-06-15,,,,,,NVDA,,,,,,,,,,,,,,,,42.522491455078125,43.15654702262012,42.018039182120376,42.47164881165265,568622000.0,,,,,
2023-06-16,,,,,,NVDA,,,,,,,,,,,,,,,,42.56136703491211,43.5872177031006,42.53045985415552,43.31704703395712,655709000.0,,,,,
2023-06-20,,,,,,NVDA,,,,,,,,,,,,,,,,43.673946380615234,43.85539247343839,42.54341754115194,42.86642741086615,451153000.0,,,,,
2023-06-21,,,,,,NVDA,,,,,,,,,,,,,,,,42.913291931152344,43.481551381643484,41.9512482252179,43.36789797033513,551603000.0,,,,,
2023-06-22,,,,,,NVDA,,,,,,,,,,,,,,,,42.893348693847656,43.293118838626924,42.10476872123709,42.12370778383283,417737000.0,,,,,
2023-06-23,,,,,,NVDA,,,,,,,,,,,,,,,,42.07984924316406,42.678011851996246,41.886442597723466,42.33407006327904,358140000.0,,,,,
2023-06-26,,,,,,NVDA,,,,,,,,,,,,,,,,40.50767135620117,42.633147684220695,39.97729771593512,42.33107342513513,594322000.0,,,,,
2023-06-27,,,,,,NVDA,,,,,,,,,,,,,,,,41.74787139892578,41.811674756586335,40.32424305595563,40.6741670319384,462175000.0,,,,,
2023-06-28,,,,,,NVDA,,,,,,,,,,,,,,,,40.99118423461914,41.71695722321169,40.39401812376897,40.535581905804115,582639000.0,,,,,
2023-06-29,,,,,,NVDA,,,,,,,,,,,,,,,,40.697086334228516,41.472705590731,40.475765515924735,41.43083429013432,380514000.0,,,,,
2023-06-30,,,,,,NVDA,,,,,,,,,,,,,,,,42.17255783081055,42.41980006839875,41.37401012697036,41.552463254955796,501148000.0,,,,,
2023-07-03,,,,,,NVDA,,,,,,,,,,,,,,,,42.28321838378906,42.76673493754276,42.07286548445585,42.38690024476898,198209000.0,,,,,
2023-07-05,,,,,,NVDA,,,,,,,,,,,,,,,,42.18751525878906,43.04488054432272,41.95622290579701,42.00606914984757,323618000.0,,,,,
2023-07-06,,,,,,NVDA,,,,,,,,,,,,,,,,41.97417449951172,42.04994216880029,41.21949078738844,41.71596810959315,303582000.0,,,,,
2023-07-07,,,,,,NVDA,,,,,,,,,,,,,,,,42.37295150756836,43.08177839649904,42.050941741012366,42.192505558452375,355881000.0,,,,,
2023-07-10,,,,,,NVDA,,,,,,,,,,,,,,,,42.050933837890625,42.680003559932054,41.521556604913506,42.52647545344216,353908000.0,,,,,
2023-07-11,,,,,,NVDA,,,,,,,,,,,,,,,,42.275238037109375,42.627158483980864,41.93827488426671,42.35100568748728,298244000.0,,,,,
2023-07-12,,,,,,NVDA,,,,,,,,,,,,,,,,43.76766586303711,43.80056583036438,42.64610822063504,42.90132541025079,481277000.0,,,,,
2023-07-13,,,,,,NVDA,,,,,,,,,,,,,,,,45.8363151550293,46.01376808541058,44.35585853064173,44.38177994624532,478204000.0,,,,,
2023-07-14,,,,,,NVDA,,,,,,,,,,,,,,,,45.32987594604492,47.94086182574558,44.92212700668265,46.44046575236375,772075000.0,,,,,
2023-07-17,,,,,,NVDA,,,,,,,,,,,,,,,,46.31883239746094,46.353725148743315,45.123503715655524,46.147361621458764,510488000.0,,,,,
2023-07-18,,,,,,NVDA,,,,,,,,,,,,,,,,47.348670959472656,47.749441291791726,45.594058117307526,46.55809821761458,569164000.0,,,,,
2023-07-19,,,,,,NVDA,,,,,,,,,,,,,,,,46.93295669555664,47.6716905603688,46.59898261826371,47.31877361397163,427502000.0,,,,,
2023-07-20,,,,,,NVDA,,,,,,,,,,,,,,,,45.38071823120117,46.942924858819666,44.92411943835553,46.36469771901338,537865000.0,,,,,
2023-07-21,,,,,,NVDA,,,,,,,,,,,,,,,,44.17341995239258,45.72565880367255,43.965059822678604,45.64789454996022,963769000.0,,,,,
2023-07-24,,,,,,NVDA,,,,,,,,,,,,,,,,44.475494384765625,44.970975292246095,43.90524600694248,44.594129747804274,382516000.0,,,,,
2023-07-25,,,,,,NVDA,,,,,,,,,,,,,,,,45.53922653198242,46.04168213917605,44.7855393181674,44.803485791149136,348081000.0,,,,,
2023-07-26,,,,,,NVDA,,,,,,,,,,,,,,,,45.31292724609375,45.912090061766605,44.49344377208364,45.88018648344698,364237000.0,,,,,
2023-07-27,,,,,,NVDA,,,,,,,,,,,,,,,,45.759552001953125,47.24997638304764,45.61000946610031,46.37665740516835,455976000.0,,,,,
2023-07-28,,,,,,NVDA,,,,,,,,,,,,,,,,46.60696029663086,46.8831131932043,46.23908983310529,46.5252104596195,331194000.0,,,,,
2023-07-31,,,,,,NVDA,,,,,,,,,,,,,,,,46.58601379394531,46.985787745643954,46.36369657868276,46.610938817532,251055000.0,,,,,
2023-08-01,,,,,,NVDA,,,,,,,,,,,,,,,,46.36469650268555,46.75649554152621,45.886165676964275,46.31783943234634,237858000.0,,,,,
2023-08-02,,,,,,NVDA,,,,,,,,,,,,,,,,44.133548736572266,45.699741010536016,43.254247470375134,45.69076967402106,530142000.0,,,,,
2023-08-03,,,,,,NVDA,,,,,,,,,,,,,,,,44.3787841796875,44.97993964791756,43.665971916513115,43.665971916513115,324176000.0,,,,,
2023-08-04,,,,,,NVDA,,,,,,,,,,,,,,,,44.543277740478516,45.502331974506376,44.25715721919989,44.84734473268043,362666000.0,,,,,
2023-08-07,,,,,,NVDA,,,,,,,,,,,,,,,,45.27803039550781,45.400655128648054,44.42664342016852,44.97296695444659,322154000.0,,,,,
2023-08-08,,,,,,NVDA,,,,,,,,,,,,,,,,44.52734375,45.10357437055074,43.9212023339013,44.71576464833741,353843000.0,,,,,
2023-08-09,,,,,,NVDA,,,,,,,,,,,,,,,,42.42379379272461,44.17641407263371,42.005076934408166,44.138528337331145,586449000.0,,,,,
2023-08-10,,,,,,NVDA,,,,,,,,,,,,,,,,42.258304595947266,43.44067657606507,41.70699522784932,42.03100157577808,492705000.0,,,,,
2023-08-11,,,,,,NVDA,,,,,,,,,,,,,,,,40.72998809814453,41.889431464332574,40.51464942799337,41.623246353337215,533085000.0,,,,,
2023-08-14,,,,,,NVDA,,,,,,,,,,,,,,,,43.61912155151367,43.665978621737146,40.187655955736346,40.36211972462702,690286000.0,,,,,
2023-08-15,,,,,,NVDA,,,,,,,,,,,,,,,,43.805545806884766,45.12948515568442,43.5762500445296,44.423651395520004,676512000.0,,,,,
2023-08-16,,,,,,NVDA,,,,,,,,,,,,,,,,43.35293960571289,44.53830062758481,43.27318256792619,44.38377612065419,527451000.0,,,,,
2023-08-17,,,,,,NVDA,,,,,,,,,,,,,,,,43.21137237548828,43.927173858554056,42.86941961752367,43.83545631480397,452395000.0,,,,,
2023-08-18,,,,,,NVDA,,,,,,,,,,,,,,,,43.16650390625,43.44464949085575,41.53251934270982,42.50453430031579,583768000.0,,,,,
2023-08-21,,,,,,NVDA,,,,,,,,,,,,,,,,46.82329177856445,46.92099149712555,44.086691857163586,44.35785896625514,692573000.0,,,,,
2023-08-22,,,,,,NVDA,,,,,,,,,,,,,,,,45.52825927734375,48.03955236680591,45.194285260085415,47.98770953500303,755293000.0,,,,,
2023-08-23,,,,,,NVDA,,,,,,,,,,,,,,,,46.971839904785156,47.055582524189234,45.06967688525946,45.725664540283454,779046000.0,,,,,
2023-08-24,,,,,,NVDA,,,,,,,,,,,,,,,,47.0186882019043,50.11219423827407,47.014702631702306,50.06234798957418,1156044000.0,,,,,
2023-08-25,,,,,,NVDA,,,,,,,,,,,,,,,,45.877193450927734,47.65872425455991,44.88623165435981,46.8681514444708,925341000.0,,,,,
2023-08-28,,,,,,NVDA,,,,,,,,,,,,,,,,46.69169235229492,46.836249134555814,44.750651224061855,46.33977183033874,685192000.0,,,,,
2023-08-29,,,,,,NVDA,,,,,,,,,,,,,,,,48.63473129272461,48.93082341552477,46.249051833640735,46.52321191086775,701397000.0,,,,,
2023-08-30,,,,,,NVDA,,,,,,,,,,,,,,,,49.11326599121094,49.77423560314373,48.276832394862886,48.89393791220456,735206000.0,,,,,
2023-08-31,,,,,,NVDA,,,,,,,,,,,,,,,,49.20398712158203,49.59179683011506,48.80820246885937,49.22891214982183,528570000.0,,,,,
2023-09-01,,,,,,NVDA,,,,,,,,,,,,,,,,48.360572814941406,49.64762302557311,47.9946951700236,49.60974109160753,463830000.0,,,,,
2023-09-05,,,,,,NVDA,,,,,,,,,,,,,,,,48.39944839477539,48.7015226451209,47.7135538785842,48.075442101099355,382653000.0,,,,,
2023-09-06,,,,,,NVDA,,,,,,,,,,,,,,,,46.92086410522461,48.404432152677344,46.441297415473116,48.29675585100986,468670000.0,,,,,
2023-09-07,,,,,,NVDA,,,,,,,,,,,,,,,,46.103309631347656,46.206003567946354,45.01755163903208,45.38944205496558,433330000.0,,,,,
2023-09-08,,,,,,NVDA,,,,,,,,,,,,,,,,45.43629837036133,46.46721981309031,45.13619596961709,45.805199355822154,473069000.0,,,,,
2023-09-11,,,,,,NVDA,,,,,,,,,,,,,,,,45.04347229003906,46.02553600450633,44.180049901886676,46.01058127939669,473966000.0,,,,,
2023-09-12,,,,,,NVDA,,,,,,,,,,,,,,,,44.736392974853516,45.53700334292315,44.398401689358636,44.604786051563885,349256000.0,,,,,
2023-09-13,,,,,,NVDA,,,,,,,,,,,,,,,,45.34955596923828,45.79323054977972,44.37047790444444,44.46718918081737,398355000.0,,,,,
2023-09-14,,,,,,NVDA,,,,,,,,,,,,,,,,45.445274353027344,45.85006363868303,44.996613561123056,45.8131750613874,370097000.0,,,,,
2023-09-15,,,,,,NVDA,,,,,,,,,,,,,,,,43.7692756652832,45.46321387121769,43.67754676368698,45.20598272428771,506831000.0,,,,,
2023-09-18,,,,,,NVDA,,,,,,,,,,,,,,,,43.83507537841797,44.110254465014556,41.87493023032647,42.620703892646866,500271000.0,,,,,
2023-09-19,,,,,,NVDA,,,,,,,,,,,,,,,,43.390403747558594,43.83507476757458,42.873944730153006,43.70247140180037,373064000.0,,,,,
2023-09-20,,,,,,NVDA,,,,,,,,,,,,,,,,42.11322021484375,43.772266659114486,42.097269015445136,43.470167525058194,367108000.0,,,,,
2023-09-21,,,,,,NVDA,,,,,,,,,,,,,,,,40.89486312866211,41.97463849257789,40.85797455001659,41.45917965283468,450736000.0,,,,,
2023-09-22,,,,,,NVDA,,,,,,,,,,,,,,,,41.48609924316406,41.98959657847822,41.10822617218465,41.448210386933276,479236000.0,,,,,
2023-09-25,,,,,,NVDA,,,,,,,,,,,,,,,,42.096282958984375,42.40934719385333,41.05439249740193,41.46716126153223,419091000.0,,,,,
2023-09-26,,,,,,NVDA,,,,,,,,,,,,,,,,41.78619384765625,42.6924873606105,41.53095566477393,41.87592599161224,402282000.0,,,,,
2023-09-27,,,,,,NVDA,,,,,,,,,,,,,,,,42.3415412902832,42.744341431006085,41.50504268914909,42.20395553022343,444935000.0,,,,,
2023-09-28,,,,,,NVDA,,,,,,,,,,,,,,,,42.960693359375,43.31662875856255,41.98959464052307,42.33356473794384,424663000.0,,,,,
2023-09-29,,,,,,NVDA,,,,,,,,,,,,,,,,43.369476318359375,44.01255619893268,43.178046685877014,43.696498771068015,397830000.0,,,,,
2023-10-02,,,,,,NVDA,,,,,,,,,,,,,,,,44.64865493774414,45.04048245716081,43.73039595276652,43.898891446595,433298000.0,,,,,
2023-10-03,,,,,,NVDA,,,,,,,,,,,,,,,,43.387413024902344,44.995612589410996,43.117220102153354,44.67456903988094,470850000.0,,,,,
2023-10-04,,,,,,NVDA,,,,,,,,,,,,,,,,43.90986251831055,44.0115599865903,43.16309221624776,43.611753042966086,361821000.0,,,,,
2023-10-05,,,,,,NVDA,,,,,,,,,,,,,,,,44.554931640625,44.7663021604217,43.75731457253386,43.918830935362585,393483000.0,,,,,
2023-10-06,,,,,,NVDA,,,,,,,,,,,,,,,,45.625732421875,45.65265244811673,43.894901766019856,44.06140429622766,434436000.0,,,,,
2023-10-09,,,,,,NVDA,,,,,,,,,,,,,,,,45.138187408447266,45.46919952767431,44.235883483851424,44.708471059532506,409675000.0,,,,,
2023-10-10,,,,,,NVDA,,,,,,,,,,,,,,,,45.661624908447266,46.12125070086953,44.95374003044169,45.17507908955567,368582000.0,,,,,
2023-10-11,,,,,,NVDA,,,,,,,,,,,,,,,,46.666622161865234,46.71946573957931,45.91287284021887,46.05843799423147,378137000.0,,,,,
2023-10-12,,,,,,NVDA,,,,,,,,,,,,,,,,46.80521011352539,47.4672343606174,46.19204354796514,46.637711102575786,481325000.0,,,,,
2023-10-13,,,,,,NVDA,,,,,,,,,,,,,,,,45.32563018798828,46.97570471236393,45.145169391645375,46.82016719199545,474115000.0,,,,,
2023-10-16,,,,,,NVDA,,,,,,,,,,,,,,,,45.95774841308594,46.08735858574587,44.77826845784265,44.92881981280981,375099000.0,,,,,
2023-10-17,,,,,,NVDA,,,,,,,,,,,,,,,,43.80716323852539,44.62073527897283,42.353504619053396,43.86897889171314,812333000.0,,,,,
2023-10-18,,,,,,NVDA,,,,,,,,,,,,,,,,42.070350646972656,43.090307040885016,41.700456999229225,42.464174898094846,627294000.0,,,,,
2023-10-19,,,,,,NVDA,,,,,,,,,,,,,,,,41.97563552856445,43.16807328895168,41.75728589082115,42.683520414055806,501233000.0,,,,,
2023-10-20,,,,,,NVDA,,,,,,,,,,,,,,,,41.263763427734375,42.34353877331354,40.95568161669413,41.76526400722088,477266000.0,,,,,
2023-10-23,,,,,,NVDA,,,,,,,,,,,,,,,,42.8470344543457,43.119224175669935,40.82308027803106,41.10623502417962,478530000.0,,,,,
2023-10-24,,,,,,NVDA,,,,,,,,,,,,,,,,43.53298568725586,43.56688484318148,42.56388363101051,42.94873204239224,401463000.0,,,,,
2023-10-25,,,,,,NVDA,,,,,,,,,,,,,,,,41.65459442138672,43.52002535417708,41.43126239759443,43.26877302407248,398379000.0,,,,,
2023-10-26,,,,,,NVDA,,,,,,,,,,,,,,,,40.20592498779297,42.130178498809435,39.76125385517592,41.72837859858881,541001000.0,,,,,
2023-10-27,,,,,,NVDA,,,,,,,,,,,,,,,,40.37940216064453,41.08330116511961,39.895845748458264,41.00752725918924,416784000.0,,,,,
2023-10-30,,,,,,NVDA,,,,,,,,,,,,,,,,41.03843307495117,41.64163109365404,40.3604576251133,40.96465592174652,388028000.0,,,,,
2023-10-31,,,,,,NVDA,,,,,,,,,,,,,,,,40.6585693359375,40.75727737613491,39.11318548755272,40.329553945294535,517969000.0,,,,,
2023-11-01,,,,,,NVDA,,,,,,,,,,,,,,,,42.198970794677734,42.25480380163395,40.74730500713954,40.7622597335259,437593000.0,,,,,
2023-11-02,,,,,,NVDA,,,,,,,,,,,,,,,,43.37644577026367,43.75331849640394,42.766268706986494,43.19897442959199,409172000.0,,,,,
2023-11-03,,,,,,NVDA,,,,,,,,,,,,,,,,44.87098693847656,45.174078747791896,43.59280293696078,43.888919424366684,424610000.0,,,,,
2023-11-06,,,,,,NVDA,,,,,,,,,,,,,,,,45.61476516723633,45.798219181155844,44.765301009531704,45.15015318659169,400733000.0,,,,,
2023-11-07,,,,,,NVDA,,,,,,,,,,,,,,,,45.81816482543945,46.08037839216094,45.02353711440928,45.582867485335434,343165000.0,,,,,
2023-11-08,,,,,,NVDA,,,,,,,,,,,,,,,,46.43531799316406,46.72744479735544,45.83111967900613,45.96272659241924,346719000.0,,,,,
2023-11-09,,,,,,NVDA,,,,,,,,,,,,,,,,46.81019592285156,48.08638320008785,46.610790709948866,47.32565472798377,540496000.0,,,,,
2023-11-10,,,,,,NVDA,,,,,,,,,,,,,,,,48.191070556640625,48.32766364227746,47.14220498356334,47.35855787314543,421245000.0,,,,,
2023-11-13,,,,,,NVDA,,,,,,,,,,,,,,,,48.4752197265625,48.96974494304787,47.9557712363459,48.176113818422,384136000.0,,,,,
2023-11-14,,,,,,NVDA,,,,,,,,,,,,,,,,49.50813293457031,49.68560428700353,48.89396993275051,49.53206353654858,416954000.0,,,,,
2023-11-15,,,,,,NVDA,,,,,,,,,,,,,,,,48.742427825927734,49.81123435682442,48.05647674137133,49.78631108074614,475497000.0,,,,,
2023-11-16,,,,,,NVDA,,,,,,,,,,,,,,,,49.33266830444336,49.377536290551284,48.18609481694431,48.53405466377334,339756000.0,,,,,
2023-11-17,,,,,,NVDA,,,,,,,,,,,,,,,,49.151214599609375,49.5689657411974,48.86108069253804,49.376539611283306,325205000.0,,,,,
2023-11-20,,,,,,NVDA,,,,,,,,,,,,,,,,50.25889587402344,50.39748190834169,49.0345518906684,49.16516232495467,414120000.0,,,,,
2023-11-21,,,,,,NVDA,,,,,,,,,,,,,,,,49.79528045654297,50.3665722694878,49.075430256470796,49.976737718443786,565747000.0,,,,,
2023-11-22,,,,,,NVDA,,,,,,,,,,,,,,,,48.57093811035156,50.18511670142029,47.547992253967436,49.703557028583894,899420000.0,,,,,
2023-11-24,,,,,,NVDA,,,,,,,,,,,,,,,,47.63373565673828,48.77532658141017,47.60282592861512,48.325669336815935,294645000.0,,,,,
2023-11-27,,,,,,NVDA,,,,,,,,,,,,,,,,48.09834289550781,48.38548347808236,47.51009967784497,47.65765776865844,395662000.0,,,,,
2023-11-28,,,,,,NVDA,,,,,,,,,,,,,,,,47.67860794067383,48.179115899772775,47.33164456706531,48.092373154701306,401491000.0,,,,,
2023-11-29,,,,,,NVDA,,,,,,,,,,,,,,,,47.99665832519531,48.61680790876067,47.71749326678707,48.234948902912635,382005000.0,,,,,
2023-11-30,,,,,,NVDA,,,,,,,,,,,,,,,,46.6307373046875,47.96674744990859,46.283773941411816,47.88100118212253,526247000.0,,,,,
2023-12-01,,,,,,NVDA,,,,,,,,,,,,,,,,46.62574768066406,47.05945375436282,46.04946966832762,46.38646445632827,369317000.0,,,,,
2023-12-04,,,,,,NVDA,,,,,,,,,,,,,,,,45.374481201171875,45.93979415914972,44.87597007312704,45.93979415914972,437543000.0,,,,,
2023-12-05,,,,,,NVDA,,,,,,,,,,,,,,,,46.43142318725586,46.46532151700449,45.140163841646064,45.33459997495961,371718000.0,,,,,
2023-12-06,,,,,,NVDA,,,,,,,,,,,,,,,,45.371490478515625,47.25004822206123,45.2807538725136,47.07854443551646,380590000.0,,,,,
2023-12-07,,,,,,NVDA,,,,,,,,,,,,,,,,46.461341857910156,46.49424743379082,45.4722080825041,45.56793131942615,350823000.0,,,,,
2023-12-08,,,,,,NVDA,,,,,,,,,,,,,,,,47.36870574951172,47.60302719608969,46.41546736033398,46.46033928594401,359224000.0,,,,,
2023-12-11,,,,,,NVDA,,,,,,,,,,,,,,,,46.49224853515625,47.39363533790565,45.697554757992016,47.35375382727248,509728000.0,,,,,
2023-12-12,,,,,,NVDA,,,,,,,,,,,,,,,,47.51927185058594,47.52824471452688,45.912927610504205,45.912927610504205,372387000.0,,,,,
2023-12-13,,,,,,NVDA,,,,,,,,,,,,,,,,47.94902801513672,48.45356620387965,47.47041566072205,47.49135487990882,447792000.0,,,,,
2023-12-14,,,,,,NVDA,,,,,,,,,,,,,,,,48.210262298583984,48.52933716331639,47.28494671232897,48.25014760759364,391232000.0,,,,,
2023-12-15,,,,,,NVDA,,,,,,,,,,,,,,,,48.74870681762695,49.261221291787095,47.980931668648175,48.05471911639448,479948000.0,,,,,
2023-12-18,,,,,,NVDA,,,,,,,,,,,,,,,,49.932273864746094,50.28724399732617,49.0079548114807,49.25723229515319,412587000.0,,,,,
2023-12-19,,,,,,NVDA,,,,,,,,,,,,,,,,49.46064376831055,49.55636699628033,48.75369315436852,49.281163666785375,464444000.0,,,,,
2023-12-20,,,,,,NVDA,,,,,,,,,,,,,,,,47.971954345703125,49.85449831929735,47.95899143016388,49.511490749608875,397894000.0,,,,,
2023-12-21,,,,,,NVDA,,,,,,,,,,,,,,,,48.84841537475586,48.95311145717248,48.279062673701084,48.669931851728876,300425000.0,,,,,
2023-12-22,,,,,,NVDA,,,,,,,,,,,,,,,,48.68887710571289,49.24027646361489,48.32692345139222,49.05282008065704,252507000.0,,,,,
2023-12-26,,,,,,NVDA,,,,,,,,,,,,,,,,49.13658142089844,49.45665286845571,48.81850309781851,48.82647939940057,244200000.0,,,,,
2023-12-27,,,,,,NVDA,,,,,,,,,,,,,,,,49.27418518066406,49.536425600159234,48.94314392704513,49.36791528650649,233648000.0,,,,,
2023-12-28,,,,,,NVDA,,,,,,,,,,,,,,,,49.37887954711914,49.73983287122963,49.26919684127221,49.49953204501984,246587000.0,,,,,
2023-12-29,,,,,,NVDA,,,,,,,,,,,,,,,,49.37887954711914,49.85250906748791,48.61010784761711,49.66903891502132,389293000.0,,,,,
2024-01-02,,,,,,NVDA,,,,,,,,,,,,,,,,48.02878952026367,49.15253129584884,47.457447488056715,49.10167999879026,411254000.0,,,,,
2024-01-03,,,,,,NVDA,,,,,,,,,,,,,,,,47.4315299987793,48.044750572574365,47.18324903924687,47.34777311657652,320896000.0,,,,,
2024-01-04,,,,,,NVDA,,,,,,,,,,,,,,,,47.859283447265625,48.35983153595327,47.3706979086473,47.62894825426151,306535000.0,,,,,
2024-01-05,,,,,,NVDA,,,,,,,,,,,,,,,,48.955101013183594,49.40380119345811,48.16638677946172,48.321937950337194,415039000.0,,,,,
2024-01-08,,,,,,NVDA,,,,,,,,,,,,,,,,52.10198974609375,52.12392933182719,49.3360082047019,49.368913779629096,642510000.0,,,,,
2024-01-09,,,,,,NVDA,,,,,,,,,,,,,,,,52.986419677734375,54.16799628302355,51.54060955653382,52.249557041176296,773100000.0,,,,,
2024-01-10,,,,,,NVDA,,,,,,,,,,,,,,,,54.19293212890625,54.44220965259703,53.334420276456434,53.46105596670663,533796000.0,,,,,
2024-01-11,,,,,,NVDA,,,,,,,,,,,,,,,,54.6635627746582,55.18605048150879,53.40521272938546,54.840053191345746,596759000.0,,,,,
2024-01-12,,,,,,NVDA,,,,,,,,,,,,,,,,54.5518798828125,54.8111305781565,54.172980872190166,54.46213984268147,352994000.0,,,,,
2024-01-16,,,,,,NVDA,,,,,,,,,,,,,,,,56.21905517578125,56.670745116790805,54.74133972907017,54.8589987377964,449580000.0,,,,,
2024-01-17,,,,,,NVDA,,,,,,,,,,,,,,,,55.89101028442383,56.30780154944078,54.5818050801591,56.18415935716655,474394000.0,,,,,
2024-01-18,,,,,,NVDA,,,,,,,,,,,,,,,,56.941959381103516,57.43353464294008,55.94484937824919,57.094517089822695,491650000.0,,,,,
2024-01-19,,,,,,NVDA,,,,,,,,,,,,,,,,59.31906509399414,59.32803795704181,57.05961145486245,57.82140334356974,543501000.0,,,,,
2024-01-22,,,,,,NVDA,,,,,,,,,,,,,,,,59.481597900390625,60.15664330232137,58.89928603895681,59.87545679775879,452955000.0,,,,,
2024-01-23,,,,,,NVDA,,,,,,,,,,,,,,,,59.69996643066406,59.736858252012084,58.41568677878363,59.39784070948938,294654000.0,,,,,
2024-01-24,,,,,,NVDA,,,,,,,,,,,,,,,,61.18465805053711,62.667360005652704,59.76477374613349,60.12971710051197,560271000.0,,,,,
2024-01-25,,,,,,NVDA,,,,,,,,,,,,,,,,61.43892288208008,62.53773920716308,60.67413746929077,62.169802358134476,482777000.0,,,,,
2024-01-26,,,,,,NVDA,,,,,,,,,,,,,,,,60.8546142578125,61.60444363196895,60.39794153183259,60.78382030493906,390309000.0,,,,,
2024-01-29,,,,,,NVDA,,,,,,,,,,,,,,,,62.28446960449219,62.308398507444245,60.730973730437555,61.055031402652325,348733000.0,,,,,
2024-01-30,,,,,,NVDA,,,,,,,,,,,,,,,,62.59257888793945,63.309502714007664,62.08006442941247,62.71821799882993,410735000.0,,,,,
2024-01-31,,,,,,NVDA,,,,,,,,,,,,,,,,61.349185943603516,62.08904212424609,60.52457632784889,61.262435580323725,453795000.0,,,,,
2024-02-01,,,,,,NVDA,,,,,,,,,,,,,,,,62.8448486328125,63.0083761236307,61.47182934048774,61.92052577068121,369146000.0,,,,,
2024-02-02,,,,,,NVDA,,,,,,,,,,,,,,,,65.96879577636719,66.40751896695984,63.50592925992764,63.789108872006786,476578000.0,,,,,
2024-02-05,,,,,,NVDA,,,,,,,,,,,,,,,,69.13163757324219,69.2961616511714,67.010785504722,68.02783445051155,680078000.0,,,,,
2024-02-06,,,,,,NVDA,,,,,,,,,,,,,,,,68.02583312988281,69.55240673067756,66.10839412447636,69.42876454653677,683111000.0,,,,,
2024-02-07,,,,,,NVDA,,,,,,,,,,,,,,,,69.89639282226562,70.01704528849567,67.40461510087938,68.12153874968051,495575000.0,,,,,
2024-02-08,,,,,,NVDA,,,,,,,,,,,,,,,,69.43973541259766,70.5894031052992,69.25427593719057,69.87148269785355,414422000.0,,,,,
2024-02-09,,,,,,NVDA,,,,,,,,,,,,,,,,71.9245376586914,71.9763817179636,70.00908414671076,70.32915559936207,436637000.0,,,,,
2024-02-12,,,,,,NVDA,,,,,,,,,,,,,,,,72.03919982910156,74.39536957580593,71.0440830164451,72.39017991002451,613710000.0,,,,,
2024-02-13,,,,,,NVDA,,,,,,,,,,,,,,,,71.91954803466797,73.23772604754565,69.4188005504822,70.19654512895808,602580000.0,,,,,
2024-02-14,,,,,,NVDA,,,,,,,,,,,,,,,,73.6864242553711,74.0214517262709,71.73009661007124,72.99044348203591,504917000.0,,,,,
2024-02-15,,,,,,NVDA,,,,,,,,,,,,,,,,72.4480209350586,73.76121624211152,72.19077091766044,73.65552738205378,420122000.0,,,,,
2024-02-16,,,,,,NVDA,,,,,,,,,,,,,,,,72.40313720703125,74.18696820662582,72.29146138961607,73.88583908151942,495327000.0,,,,,
2024-02-20,,,,,,NVDA,,,,,,,,,,,,,,,,69.25128173828125,71.74804279084927,67.53824458047887,71.73906612377016,704833000.0,,,,,
2024-02-21,,,,,,NVDA,,,,,,,,,,,,,,,,67.27701568603516,68.6889240135881,66.05655384481933,67.80946909427277,673755000.0,,,,,
2024-02-22,,,,,,NVDA,,,,,,,,,,,,,,,,78.31102752685547,78.34791554573746,74.00550573707999,74.80817959484354,865100000.0,,,,,
2024-02-23,,,,,,NVDA,,,,,,,,,,,,,,,,78.58922576904297,82.15588435298636,77.34582786788651,80.556523512217,829388000.0,,,,,
2024-02-26,,,,,,NVDA,,,,,,,,,,,,,,,,78.86341857910156,80.41292820605618,78.27810947244775,79.46965549121944,503973000.0,,,,,
2024-02-27,,,,,,NVDA,,,,,,,,,,,,,,,,78.47354888916016,79.25030450092336,76.93900277777333,79.1515839793688,391705000.0,,,,,
2024-02-28,,,,,,NVDA,,,,,,,,,,,,,,,,77.43856048583984,78.70488691297152,76.9021132659983,77.39568548362723,393110000.0,,,,,
2024-02-29,,,,,,NVDA,,,,,,,,,,,,,,,,78.88336944580078,79.75883042270817,78.1235705564048,78.8654237167532,507289000.0,,,,,
2024-03-01,,,,,,NVDA,,,,,,,,,,,,,,,,82.04121398925781,82.06215701188974,79.20543135087004,79.76880094187264,479135000.0,,,,,
2024-03-04,,,,,,NVDA,,,,,,,,,,,,,,,,84.99066162109375,87.44155809825308,83.47705094561937,83.88685863778845,615616000.0,,,,,
2024-03-05,,,,,,NVDA,,,,,,,,,,,,,,,,85.7195816040039,85.85220668028344,83.17982622827054,85.02755456111447,520639000.0,,,,,
2024-03-06,,,,,,NVDA,,,,,,,,,,,,,,,,88.44779205322266,89.4688825349032,86.78254226902789,87.77172605056263,582520000.0,,,,,
2024-03-07,,,,,,NVDA,,,,,,,,,,,,,,,,92.40550231933594,92.50322323865802,89.3472217334553,89.90164055140126,608119000.0,,,,,
2024-03-08,,,,,,NVDA,,,,,,,,,,,,,,,,87.27914428710938,97.12307831319924,86.26004682578466,94.86750849310265,1142269000.0,,,,,
2024-03-11,,,,,,NVDA,,,,,,,,,,,,,,,,85.5301284790039,88.5445284611464,83.92669865835357,86.18326495849031,678364000.0,,,,,
2024-03-12,,,,,,NVDA,,,,,,,,,,,,,,,,91.65167236328125,91.69853581019218,85.90505740123257,87.79866017993605,668075000.0,,,,,
2024-03-13,,,,,,NVDA,,,,,,,,,,,,,,,,90.62958526611328,91.24383116033475,88.18355678072699,90.79611026460987,635713000.0,,,,,
2024-03-14,,,,,,NVDA,,,,,,,,,,,,,,,,87.6939468383789,90.3882676423802,86.35376650266996,89.32230691373881,602318000.0,,,,,
2024-03-15,,,,,,NVDA,,,,,,,,,,,,,,,,87.58724975585938,89.29139016582063,86.01174797498194,86.68283095505842,642086000.0,,,,,
2024-03-18,,,,,,NVDA,,,,,,,,,,,,,,,,88.2034912109375,92.14225684199752,86.8373838940454,90.13099363074502,668976000.0,,,,,
2024-03-19,,,,,,NVDA,,,,,,,,,,,,,,,,89.14383697509766,90.28657491057966,84.76831192207213,86.45350194408529,672171000.0,,,,,
2024-03-20,,,,,,NVDA,,,,,,,,,,,,,,,,90.11505889892578,90.15295286698971,87.97216679685033,89.54168915568671,479063000.0,,,,,
2024-03-21,,,,,,NVDA,,,,,,,,,,,,,,,,91.17501831054688,92.38457441104313,90.14794815065484,92.03756431354115,480372000.0,,,,,
2024-03-22,,,,,,NVDA,,,,,,,,,,,,,,,,94.02091217041016,94.50852022791372,90.57573384993215,90.88186017417289,586719000.0,,,,,
2024-03-25,,,,,,NVDA,,,,,,,,,,,,,,,,94.73188781738281,96.4908723257128,93.2441331194467,93.67390745044557,552136000.0,,,,,
2024-03-26,,,,,,NVDA,,,,,,,,,,,,,,,,92.2978286743164,96.10098773672114,92.23899830913079,95.57847549804553,513648000.0,,,,,
2024-03-27,,,,,,NVDA,,,,,,,,,,,,,,,,89.9933853149414,92.97488149050997,88.86959089521561,92.84724708590295,586067000.0,,,,,
2024-03-28,,,,,,NVDA,,,,,,,,,,,,,,,,90.0990982055664,91.04041442208826,88.93940289555813,89.74410760252643,435212000.0,,,,,
2024-04-01,,,,,,NVDA,,,,,,,,,,,,,,,,90.1060791015625,91.96278458075767,88.95037777581965,90.04226569169144,452441000.0,,,,,
2024-04-02,,,,,,NVDA,,,,,,,,,,,,,,,,89.1976547241211,89.8378275505344,87.37086312159137,88.19650409145588,433064000.0,,,,,
2024-04-03,,,,,,NVDA,,,,,,,,,,,,,,,,88.7110595703125,90.11705439114243,88.14866772814298,88.23242853900666,370067000.0,,,,,
2024-04-04,,,,,,NVDA,,,,,,,,,,,,,,,,85.6607437133789,90.3763015666953,85.63581327474101,90.1489453998678,434965000.0,,,,,
2024-04-05,,,,,,NVDA,,,,,,,,,,,,,,,,87.75775909423828,88.22941372826789,85.68167837437112,86.6190003818051,399678000.0,,,,,
2024-04-08,,,,,,NVDA,,,,,,,,,,,,,,,,86.88526153564453,88.57743512523471,86.4854007087341,88.44779987998065,283220000.0,,,,,
2024-04-09,,,,,,NVDA,,,,,,,,,,,,,,,,85.11129760742188,87.38581757145292,82.78593537872872,87.19336556349879,501700000.0,,,,,
2024-04-10,,,,,,NVDA,,,,,,,,,,,,,,,,86.79151916503906,87.15149277673736,83.47098569296867,83.68737154662665,431929000.0,,,,,
2024-04-11,,,,,,NVDA,,,,,,,,,,,,,,,,90.35836029052734,90.48101167566662,86.67885677486333,87.1714479258609,431637000.0,,,,,
2024-04-12,,,,,,NVDA,,,,,,,,,,,,,,,,87.93526458740234,89.91861544290224,87.2811315064311,89.44396327846418,426805000.0,,,,,
2024-04-15,,,,,,NVDA,,,,,,,,,,,,,,,,85.7564697265625,90.35535577476978,85.68467584656017,88.84466403718538,443077000.0,,,,,
2024-04-16,,,,,,NVDA,,,,,,,,,,,,,,,,87.16647338867188,87.86747001961128,85.81931645419519,86.1872630378248,370453000.0,,,,,
2024-04-17,,,,,,NVDA,,,,,,,,,,,,,,,,83.79606628417969,88.5225868752461,83.71130127056159,88.08881854088399,495400000.0,,,,,
2024-04-18,,,,,,NVDA,,,,,,,,,,,,,,,,84.43025207519531,85.94493790164843,82.16770633584548,84.72840551757585,447260000.0,,,,,
2024-04-19,,,,,,NVDA,,,,,,,,,,,,,,,,75.98333740234375,84.08423897081519,75.39103216599602,82.91358102333888,875198000.0,,,,,
2024-04-22,,,,,,NVDA,,,,,,,,,,,,,,,,79.29190826416016,79.8453305652036,76.18277728835372,77.88192715774476,596341000.0,,,,,
2024-04-23,,,,,,NVDA,,,,,,,,,,,,,,,,82.18865203857422,82.53366896329221,80.03579390039872,80.53935534918725,438559000.0,,,,,
2024-04-24,,,,,,NVDA,,,,,,,,,,,,,,,,79.45046997070312,83.84294477091471,78.95787118982408,83.71131629050129,512208000.0,,,,,
2024-04-25,,,,,,NVDA,,,,,,,,,,,,,,,,82.39704895019531,83.086078448213,78.0005812476897,78.64374391515038,424641000.0,,,,,
2024-04-26,,,,,,NVDA,,,,,,,,,,,,,,,,87.48555755615234,88.0798637130723,83.14991996305922,83.5796943254643,551011000.0,,,,,
2024-04-29,,,,,,NVDA,,,,,,,,,,,,,,,,87.50748443603516,87.74180926182623,85.0235621625501,87.34594249418755,388971000.0,,,,,
2024-04-30,,,,,,NVDA,,,,,,,,,,,,,,,,86.15634155273438,88.56646933597486,86.05463417701857,86.99195638809022,363709000.0,,,,,
2024-05-01,,,,,,NVDA,,,,,,,,,,,,,,,,82.80488586425781,85.75547203094351,81.02396098069623,84.83509991070004,559863000.0,,,,,
2024-05-02,,,,,,NVDA,,,,,,,,,,,,,,,,85.572998046875,85.99180203592717,82.96343457532701,84.20888384405981,377898000.0,,,,,
2024-05-03,,,,,,NVDA,,,,,,,,,,,,,,,,88.53654479980469,89.0271426544853,86.79251724081982,87.53938813243457,398341000.0,,,,,
2024-05-06,,,,,,NVDA,,,,,,,,,,,,,,,,91.8780288696289,91.95780324115003,88.80180099005936,89.13584761213842,376203000.0,,,,,
2024-05-07,,,,,,NVDA,,,,,,,,,,,,,,,,90.29652404785156,91.52003263915564,88.75791206874568,90.8389759868272,437342000.0,,,,,
2024-05-08,,,,,,NVDA,,,,,,,,,,,,,,,,90.15493774414062,90.93471200217493,89.16575387590268,89.22857828050421,325721000.0,,,,,
2024-05-09,,,,,,NVDA,,,,,,,,,,,,,,,,88.49467468261719,90.8130611604946,87.98014293885268,90.27160575755214,378013000.0,,,,,
2024-05-10,,,,,,NVDA,,,,,,,,,,,,,,,,89.62244415283203,91.14111635473476,88.97329419694542,90.04823199188911,335325000.0,,,,,
2024-05-13,,,,,,NVDA,,,,,,,,,,,,,,,,90.14198303222656,90.73927900416781,88.27729700712642,90.22075318829799,289680000.0,,,,,
2024-05-14,,,,,,NVDA,,,,,,,,,,,,,,,,91.09625244140625,91.39041184902159,88.68113417048747,89.34424430460986,296507000.0,,,,,
2024-05-15,,,,,,NVDA,,,,,,,,,,,,,,,,94.36093139648438,94.5922739920117,91.33855134424653,92.2090701983953,417735000.0,,,,,
2024-05-16,,,,,,NVDA,,,,,,,,,,,,,,,,94.09070587158203,95.54655367350442,93.8354294469824,94.64014168326462,323952000.0,,,,,
2024-05-17,,,,,,NVDA,,,,,,,,,,,,,,,,92.21604919433594,94.47062203748345,91.5449662156453,94.10068232469492,359691000.0,,,,,
2024-05-20,,,,,,NVDA,,,,,,,,,,,,,,,,94.51051330566406,94.9293173048801,93.17432694405993,93.48344309476195,318764000.0,,,,,
2024-05-21,,,,,,NVDA,,,,,,,,,,,,,,,,95.11478424072266,95.1287443727323,92.91505542877422,93.33286278018406,328946000.0,,,,,
2024-05-22,,,,,,NVDA,,,,,,,,,,,,,,,,94.6800308227539,95.74698824605449,92.98387077371804,95.18758628884531,548648000.0,,,,,
2024-05-23,,,,,,NVDA,,,,,,,,,,,,,,,,103.5038833618164,106.0177117858919,101.23135605250833,101.73791493789797,835065000.0,,,,,
2024-05-24,,,,,,NVDA,,,,,,,,,,,,,,,,106.16629028320312,106.172269937542,102.7071515406011,104.15202926452054,429494000.0,,,,,
2024-05-28,,,,,,NVDA,,,,,,,,,,,,,,,,113.57714080810547,114.61219142145016,109.57056763172464,109.93054124400538,652728000.0,,,,,
2024-05-29,,,,,,NVDA,,,,,,,,,,,,,,,,114.49852752685547,115.16363093573716,110.58568822600918,112.72858027740573,557442000.0,,,,,
2024-05-30,,,,,,NVDA,,,,,,,,,,,,,,,,110.1858139038086,115.48969056494155,109.35119576529627,114.32401567603497,484553000.0,,,,,
2024-05-31,,,,,,NVDA,,,,,,,,,,,,,,,,109.3212890625,112.39652011050696,106.63594514688756,112.20007402311614,613263000.0,,,,,
2024-06-03,,,,,,NVDA,,,,,,,,,,,,,,,,114.67301940917969,114.67301940917969,111.68453916444382,113.29794252397816,438392000.0,,,,,
2024-06-04,,,,,,NVDA,,,,,,,,,,,,,,,,116.10594177246094,116.26848033786769,113.72074443192332,115.38699866419654,403324000.0,,,,,
2024-06-05,,,,,,NVDA,,,,,,,,,,,,,,,,122.09187316894531,122.10084264977675,117.13400975669744,118.03444216742467,528402000.0,,,,,
2024-06-06,,,,,,NVDA,,,,,,,,,,,,,,,,120.65396881103516,125.22991785379394,117.98358173920542,123.69529221491227,664696000.0,,,,,
2024-06-07,,,,,,NVDA,,,,,,,,,,,,,,,,120.5442886352539,121.34600353396539,117.68643999762348,119.42946352714927,412386000.0,,,,,
2024-06-10,,,,,,NVDA,,,,,,,,,,,,,,,,121.44371032714844,122.74998311505551,116.6773027177119,120.02774969821236,313434100.0,,,,,
2024-06-11,,,,,,NVDA,,,,,,,,,,,,,,,,120.57613372802734,122.53072064853247,118.41211998717576,121.43375200225071,222551200.0,,,,,
2024-06-12,,,,,,NVDA,,,,,,,,,,,,,,,,124.85426330566406,126.52962437250758,122.23152866049337,122.72017341922755,299595000.0,,,,,
2024-06-13,,,,,,NVDA,,,,,,,,,,,,,,,,129.2521209716797,129.44159877760444,126.80888896455666,129.03272721920433,260704500.0,,,,,
2024-06-14,,,,,,NVDA,,,,,,,,,,,,,,,,131.51583862304688,132.4731792100278,127.9656714477386,129.60114223243076,309320400.0,,,,,
2024-06-17,,,,,,NVDA,,,,,,,,,,,,,,,,130.6183319091797,133.36073857025062,129.22220369566065,132.6227916073861,288504400.0,,,,,
2024-06-18,,,,,,NVDA,,,,,,,,,,,,,,,,135.2056121826172,135.95354113797538,130.3291160023479,130.7778703322321,294335100.0,,,,,
2024-06-20,,,,,,NVDA,,,,,,,,,,,,,,,,130.4188690185547,140.3713064535189,129.16235380151105,139.41396587386305,517768400.0,,,,,
2024-06-21,,,,,,NVDA,,,,,,,,,,,,,,,,126.22049713134766,130.269291272292,123.9567687165166,126.76898143871918,649445800.0,,,,,
2024-06-24,,,,,,NVDA,,,,,,,,,,,,,,,,117.78385162353516,124.1163152101961,117.71404522588668,122.89968290118539,476060900.0,,,,,
2024-06-25,,,,,,NVDA,,,,,,,,,,,,,,,,125.74180603027344,126.1506774907381,118.99050434542877,120.86531009404065,414192600.0,,,,,
2024-06-26,,,,,,NVDA,,,,,,,,,,,,,,,,126.05097961425781,127.76622387452235,122.26146931814304,125.78172089089642,362975900.0,,,,,
2024-06-27,,,,,,NVDA,,,,,,,,,,,,,,,,123.64762115478516,126.0609445300648,122.58057607711103,123.75731801767638,252571700.0,,,,,
2024-06-28,,,,,,NVDA,,,,,,,,,,,,,,,,123.19886016845703,127.35734339260638,122.41104074475835,124.23598924744037,315516700.0,,,,,
2024-07-01,,,,,,NVDA,,,,,,,,,,,,,,,,123.95677947998047,124.4952817088337,118.50188230843665,123.12906949273948,284885500.0,,,,,
2024-07-02,,,,,,NVDA,,,,,,,,,,,,,,,,122.33126831054688,123.0692304193492,120.69579746715523,120.79551981451768,218374000.0,,,,,
2024-07-03,,,,,,NVDA,,,,,,,,,,,,,,,,127.92576599121094,127.92576599121094,121.02487672675784,121.32405134915433,215749000.0,,,,,
2024-07-05,,,,,,NVDA,,,,,,,,,,,,,,,,125.48252868652344,128.49419337092286,125.33294138222224,127.02824387543221,214176700.0,,,,,
2024-07-08,,,,,,NVDA,,,,,,,,,,,,,,,,127.84596252441406,130.4088725702871,126.68916991242357,127.13792415852778,237677300.0,,,,,
2024-07-09,,,,,,NVDA,,,,,,,,,,,,,,,,131.01722717285156,133.45049207075732,128.29475452643044,129.99007251430768,285366600.0,,,,,
2024-07-10,,,,,,NVDA,,,,,,,,,,,,,,,,134.53749084472656,134.72696865235594,132.0543607420923,133.65991582693005,248978600.0,,,,,
2024-07-11,,,,,,NVDA,,,,,,,,,,,,,,,,127.0482177734375,135.7740491933907,126.69918573397183,135.37515978161727,374782700.0,,,,,
2024-07-12,,,,,,NVDA,,,,,,,,,,,,,,,,128.88311767578125,131.5557097271737,126.86869151292463,127.90581292565753,252680500.0,,,,,
2024-07-15,,,,,,NVDA,,,,,,,,,,,,,,,,128.08534240722656,131.02719355977734,126.82881950170466,130.19948360408995,208326200.0,,,,,
2024-07-16,,,,,,NVDA,,,,,,,,,,,,,,,,126.01107788085938,128.68367018979245,124.23599428065054,128.0853361228611,214769500.0,,,,,
2024-07-17,,,,,,NVDA,,,,,,,,,,,,,,,,117.6641845703125,121.51352631521466,116.39769484983655,121.01490699704938,390086200.0,,,,,
2024-07-18,,,,,,NVDA,,,,,,,,,,,,,,,,120.75563049316406,122.0620183634174,116.23814040091202,121.51353403525827,320979500.0,,,,,
2024-07-19,,,,,,NVDA,,,,,,,,,,,,,,,,117.60435485839844,121.26421889531369,117.04590364640599,120.01767057688257,217223800.0,,,,,
2024-07-22,,,,,,NVDA,,,,,,,,,,,,,,,,123.19886016845703,123.72739542032818,119.52902173833405,120.01766653236042,258068900.0,,,,,
2024-07-23,,,,,,NVDA,,,,,,,,,,,,,,,,122.25148010253906,124.34568731396223,121.76283530375956,122.44095787706307,173911000.0,,,,,
2024-07-24,,,,,,NVDA,,,,,,,,,,,,,,,,113.93450927734375,119.6187662154648,113.1267484514862,118.84092133007209,327776900.0,,,,,
2024-07-25,,,,,,NVDA,,,,,,,,,,,,,,,,111.96995544433594,116.30794209044977,106.00647252262672,112.72785895570485,460067000.0,,,,,
2024-07-26,,,,,,NVDA,,,,,,,,,,,,,,,,112.747802734375,115.87913158113766,111.27189374853045,115.8691646723326,293399100.0,,,,,
2024-07-29,,,,,,NVDA,,,,,,,,,,,,,,,,111.28184509277344,115.9588962828189,110.9926526113286,113.3760521146797,248152100.0,,,,,
2024-07-30,,,,,,NVDA,,,,,,,,,,,,,,,,103.44355773925781,111.68074265241845,102.25684143468115,111.21203931839821,486833300.0,,,,,
2024-07-31,,,,,,NVDA,,,,,,,,,,,,,,,,116.69686126708984,118.01321595584747,110.57381668062193,112.58824297616627,473174200.0,,,,,
2024-08-01,,,,,,NVDA,,,,,,,,,,,,,,,,108.90843963623047,119.82820817901357,106.5150651879268,117.20546547757625,523462300.0,,,,,
2024-08-02,,,,,,NVDA,,,,,,,,,,,,,,,,106.97377014160156,108.41977052611269,101.0900691005783,103.47346849787236,482027500.0,,,,,
2024-08-05,,,,,,NVDA,,,,,,,,,,,,,,,,100.17261505126953,103.12444802394918,90.43957172286065,91.80578374541406,552842400.0,,,,,
2024-08-06,,,,,,NVDA,,,,,,,,,,,,,,,,103.96212768554688,107.41257244920943,100.27234777984627,103.55325619325184,409012100.0,,,,,
2024-08-07,,,,,,NVDA,,,,,,,,,,,,,,,,98.63687133789062,108.49956025923653,98.41747763354093,107.51228858966286,411440400.0,,,,,
2024-08-08,,,,,,NVDA,,,,,,,,,,,,,,,,104.68013763427734,105.208672877848,97.2507054584759,101.71833775867768,391910000.0,,,,,
2024-08-09,,,,,,NVDA,,,,,,,,,,,,,,,,104.46075439453125,106.30564447792429,103.14439960768745,105.34829623370402,290844200.0,,,,,
2024-08-12,,,,,,NVDA,,,,,,,,,,,,,,,,108.71894836425781,110.76329052893722,105.96657531790058,106.02640719898284,325559900.0,,,,,
2024-08-13,,,,,,NVDA,,,,,,,,,,,,,,,,115.81929779052734,115.90905322658823,111.27189191883488,112.1295177782614,312646700.0,,,,,
2024-08-14,,,,,,NVDA,,,,,,,,,,,,,,,,117.75394439697266,118.27250515954668,113.75501518576698,118.20269875673235,339246400.0,,,,,
2024-08-15,,,,,,NVDA,,,,,,,,,,,,,,,,122.52074432373047,122.89969228155606,117.1456284695593,118.43206727440648,318086700.0,,,,,
2024-08-16,,,,,,NVDA,,,,,,,,,,,,,,,,124.23600006103516,124.65483849237091,120.84538693237715,121.60329048074249,302589900.0,,,,,
2024-08-19,,,,,,NVDA,,,,,,,,,,,,,,,,129.64102172851562,129.64102172851562,123.07918972579691,123.93681555512863,318333600.0,,,,,
2024-08-20,,,,,,NVDA,,,,,,,,,,,,,,,,126.89861297607422,129.52135538667704,125.54236785937302,128.0454312895895,300087400.0,,,,,
2024-08-21,,,,,,NVDA,,,,,,,,,,,,,,,,128.14515686035156,128.9928157355832,126.31024153473705,126.9684150377678,257883600.0,,,,,
2024-08-22,,,,,,NVDA,,,,,,,,,,,,,,,,123.39832305908203,130.38896895519528,122.76009085603641,129.66098891500013,376189100.0,,,,,
2024-08-23,,,,,,NVDA,,,,,,,,,,,,,,,,129.01275634765625,129.2421321879317,124.87422213092064,125.51245424374224,323230300.0,,,,,
2024-08-26,,,,,,NVDA,,,,,,,,,,,,,,,,126.11078643798828,130.8975269250622,124.02656151522957,129.21220655330094,331964700.0,,,,,
2024-08-27,,,,,,NVDA,,,,,,,,,,,,,,,,127.94572448730469,128.84323320422493,123.53792378071748,124.70469880770285,303134600.0,,,,,
2024-08-28,,,,,,NVDA,,,,,,,,,,,,,,,,125.26314544677734,127.97563574905244,122.30134548595971,127.76620894054898,448101100.0,,,,,
2024-08-29,,,,,,NVDA,,,,,,,,,,,,,,,,117.26528930664062,124.0864056350864,116.38772203285157,121.02488328117458,453023300.0,,,,,
2024-08-30,,,,,,NVDA,,,,,,,,,,,,,,,,119.04037475585938,121.41379989153823,116.89631023816276,119.19992897597831,333751600.0,,,,,
2024-09-03,,,,,,NVDA,,,,,,,,,,,,,,,,107.70177459716797,115.88910303086084,106.99373606605621,115.68965834345619,477155100.0,,,,,
2024-09-04,,,,,,NVDA,,,,,,,,,,,,,,,,105.91671752929688,112.95722005840781,103.83249237473713,105.11893116355375,372470300.0,,,,,
2024-09-05,,,,,,NVDA,,,,,,,,,,,,,,,,106.91394805908203,109.3472126473878,104.47071656289586,104.70007717737126,306850700.0,,,,,
2024-09-06,,,,,,NVDA,,,,,,,,,,,,,,,,102.54605102539062,107.85136027800363,100.67123751563678,107.74166341909986,413638100.0,,,,,
2024-09-09,,,,,,NVDA,,,,,,,,,,,,,,,,106.1760025024414,106.25578342210773,103.40368021481835,104.59038905946406,273912000.0,,,,,
2024-09-10,,,,,,NVDA,,,,,,,,,,,,,,,,107.8014907836914,109.09790400275718,104.66018768236026,107.5122906776436,268283700.0,,,,,
2024-09-11,,,,,,NVDA,,,,,,,,,,,,,,,,116.58716583251953,116.86639141709085,107.12336624714985,109.08792746358935,441422400.0,,,,,
2024-09-12,,,,,,NVDA,,,,,,,,,,,,,,,,118.82117462158203,120.46676065848584,115.07123444451854,116.52732649632485,366052700.0,,,,,
2024-09-13,,,,,,NVDA,,,,,,,,,,,,,,,,118.7812728881836,119.63897203588232,117.28528706438033,118.76132975848293,238358300.0,,,,,
2024-09-16,,,,,,NVDA,,,,,,,,,,,,,,,,116.46748352050781,117.86373849865818,114.05396151496328,116.47745888999548,248772300.0,,,,,
2024-09-17,,,,,,NVDA,,,,,,,,,,,,,,,,115.28067779541016,118.48209453930119,114.52271703198278,117.85377554798693,231925900.0,,,,,
2024-09-18,,,,,,NVDA,,,,,,,,,,,,,,,,113.06661987304688,117.38502682895009,112.91701975753097,115.57987289959789,310318900.0,,,,,
2024-09-19,,,,,,NVDA,,,,,,,,,,,,,,,,117.55458068847656,119.33979153223306,116.93623707940027,117.0359679559666,293506400.0,,,,,
2024-09-20,,,,,,NVDA,,,,,,,,,,,,,,,,115.68958282470703,118.30257441739377,115.0812145821692,116.74674381909426,382462400.0,,,,,
2024-09-23,,,,,,NVDA,,,,,,,,,,,,,,,,115.94889068603516,116.67693294698849,114.55263556044001,116.2381155598996,206228500.0,,,,,
2024-09-24,,,,,,NVDA,,,,,,,,,,,,,,,,120.54654693603516,121.47405850127808,115.07123304654733,116.20818172536411,354966800.0,,,,,
2024-09-25,,,,,,NVDA,,,,,,,,,,,,,,,,123.17948150634766,124.60565503965537,121.28456450552947,121.69346336275538,284692900.0,,,,,
2024-09-26,,,,,,NVDA,,,,,,,,,,,,,,,,123.70806121826172,127.32834434574869,121.47405774507013,126.46067739619816,302582900.0,,,,,
2024-09-27,,,,,,NVDA,,,,,,,,,,,,,,,,121.07513427734375,123.69809363981746,118.94086154094774,123.63825663510784,271009200.0,,,,,
2024-09-30,,,,,,NVDA,,,,,,,,,,,,,,,,121.11502838134766,121.1748653861715,117.83383152489164,117.99339940741461,226553700.0,,,,,
2024-10-01,,,,,,NVDA,,,,,,,,,,,,,,,,116.6868896484375,122.11233379004094,115.4801287113044,121.4441210323085,302094500.0,,,,,
2024-10-02,,,,,,NVDA,,,,,,,,,,,,,,,,118.53194427490234,119.06052472572213,114.83187351018621,116.12839762685847,221845900.0,,,,,
2024-10-03,,,,,,NVDA,,,,,,,,,,,,,,,,122.52124786376953,124.0272091849403,120.01796257527629,120.59641230247804,277118000.0,,,,,
2024-10-04,,,,,,NVDA,,,,,,,,,,,,,,,,124.585693359375,124.70537496045645,121.50396631905444,124.60564409737714,243678100.0,,,,,
2024-10-07,,,,,,NVDA,,,,,,,,,,,,,,,,127.37821960449219,130.29040379219748,124.61562792620683,124.65552179837816,346250200.0,,,,,
2024-10-08,,,,,,NVDA,,,,,,,,,,,,,,,,132.5343780517578,133.1227955252644,129.07366275536995,129.9114112143918,285722500.0,,,,,
2024-10-09,,,,,,NVDA,,,,,,,,,,,,,,,,132.29501342773438,134.16001952786942,131.02842299164354,133.75111306364067,246191600.0,,,,,
2024-10-10,,,,,,NVDA,,,,,,,,,,,,,,,,134.44923400878906,134.63872798675436,130.64943234270237,131.55700075403345,242311300.0,,,,,
2024-10-11,,,,,,NVDA,,,,,,,,,,,,,,,,134.4392547607422,135.4166278489941,133.30230620805418,133.65136041631004,170209500.0,,,,,
2024-10-14,,,,,,NVDA,,,,,,,,,,,,,,,,137.70053100585938,139.22643549757692,135.93526327737888,136.104806530019,232347700.0,,,,,
2024-10-15,,,,,,NVDA,,,,,,,,,,,,,,,,131.24783325195312,138.1991821543322,128.3954862474048,137.50104323972985,377831000.0,,,,,
2024-10-16,,,,,,NVDA,,,,,,,,,,,,,,,,135.3568115234375,136.25439701653355,131.22789086287455,133.62146232310147,264879700.0,,,,,
2024-10-17,,,,,,NVDA,,,,,,,,,,,,,,,,136.5635528564453,140.51296215395072,136.50371585796043,138.96710708195366,306435900.0,,,,,
2024-10-18,,,,,,NVDA,,,,,,,,,,,,,,,,137.63072204589844,138.5283076242321,136.91264749604844,138.29892734851708,176090200.0,,,,,
2024-10-21,,,,,,NVDA,,,,,,,,,,,,,,,,143.32545471191406,143.32545471191406,137.6307273412408,137.76038434543935,264554500.0,,,,,
2024-10-22,,,,,,NVDA,,,,,,,,,,,,,,,,143.20574951171875,144.0335302578968,141.400595506541,142.5275764963188,226311600.0,,,,,
2024-10-23,,,,,,NVDA,,,,,,,,,,,,,,,,139.18653869628906,142.04885378245024,137.09216737152124,141.64993025905358,285930000.0,,,,,
2024-10-24,,,,,,NVDA,,,,,,,,,,,,,,,,140.0342559814453,140.9717429059513,138.08947737101022,140.44316244306268,172354900.0,,,,,
2024-10-25,,,,,,NVDA,,,,,,,,,,,,,,,,141.16122436523438,143.74430494634163,140.4232143860229,140.55285615055817,205122100.0,,,,,
2024-10-28,,,,,,NVDA,,,,,,,,,,,,,,,,140.14395141601562,142.75693502866474,139.67520798990546,142.617310298629,173586700.0,,,,,
2024-10-29,,,,,,NVDA,,,,,,,,,,,,,,,,140.87200927734375,141.8793009979601,138.52829188537018,139.91457158033694,157593600.0,,,,,
2024-10-30,,,,,,NVDA,,,,,,,,,,,,,,,,138.96713256835938,139.9544888783044,136.44390388312416,139.1665943392083,179418100.0,,,,,
2024-10-31,,,,,,NVDA,,,,,,,,,,,,,,,,132.40472412109375,137.24175143875112,131.756469630996,137.2317836775648,270039600.0,,,,,
2024-11-01,,,,,,NVDA,,,,,,,,,,,,,,,,135.03765869140625,136.94255111570317,134.2098931927627,134.3395349599235,207127800.0,,,,,
2024-11-04,,,,,,NVDA,,,,,,,,,,,,,,,,135.68592834472656,138.58814473225323,135.207217103038,136.84282779526694,187528200.0,,,,,
2024-11-05,,,,,,NVDA,,,,,,,,,,,,,,,,139.5355987548828,139.99435925396384,136.9625011145287,137.08217511986183,160537400.0,,,,,
2024-11-06,,,,,,NVDA,,,,,,,,,,,,,,,,145.2203369140625,146.09798683530676,141.58011068537002,142.57743460752744,242043900.0,,,,,
2024-11-07,,,,,,NVDA,,,,,,,,,,,,,,,,148.48159790039062,148.53145192465237,145.77884323892675,145.9982557303204,207323300.0,,,,,
2024-11-08,,,,,,NVDA,,,,,,,,,,,,,,,,147.23492431640625,149.3691967390222,145.868580298605,148.3718728926044,175665800.0,,,,,
2024-11-11,,,,,,NVDA,,,,,,,,,,,,,,,,144.87127685546875,148.45168153400843,143.18581210072784,148.28212306443757,182325600.0,,,,,
2024-11-12,,,,,,NVDA,,,,,,,,,,,,,,,,147.8931427001953,149.2495037052901,145.61924560605905,146.3871892091523,198634700.0,,,,,
2024-11-13,,,,,,NVDA,,,,,,,,,,,,,,,,145.8785858154297,148.93039482211316,145.50956558703103,148.67109606044525,191903300.0,,,,,
2024-11-14,,,,,,NVDA,,,,,,,,,,,,,,,,146.3672637939453,148.60127501764129,145.16051028397845,147.24491377788954,194463300.0,,,,,
2024-11-15,,,,,,NVDA,,,,,,,,,,,,,,,,141.6000518798828,144.85133773586546,139.70514243904907,144.4823175216733,250132900.0,,,,,
2024-11-18,,,,,,NVDA,,,,,,,,,,,,,,,,139.77493286132812,141.1711953957962,136.7829612819808,139.1266784396513,221205300.0,,,,,
2024-11-19,,,,,,NVDA,,,,,,,,,,,,,,,,146.61659240722656,146.73628163269873,140.61271302151263,140.9418317601378,227834900.0,,,,,
2024-11-20,,,,,,NVDA,,,,,,,,,,,,,,,,145.4995880126953,147.16511715506326,142.34804073132528,147.0155246522584,309871700.0,,,,,
2024-11-21,,,,,,NVDA,,,,,,,,,,,,,,,,146.27749633789062,152.48085228758558,140.3234713661803,148.95033233522298,400946600.0,,,,,
2024-11-22,,,,,,NVDA,,,,,,,,,,,,,,,,141.5701446533203,146.7662096056562,140.72242834878378,145.53949007763015,236406200.0,,,,,
2024-11-25,,,,,,NVDA,,,,,,,,,,,,,,,,135.65602111816406,141.66988390343687,135.45655935237875,141.610046895497,344941900.0,,,,,
2024-11-26,,,,,,NVDA,,,,,,,,,,,,,,,,136.55360412597656,138.9272401830298,135.30694909062626,137.33151565059862,190287700.0,,,,,
2024-11-27,,,,,,NVDA,,,,,,,,,,,,,,,,134.97779846191406,136.8527720620769,131.44727893138864,134.64867978414378,226370900.0,,,,,
2024-11-29,,,,,,NVDA,,,,,,,,,,,,,,,,137.88003540039062,138.97709782710584,135.68592576491588,136.41396798376013,141863200.0,,,,,
2024-12-02,,,,,,NVDA,,,,,,,,,,,,,,,,138.25904846191406,140.07417045795853,137.45121835469945,138.45851024352928,171682800.0,,,,,
2024-12-03,,,,,,NVDA,,,,,,,,,,,,,,,,139.8846435546875,140.1638930268938,137.58082780000817,137.8899957715255,164414000.0,,,,,
2024-12-04,,,,,,NVDA,,,,,,,,,,,,,,,,144.75160217285156,145.39985667412174,139.9145747718299,141.6200054773523,231224300.0,,,,,
2024-12-05,,,,,,NVDA,,,,,,,,,,,,,,,,144.68179321289062,146.15793025557377,143.57468662612678,144.73166589534063,172621200.0,,,,,
2024-12-06,,,,,,NVDA,,,,,,,,,,,,,,,,142.06861877441406,145.3201135010368,140.94156015213164,144.2229906612707,188505600.0,,,,,
2024-12-09,,,,,,NVDA,,,,,,,,,,,,,,,,138.4480743408203,139.58510137793925,136.77246195727844,138.60766082087318,189308600.0,,,,,
2024-12-10,,,,,,NVDA,,,,,,,,,,,,,,,,134.71783447265625,141.4502349567079,133.44115786086326,138.6475487860502,210020900.0,,,,,
2024-12-11,,,,,,NVDA,,,,,,,,,,,,,,,,138.94676208496094,139.8045203384501,134.85746151474785,137.00184953896905,184905200.0,,,,,
2024-12-12,,,,,,NVDA,,,,,,,,,,,,,,,,136.98190307617188,138.07904108019704,135.44592508954074,136.72258646567687,159211400.0,,,,,
2024-12-13,,,,,,NVDA,,,,,,,,,,,,,,,,133.8999786376953,139.2360360155149,132.19443031399229,138.57775313836598,231514900.0,,,,,
2024-12-16,,,,,,NVDA,,,,,,,,,,,,,,,,131.6558074951172,134.0495433619733,130.07992554881972,133.83011579862796,237951100.0,,,,,
2024-12-17,,,,,,NVDA,,,,,,,,,,,,,,,,130.05001831054688,131.24688636654815,126.52922370948323,128.75340490862754,259410300.0,,,,,
2024-12-18,,,,,,NVDA,,,,,,,,,,,,,,,,128.57391357421875,136.34359703602587,127.94555122022808,133.51100504684126,277444500.0,,,,,
2024-12-19,,,,,,NVDA,,,,,,,,,,,,,,,,130.33926391601562,133.68053537391728,129.212220572867,131.41644980197495,209719200.0,,,,,
2024-12-20,,,,,,NVDA,,,,,,,,,,,,,,,,134.34878540039062,134.92727495716574,127.88568536239204,129.4715360054975,306528600.0,,,,,
2024-12-23,,,,,,NVDA,,,,,,,,,,,,,,,,139.3058319091797,139.42551415908295,134.76769223262775,135.92467137837366,176053500.0,,,,,
2024-12-24,,,,,,NVDA,,,,,,,,,,,,,,,,139.85440063476562,141.53001300601622,138.28848684636677,139.63497303105362,105157000.0,,,,,
2024-12-26,,,,,,NVDA,,,,,,,,,,,,,,,,139.56515502929688,140.48276971800976,137.37089410442982,139.33575896662117,116205600.0,,,,,
2024-12-27,,,,,,NVDA,,,,,,,,,,,,,,,,136.65274047851562,138.65750913681617,134.35874991156737,138.18873344590025,170582600.0,,,,,
2024-12-30,,,,,,NVDA,,,,,,,,,,,,,,,,137.1315155029297,139.9042657427297,133.67056192681179,134.47844750631418,167734700.0,,,,,
2024-12-31,,,,,,NVDA,,,,,,,,,,,,,,,,133.9398651123047,137.71002369221526,133.48107297196478,137.67011945974758,155659200.0,,,,,
2025-01-02,,,,,,NVDA,,,,,,,,,,,,,,,,137.94935607910156,138.51787711680194,134.27895893528864,135.64538180842524,198247200.0,,,,,
2025-01-03,,,,,,NVDA,,,,,,,,,,,,,,,,144.0933074951172,144.52217900012494,139.36566117903786,139.64492988439244,229322500.0,,,,,
2025-01-06,,,,,,NVDA,,,,,,,,,,,,,,,,149.04037475585938,151.7632676182901,147.43458721714921,148.2025685915748,265377400.0,,,,,
2025-01-07,,,,,,NVDA,,,,,,,,,,,,,,,,139.77459716796875,152.73073241075815,139.6449312609891,152.63098706400407,351782200.0,,,,,
2025-01-08,,,,,,NVDA,,,,,,,,,,,,,,,,139.74468994140625,143.57467420574872,137.20133554653654,142.20825109505992,227349900.0,,,,,
2025-01-10,,,,,,NVDA,,,,,,,,,,,,,,,,135.55563354492188,139.55517244006612,133.870037595658,137.09161147098868,207602500.0,,,,,
2025-01-13,,,,,,NVDA,,,,,,,,,,,,,,,,132.8826141357422,133.1419459563911,129.17231238202828,129.6510717959939,204808900.0,,,,,
2025-01-14,,,,,,NVDA,,,,,,,,,,,,,,,,131.41644287109375,136.02440701006375,129.71091005586072,135.69526562735138,195590500.0,,,,,
2025-01-15,,,,,,NVDA,,,,,,,,,,,,,,,,135.88479614257812,136.09424010113995,130.94768976753863,133.30153730793728,185217300.0,,,,,
2025-01-16,,,,,,NVDA,,,,,,,,,,,,,,,,133.22174072265625,138.38822723428095,133.14194748607855,138.2785134363621,209235600.0,,,,,
2025-01-17,,,,,,NVDA,,,,,,,,,,,,,,,,137.3509521484375,138.13888566634566,135.10681862678206,136.33360735729912,201188800.0,,,,,
2025-01-21,,,,,,NVDA,,,,,,,,,,,,,,,,140.4628143310547,141.4602070208564,136.7325601923546,138.79717036536638,197749000.0,,,,,
2025-01-22,,,,,,NVDA,,,,,,,,,,,,,,,,146.68655395507812,147.40466270866227,143.2954095914058,144.2828338584672,237651400.0,,,,,
2025-01-23,,,,,,NVDA,,,,,,,,,,,,,,,,146.83615112304688,146.8461195709751,143.34527675360425,144.67181084027297,155915500.0,,,,,
2025-01-24,,,,,,NVDA,,,,,,,,,,,,,,,,142.24813842773438,148.58158800111045,141.51007758845265,147.98314630855361,234657600.0,,,,,
2025-01-27,,,,,,NVDA,,,,,,,,,,,,,,,,118.11124420166016,128.06521929651885,116.39572750391632,124.47461463210544,818830900.0,,,,,
2025-01-28,,,,,,NVDA,,,,,,,,,,,,,,,,128.65367126464844,128.6636397113665,115.94688462361518,121.49238479939024,579666400.0,,,,,
2025-01-29,,,,,,NVDA,,,,,,,,,,,,,,,,123.37747192382812,126.55915701971556,119.7369947161038,126.17017448185184,467120600.0,,,,,
2025-01-30,,,,,,NVDA,,,,,,,,,,,,,,,,124.32498168945312,124.67406755671168,117.79205750568096,122.77902020794942,392925500.0,,,,,
2025-01-31,,,,,,NVDA,,,,,,,,,,,,,,,,119.7569351196289,127.51664871512425,118.8792323275003,123.45726093608867,388161100.0,,,,,
2025-02-03,,,,,,NVDA,,,,,,,,,,,,,,,,116.3558349609375,118.26085104341853,112.71535011762803,114.45081126895413,371235700.0,,,,,
2025-02-04,,,,,,NVDA,,,,,,,,,,,,,,,,118.34063720703125,120.88398385074507,116.39571701060105,116.65504122535879,256550000.0,,,,,
2025-02-05,,,,,,NVDA,,,,,,,,,,,,,,,,124.50453186035156,124.67408679210826,120.44514389878061,121.44253659311748,262230800.0,,,,,
2025-02-06,,,,,,NVDA,,,,,,,,,,,,,,,,128.34449768066406,128.4342745987464,124.8835510706209,127.08778823658054,251483600.0,,,,,
2025-02-07,,,,,,NVDA,,,,,,,,,,,,,,,,129.50146484375,130.03008175856976,124.67408781607283,128.88308623826384,228186300.0,,,,,
2025-02-10,,,,,,NVDA,,,,,,,,,,,,,,,,133.22174072265625,134.64800487659767,129.621152724233,129.7508034170435,216989100.0,,,,,
2025-02-11,,,,,,NVDA,,,,,,,,,,,,,,,,132.4537353515625,134.12934755153938,130.67837780772868,132.23430777027943,178902400.0,,,,,
2025-02-12,,,,,,NVDA,,,,,,,,,,,,,,,,130.798095703125,131.89523390864048,128.74346889916592,129.68102059860516,160278600.0,,,,,
2025-02-13,,,,,,NVDA,,,,,,,,,,,,,,,,134.93722534179688,136.144076969536,130.8279730901596,131.21695555845534,197430000.0,,,,,
2025-02-14,,,,,,NVDA,,,,,,,,,,,,,,,,138.48797607421875,138.8869270481558,135.1467045962306,136.12414513567924,195479600.0,,,,,
2025-02-18,,,,,,NVDA,,,,,,,,,,,,,,,,139.03651428222656,143.06598867498343,137.5703460278079,140.90164868488978,219176600.0,,,,,
2025-02-19,,,,,,NVDA,,,,,,,,,,,,,,,,138.86697387695312,140.99142508356047,136.86222013681927,139.1462426003846,167536000.0,,,,,
2025-02-20,,,,,,NVDA,,,,,,,,,,,,,,,,139.74468994140625,140.29325896288867,136.43333891646114,139.6648967001902,143903600.0,,,,,
2025-02-21,,,,,,NVDA,,,,,,,,,,,,,,,,134.07948303222656,141.09116717483585,133.68053207054632,139.6748562571626,228217600.0,,,,,
2025-02-24,,,,,,NVDA,,,,,,,,,,,,,,,,129.94032287597656,138.22865397806314,129.74084737496105,136.20394796569565,251381100.0,,,,,
2025-02-25,,,,,,NVDA,,,,,,,,,,,,,,,,126.29981994628906,129.8605111604116,124.11553536570229,129.64108357480436,271428700.0,,,,,
2025-02-26,,,,,,NVDA,,,,,,,,,,,,,,,,130.93771362304688,133.38132271635274,128.1549946612343,129.6510837247691,322553800.0,,,,,
2025-02-27,,,,,,NVDA,,,,,,,,,,,,,,,,119.83673095703125,134.6579790491402,119.69709659183455,134.64801060127058,443175800.0,,,,,
2025-02-28,,,,,,NVDA,,,,,,,,,,,,,,,,124.59428405761719,124.76383897645573,116.09650229748219,117.71227346912306,389091100.0,,,,,
2025-03-03,,,,,,NVDA,,,,,,,,,,,,,,,,113.76261138916016,123.3774766164976,111.9872535622559,123.18797717385785,411381400.0,,,,,
2025-03-04,,,,,,NVDA,,,,,,,,,,,,,,,,115.68757629394531,118.9989197292815,109.82291000037466,110.36150296756519,398163300.0,,,,,
2025-03-05,,,,,,NVDA,,,,,,,,,,,,,,,,116.99415588378906,117.971596377653,114.2114295961939,117.27342459632162,284337900.0,,,,,
2025-03-06,,,,,,NVDA,,,,,,,,,,,,,,,,110.28170776367188,115.04924353236196,109.93262184934352,113.2339891683523,321181900.0,,,,,
2025-03-07,,,,,,NVDA,,,,,,,,,,,,,,,,112.39618682861328,113.18412798197828,107.27955736061682,110.9599388924034,341755500.0,,,,,
2025-03-10,,,,,,NVDA,,,,,,,,,,,,,,,,106.70106506347656,111.5583622176382,105.18502403072868,109.61344966651625,366487400.0,,,,,
2025-03-11,,,,,,NVDA,,,,,,,,,,,,,,,,108.47642517089844,111.94734728122161,104.49682307629253,106.71103594468934,354865700.0,,,,,
2025-03-12,,,,,,NVDA,,,,,,,,,,,,,,,,115.44883728027344,116.46627558552667,112.59603141211886,113.83291749341501,323857500.0,,,,,
2025-03-13,,,,,,NVDA,,,,,,,,,,,,,,,,115.28925323486328,117.46376961532557,113.50375517662202,116.73560262668995,299033100.0,,,,,
2025-03-14,,,,,,NVDA,,,,,,,,,,,,,,,,121.36392211914062,121.57339292473429,117.85278046649132,118.31162236591584,277593500.0,,,,,
2025-03-17,,,,,,NVDA,,,,,,,,,,,,,,,,119.22931671142578,122.58086511779604,117.73309001608916,122.43124092622188,255501500.0,,,,,
2025-03-18,,,,,,NVDA,,,,,,,,,,,,,,,,115.1396255493164,118.7205909220559,114.25186503478537,117.70316017412442,299686900.0,,,,,
2025-03-19,,,,,,NVDA,,,,,,,,,,,,,,,,117.22434997558594,120.14697923880557,115.38898254172027,116.97497890401499,273426200.0,,,,,
2025-03-20,,,,,,NVDA,,,,,,,,,,,,,,,,118.23181915283203,119.89761619602571,116.17700382075364,116.25680439544837,248829700.0,,,,,
2025-03-21,,,,,,NVDA,,,,,,,,,,,,,,,,117.4039077758789,117.6931791575635,115.1296446207881,116.64582513098318,266498500.0,,,,,
2025-03-24,,,,,,NVDA,,,,,,,,,,,,,,,,121.10458374023438,121.91254366285413,119.03978374206928,119.57842622721644,228452500.0,,,,,
2025-03-25,,,,,,NVDA,,,,,,,,,,,,,,,,120.38639068603516,120.98487978418257,118.62083909476823,120.24674348347415,167447200.0,,,,,
2025-03-26,,,,,,NVDA,,,,,,,,,,,,,,,,113.47382354736328,118.5410383402261,112.42646191953317,118.4313220614094,293463300.0,,,,,
2025-03-27,,,,,,NVDA,,,,,,,,,,,,,,,,111.14967346191406,114.1620726346108,110.38161391592817,111.06987289318275,236902100.0,,,,,
2025-03-28,,,,,,NVDA,,,,,,,,,,,,,,,,109.39411163330078,112.58606625933987,108.79562251910656,111.20953292547101,229872500.0,,,,,
2025-03-31,,,,,,NVDA,,,,,,,,,,,,,,,,108.10735321044922,110.68086470981991,103.38925640513808,104.86552901006266,299212700.0,,,,,
2025-04-01,,,,,,NVDA,,,,,,,,,,,,,,,,109.8729019165039,109.92277156753886,106.20215922942107,108.24699756669231,222614000.0,,,,,
2025-04-02,,,,,,NVDA,,,,,,,,,,,,,,,,110.14221954345703,111.69830029652357,106.5213541109438,107.0200962834212,220601200.0,,,,,
2025-04-03,,,,,,NVDA,,,,,,,,,,,,,,,,101.54391479492188,105.36427425680411,101.344413349133,103.24961220285616,338769400.0,,,,,
2025-04-04,,,,,,NVDA,,,,,,,,,,,,,,,,94.07276153564453,99.87812106911886,91.87829866162578,98.66119636165205,532273800.0,,,,,
2025-04-07,,,,,,NVDA,,,,,,,,,,,,,,,,97.39437866210938,101.49404025826172,86.40210364552667,87.2399869097494,611041300.0,,,,,
2025-04-08,,,,,,NVDA,,,,,,,,,,,,,,,,96.05775451660156,105.58372634261488,94.2223791915971,103.54885717389794,476243400.0,,,,,
2025-04-09,,,,,,NVDA,,,,,,,,,,,,,,,,114.04239654541016,114.8104562069238,97.28465510127192,98.6412345329499,612918300.0,,,,,
2025-04-10,,,,,,NVDA,,,,,,,,,,,,,,,,107.29940032958984,110.58112503277279,98.90058321638736,109.09487535601897,437812400.0,,,,,
2025-04-11,,,,,,NVDA,,,,,,,,,,,,,,,,110.65095520019531,111.26939832601622,107.2096367407114,108.2270675758849,313417300.0,,,,,
2025-04-14,,,,,,NVDA,,,,,,,,,,,,,,,,110.43150329589844,114.00249947758738,108.7956293956101,113.82295197096049,264705000.0,,,,,
2025-04-15,,,,,,NVDA,,,,,,,,,,,,,,,,111.9177474975586,113.33418114021705,110.22202704858428,110.69084593782598,228966900.0,,,,,
2025-04-16,,,,,,NVDA,,,,,,,,,,,,,,,,104.2271499633789,106.52136728458446,100.19731179816195,104.28700420641553,397016900.0,,,,,
2025-04-17,,,,,,NVDA,,,,,,,,,,,,,,,,101.23469543457031,104.20720246563869,99.79832299108041,104.18724851478048,292517500.0,,,,,
2025-04-21,,,,,,NVDA,,,,,,,,,,,,,,,,96.66620635986328,99.18984040018822,94.80090799474428,98.52152014100793,288501100.0,,,,,
2025-04-22,,,,,,NVDA,,,,,,,,,,,,,,,,98.64122009277344,99.55890380627321,97.03526978904827,98.5314962128766,241004800.0,,,,,
2025-04-23,,,,,,NVDA,,,,,,,,,,,,,,,,102.45162200927734,104.53636836662163,101.76335533667917,104.25706634151078,247526000.0,,,,,
2025-04-24,,,,,,NVDA,,,,,,,,,,,,,,,,106.16226196289062,106.2719858525715,102.85061415392688,103.21968611105362,220815000.0,,,,,
2025-04-25,,,,,,NVDA,,,,,,,,,,,,,,,,110.7307357788086,111.63844254684066,105.46401982086034,106.58119738151521,251064700.0,,,,,
2025-04-28,,,,,,NVDA,,,,,,,,,,,,,,,,108.45648956298828,110.0923634818257,105.75329995750923,109.41407373912219,207708500.0,,,,,
2025-04-29,,,,,,NVDA,,,,,,,,,,,,,,,,108.74573516845703,109.9227669482824,107.16971575631223,107.39913288387578,170444300.0,,,,,
2025-04-30,,,,,,NVDA,,,,,,,,,,,,,,,,108.64599609375,108.64599609375,103.81817538074749,104.20719367744803,235044600.0,,,,,
2025-05-01,,,,,,NVDA,,,,,,,,,,,,,,,,111.32923889160156,114.65086390129245,111.02002115064856,112.79554223516973,236121500.0,,,,,
2025-05-02,,,,,,NVDA,,,,,,,,,,,,,,,,114.21196746826172,115.10970497913567,113.08481279973248,113.8927727544179,190194800.0,,,,,
2025-05-05,,,,,,NVDA,,,,,,,,,,,,,,,,113.53367614746094,114.38153638068397,112.3765981799359,112.62596928442517,133163200.0,,,,,
2025-05-06,,,,,,NVDA,,,,,,,,,,,,,,,,113.25438690185547,114.4513652140045,110.541227943435,111.19957134225872,158525600.0,,,,,
2025-05-07,,,,,,NVDA,,,,,,,,,,,,,,,,116.7655258178711,117.38396890879066,111.99755142427854,112.7656187028628,206758800.0,,,,,
2025-05-08,,,,,,NVDA,,,,,,,,,,,,,,,,117.07474517822266,118.38144728921775,115.55856464909375,117.95252869863282,198428100.0,,,,,
2025-05-09,,,,,,NVDA,,,,,,,,,,,,,,,,116.35655975341797,117.9325869721132,114.92017974547274,117.05479580716789,132972200.0,,,,,
2025-05-12,,,,,,NVDA,,,,,,,,,,,,,,,,122.69058227539062,122.69058227539062,119.9774234659773,121.66317455201767,225023300.0,,,,,
2025-05-13,,,,,,NVDA,,,,,,,,,,,,,,,,129.60313415527344,130.88989748886456,124.1568781333485,124.66559728217729,330430100.0,,,,,
2025-05-14,,,,,,NVDA,,,,,,,,,,,,,,,,134.99954223632812,135.099296769805,131.34874548490453,132.8649261154048,281180800.0,,,,,
2025-05-15,,,,,,NVDA,,,,,,,,,,,,,,,,134.49081420898438,135.9571173935552,132.32627503661865,133.9521641466833,226632600.0,,,,,
2025-05-16,,,,,,NVDA,,,,,,,,,,,,,,,,135.05938720703125,136.0070096021913,133.1242801768634,135.87733175434735,226542500.0,,,,,
2025-05-19,,,,,,NVDA,,,,,,,,,,,,,,,,135.2289581298828,135.52819125301625,132.05695004104146,132.05695004104146,193154600.0,,,,,
2025-05-20,,,,,,NVDA,,,,,,,,,,,,,,,,134.04197692871094,134.24147079199417,132.28639440284374,133.95219175288827,161514200.0,,,,,
2025-05-21,,,,,,NVDA,,,,,,,,,,,,,,,,131.46844482421875,137.0543482410567,130.26148202288624,132.72526966841644,270608700.0,,,,,
2025-05-22,,,,,,NVDA,,,,,,,,,,,,,,,,132.495849609375,133.9122755767364,131.21907084385478,131.89735290411087,187344000.0,,,,,
2025-05-23,,,,,,NVDA,,,,,,,,,,,,,,,,130.959716796875,132.3462194682512,128.8350854296202,129.67296865108418,198821300.0,,,,,
2025-05-27,,,,,,NVDA,,,,,,,,,,,,,,,,135.1591339111328,135.31873506532702,132.9746406768617,133.81252390577552,192953600.0,,,,,
2025-05-28,,,,,,NVDA,,,,,,,,,,,,,,,,134.4708709716797,136.904735369061,134.45091702175245,135.68780317037033,304021100.0,,,,,
2025-05-29,,,,,,NVDA,,,,,,,,,,,,,,,,138.83984375,143.12902933343943,137.56306504893934,141.89214330786072,369241900.0,,,,,
2025-05-30,,,,,,NVDA,,,,,,,,,,,,,,,,134.7900848388672,139.26878048564038,132.5856374053386,138.37105052724368,333170900.0,,,,,
2025-06-02,,,,,,NVDA,,,,,,,,,,,,,,,,137.03440856933594,137.7725372671851,135.05937854437917,135.14916370580715,197663100.0,,,,,
2025-06-03,,,,,,NVDA,,,,,,,,,,,,,,,,140.86474609375,141.64278269656361,137.60296789247522,138.43088175862894,225578800.0,,,,,
2025-06-04,,,,,,NVDA,,,,,,,,,,,,,,,,141.56298828125,142.03180718032695,139.18897047063936,141.83231333868676,167120800.0,,,,,
2025-06-05,,,,,,NVDA,,,,,,,,,,,,,,,,139.63783264160156,143.63773920540723,138.4807472006614,141.8123411098902,231397900.0,,,,,
2025-06-06,,,,,,NVDA,,,,,,,,,,,,,,,,141.36351013183594,142.90961421188257,141.1540316815974,142.1515162209299,153986200.0,,,,,
2025-06-09,,,,,,NVDA,,,,,,,,,,,,,,,,142.27120971679688,144.63524295526028,141.58294302195193,142.8297985646697,185114500.0,,,,,
2025-06-10,,,,,,NVDA,,,,,,,,,,,,,,,,143.59786987304688,143.92702635161132,141.17397471532814,142.33106034435926,155881900.0,,,,,
2025-06-11,,,,,,NVDA,,,,,,,,,,,,,,,,142.4805908203125,144.6353103750697,141.52293261104455,144.25623511410478,167694000.0,,,,,
2025-06-12,,,,,,NVDA,,,,,,,,,,,,,,,,144.645263671875,144.645263671875,141.50297610137997,141.62267765562083,162365000.0,,,,,
2025-06-13,,,,,,NVDA,,,,,,,,,,,,,,,,141.62269592285156,143.22875794239724,140.50544068193668,142.13144281545507,180820600.0,,,,,
2025-06-16,,,,,,NVDA,,,,,,,,,,,,,,,,144.33604431152344,145.82238955213242,142.84968384945327,142.9993260342438,183133700.0,,,,,
2025-06-17,,,,,,NVDA,,,,,,,,,,,,,,,,143.76744079589844,144.86475600350525,143.4282761758971,144.1365460319819,139108000.0,,,,,
2025-06-18,,,,,,NVDA,,,,,,,,,,,,,,,,145.1240997314453,145.2936820241915,142.7698725249477,143.6576946584193,161494100.0,,,,,
2025-06-20,,,,,,NVDA,,,,,,,,,,,,,,,,143.49810791015625,145.84235000620308,142.3010312756641,145.09418472037632,242956200.0,,,,,
2025-06-23,,,,,,NVDA,,,,,,,,,,,,,,,,143.8173065185547,144.42581484809375,141.68254233682853,142.1513937655616,154308900.0,,,,,
2025-06-24,,,,,,NVDA,,,,,,,,,,,,,,,,147.53819274902344,147.59805875973223,145.14406985038545,145.20392063963206,187566100.0,,,,,
2025-06-25,,,,,,NVDA,,,,,,,,,,,,,,,,153.9324951171875,154.0721520137232,148.8948463426075,148.90483162044157,269146500.0,,,,,
2025-06-26,,,,,,NVDA,,,,,,,,,,,,,,,,154.6407470703125,156.33658496766782,153.62323824331597,155.59838990157883,198145700.0,,,,,
2025-06-27,,,,,,NVDA,,,,,,,,,,,,,,,,157.36407470703125,158.32173282582838,154.88016085316636,155.65825141530053,263234500.0,,,,,
2025-06-30,,,,,,NVDA,,,,,,,,,,,,,,,,157.60353088378906,158.27189010551226,155.5784978805412,158.01251637488383,194580300.0,,,,,
2025-07-01,,,,,,NVDA,,,,,,,,,,,,,,,,152.92498779296875,156.81544119896878,151.1194180014287,155.9076636637482,213143600.0,,,,,
2025-07-02,,,,,,NVDA,,,,,,,,,,,,,,,,156.8653106689453,157.21446053326332,152.59578228626097,152.6057523429847,171224100.0,,,,,
2025-07-03,,,,,,NVDA,,,,,,,,,,,,,,,,158.95021057128906,160.5861981093371,157.38405910191088,157.98258221790178,143716100.0,,,,,
2025-07-07,,,,,,NVDA,,,,,,,,,,,,,,,,157.85292053222656,158.92029519483475,156.95511296944946,157.8130098557672,140139000.0,,,,,
2025-07-08,,,,,,NVDA,,,,,,,,,,,,,,,,159.60858154296875,159.82804456030718,158.0025195823342,158.94022243433284,138133000.0,,,,,
2025-07-09,,,,,,NVDA,,,,,,,,,,,,,,,,162.4815673828125,164.0177935332838,160.76577363365794,160.8256244260647,183656400.0,,,,,
2025-07-10,,,,,,NVDA,,,,,,,,,,,,,,,,163.69854736328125,164.09756270376434,161.21463348761435,163.91801036698482,167704100.0,,,,,
2025-07-11,,,,,,NVDA,,,,,,,,,,,,,,,,164.51654052734375,167.47927598463818,163.07009082840767,163.31947923241253,193633300.0,,,,,
2025-07-14,,,,,,NVDA,,,,,,,,,,,,,,,,163.6686248779297,165.08514914967665,161.62363697338392,164.96543236823985,136975800.0,,,,,
2025-07-15,,,,,,NVDA,,,,,,,,,,,,,,,,170.28240966796875,171.97824787505814,168.78607915204378,170.77121644956358,230627400.0,,,,,
2025-07-16,,,,,,NVDA,,,,,,,,,,,,,,,,170.95077514648438,171.32985042878116,168.4868162544787,170.64153593048928,158831500.0,,,,,
2025-07-17,,,,,,NVDA,,,,,,,,,,,,,,,,172.5767822265625,173.7339481189201,170.4120926228971,171.59918390717252,160841100.0,,,,,
2025-07-18,,,,,,NVDA,,,,,,,,,,,,,,,,171.9882354736328,173.8237306114437,170.841039596405,173.21522225123383,146456400.0,,,,,
2025-07-21,,,,,,NVDA,,,,,,,,,,,,,,,,170.96075439453125,172.9558617527255,170.58167912560677,172.32739806402674,123126100.0,,,,,
2025-07-22,,,,,,NVDA,,,,,,,,,,,,,,,,166.62139892578125,170.97073381366536,164.17739532245605,170.9208530826869,193114300.0,,,,,
2025-07-23,,,,,,NVDA,,,,,,,,,,,,,,,,170.36221313476562,170.84103463039327,167.55908978070133,169.1152710575868,154082200.0,,,,,
2025-07-24,,,,,,NVDA,,,,,,,,,,,,,,,,173.31495666503906,173.40473283004638,170.8809236040032,172.0181340251394,128984600.0,,,,,
2025-07-25,,,,,,NVDA,,,,,,,,,,,,,,,,173.0755615234375,174.29257821699642,172.53688923976992,173.18529303585547,122316800.0,,,,,
2025-07-28,,,,,,NVDA,,,,,,,,,,,,,,,,176.31761169433594,176.56700011257405,173.54441370124516,173.594294429185,140023500.0,,,,,
2025-07-29,,,,,,NVDA,,,,,,,,,,,,,,,,175.08065795898438,178.94120142739456,174.59186634988595,177.52467689032716,154077500.0,,,,,
2025-07-30,,,,,,NVDA,,,,,,,,,,,,,,,,178.83145141601562,179.4499298230835,175.60934208925488,176.07819353379378,174312200.0,,,,,
2025-07-31,,,,,,NVDA,,,,,,,,,,,,,,,,177.43487548828125,182.85160010862035,175.49961883405416,182.45256948733228,221685400.0,,,,,
2025-08-01,,,,,,NVDA,,,,,,,,,,,,,,,,173.29502868652344,176.1081221843386,170.47194991004753,173.6641186818972,204529000.0,,,,,
2025-08-04,,,,,,NVDA,,,,,,,,,,,,,,,,179.5596466064453,179.75915428060495,174.09305718288007,174.7314908730668,148174600.0,,,,,
2025-08-05,,,,,,NVDA,,,,,,,,,,,,,,,,177.82391357421875,179.81902093485988,175.46968627980374,179.18058718831315,156407600.0,,,,,
2025-08-06,,,,,,NVDA,,,,,,,,,,,,,,,,178.9810791015625,179.4599006050506,175.81883576850015,175.898641889325,137192300.0,,,,,
2025-08-07,,,,,,NVDA,,,,,,,,,,,,,,,,180.32777404785156,183.43016644757114,178.36259217804582,181.12581999654523,151878400.0,,,,,
2025-08-08,,,,,,NVDA,,,,,,,,,,,,,,,,182.2530517578125,182.85159004607542,179.95867528141937,181.10587113034643,123396700.0,,,,,
2025-08-11,,,,,,NVDA,,,,,,,,,,,,,,,,181.6146240234375,183.39026839012567,179.80905426349312,181.6046539661726,138323200.0,,,,,
2025-08-12,,,,,,NVDA,,,,,,,,,,,,,,,,182.71194458007812,184.02870758664506,179.02099882862018,182.51243687865426,145485700.0,,,,,
2025-08-13,,,,,,NVDA,,,,,,,,,,,,,,,,181.145751953125,183.51993435768304,178.91124166315015,182.17323092856017,179871700.0,,,,,
2025-08-14,,,,,,NVDA,,,,,,,,,,,,,,,,181.57472229003906,182.57227595462552,179.02098734413144,179.3102712094187,129554000.0,,,,,
2025-08-15,,,,,,NVDA,,,,,,,,,,,,,,,,180.00856018066406,181.45500998578265,177.6044521364236,181.43506987144983,156602200.0,,,,,
2025-08-18,,,,,,NVDA,,,,,,,,,,,,,,,,181.5647430419922,182.49247589603021,180.14821861780752,180.15820389652,132008000.0,,,,,
2025-08-19,,,,,,NVDA,,,,,,,,,,,,,,,,175.2103271484375,182.0535459787435,175.06070018553257,181.98370991508045,185229200.0,,,,,
2025-08-20,,,,,,NVDA,,,,,,,,,,,,,,,,174.9709014892578,175.56943975883806,168.38705663117767,174.74146841521826,215142700.0,,,,,
2025-08-21,,,,,,NVDA,,,,,,,,,,,,,,,,174.55194091796875,176.4672421817212,173.38480492387563,174.42226928848822,140040900.0,,,,,
2025-08-22,,,,,,NVDA,,,,,,,,,,,,,,,,177.55459594726562,178.15311905934888,170.78119751777692,172.18775194658505,172789400.0,,,,,
2025-08-25,,,,,,NVDA,,,,,,,,,,,,,,,,179.37013244628906,181.46500135257926,176.13806812642193,177.91371253514103,163012800.0,,,,,
2025-08-26,,,,,,NVDA,,,,,,,,,,,,,,,,181.32533264160156,181.94381103857447,178.37256711704984,179.61950918930867,168688200.0,,,,,
2025-08-27,,,,,,NVDA,,,,,,,,,,,,,,,,181.15573120117188,182.04355325393357,178.66184732021665,181.5347912004848,235518900.0,,,,,
2025-08-28,,,,,,NVDA,,,,,,,,,,,,,,,,179.72923278808594,184.01871637210735,175.9784366795831,180.3776517699909,281787800.0,,,,,
2025-08-29,,,,,,NVDA,,,,,,,,,,,,,,,,173.75390625,177.71419588670034,172.72642709704877,177.67430043382657,243257900.0,,,,,
2025-09-02,,,,,,NVDA,,,,,,,,,,,,,,,,170.36221313476562,171.9583050821389,166.81092453439402,169.58412249632292,231164900.0,,,,,
2025-09-03,,,,,,NVDA,,,,,,,,,,,,,,,,170.20260620117188,171.9882358353705,168.46687251736884,170.64153226145447,164424900.0,,,,,
2025-09-04,,,,,,NVDA,,,,,,,,,,,,,,,,171.24008178710938,171.43958949445846,168.9955858311417,170.1527518438138,141670100.0,,,,,
2025-09-05,,,,,,NVDA,,,,,,,,,,,,,,,,166.6114044189453,168.6164816497661,163.66862438059468,167.61892806242963,224441400.0,,,,,
2025-09-08,,,,,,NVDA,,,,,,,,,,,,,,,,167.8982391357422,170.54176523233733,166.94059623139324,167.14010390134433,163769100.0,,,,,
2025-09-09,,,,,,NVDA,,,,,,,,,,,,,,,,170.34225463867188,170.5617176578999,166.3320999523285,168.6763418810487,157548400.0,,,,,
2025-09-10,,,,,,NVDA,,,,,,,,,,,,,,,,176.8961944580078,178.85139113084074,175.04074401948455,176.2078799889887,226852000.0,,,,,
2025-09-11,,,,,,NVDA,,,,,,,,,,,,,,,,176.74655151367188,179.84911904071384,176.05819821844705,179.25054698686972,151159300.0,,,,,
2025-09-12,,,,,,NVDA,,,,,,,,,,,,,,,,177.39500427246094,178.1731387966239,176.02826832324598,177.3451207317183,124911000.0,,,,,
2025-09-15,,,,,,NVDA,,,,,,,,,,,,,,,,177.32516479492188,178.4225418052247,174.0929031464731,175.2501343169162,147061600.0,,,,,
2025-09-16,,,,,,NVDA,,,,,,,,,,,,,,,,174.4620361328125,177.07576937869646,173.96323114864717,176.57696439453113,140737800.0,,,,,
2025-09-17,,,,,,NVDA,,,,,,,,,,,,,,,,169.8829803466797,172.78602876073558,168.00748411706098,172.22736966160153,211843800.0,,,,,
2025-09-18,,,,,,NVDA,,,,,,,,,,,,,,,,175.8187713623047,176.67671647107687,172.54661216194535,173.56416328312818,191763300.0,,,,,
2025-09-19,,,,,,NVDA,,,,,,,,,,,,,,,,176.24774169921875,177.65437533147113,174.76129744715922,175.34989886544702,237182100.0,,,,,
2025-09-22,,,,,,NVDA,,,,,,,,,,,,,,,,183.171142578125,184.10889825944,174.29242112755998,174.88100727738347,269637000.0,,,,,
2025-09-23,,,,,,NVDA,,,,,,,,,,,,,,,,178.0035400390625,181.98400930831284,175.78885990523673,181.53508786527138,192559600.0,,,,,
2025-09-24,,,,,,NVDA,,,,,,,,,,,,,,,,176.54702758789062,179.35030900890538,174.98077271717747,179.34033838980653,143564100.0,,,,,
2025-09-25,,,,,,NVDA,,,,,,,,,,,,,,,,177.2653045654297,179.82915407834395,172.7162058826927,174.06297010669513,191586700.0,,,,,
2025-09-26,,,,,,NVDA,,,,,,,,,,,,,,,,177.76409912109375,179.3403244887289,174.51188131329135,177.74414266212372,148573700.0,,,,,
2025-09-29,,,,,,NVDA,,,,,,,,,,,,,,,,181.41537475585938,183.56023005067578,179.88903275637574,179.99875523700084,193063500.0,,,,,
2025-09-30,,,,,,NVDA,,,,,,,,,,,,,,,,186.13406372070312,186.90222763381766,181.04624695721463,181.6448190078555,236981000.0,,,,,
2025-10-01,,,,,,NVDA,,,,,,,,,,,,,,,,186.79248046875,187.6903232769056,183.46045188172369,184.79726069745416,173844900.0,,,,,
2025-10-02,,,,,,NVDA,,,,,,,,,,,,,,,,188.4385528564453,190.59339411626704,187.6105347272827,189.14686265639136,136805800.0,,,,,
2025-10-03,,,,,,NVDA,,,,,,,,,,,,,,,,187.17156982421875,189.90502650703218,184.93693332773543,188.73782471792558,137596900.0,,,,,
2025-10-06,,,,,,NVDA,,,,,,,,,,,,,,,,185.09652709960938,186.78249020197808,182.89181782906448,185.05662940294908,157678100.0,,,,,
2025-10-07,,,,,,NVDA,,,,,,,,,,,,,,,,184.5977325439453,188.6081286768816,183.56022492696124,185.78489078203316,140088000.0,,,,,
2025-10-08,,,,,,NVDA,,,,,,,,,,,,,,,,188.6580047607422,189.14683908131633,186.09414006589398,186.12408236678675,130168900.0,,,,,
2025-10-09,,,,,,NVDA,,,,,,,,,,,,,,,,192.10975646972656,194.833227386451,190.60335569438294,191.7705575158363,182997200.0,,,,,
2025-10-10,,,,,,NVDA,,,,,,,,,,,,,,,,182.7222442626953,195.15245586263575,181.61489659616785,193.04749823427522,268774400.0,,,,,
2025-10-13,,,,,,NVDA,,,,,,,,,,,,,,,,187.86990356445312,189.65561858658472,185.51554359294212,187.52073401073042,153482800.0,,,,,
2025-10-14,,,,,,NVDA,,,,,,,,,,,,,,,,179.59971618652344,184.35831986008523,179.2705030798172,184.32839277968645,205641400.0,,,,,
2025-10-15,,,,,,NVDA,,,,,,,,,,,,,,,,179.4001922607422,184.42813951825556,176.86625456034105,184.35831474003746,214450500.0,,,,,
2025-10-16,,,,,,NVDA,,,,,,,,,,,,,,,,181.37545776367188,182.84194556906473,179.34034021746592,181.79445210488134,179723300.0,,,,,
2025-10-17,,,,,,NVDA,,,,,,,,,,,,,,,,182.7821044921875,183.66000615888444,179.32039659193174,179.74936158304564,173135200.0,,,,,
2025-10-20,,,,,,NVDA,,,,,,,,,,,,,,,,182.20347595214844,184.75735492260156,181.2956472677441,182.69231029505525,128544700.0,,,,,
2025-10-21,,,,,,NVDA,,,,,,,,,,,,,,,,180.72702026367188,182.35311411361405,179.37027013728058,182.35311411361405,124240200.0,,,,,
2025-10-22,,,,,,NVDA,,,,,,,,,,,,,,,,179.84910583496094,183.00155667206866,176.33751483638122,180.7070509305708,162249600.0,,,,,
2025-10-23,,,,,,NVDA,,,,,,,,,,,,,,,,181.72462463378906,182.59254038327154,179.3602787988416,179.988777912505,111363700.0,,,,,
2025-10-24,,,,,,NVDA,,,,,,,,,,,,,,,,185.81480407714844,187.0219186862977,183.06140638753934,183.40059008116805,131296700.0,,,,,
2025-10-27,,,,,,NVDA,,,,,,,,,,,,,,,,191.03231811523438,191.54109366524804,187.97961914819697,189.53590332097463,153452700.0,,,,,
2025-10-28,,,,,,NVDA,,,,,,,,,,,,,,,,200.54953002929688,202.6644582837766,191.45133202040452,192.58860677151606,297986200.0,,,,,
2025-10-29,,,,,,NVDA,,,,,,,,,,,,,,,,206.54515075683594,211.68285096872194,204.29055782184227,207.48290651547202,308829600.0,,,,,
2025-10-30,,,,,,NVDA,,,,,,,,,,,,,,,,202.4050750732422,205.66726375798942,200.9286166610889,204.65966800141675,178864400.0,,,,,
2025-10-31,,,,,,NVDA,,,,,,,,,,,,,,,,202.0060272216797,207.4729250244422,201.58703290468912,205.95655376605836,179802200.0,,,,,
2025-11-03,,,,,,NVDA,,,,,,,,,,,,,,,,206.3855438232422,210.83487551397138,205.06869143040765,207.58267267525224,180267300.0,,,,,
2025-11-04,,,,,,NVDA,,,,,,,,,,,,,,,,198.21511840820312,203.4824975937368,197.4569251230167,202.51481474882632,188919300.0,,,,,
2025-11-05,,,,,,NVDA,,,,,,,,,,,,,,,,194.74343872070312,202.43500266122365,194.18476438007542,198.29492759193732,171350300.0,,,,,
2025-11-06,,,,,,NVDA,,,,,,,,,,,,,,,,187.63047790527344,197.1476699621838,185.9345440647224,195.95054108781363,223029800.0,,,,,
2025-11-07,,,,,,NVDA,,,,,,,,,,,,,,,,187.70030212402344,187.86990920765928,178.4823961188316,184.45806985353664,264942300.0,,,,,
2025-11-10,,,,,,NVDA,,,,,,,,,,,,,,,,198.5742645263672,199.46213677715232,193.32682642239038,194.6436788693004,198897100.0,,,,,
2025-11-11,,,,,,NVDA,,,,,,,,,,,,,,,,192.69833374023438,194.9529266552934,190.84277869998112,194.69355355890158,176483300.0,,,,,
2025-11-12,,,,,,NVDA,,,,,,,,,,,,,,,,193.33680725097656,195.4218083488666,190.673190567689,195.25221648764446,154935300.0,,,,,
2025-11-13,,,,,,NVDA,,,,,,,,,,,,,,,,186.41339111328125,190.9824463944715,183.41059072037282,190.59337913278358,207423100.0,,,,,
2025-11-14,,,,,,NVDA,,,,,,,,,,,,,,,,189.71546936035156,190.55345800755302,180.14839424900484,182.42294356130517,186591900.0,,,,,
2025-11-17,,,,,,NVDA,,,,,,,,,,,,,,,,186.1540069580078,188.54826454585316,183.8794576828592,185.52550787171305,173628900.0,,,,,
2025-11-18,,,,,,NVDA,,,,,,,,,,,,,,,,180.92652893066406,184.35830936263392,179.22060933347112,182.94170515591497,213598900.0,,,,,
2025-11-19,,,,,,NVDA,,,,,,,,,,,,,,,,186.07420349121094,187.41099710874653,182.39302051116815,184.3483273978252,247246400.0,,,,,
2025-11-20,,,,,,NVDA,,,,,,,,,,,,,,,,180.20826721191406,195.5315572014955,179.4201620210147,195.48167365774535,343504800.0,,,,,
2025-11-21,,,,,,NVDA,,,,,,,,,,,,,,,,178.4524688720703,184.11888595894638,172.51667761994415,180.80682891210233,346926200.0,,,,,
2025-11-24,,,,,,NVDA,,,,,,,,,,,,,,,,182.1136932373047,183.06141961318156,176.0581937395723,179.0610093294625,256618300.0,,,,,
2025-11-25,,,,,,NVDA,,,,,,,,,,,,,,,,177.39500427246094,177.73418799379976,169.1447659257062,174.49195573568102,320600300.0,,,,,
2025-11-26,,,,,,NVDA,,,,,,,,,,,,,,,,179.82916259765625,182.47283807635972,177.81400147563977,181.19589856886267,183852000.0,,,,,
2025-11-28,,,,,,NVDA,,,,,,,,,,,,,,,,176.5769500732422,178.86147001761242,176.07814512953246,178.5821404669205,121332800.0,,,,,
2025-12-01,,,,,,NVDA,,,,,,,,,,,,,,,,179.48997497558594,179.8690716163194,173.2648835948944,174.3423041351479,188131000.0,,,,,
2025-12-02,,,,,,NVDA,,,,,,,,,,,,,,,,181.02630615234375,185.2162648499111,179.56978894419797,181.32557695606172,182632200.0,,,,,
2025-12-03,,,,,,NVDA,,,,,,,,,,,,,,,,179.16078186035156,182.01394715864362,178.68193330759738,180.64722628696225,165138000.0,,,,,
2025-12-04,,,,,,NVDA,,,,,,,,,,,,,,,,182.95188903808594,184.08922700452197,179.53987513877786,181.19598816136636,167364900.0,,,,,
2025-12-05,,,,,,NVDA,,,,,,,,,,,,,,,,181.98414611816406,184.22889322931675,180.4876480440623,183.4606866221248,143971100.0,,,,,
2025-12-08,,,,,,NVDA,,,,,,,,,,,,,,,,185.1168212890625,187.5610985176648,181.97416608957425,182.21361127014939,204378100.0,,,,,
2025-12-09,,,,,,NVDA,,,,,,,,,,,,,,,,184.53817749023438,185.2864265695677,182.89203560496765,185.12679644575,144719700.0,,,,,
2025-12-10,,,,,,NVDA,,,,,,,,,,,,,,,,183.35096740722656,185.0469957406681,181.61502392815055,184.53819180758595,162785400.0,,,,,
2025-12-11,,,,,,NVDA,,,,,,,,,,,,,,,,180.5076141357422,180.896718300432,176.20767820623186,179.85913764092777,182136600.0,,,,,
2025-12-12,,,,,,NVDA,,,,,,,,,,,,,,,,174.61141967773438,182.39321360477518,174.21234434473615,180.6871989054384,204274900.0,,,,,
2025-12-15,,,,,,NVDA,,,,,,,,,,,,,,,,175.87843322753906,178.0034654802094,174.6213802569945,177.52459033283526,164775600.0,,,,,
2025-12-16,,,,,,NVDA,,,,,,,,,,,,,,,,177.3050994873047,178.0733061224419,174.4916756985292,175.84850127733236,148588100.0,,,,,
2025-12-17,,,,,,NVDA,,,,,,,,,,,,,,,,170.5409393310547,175.71882560019336,169.91240520818417,175.68889685369163,222775500.0,,,,,
2025-12-18,,,,,,NVDA,,,,,,,,,,,,,,,,173.73345947265625,175.7387615308714,171.41888356310693,174.1225483861358,176096000.0,,,,,
2025-12-19,,,,,,NVDA,,,,,,,,,,,,,,,,180.56747436523438,181.0263919449467,175.92832091222974,176.2575523358494,324925900.0,,,,,
2025-12-22,,,,,,NVDA,,,,,,,,,,,,,,,,183.26116943359375,183.73007341419415,181.9243013805983,183.49062822521734,129064400.0,,,,,
2025-12-23,,,,,,NVDA,,,,,,,,,,,,,,,,188.76828002929688,188.88799500778453,182.47299846788633,182.5428423541149,174873600.0,,,,,
2025-12-24,,,,,,NVDA,,,,,,,,,,,,,,,,188.169677734375,188.4689804086018,186.154389299292,187.50124372172942,65528500.0,,,,,
2025-12-26,,,,,,NVDA,,,,,,,,,,,,,,,,190.085205078125,192.240166195598,187.5611125998212,189.47662851874142,139740300.0,,,,,
2025-12-29,,,,,,NVDA,,,,,,,,,,,,,,,,187.7805938720703,188.31932652162573,185.47598909796272,187.2717899684254,120006100.0,,,,,
2025-12-30,,,,,,NVDA,,,,,,,,,,,,,,,,187.1021728515625,188.5487999407664,186.49359631469858,187.8005508490403,97687300.0,,,,,
2025-12-31,,,,,,NVDA,,,,,,,,,,,,,,,,186.06460571289062,190.11512498868174,186.05463453876877,189.12744593978846,120100500.0,,,,,
2026-01-02,,,,,,NVDA,,,,,,,,,,,,,,,,188.4091339111328,192.47959571470966,187.8204997023152,189.39681300359115,148240500.0,,,,,
2026-01-05,,,,,,NVDA,,,,,,,,,,,,,,,,187.68081665039062,193.17796293683364,185.7154145267434,191.31231822272787,183529700.0,,,,,
2026-01-06,,,,,,NVDA,,,,,,,,,,,,,,,,186.80288696289062,191.72137039337454,186.3838692947835,190.07522846701318,176862600.0,,,,,
2026-01-07,,,,,,NVDA,,,,,,,,,,,,,,,,188.66851806640625,190.9232365533545,186.12446806753155,188.12978540958392,153543200.0,,,,,
2026-01-08,,,,,,NVDA,,,,,,,,,,,,,,,,184.60801696777344,189.10749810453436,183.28113525242415,188.66852284990722,172457000.0,,,,,
2026-01-09,,,,,,NVDA,,,,,,,,,,,,,,,,184.42843627929688,185.9049768874807,183.2412119543349,184.64792389684447,131327500.0,,,,,
2026-01-12,,,,,,NVDA,,,,,,,,,,,,,,,,184.5082550048828,186.6831584288149,182.59273912358015,182.79226917353867,137968500.0,,,,,
2026-01-13,,,,,,NVDA,,,,,,,,,,,,,,,,185.37620544433594,187.6708389078061,182.97182817799478,184.56809890645206,160128900.0,,,,,
2026-01-14,,,,,,NVDA,,,,,,,,,,,,,,,,182.7124481201172,184.02937380837906,180.37791464347094,183.88970125566945,159586100.0,,,,,
2026-01-15,,,,,,NVDA,,,,,,,,,,,,,,,,186.6133270263672,189.25713440169068,185.895006678512,186.06460797964908,206188600.0,,,,,
2026-01-16,,,,,,NVDA,,,,,,,,,,,,,,,,185.7952423095703,189.99542077422674,185.64559857342888,188.63859508159712,187967200.0,,,,,
2026-01-20,,,,,,NVDA,,,,,,,,,,,,,,,,177.654296875,181.95423259865512,177.1953640623503,181.4753422141945,223345300.0,,,,,
2026-01-21,,,,,,NVDA,,,,,,,,,,,,,,,,182.8920440673828,184.94723253133864,177.9835164834521,178.6320081827799,200381000.0,,,,,
2026-01-22,,,,,,NVDA,,,,,,,,,,,,,,,,184.40847778320312,185.7353746560278,183.5005985718231,184.31869154642928,139636600.0,,,,,
2026-01-23,,,,,,NVDA,,,,,,,,,,,,,,,,187.23187255859375,189.15737478680413,186.38386606278428,187.06227125943187,142748100.0,,,,,
2026-01-26,,,,,,NVDA,,,,,,,,,,,,,,,,186.03468322753906,188.6784906596197,185.55580805974404,186.7230748442759,124799600.0,,,,,
2026-01-27,,,,,,NVDA,,,,,,,,,,,,,,,,188.07989501953125,189.55643562401056,185.2664711415707,186.80288446054914,143711600.0,,,,,
2026-01-28,,,,,,NVDA,,,,,,,,,,,,,,,,191.07289123535156,191.9009553855833,189.3968053634026,190.82347487286611,148552700.0,,,,,
2026-01-29,,,,,,NVDA,,,,,,,,,,,,,,,,192.06057739257812,193.0283141326731,185.62563804704834,190.89331059974717,171764400.0,,,,,
2026-01-30,,,,,,NVDA,,,,,,,,,,,,,,,,190.68380737304688,194.0359639826301,189.0276790286862,190.76362243793778,179489500.0,,,,,
2026-02-02,,,,,,NVDA,,,,,,,,,,,,,,,,185.1766815185547,189.8557348322644,184.44839001538193,186.7629659025267,165794100.0,,,,,
2026-02-03,,,,,,NVDA,,,,,,,,,,,,,,,,179.9189910888672,185.83515536968403,175.8185853097543,185.8052266227915,204019600.0,,,,,
2026-02-04,,,,,,NVDA,,,,,,,,,,,,,,,,173.78335571289062,179.16077214377114,171.50867959294058,179.04105715530034,207014100.0,,,,,
2026-02-05,,,,,,NVDA,,,,,,,,,,,,,,,,171.47874450683594,176.40721432559468,170.63072277473634,174.52161198787914,206312900.0,,,,,
2026-02-06,,,,,,NVDA,,,,,,,,,,,,,,,,184.97715759277344,186.56344202919422,174.19239634754115,176.27751351666032,231346200.0,,,,,
2026-02-09,,,,,,NVDA,,,,,,,,,,,,,,,,189.59632873535156,193.20788788877485,183.5205500126207,183.8298238555102,196387400.0,,,,,
2026-02-10,,,,,,NVDA,,,,,,,,,,,,,,,,188.09983825683594,192.0306425866914,187.6808205923615,190.93321971968697,136764800.0,,,,,
2026-02-11,,,,,,NVDA,,,,,,,,,,,,,,,,189.6063232421875,192.80882083578368,188.329312674443,192.00071425091673,144192700.0,,,,,
2026-02-12,,,,,,NVDA,,,,,,,,,,,,,,,,186.5035858154297,193.1580126884611,186.07458174632154,192.5793648877844,189932500.0,,,,,
2026-02-13,,,,,,NVDA,,,,,,,,,,,,,,,,182.38320922851562,187.0622623874058,181.16605622339495,187.04230481693136,161888000.0,,,,,
2026-02-17,,,,,,NVDA,,,,,,,,,,,,,,,,184.53817749023438,186.71308084037668,178.76168607280786,181.3256935584433,162276900.0,,,,,
2026-02-18,,,,,,NVDA,,,,,,,,,,,,,,,,187.5411376953125,189.92555739322245,186.3239846890322,188.3093443160685,164749100.0,,,,,
2026-02-19,,,,,,NVDA,,,,,,,,,,,,,,,,187.46133422851562,187.9900957055448,185.22657333636724,186.62329889395997,126554500.0,,,,,
2026-02-20,,,,,,NVDA,,,,,,,,,,,,,,,,189.37686157226562,189.88566546751952,185.5059147845697,186.13444888465776,178422300.0,,,,,
2026-02-23,,,,,,NVDA,,,,,,,,,,,,,,,,191.10281372070312,193.49720463285962,189.13741163084848,190.9531547742145,171584800.0,,,,,
2026-02-24,,,,,,NVDA,,,,,,,,,,,,,,,,192.39979553222656,193.31764595479845,186.96250644177093,191.04296985904048,175123600.0,,,,,
2026-02-25,,,,,,NVDA,,,,,,,,,,,,,,,,195.10345458984375,197.16862939564908,193.33758246616242,193.9960453222018,250637100.0,,,,,
2026-02-26,,,,,,NVDA,,,,,,,,,,,,,,,,184.4583740234375,193.83642365132246,183.8897126034445,193.81648130196652,360807900.0,,,,,
2026-02-27,,,,,,NVDA,,,,,,,,,,,,,,,,176.77635192871094,182.16373952566906,175.96824531148394,180.82687141264745,311636500.0,,,,,
2026-03-02,,,,,,NVDA,,,,,,,,,,,,,,,,182.05398559570312,183.03170868955394,174.23229218389588,174.6014235260267,209095300.0,,,,,
2026-03-03,,,,,,NVDA,,,,,,,,,,,,,,,,179.62966918945312,180.4776756968921,176.50697142699124,178.07331350693755,178099400.0,,,,,
2026-03-04,,,,,,NVDA,,,,,,,,,,,,,,,,182.6126708984375,184.26879914121506,179.6396322236537,180.01874995283958,177731200.0,,,,,
2026-03-05,,,,,,NVDA,,,,,,,,,,,,,,,,182.91197204589844,183.63029235671348,177.46472744924466,180.74703993972415,198779700.0,,,,,
2026-03-06,,,,,,NVDA,,,,,,,,,,,,,,,,177.40489196777344,182.33334690173646,176.40722643712078,179.4201653790109,189021900.0,,,,,
2026-03-09,,,,,,NVDA,,,,,,,,,,,,,,,,182.22360229492188,182.4830050745951,175.1501573668019,176.4171968477281,177213600.0,,,,,
2026-03-10,,,,,,NVDA,,,,,,,,,,,,,,,,184.33865356445312,186.00475307627937,181.5850871183009,181.97417604353973,179118500.0,,,,,
2026-03-11,,,,,,NVDA,,,,,,,,,,,,,,,,185.60574340820312,187.1921136401388,184.02934488988058,185.4860219488843,145280400.0,,,,,
2026-03-12,,,,,,NVDA,,,,,,,,,,,,,,,,182.7223358154297,184.5182338343672,181.3355064165816,183.63026415055788,155762700.0,,,,,
2026-03-13,,,,,,NVDA,,,,,,,,,,,,,,,,179.8389434814453,185.66562182453413,179.52965286608148,184.49829181300376,160988400.0,,,,,
2026-03-16,,,,,,NVDA,,,,,,,,,,,,,,,,182.80215454101562,188.44925014875608,180.99628481489137,182.55272468439094,217307400.0,,,,,
2026-03-17,,,,,,NVDA,,,,,,,,,,,,,,,,181.51510620117188,184.9771941770484,181.2656763194747,184.63797319169822,182497800.0,,,,,
2026-03-18,,,,,,NVDA,,,,,,,,,,,,,,,,179.98858642578125,182.96180140975886,179.91875397930713,182.06384475172882,156683100.0,,,,,
2026-03-19,,,,,,NVDA,,,,,,,,,,,,,,,,178.15277099609375,179.56953069628346,175.3890840362079,177.6040222894031,170968500.0,,,,,
2026-03-20,,,,,,NVDA,,,,,,,,,,,,,,,,172.30615234375,177.85347025510498,171.32839150930033,177.59406866914642,241323500.0,,,,,
2026-03-23,,,,,,NVDA,,,,,,,,,,,,,,,,175.23944091796875,177.96321071223454,174.36144294367455,176.85574153065542,182836300.0,,,,,
2026-03-24,,,,,,NVDA,,,,,,,,,,,,,,,,174.80044555664062,175.81812366395545,173.58322660302642,174.4312942297872,147667800.0,,,,,
2026-03-25,,,,,,NVDA,,,,,,,,,,,,,,,,178.2725067138672,180.8067226806179,176.44669348987364,176.69612335614488,162602100.0,,,,,
2026-03-26,,,,,,NVDA,,,,,,,,,,,,,,,,170.8494873046875,176.10745794358192,170.74970926821888,175.66847416549638,186152200.0,,,,,
2026-03-27,,,,,,NVDA,,,,,,,,,,,,,,,,167.13796997070312,170.58009909933227,166.629123297364,169.61230999497113,196212700.0,,,,,
2026-03-30,,,,,,NVDA,,,,,,,,,,,,,,,,164.79331970214844,169.0635577295173,163.89537828689438,168.3950875250076,185627000.0,,,,,
2026-03-31,,,,,,NVDA,,,,,,,,,,,,,,,,174.00225830078125,174.22175778800025,166.57923870897636,166.58921042239905,226181300.0,,,,,
2026-04-01,,,,,,NVDA,,,,,,,,,,,,,,,,175.34918212890625,176.9654826629128,174.35146274268203,175.5986119754623,168132000.0,,,,,
2026-04-02,,,,,,NVDA,,,,,,,,,,,,,,,,176.98545837402344,177.0852364118599,170.97918282725632,171.78733317216196,143143200.0,,,,,
2026-04-06,,,,,,NVDA,,,,,,,,,,,,,,,,177.23487854003906,177.3845303646084,175.35916114415525,176.75597747742694,107564300.0,,,,,
2026-04-07,,,,,,NVDA,,,,,,,,,,,,,,,,177.69383239746094,177.8235255680002,173.26395579650787,175.32922705160684,132534900.0,,,,,
2026-04-08,,,,,,NVDA,,,,,,,,,,,,,,,,181.66476440429688,184.83750503722598,179.8888249511496,184.079243714486,147732700.0,,,,,
2026-04-09,,,,,,NVDA,,,,,,,,,,,,,,,,183.4906005859375,183.66021107746678,180.2080948395415,181.42531387192042,116428500.0,,,,,
2026-04-10,,,,,,NVDA,,,,,,,,,,,,,,,,188.1998291015625,189.56669990817062,183.87970195572368,183.88967366981893,160459500.0,,,,,
2026-04-13,,,,,,NVDA,,,,,,,,,,,,,,,,188.87826538085938,189.2274732756209,185.3164148846483,185.605746824658,133648200.0,,,,,
2026-04-14,,,,,,NVDA,,,,,,,,,,,,,,,,196.0618438720703,196.0618438720703,190.33494396561244,190.40477641072036,161307000.0,,,,,
2026-04-15,,,,,,NVDA,,,,,,,,,,,,,,,,198.41647338867188,199.94298301571828,195.2936216855987,196.09178511161633,185338400.0,,,,,
2026-04-16,,,,,,NVDA,,,,,,,,,,,,,,,,197.8976593017578,199.39423847906178,195.36344336942167,196.97974400923295,134012900.0,,,,,
2026-04-17,,,,,,NVDA,,,,,,,,,,,,,,,,201.2200469970703,201.2400056483541,198.8155547450397,199.44410763257105,160324400.0,,,,,
2026-04-20,,,,,,NVDA,,,,,,,,,,,,,,,,201.59918212890625,201.70893187328167,197.38880498867078,199.52392392325544,119381400.0,,,,,
2026-04-21,,,,,,NVDA,,,,,,,,,,,,,,,,199.42417907714844,202.28762917830338,198.54618104306965,201.66904795828867,107945300.0,,,,,
2026-04-22,,,,,,NVDA,,,,,,,,,,,,,,,,202.03819274902344,202.03819274902344,198.54617460274403,200.53164182940822,107501000.0,,,,,
2026-04-23,,,,,,NVDA,,,,,,,,,,,,,,,,199.18470764160156,203.3651545152774,196.77022843278436,201.99828375930824,113561800.0,,,,,
2026-04-24,,,,,,NVDA,,,,,,,,,,,,,,,,207.79502868652344,210.46890943516505,199.35431566144254,199.50398270942756,214134400.0,,,,,
2026-04-27,,,,,,NVDA,,,,,,,,,,,,,,,,216.1160125732422,216.33551207209098,206.90706623150768,209.17187844164343,187172400.0,,,,,
2026-04-28,,,,,,NVDA,,,,,,,,,,,,,,,,212.68385314941406,214.2402930542568,207.72518626919629,209.01225288404052,180275400.0,,,,,
2026-04-29,,,,,,NVDA,,,,,,,,,,,,,,,,208.77279663085938,212.23488436877426,207.10660696252424,212.2149257168926,123711800.0,,,,,
2026-04-30,,,,,,NVDA,,,,,,,,,,,,,,,,199.1148681640625,209.82039307402036,198.24684193288383,209.45122654333912,225239200.0,,,,,
2026-05-01,,,,,,NVDA,,,,,,,,,,,,,,,,197.9974365234375,202.5370634031337,196.6704677294345,200.82098460367052,128647000.0,,,,,
2026-05-04,,,,,,NVDA,,,,,,,,,,,,,,,,198.02734375,201.2699318245734,194.29588290907526,199.04502180842945,125368100.0,,,,,
2026-05-05,,,,,,NVDA,,,,,,,,,,,,,,,,196.05186462402344,199.7833407086998,195.58293528206713,198.84548202478717,113406600.0,,,,,
2026-05-06,,,,,,NVDA,,,,,,,,,,,,,,,,207.3560333251953,207.7950323152332,198.15705885791613,199.43413852494058,188362800.0,,,,,
2026-05-07,,,,,,NVDA,,,,,,,,,,,,,,,,211.01766967773438,213.7115092245668,206.02907228582575,207.86487247229027,168307900.0,,,,,
2026-05-08,,,,,,NVDA,,,,,,,,,,,,,,,,214.709228515625,217.30330524675068,212.40449895841255,212.5441790763045,136421400.0,,,,,
2026-05-11,,,,,,NVDA,,,,,,,,,,,,,,,,218.93955993652344,221.79303819063418,213.40221390900197,213.55186573785767,160685800.0,,,,,
2026-05-12,,,,,,NVDA,,,,,,,,,,,,,,,,220.27650451660156,223.23973257586303,214.42986778297353,218.05159434962442,159176600.0,,,,,
2026-05-13,,,,,,NVDA,,,,,,,,,,,,,,,,225.3149871826172,227.32039781394542,221.0647077692387,224.41703053540263,150405400.0,,,,,
2026-05-14,,,,,,NVDA,,,,,,,,,,,,,,,,235.202392578125,236.00055597235212,228.77707677625682,229.32582552778115,180782900.0,,,,,
2026-05-15,,,,,,NVDA,,,,,,,,,,,,,,,,224.80615234375,230.97205119780003,223.72861351776262,229.23601388526635,180977600.0,,,,,
2026-05-18,,,,,,NVDA,,,,,,,,,,,,,,,,221.81300354003906,229.4754818886306,217.8719993892805,229.34577348371204,146280900.0,,,,,
2026-05-19,,,,,,NVDA,,,,,,,,,,,,,,,,220.1068878173828,223.96805720569674,217.41304835521052,219.11914008419038,140948200.0,,,,,
2026-05-20,,,,,,NVDA,,,,,,,,,,,,,,,,222.9603729248047,225.61431038954527,219.9971448577806,222.6710257508039,184201600.0,,,,,
2026-05-21,,,,,,NVDA,,,,,,,,,,,,,,,,219.0093994140625,226.8814055684356,217.43300079554024,221.78305837384474,203381800.0,,,,,
2026-05-22,,,,,,NVDA,,,,,,,,,,,,,,,,214.83892822265625,220.50596731800164,214.3101381389001,220.39621757095847,169275700.0,,,,,
2026-05-26,,,,,,NVDA,,,,,,,,,,,,,,,,214.37001037597656,217.68243116855118,211.5165320236786,216.04617181279934,187202600.0,,,,,
2026-05-27,,,,,,NVDA,,,,,,,,,,,,,,,,212.1151580810547,213.66161102691768,208.30386252985457,213.63168066177133,167601200.0,,,,,
2026-05-28,,,,,,NVDA,,,,,,,,,,,,,,,,213.7613983154297,215.0285063161196,210.73830951283205,210.79817024571656,143996000.0,,,,,
2026-05-29,,,,,,NVDA,,,,,,,,,,,,,,,,210.6584930419922,217.36316924965476,210.64852132770383,214.09065053210412,289410600.0,,,,,
2026-06-01,,,,,,NVDA,,,,,,,,,,,,,,,,223.8483428955078,224.35717434911126,215.20808855445495,215.23801892090273,212850700.0,,,,,
2026-06-02,,,,,,NVDA,,,,,,,,,,,,,,,,222.3118438720703,231.75026086454594,220.84519513709748,226.66188583823322,193362900.0,,,,,
2026-06-03,,,,,,NVDA,,,,,,,,,,,,,,,,214.26025390625,222.31185725112735,214.02079575535723,221.2143597561905,160907000.0,,,,,
2026-06-04,,,,,,NVDA,,,,,,,,,,,,,,,,218.4156036376953,221.35231998810906,210.73419644348996,213.67091279390368,169022200.0,,,,,
2026-06-05,,,,,,NVDA,,,,,,,,,,,,,,,,204.87075805664062,214.62982678346356,204.10161444712602,214.2902104723603,219655500.0,,,,,
2026-06-08,,,,,,NVDA,,,,,,,,,,,,,,,,208.40679931640625,210.23475572682116,205.76975069388217,209.94507132882276,138372800.0,,,,,
2026-06-09,,,,,,NVDA,,,,,,,,,,,,,,,,207.95730590820312,211.16370951624515,199.11719156565087,210.3845825512031,180962500.0,,,,,
2026-06-10,,,,,,NVDA,,,,,,,,,,,,,,,,200.19598388671875,206.98838641050182,199.696542748819,204.20149632565034,161746600.0,,,,,
2026-06-11,,,,,,NVDA,,,,,,,,,,,,,,,,204.64100646972656,205.43013200106668,199.31696212361035,201.26479475008583,158643200.0,,,,,
2026-06-12,,,,,,NVDA,,,,,,,,,,,,,,,,204.96066284179688,206.83856645475237,203.21261880599855,204.6310298517525,112001800.0,,,,,
2026-06-15,,,,,,NVDA,,,,,,,,,,,,,,,,212.21253967285156,212.47225882321928,208.10713284720606,208.68648640498938,149936700.0,,,,,
2026-06-16,,,,,,NVDA,,,,,,,,,,,,,,,,207.1781768798828,211.25361840198772,207.05830064217733,210.94395209283806,125694100.0,,,,,
2026-06-17,,,,,,NVDA,,,,,,,,,,,,,,,,204.42124938964844,208.9761653200819,202.8530121596522,208.29691745433288,128363500.0,,,,,
2026-06-18,,,,,,NVDA,,,,,,,,,,,,,,,,210.4545135498047,211.1537281092123,206.26919428756833,207.09826842291386,241272000.0,,,,,
2026-06-22,,,,,,NVDA,,,,,,,,,,,,,,,,208.41677856445312,213.7508214450341,207.48782537372824,211.2036686200953,122041400.0,,,,,
2026-06-23,,,,,,NVDA,,,,,,,,,,,,,,,,199.81640625,203.54224815949766,199.77645766483005,201.94403040148535,153496200.0,,,,,
2026-06-24,,,,,,NVDA,,,,,,,,,,,,,,,,198.77757263183594,201.44458647582786,196.36027935647695,199.89631590195674,151810700.0,,,,,
2026-06-25,,,,,,NVDA,,,,,,,,,,,,,,,,195.52122497558594,200.5755669254449,191.9152592982058,199.85637045714446,149550000.0,,,,,
2026-06-26,,,,,,NVDA,,,,,,,,,,,,,,,,192.31480407714844,195.33143282930595,191.0062707295152,192.90414096411192,179304100.0,,,,,
2026-06-29,,,,,,NVDA,,,,,,,,,,,,,,,,194.7520751953125,195.96071419295149,189.58785574691487,193.63333194293918,148835700.0,,,,,
2026-06-30,,,,,,NVDA,,,,,,,,,,,,,,,,199.86634826660156,200.4057532237791,194.89191886651452,197.0195429632178,166476700.0,,,,,
2026-07-01,,,,,,NVDA,,,,,,,,,,,,,,,,197.35916137695312,199.62662840490702,193.23377271109229,195.98069896251877,146147600.0,,,,,
2026-07-02,,,,,,NVDA,,,,,,,,,,,,,,,,194.61224365234375,199.8363939026278,192.1350197738411,196.9196593659626,142068700.0,,,,,
2026-07-06,,,,,,NVDA,,,,,,,,,,,,,,,,195.33143615722656,197.32920075051607,193.77318221313826,194.20269428466304,108999000.0,,,,,
2026-07-07,,,,,,NVDA,,,,,,,,,,,,,,,,196.7098846435547,198.18824142626735,190.92636281467173,192.15498377986222,124154600.0,,,,,
2026-07-08,,,,,,NVDA,,,,,,,,,,,,,,,,203.891845703125,204.93069180759116,194.84197470333905,194.9618356993413,147419100.0,,,,,
2026-07-09,,,,,,NVDA,,,,,,,,,,,,,,,,202.5533447265625,204.36131918975943,198.73762239526957,204.23147485952867,132037400.0,,,,,
2026-07-10,,,,,,NVDA,,,,,,,,,,,,,,,,210.72421264648438,210.7641612313501,201.69430829342895,201.7742207048944,148421000.0,,,,,
2026-07-13,,,,,,NVDA,,,,,,,,,,,,,,,,203.30250549316406,210.33464515051216,202.77309911383117,208.3069001369788,121411000.0,,,,,
2026-07-14,,,,,,NVDA,,,,,,,,,,,,,,,,211.5632781982422,212.31243993744155,203.57221964678251,207.96729575339148,124379600.0,,,,,
2026-07-15,,,,,,NVDA,,,,,,,,,,,,,,,,212.26248168945312,213.57101502024952,205.80969553973085,211.7230919717581,124797200.0,,,,,
2026-07-16,,,,,,NVDA,,,,,,,,,,,,,,,,207.16818237304688,210.84407715298516,205.61992700554663,209.93509060438328,122986100.0,,,,,
2026-07-17,,,,,,NVDA,,,,,,,,,,,,,,,,202.58331298828125,206.41901728963356,197.74872640584337,202.41350482950477,144281900.0,,,,,
2026-07-20,,,,,,NVDA,,,,,,,,,,,,,,,,203.05279541015625,207.50781723343968,202.05391309694542,205.63989694335598,88701500.0,,,,,
2026-07-21,,,,,,NVDA,,,,,,,,,,,,,,,,207.0583038330078,208.4167843613107,203.78197113093626,207.30802440628602,108685600.0,,,,,
2026-07-22,,,,,,NVDA,,,,,,,,,,,,,,,,211.82298278808594,214.15038042761168,204.72092886821054,205.57996827489498,137645600.0,,,,,
2026-07-23,,,,,,NVDA,,,,,,,,,,,,,,,,208.5266571044922,210.63429930291466,205.72979894313582,209.22588688656515,110505300.0,,,,,
2026-07-24,,,,,,NVDA,,,,,,,,,,,,,,,,206.6088104248047,211.6731509810223,204.5810805834776,207.21812923496972,114836800.0,,,,,
2026-07-27,,,,,,NVDA,,,,,,,,,,,,,,,,196.2903594970703,208.51668459839084,195.22156333884286,207.96729627325774,154353700.0,,,,,
2026-07-28,,,,,,NVDA,,,,,,,,,,,,,,,,196.789794921875,198.47790843456414,192.52457850774027,194.78204700134697,134111500.0,,,,,
2026-07-29,,,,,,NVDA,,,,,,,,,,,,,,,,189.79762268066406,196.84974460884015,189.79762268066406,195.63110696844683,147680800.0,,,,,
2026-07-30,,,,,,NVDA,,,,,,,,,,,,,,,,194.82199096679688,197.02952748682713,191.3059363552755,193.23377181769484,129010200.0,,,,,
2026-07-31,,,,,,NVDA,,,,,,,,,,,,,,,,200.52561950683594,201.77422236802423,194.73209918257555,198.2182038580375,139961200.0,,,,,
2026-08-03,,,,,,NVDA,,,,,,,,,,,,,,,,206.40904235839844,208.50670133078404,196.62999113475112,197.46904862701152,128406900.0,,,,,
2026-08-04,,,,,,NVDA,,,,,,,,,,,,,,,,211.70310974121094,212.82185300096492,208.8163406042335,211.06382570110384,134922000.0,,,,,
2026-08-05,,,,,,NVDA,,,,,,,,,,,,,,,,218.9749755859375,221.9716224388697,216.15812022814887,216.6176127852948,158187400.0,,,,,
2026-08-06,,,,,,NVDA,,,,,,,,,,,,,,,,218.7452392578125,223.38005249670454,216.75745800384053,221.28239358061882,113940600.0,,,,,
2026-08-07,,,,,,NVDA,,,,,,,,,,,,,,,,223.70968627929688,224.50877992471257,220.41337164588714,221.29237770419127,105669400.0,,,,,
2026-08-10,,,,,,NVDA,,,,,,,,,,,,,,,,217.3068389892578,223.88946943306019,216.5277120448001,223.15029107269072,115846600.0,,,,,
2026-08-11,,,,,,NVDA,,,,,,,,,,,,,,,,217.25689697265625,221.9516406634887,215.95834695389817,221.92167541427946,101273100.0,,,,,
2026-08-12,,,,,,NVDA,,,,,,,,,,,,,,,,223.8395233154297,224.84840415873398,219.95387191061064,220.7929293559802,108783600.0,,,,,
2026-08-13,,,,,,NVDA,,,,,,,,,,,,,,,,225.04818725585938,226.97602279610956,223.45996804263754,224.80845001468583,98867200.0,,,,,
2026-08-14,,,,,,NVDA,,,,,,,,,,,,,,,,224.90834045410156,227.23573802273873,224.24907448357243,226.51654155338588,75680900.0,,,,,
2026-08-17,,,,,,NVDA,,,,,,,,,,,,,,,,224.7584991455078,227.66525027466162,224.60867289832842,225.72741618855906,93678700.0,,,,,
2026-08-18,,,,,,NVDA,,,,,,,,,,,,,,,,219.49440002441406,221.39227027986857,218.44557057093272,220.20359791537197,103128200.0,,,,,
2026-08-19,,,,,,NVDA,,,,,,,,,,,,,,,,217.31683349609375,222.62089613745684,216.51772459764655,221.4222404106533,96797300.0,,,,,
2026-08-20,,,,,,NVDA,,,,,,,,,,,,,,,,216.60763549804688,219.6142657707553,215.41896310784705,218.1159423024499,92457000.0,,,,,
2026-08-21,,,,,,NVDA,,,,,,,,,,,,,,,,214.48001098632812,218.49552214328025,214.26025565862156,218.17587248780362,98869300.0,,,,,
2026-08-24,,,,,,NVDA,,,,,,,,,,,,,,,,208.24697875976562,215.34903256074918,207.01835779182306,215.28910206110334,135187300.0,,,,,
2026-08-25,,,,,,NVDA,,,,,,,,,,,,,,,,212.81187438964844,214.48998931653267,209.87515802586688,210.79412790131315,122309000.0,,,,,
2026-08-26,,,,,,NVDA,,,,,,,,,,,,,,,,209.4256591796875,213.3612577394914,208.99613188036045,212.40232405945306,179900000.0,,,,,
2026-08-27,,,,,,NVDA,,,,,,,,,,,,,,,,227.7251739501953,230.21239627098788,220.6530857022795,222.61090164325523,298909800.0,,,,,
2026-08-28,,,,,,NVDA,,,,,,,,,,,,,,,,217.3068389892578,229.00374173344596,216.56766062888835,227.10587153371227,195116400.0,,,,,
2026-08-31,,,,,,NVDA,,,,,,,,,,,,,,,,220.53323364257812,221.05265670783686,215.96834944345454,218.62536478578363,124702700.0,,,,,
2026-09-01,,,,,,NVDA,,,,,,,,,,,,,,,,217.1969757080078,220.1636574397174,214.8595947199138,216.50774446342592,109756200.0,,,,,
2026-09-02,,,,,,NVDA,,,,,,,,,,,,,,,,224.1591796875,227.6952163087265,218.23579974693772,218.5454508199983,157104700.0,,,,,
2026-09-03,,,,,,NVDA,,,,,,,,,,,,,,,,228.1946563720703,230.14247379152744,224.49879494304554,225.76737972053164,134681600.0,,,,,
2026-09-04,,,,,,NVDA,,,,,,,,,,,,,,,,230.10252380371094,234.49759976142684,229.37334400327853,230.83170360414334,135352400.0,,,,,
2026-09-08,,,,,,NVDA,,,,,,,,,,,,,,,,225.47769165039062,233.44878317831424,224.59868561283858,232.84944771666764,122965600.0,,,,,
2026-09-09,,,,,,NVDA,,,,,,,,,,,,,,,,223.4199981689453,225.92718720955042,223.21024142511232,225.0281992525124,82955500.0,,,,,
2026-09-10,,,,,,NVDA,,,,,,,,,,,,,,,,218.36000061035156,220.99000549316406,217.1999969482422,220.52999877929688,105768000.0,,,,,
2026-09-11,,,,,,NVDA,,,,,,,,,,,,,,,,218.2899932861328,222.0,218.14999389648438,221.24000549316406,89060100.0,,,,,
2026-09-14,,,,,,NVDA,,,,,,,,,,,,,,,,210.9600067138672,212.77000427246094,208.92999267578125,211.24000549316406,132267200.0,,,,,
2026-09-15,,,,,,NVDA,,,,,,,,,,,,,,,,212.1699981689453,213.94000244140625,211.16000366210938,213.3800048828125,88059700.0,,,,,
2026-09-16,,,,,,NVDA,,,,,,,,,,,,,,,,213.89999389648438,216.75999450683594,212.5,214.13999938964844,96563600.0,,,,,
2026-09-17,,,,,,NVDA,,,,,,,,,,,,,,,,219.33999633789062,219.91000366210938,217.14999389648438,218.3800048828125,94191300.0,,,,,
2026-09-18,,,,,,NVDA,,,,,,,,,,,,,,,,222.27000427246094,222.72999572753906,218.02999877929688,219.35000610351562,190287400.0,,,,,
2026-09-21,,,,,,NVDA,,,,,,,,,,,,,,,,227.3800048828125,228.5,221.55999755859375,222.94000244140625,109806100.0,,,,,
2026-09-22,,,,,,NVDA,,,,,,,,,,,,,,,,228.8699951171875,229.97999572753906,226.5,226.85000610351562,95746700.0,,,,,
2026-09-23,,,,,,NVDA,,,,,,,,,,,,,,,,225.50999450683594,228.9499969482422,224.02000427246094,228.02999877929688,89547300.0,,,,,
2026-09-24,,,,,,NVDA,,,,,,,,,,,,,,,,224.5800018310547,224.94000244140625,221.08999633789062,222.0800018310547,77469900.0,,,,,
2026-09-25,,,,,,NVDA,,,,,,,,,,,,,,,,225.07000732421875,226.94000244140625,223.1300048828125,225.1300048828125,89808400.0,,,,,
2021-09-27,,,,,,MSFT,,,,,,,,,,,,,,,,,,,,,282.3229675292969,284.5303284068583,281.14249251178086,284.21363131308823,23571700.0
2021-09-28,,,,,,MSFT,,,,,,,,,,,,,,,,,,,,,272.101806640625,279.06943449757966,271.36282734522354,278.1288914309859,43186200.0
2021-09-29,,,,,,MSFT,,,,,,,,,,,,,,,,,,,,,272.5624694824219,275.22090274300496,271.6123491195883,273.6181750458724,26353700.0
2021-09-30,,,,,,MSFT,,,,,,,,,,,,,,,,,,,,,270.5663757324219,276.2383391909567,270.2784399241369,274.20372168206217,32343600.0
2021-10-01,,,,,,MSFT,,,,,,,,,,,,,,,,,,,,,277.4571838378906,278.301748595393,269.96171554788884,270.7582763645691,30086300.0
2021-10-04,,,,,,MSFT,,,,,,,,,,,,,,,,,,,,,271.7084045410156,276.1615536435043,268.9635982922401,275.8256432027342,31350700.0
2021-10-05,,,,,,MSFT,,,,,,,,,,,,,,,,,,,,,277.1308898925781,278.7048275786298,272.6105528079684,272.6105528079684,24993000.0
2021-10-06,,,,,,MSFT,,,,,,,,,,,,,,,,,,,,,281.30572509765625,281.80480216296934,274.0118192269219,274.2709351187543,28002600.0
2021-10-07,,,,,,MSFT,,,,,,,,,,,,,,,,,,,,,282.9755554199219,284.69347521548,282.08301620161416,283.29225249177205,20430500.0
2021-10-08,,,,,,MSFT,,,,,,,,,,,,,,,,,,,,,282.9755554199219,284.69347521548,281.9294563433223,284.29037692639525,17685700.0
2021-10-11,,,,,,MSFT,,,,,,,,,,,,,,,,,,,,,282.38055419921875,285.9699246769011,280.960147351055,281.1233138675637,19298600.0
2021-10-12,,,,,,MSFT,,,,,,,,,,,,,,,,,,,,,281.0849609375,283.5418606976777,280.57630659547624,283.4458821015579,17974100.0
2021-10-13,,,,,,MSFT,,,,,,,,,,,,,,,,,,,,,284.3768005371094,285.30773721131357,281.6703624588803,283.0331881435553,23416300.0
2021-10-14,,,,,,MSFT,,,,,,,,,,,,,,,,,,,,,290.55743408203125,291.05648172385895,285.83556297646015,287.1599913093113,27262900.0
2021-10-15,,,,,,MSFT,,,,,,,,,,,,,,,,,,,,,291.9586486816406,292.1890031616516,288.4172524202229,290.1639632249141,25384800.0
2021-10-18,,,,,,MSFT,,,,,,,,,,,,,,,,,,,,,294.9145812988281,295.79751392665924,290.4998302940227,291.34439492137415,22729300.0
2021-10-19,,,,,,MSFT,,,,,,,,,,,,,,,,,,,,,295.8167724609375,296.84365846900545,294.8474384623916,295.9319350570906,17682100.0
2021-10-20,,,,,,MSFT,,,,,,,,,,,,,,,,,,,,,295.0297546386719,297.2275382211196,293.7820916523756,296.75725195686545,16537100.0
2021-10-21,,,,,,MSFT,,,,,,,,,,,,,,,,,,,,,298.2449035644531,298.49441277839924,294.0220794692839,294.7994856279611,16918100.0
2021-10-22,,,,,,MSFT,,,,,,,,,,,,,,,,,,,,,296.70928955078125,298.56155617287357,295.40404521926826,297.8993420062516,17449300.0
2021-10-25,,,,,,MSFT,,,,,,,,,,,,,,,,,,,,,295.7208251953125,296.93966851845744,294.1180674595812,296.9012712194873,17554500.0
2021-10-26,,,,,,MSFT,,,,,,,,,,,,,,,,,,,,,297.6210632324219,299.81884727726106,296.1718947099922,298.4752347150335,28107300.0
2021-10-27,,,,,,MSFT,,,,,,,,,,,,,,,,,,,,,310.1550598144531,312.9670535510442,303.2738027325777,303.2738027325777,52588700.0
2021-10-28,,,,,,MSFT,,,,,,,,,,,,,,,,,,,,,311.2875671386719,311.78661480927093,308.41796248920383,311.2683538472866,26297900.0
2021-10-29,,,,,,MSFT,,,,,,,,,,,,,,,,,,,,,318.2647705078125,318.62947157711153,310.8556743947785,311.0764222231841,34766000.0
2021-11-01,,,,,,MSFT,,,,,,,,,,,,,,,,,,,,,316.1053466796875,318.1399636800593,313.2261650477916,318.0151944565091,27073200.0
2021-11-02,,,,,,MSFT,,,,,,,,,,,,,,,,,,,,,319.7138977050781,320.02101741036,316.7099471564869,317.00746021830776,26487100.0
2021-11-03,,,,,,MSFT,,,,,,,,,,,,,,,,,,,,,320.54888916015625,321.4126377941951,317.3337971387141,320.45291058114077,21500100.0
2021-11-04,,,,,,MSFT,,,,,,,,,,,,,,,,,,,,,322.8906555175781,322.98663410539643,316.2397523503642,319.48363531417436,23992200.0
2021-11-05,,,,,,MSFT,,,,,,,,,,,,,,,,,,,,,322.5259094238281,325.1459751338179,320.951972099872,324.8772526985791,22570100.0
2021-11-08,,,,,,MSFT,,,,,,,,,,,,,,,,,,,,,323.4185791015625,324.05200280193054,320.9712855538975,323.71609230026496,20897000.0
2021-11-09,,,,,,MSFT,,,,,,,,,,,,,,,,,,,,,322.42034912109375,325.07878279395607,321.0575236753706,323.53360684587807,21307400.0
2021-11-10,,,,,,MSFT,,,,,,,,,,,,,,,,,,,,,317.47772216796875,321.15349346911216,316.63318689786576,321.0959121845267,25500900.0
2021-11-11,,,,,,MSFT,,,,,,,,,,,,,,,,,,,,,319.0421447753906,320.3281758647958,317.19948472941286,317.9096735712425,16849800.0
2021-11-12,,,,,,MSFT,,,,,,,,,,,,,,,,,,,,,323.1593933105469,323.6488636296379,320.34739921433277,320.47216845555636,23831000.0
2021-11-15,,,,,,MSFT,,,,,,,,,,,,,,,,,,,,,322.5355529785156,324.27265700662844,320.57770113283607,323.9463532471072,16723000.0
2021-11-16,,,,,,MSFT,,,,,,,,,,,,,,,,,,,,,325.8370361328125,326.95032335349225,321.99812680159425,322.16126404658087,20886800.0
2021-11-17,,,,,,MSFT,,,,,,,,,,,,,,,,,,,,,326.0581359863281,329.0098960712893,324.9812796361216,325.8850760747881,19053400.0
2021-11-18,,,,,,MSFT,,,,,,,,,,,,,,,,,,,,,328.12530517578125,329.2598774584323,324.1351564442823,325.1543261152059,22463500.0
2021-11-19,,,,,,MSFT,,,,,,,,,,,,,,,,,,,,,329.89447021484375,331.8078416400719,329.01954636756113,329.44260130183307,21963400.0
2021-11-22,,,,,,MSFT,,,,,,,,,,,,,,,,,,,,,326.7407531738281,336.20177166262135,326.4715391090011,331.34626493417426,31031100.0
2021-11-23,,,,,,MSFT,,,,,,,,,,,,,,,,,,,,,324.6736755371094,326.3755197666998,320.7123690134607,324.0679363599428,30427600.0
2021-11-24,,,,,,MSFT,,,,,,,,,,,,,,,,,,,,,324.8947448730469,325.13511563845185,321.04881262656716,323.3275227878649,21661300.0
2021-11-26,,,,,,MSFT,,,,,,,,,,,,,,,,,,,,,316.98175048828125,324.9139862915625,315.4818391564863,321.4718896050423,24217200.0
2021-11-29,,,,,,MSFT,,,,,,,,,,,,,,,,,,,,,323.66400146484375,325.97155461447386,321.84678465390203,322.0390929755921,28563500.0
2021-11-30,,,,,,MSFT,,,,,,,,,,,,,,,,,,,,,317.8566589355469,324.7697239982536,316.31828027928486,322.40448405275345,42885600.0
2021-12-01,,,,,,MSFT,,,,,,,,,,,,,,,,,,,,,317.3663024902344,326.21195801552415,316.70290620086416,322.22180934894953,33337600.0
2021-12-02,,,,,,MSFT,,,,,,,,,,,,,,,,,,,,,316.799072265625,320.64500484816296,315.17416340213174,317.577871266218,30766000.0
2021-12-03,,,,,,MSFT,,,,,,,,,,,,,,,,,,,,,310.56866455078125,319.8854381080619,305.7804681645628,319.20276398285586,41779300.0
2021-12-06,,,,,,MSFT,,,,,,,,,,,,,,,,,,,,,313.62615966796875,314.83763770524575,306.9342458292847,311.47244701692887,30032600.0
2021-12-07,,,,,,MSFT,,,,,,,,,,,,,,,,,,,,,322.0198974609375,322.8659778487916,317.3855423848686,318.8662344123449,31021900.0
2021-12-08,,,,,,MSFT,,,,,,,,,,,,,,,,,,,,,322.0680236816406,322.5776085960502,318.05862588929494,322.394924443513,24761000.0
2021-12-09,,,,,,MSFT,,,,,,,,,,,,,,,,,,,,,320.26995849609375,323.52937025532185,319.32769469493525,321.52949874236566,22214200.0
2021-12-10,,,,,,MSFT,,,,,,,,,,,,,,,,,,,,,329.3464660644531,329.78874012403924,321.89497120742305,322.0776553641923,38095700.0
2021-12-13,,,,,,MSFT,,,,,,,,,,,,,,,,,,,,,326.327392578125,330.5483179150928,326.0197109116661,327.55808990182186,28899400.0
2021-12-14,,,,,,MSFT,,,,,,,,,,,,,,,,,,,,,315.6933898925781,321.75075164875943,311.6263053995195,320.38543259627,44438700.0
2021-12-15,,,,,,MSFT,,,,,,,,,,,,,,,,,,,,,321.76031494140625,322.279524033455,312.0012673025278,315.95294877643335,35381100.0
2021-12-16,,,,,,MSFT,,,,,,,,,,,,,,,,,,,,,312.38580322265625,323.7890062177765,310.57821058980744,322.7794315194058,35034800.0
2021-12-17,,,,,,MSFT,,,,,,,,,,,,,,,,,,,,,311.32818603515625,312.4050716507524,305.0304840740271,308.52067208536005,47750300.0
2021-12-20,,,,,,MSFT,,,,,,,,,,,,,,,,,,,,,307.5879821777344,310.36665235735023,305.33811582896186,307.7225745188773,28326500.0
2021-12-21,,,,,,MSFT,,,,,,,,,,,,,,,,,,,,,314.683837890625,315.10689283678283,307.4823089268054,310.8379051743816,24740600.0
2021-12-22,,,,,,MSFT,,,,,,,,,,,,,,,,,,,,,320.3661193847656,320.7603015592964,313.20305992289275,315.6548296221217,24831500.0
2021-12-23,,,,,,MSFT,,,,,,,,,,,,,,,,,,,,,321.7987976074219,323.43333069819255,319.91429885047023,319.93351795028815,19617800.0
2021-12-27,,,,,,MSFT,,,,,,,,,,,,,,,,,,,,,329.2599182128906,329.2887615338592,322.5102876848739,322.5391310058425,19947000.0
2021-12-28,,,,,,MSFT,,,,,,,,,,,,,,,,,,,,,328.1061096191406,330.567504020854,327.21193737349995,329.9329216504245,15661500.0
2021-12-29,,,,,,MSFT,,,,,,,,,,,,,,,,,,,,,328.7790832519531,331.03854455105443,326.5964983307497,328.15409590492106,15042000.0
2021-12-30,,,,,,MSFT,,,,,,,,,,,,,,,,,,,,,326.2503967285156,329.913644365541,325.76965526074713,328.7406340105007,15994500.0
2021-12-31,,,,,,MSFT,,,,,,,,,,,,,,,,,,,,,323.365966796875,326.28885396518314,322.91406861710993,325.47161689597885,18000800.0
2022-01-03,,,,,,MSFT,,,,,,,,,,,,,,,,,,,,,321.8564147949219,324.9812343560376,317.07784340008425,322.4333104284771,28865100.0
2022-01-04,,,,,,MSFT,,,,,,,,,,,,,,,,,,,,,316.3375244140625,322.28910640339575,313.5588245196175,321.9333330536582,32674300.0
2022-01-05,,,,,,MSFT,,,,,,,,,,,,,,,,,,,,,304.19403076171875,313.5108044365724,303.8094433864934,313.308871857317,40054300.0
2022-01-06,,,,,,MSFT,,,,,,,,,,,,,,,,,,,,,301.7903137207031,306.42466920650463,299.49235507622586,301.08842050942394,39646100.0
2022-01-07,,,,,,MSFT,,,,,,,,,,,,,,,,,,,,,301.944091796875,304.30933146545493,298.1462226847042,302.0498408294342,32720000.0
2022-01-10,,,,,,MSFT,,,,,,,,,,,,,,,,,,,,,302.165283203125,302.597962334878,292.95428801782003,297.56939515988586,44289500.0
2022-01-11,,,,,,MSFT,,,,,,,,,,,,,,,,,,,,,302.84796142578125,304.4151542522141,297.95401590280085,301.30958257691026,29386800.0
2022-01-12,,,,,,MSFT,,,,,,,,,,,,,,,,,,,,,306.01123046875,310.9532679259109,304.86706317706137,307.35733034753923,34372200.0
2022-01-13,,,,,,MSFT,,,,,,,,,,,,,,,,,,,,,293.0600280761719,308.5206922774309,292.2908533568236,308.1264806975711,45366000.0
2022-01-14,,,,,,MSFT,,,,,,,,,,,,,,,,,,,,,298.2521057128906,298.8482206128136,292.0505272250826,292.53126883368355,39846400.0
2022-01-18,,,,,,MSFT,,,,,,,,,,,,,,,,,,,,,290.9927673339844,297.8673635749171,290.1178144535563,292.35808583826685,42333200.0
2022-01-19,,,,,,MSFT,,,,,,,,,,,,,,,,,,,,,291.6466979980469,301.8192070990576,291.0409882048272,294.49270951204926,45933900.0
2022-01-20,,,,,,MSFT,,,,,,,,,,,,,,,,,,,,,289.98333740234375,299.64623177263644,289.54106334856164,297.1656180407453,35380700.0
2022-01-21,,,,,,MSFT,,,,,,,,,,,,,,,,,,,,,284.62786865234375,292.39663994676283,284.22403280045586,291.0313502433303,57984400.0
2022-01-24,,,,,,MSFT,,,,,,,,,,,,,,,,,,,,,284.9547424316406,285.6662305381032,265.4173987440913,280.9453743252705,85731500.0
2022-01-25,,,,,,MSFT,,,,,,,,,,,,,,,,,,,,,277.3782958984375,283.6279370796621,274.1861937797464,280.2915889984612,72848600.0
2022-01-26,,,,,,MSFT,,,,,,,,,,,,,,,,,,,,,285.2816162109375,296.61750913568017,281.7433657696805,296.1271434101873,90428900.0
2022-01-27,,,,,,MSFT,,,,,,,,,,,,,,,,,,,,,288.2911071777344,295.4637633356451,286.45467082104994,291.0024967310887,53481300.0
2022-01-28,,,,,,MSFT,,,,,,,,,,,,,,,,,,,,,296.3868408203125,296.5983683124137,283.10875927077944,288.66613137183003,49743700.0
2022-01-31,,,,,,MSFT,,,,,,,,,,,,,,,,,,,,,299.001953125,300.3480232729952,294.5695018415929,297.0501440748749,46444500.0
2022-02-01,,,,,,MSFT,,,,,,,,,,,,,,,,,,,,,296.8675537109375,298.6655225486515,293.37736510025144,298.45399507702996,40950400.0
2022-02-02,,,,,,MSFT,,,,,,,,,,,,,,,,,,,,,301.3865051269531,302.98257070424955,296.9829251353378,297.70403751014493,36636000.0
2022-02-03,,,,,,MSFT,,,,,,,,,,,,,,,,,,,,,289.64678955078125,299.24240163998115,288.4064681116785,297.5694010605456,43730000.0
2022-02-04,,,,,,MSFT,,,,,,,,,,,,,,,,,,,,,294.1561584472656,296.9059861831538,288.41610284488047,288.6468494123292,35096500.0
2022-02-07,,,,,,MSFT,,,,,,,,,,,,,,,,,,,,,289.3583984375,295.9830028319127,288.3488234105986,294.3773422215108,28533300.0
2022-02-08,,,,,,MSFT,,,,,,,,,,,,,,,,,,,,,292.82928466796875,293.7907677485287,288.3968617508122,289.6467780186861,32421200.0
2022-02-09,,,,,,MSFT,,,,,,,,,,,,,,,,,,,,,299.22314453125,299.9154135304483,295.5503014236904,297.9347607103794,31284700.0
2022-02-10,,,,,,MSFT,,,,,,,,,,,,,,,,,,,,,290.73321533203125,297.2136009412112,289.1179310391646,292.3292805293152,45386200.0
2022-02-11,,,,,,MSFT,,,,,,,,,,,,,,,,,,,,,283.6759948730469,292.5697139503908,282.8875716532668,291.5120766241171,39175600.0
2022-02-14,,,,,,MSFT,,,,,,,,,,,,,,,,,,,,,283.637451171875,285.3296704395343,280.1280445088522,282.4548166597546,36359500.0
2022-02-15,,,,,,MSFT,,,,,,,,,,,,,,,,,,,,,288.8967590332031,289.2140354696684,285.579631395878,288.45448512893597,27058300.0
2022-02-16,,,,,,MSFT,,,,,,,,,,,,,,,,,,,,,288.55963134765625,289.8795822189875,282.9522217719727,287.4709041609937,29982100.0
2022-02-17,,,,,,MSFT,,,,,,,,,,,,,,,,,,,,,280.1099853515625,285.958233038907,279.40664080865434,285.53430336959343,32461600.0
2022-02-18,,,,,,MSFT,,,,,,,,,,,,,,,,,,,,,277.4122619628906,283.12563925409984,275.85144328731116,282.34522991631013,34264000.0
2022-02-22,,,,,,MSFT,,,,,,,,,,,,,,,,,,,,,277.2099304199219,280.8903974019096,274.1075520292779,274.58928762159644,41736100.0
2022-02-23,,,,,,MSFT,,,,,,,,,,,,,,,,,,,,,270.03204345703125,281.04454083688285,269.8682698302373,279.58004589911764,37811200.0
2022-02-24,,,,,,MSFT,,,,,,,,,,,,,,,,,,,,,283.82891845703125,284.37810398388814,261.60163542289047,262.55549170711595,56989700.0
2022-02-25,,,,,,MSFT,,,,,,,,,,,,,,,,,,,,,286.44964599609375,286.75796386461934,280.9963949831395,284.35892976880194,32546700.0
2022-02-28,,,,,,MSFT,,,,,,,,,,,,,,,,,,,,,287.8756103515625,288.2128312016405,282.29710305164537,283.5592481567503,34627500.0
2022-03-01,,,,,,MSFT,,,,,,,,,,,,,,,,,,,,,284.17584228515625,289.01245712557574,281.47810528267394,285.5728578838848,31217800.0
2022-03-02,,,,,,MSFT,,,,,,,,,,,,,,,,,,,,,289.22442626953125,290.4576682481348,282.9715074955346,284.57084383733564,31873000.0
2022-03-03,,,,,,MSFT,,,,,,,,,,,,,,,,,,,,,285.1104431152344,292.0570630305392,283.3087270663971,291.8258393249391,27314500.0
2022-03-04,,,,,,MSFT,,,,,,,,,,,,,,,,,,,,,279.271728515625,284.8598787290603,276.68001821827283,283.53992798121607,32356500.0
2022-03-07,,,,,,MSFT,,,,,,,,,,,,,,,,,,,,,268.7217102050781,279.10792679805024,268.35558650691434,277.99029686784587,43157200.0
2022-03-08,,,,,,MSFT,,,,,,,,,,,,,,,,,,,,,265.7735290527344,273.58726615536074,260.1372168079997,267.6522801991081,48159500.0
2022-03-09,,,,,,MSFT,,,,,,,,,,,,,,,,,,,,,277.9614562988281,279.0212805569592,270.52345705468474,273.0862941142346,35204500.0
2022-03-10,,,,,,MSFT,,,,,,,,,,,,,,,,,,,,,275.1577453613281,276.1308607136372,270.33074508462164,272.6816172407287,30628000.0
2022-03-11,,,,,,MSFT,,,,,,,,,,,,,,,,,,,,,269.83935546875,278.9345249185214,269.22271985726513,277.441127086034,27209300.0
2022-03-14,,,,,,MSFT,,,,,,,,,,,,,,,,,,,,,266.342041015625,274.9747366839514,265.74469344120354,270.099573663449,30660700.0
2022-03-15,,,,,,MSFT,,,,,,,,,,,,,,,,,,,,,276.6607360839844,277.3062746946172,268.5483254301358,270.10914399569396,34245100.0
2022-03-16,,,,,,MSFT,,,,,,,,,,,,,,,,,,,,,283.63629150390625,283.80970925762125,272.8550467725236,278.54913550581284,37826300.0
2022-03-17,,,,,,MSFT,,,,,,,,,,,,,,,,,,,,,284.4359130859375,284.81165149082653,278.79960179018684,282.5764210911027,30816600.0
2022-03-18,,,,,,MSFT,,,,,,,,,,,,,,,,,,,,,289.45562744140625,290.00481304770483,282.0369173074508,284.58046582678224,43390600.0
2022-03-21,,,,,,MSFT,,,,,,,,,,,,,,,,,,,,,288.2320556640625,289.17626805109586,284.1276588300462,287.9719290179041,28351200.0
2022-03-22,,,,,,MSFT,,,,,,,,,,,,,,,,,,,,,292.9530029296875,293.85866806216893,287.856232880349,288.8486068783485,27599700.0
2022-03-23,,,,,,MSFT,,,,,,,,,,,,,,,,,,,,,288.54998779296875,292.1533901687108,286.84465430957243,289.53274726035676,25715400.0
2022-03-24,,,,,,MSFT,,,,,,,,,,,,,,,,,,,,,292.9916687011719,293.0880217250497,287.42280499368326,288.212858625541,24484500.0
2022-03-25,,,,,,MSFT,,,,,,,,,,,,,,,,,,,,,292.5869445800781,294.3404693263562,288.3573210468133,294.0803426717011,22566500.0
2022-03-28,,,,,,MSFT,,,,,,,,,,,,,,,,,,,,,299.3505859375,299.44690955852997,293.2132482120886,293.2132482120886,29578200.0
2022-03-29,,,,,,MSFT,,,,,,,,,,,,,,,,,,,,,303.8883972167969,304.28342386238455,297.7607062548544,302.44319069026733,30393400.0
2022-03-30,,,,,,MSFT,,,,,,,,,,,,,,,,,,,,,302.39508056640625,304.40876140768165,300.1983672332794,302.298756961056,28163600.0
2022-03-31,,,,,,MSFT,,,,,,,,,,,,,,,,,,,,,297.0477600097656,303.6282838118876,296.6431186303352,302.43355970417105,33422100.0
2022-04-01,,,,,,MSFT,,,,,,,,,,,,,,,,,,,,,298.11724853515625,298.8013048013512,294.37897586444814,298.0690573372068,27110500.0
2022-04-04,,,,,,MSFT,,,,,,,,,,,,,,,,,,,,,303.4645080566406,303.5993787276326,298.39664041936675,298.76276415932574,24289600.0
2022-04-05,,,,,,MSFT,,,,,,,,,,,,,,,,,,,,,299.5238342285156,303.36807366097713,298.55071922318655,301.82651436032455,23156700.0
2022-04-06,,,,,,MSFT,,,,,,,,,,,,,,,,,,,,,288.55963134765625,295.7856655216376,285.8715384021488,294.04178495987475,40110400.0
2022-04-07,,,,,,MSFT,,,,,,,,,,,,,,,,,,,,,290.3612976074219,292.5580106672026,285.5246829888432,285.8233566950077,31411200.0
2022-04-08,,,,,,MSFT,,,,,,,,,,,,,,,,,,,,,286.1221008300781,290.1205012315101,285.45730321650933,289.4653477407742,24361900.0
2022-04-11,,,,,,MSFT,,,,,,,,,,,,,,,,,,,,,274.8398132324219,281.9213032700954,274.58930130303617,281.13127920546333,34569300.0
2022-04-12,,,,,,MSFT,,,,,,,,,,,,,,,,,,,,,271.7567138671875,280.119637735793,270.24405686204636,278.6744307786593,30966700.0
2022-04-13,,,,,,MSFT,,,,,,,,,,,,,,,,,,,,,277.1136169433594,278.03854117973947,271.0244711313333,272.40225746800036,21907200.0
2022-04-14,,,,,,MSFT,,,,,,,,,,,,,,,,,,,,,269.6081237792969,277.7783698621316,269.1167734779353,277.56640502923614,28221600.0
2022-04-18,,,,,,MSFT,,,,,,,,,,,,,,,,,,,,,270.2729187011719,272.14205510022083,268.17255863306326,268.7217442498862,20778000.0
2022-04-19,,,,,,MSFT,,,,,,,,,,,,,,,,,,,,,274.87823486328125,275.7164792411384,268.2399356794026,269.1745036246196,22297700.0
2022-04-20,,,,,,MSFT,,,,,,,,,,,,,,,,,,,,,275.8996276855469,279.11764770587973,274.94580050630236,278.8285886738467,22906700.0
2022-04-21,,,,,,MSFT,,,,,,,,,,,,,,,,,,,,,270.55230712890625,282.5860513093376,269.82970383090816,278.03846671115735,29454600.0
2022-04-22,,,,,,MSFT,,,,,,,,,,,,,,,,,,,,,264.02001953125,272.8550636325426,263.393769113378,271.39056854763874,29405800.0
2022-04-25,,,,,,MSFT,,,,,,,,,,,,,,,,,,,,,270.4656066894531,270.8413451266627,260.8790575428307,263.30702351755633,35678900.0
2022-04-26,,,,,,MSFT,,,,,,,,,,,,,,,,,,,,,260.3492431640625,268.19188507903243,260.137278279722,267.3633137874921,46518400.0
2022-04-27,,,,,,MSFT,,,,,,,,,,,,,,,,,,,,,272.874267578125,280.3411680957989,268.96257753012264,271.7951847238902,63477700.0
2022-04-28,,,,,,MSFT,,,,,,,,,,,,,,,,,,,,,279.0501708984375,280.35086291082894,271.1785981856094,274.77235637930573,33646600.0
2022-04-29,,,,,,MSFT,,,,,,,,,,,,,,,,,,,,,267.3824768066406,279.2909943451643,266.3997469147851,278.0673672865681,37073900.0
2022-05-02,,,,,,MSFT,,,,,,,,,,,,,,,,,,,,,274.0785827636719,274.5314152870126,266.12994741338053,267.56550972229473,35151100.0
2022-05-03,,,,,,MSFT,,,,,,,,,,,,,,,,,,,,,271.48687744140625,273.7510403407447,269.91641488989063,273.5872373213016,25978600.0
2022-05-04,,,,,,MSFT,,,,,,,,,,,,,,,,,,,,,279.38739013671875,280.25450833918546,266.62139669213593,272.26732383050563,33599300.0
2022-05-05,,,,,,MSFT,,,,,,,,,,,,,,,,,,,,,267.2186584472656,275.8898964970235,264.31860164617336,275.10948742476916,43260400.0
2022-05-06,,,,,,MSFT,,,,,,,,,,,,,,,,,,,,,264.69439697265625,269.04927528391744,261.36076616080453,264.7714617150036,37780300.0
2022-05-09,,,,,,MSFT,,,,,,,,,,,,,,,,,,,,,254.9151611328125,262.4109648333538,253.701207586284,260.1949931476496,47726000.0
2022-05-10,,,,,,MSFT,,,,,,,,,,,,,,,,,,,,,259.655517578125,263.7502706382624,255.38734673917406,261.765522095456,39336400.0
2022-05-11,,,,,,MSFT,,,,,,,,,,,,,,,,,,,,,251.0323944091797,261.44751510704526,249.82805548109343,255.97500607449467,48975900.0
2022-05-12,,,,,,MSFT,,,,,,,,,,,,,,,,,,,,,246.02236938476562,250.3868926130945,240.88706627938942,248.27688839647124,51033800.0
2022-05-13,,,,,,MSFT,,,,,,,,,,,,,,,,,,,,,251.5815887451172,253.43146634006962,246.0223706452165,247.94931299700548,34925100.0
2022-05-16,,,,,,MSFT,,,,,,,,,,,,,,,,,,,,,251.94772338867188,256.10992610515103,246.43666684818785,250.46396948086246,32550900.0
2022-05-17,,,,,,MSFT,,,,,,,,,,,,,,,,,,,,,257.0733337402344,258.52815492499775,252.87258498124666,256.38924817495007,28828800.0
2022-05-18,,,,,,MSFT,,,,,,,,,,,,,,,,,,,,,245.36892700195312,254.56254010236933,244.10384241044304,253.98310507106706,31356000.0
2022-05-19,,,,,,MSFT,,,,,,,,,,,,,,,,,,,,,244.46112060546875,248.83582357923467,243.24432488041336,245.19505877898175,32692300.0
2022-05-20,,,,,,MSFT,,,,,,,,,,,,,,,,,,,,,243.90101623535156,249.67600344933274,237.9908442252686,248.4205560699694,39199300.0
2022-05-23,,,,,,MSFT,,,,,,,,,,,,,,,,,,,,,251.71365356445312,252.53451735450935,244.74118884717117,246.73057447845937,33175400.0
2022-05-24,,,,,,MSFT,,,,,,,,,,,,,,,,,,,,,250.71902465820312,252.37038972196692,244.80885119101075,249.0483558963192,29043900.0
2022-05-25,,,,,,MSFT,,,,,,,,,,,,,,,,,,,,,253.51959228515625,255.5089636207459,248.31440168457397,249.289783654333,28547900.0
2022-05-26,,,,,,MSFT,,,,,,,,,,,,,,,,,,,,,256.7836608886719,257.9521680064266,252.46691284814418,253.2781100641193,25002100.0
2022-05-27,,,,,,MSFT,,,,,,,,,,,,,,,,,,,,,263.87200927734375,263.96858669067194,258.38675406725025,259.27522501006564,26910800.0
2022-05-31,,,,,,MSFT,,,,,,,,,,,,,,,,,,,,,262.54888916015625,265.3494563053648,259.70968516934204,263.18626449189804,37827700.0
2022-06-01,,,,,,MSFT,,,,,,,,,,,,,,,,,,,,,263.0801696777344,268.1694785962378,260.7817625947678,265.76485697863757,25292200.0
2022-06-02,,,,,,MSFT,,,,,,,,,,,,,,,,,,,,,265.1660461425781,265.23365327445924,252.63108267756797,255.38337667898296,44008200.0
2022-06-03,,,,,,MSFT,,,,,,,,,,,,,,,,,,,,,260.762451171875,264.0748772583433,259.20766358686035,261.04251687853196,28059000.0
2022-06-06,,,,,,MSFT,,,,,,,,,,,,,,,,,,,,,259.5360107421875,264.77983823030496,258.05846737616287,262.73252632143885,22400300.0
2022-06-07,,,,,,MSFT,,,,,,,,,,,,,,,,,,,,,263.1573791503906,263.76578441208926,256.8222901054273,257.49830250093424,22860700.0
2022-06-08,,,,,,MSFT,,,,,,,,,,,,,,,,,,,,,261.1390075683594,263.64020598603173,260.3664178533954,262.39442533216015,17372300.0
2022-06-09,,,,,,MSFT,,,,,,,,,,,,,,,,,,,,,255.71170043945312,263.36014725410655,255.5571824924227,258.5991790544163,26439700.0
2022-06-10,,,,,,MSFT,,,,,,,,,,,,,,,,,,,,,244.31631469726562,251.6460754214227,243.8720791834992,251.6460754214227,31422800.0
2022-06-13,,,,,,MSFT,,,,,,,,,,,,,,,,,,,,,233.9541473388672,240.48239119497188,233.24917940412797,236.70644141538565,46135800.0
2022-06-14,,,,,,MSFT,,,,,,,,,,,,,,,,,,,,,236.1077117919922,237.3148557778769,233.2298699199791,235.49930650770008,28651500.0
2022-06-15,,,,,,MSFT,,,,,,,,,,,,,,,,,,,,,243.12841796875,246.54705752984734,237.97150308982546,239.79670396205796,33111700.0
2022-06-16,,,,,,MSFT,,,,,,,,,,,,,,,,,,,,,236.5712432861328,238.93724247462407,234.68810167633953,237.5466102902709,33169200.0
2022-06-17,,,,,,MSFT,,,,,,,,,,,,,,,,,,,,,239.15936279296875,241.91165700040483,235.6634784930398,236.31050590715876,43084800.0
2022-06-21,,,,,,MSFT,,,,,,,,,,,,,,,,,,,,,245.04058837890625,246.01595545881753,240.95560233610817,241.67988876042264,29928300.0
2022-06-22,,,,,,MSFT,,,,,,,,,,,,,,,,,,,,,244.4514923095703,248.35298995386094,241.7861089374633,243.254000161548,25939900.0
2022-06-23,,,,,,MSFT,,,,,,,,,,,,,,,,,,,,,249.9850616455078,250.4775859053946,244.9343892207619,246.80787935964423,25861400.0
2022-06-24,,,,,,MSFT,,,,,,,,,,,,,,,,,,,,,258.52203369140625,258.79243283430566,252.74704478148087,252.83395563405963,33923200.0
2022-06-27,,,,,,MSFT,,,,,,,,,,,,,,,,,,,,,255.8082733154297,259.1013356957246,254.25345676244666,259.01442487792315,24615100.0
2022-06-28,,,,,,MSFT,,,,,,,,,,,,,,,,,,,,,247.68666076660156,257.7590638663584,247.53214278827687,254.9295252245594,27295500.0
2022-06-29,,,,,,MSFT,,,,,,,,,,,,,,,,,,,,,251.33702087402344,252.98838543989126,246.99128819672805,248.75854859461052,20069800.0
2022-06-30,,,,,,MSFT,,,,,,,,,,,,,,,,,,,,,248.02462768554688,250.63207057542505,244.22937393334024,248.23708621339836,31730900.0
2022-07-01,,,,,,MSFT,,,,,,,,,,,,,,,,,,,,,250.68032836914062,250.86381660731956,245.88073757874744,247.599724121051,22837700.0
2022-07-05,,,,,,MSFT,,,,,,,,,,,,,,,,,,,,,253.83822631835938,253.96377399992517,246.00627607080364,247.3775897790424,22941000.0
2022-07-06,,,,,,MSFT,,,,,,,,,,,,,,,,,,,,,257.0830383300781,258.8020102285566,253.4036657301254,254.70738716056056,23824400.0
2022-07-07,,,,,,MSFT,,,,,,,,,,,,,,,,,,,,,259.1979675292969,259.8353431316474,255.9338452648158,256.0304226841945,20859900.0
2022-07-08,,,,,,MSFT,,,,,,,,,,,,,,,,,,,,,258.48333740234375,258.9082544536916,254.26316663768768,255.71173945693104,19658800.0
2022-07-11,,,,,,MSFT,,,,,,,,,,,,,,,,,,,,,255.4413604736328,257.39209474736157,253.19122734678487,256.5422605778031,19455200.0
2022-07-12,,,,,,MSFT,,,,,,,,,,,,,,,,,,,,,244.9729461669922,256.822274498301,243.39882584810758,256.76433395035434,35868500.0
2022-07-13,,,,,,MSFT,,,,,,,,,,,,,,,,,,,,,244.05555725097656,244.85710267048802,239.60360939385333,241.61229886642806,29497400.0
2022-07-14,,,,,,MSFT,,,,,,,,,,,,,,,,,,,,,245.36892700195312,246.39258278636146,237.50800563214514,241.9792718550764,25102800.0
2022-07-15,,,,,,MSFT,,,,,,,,,,,,,,,,,,,,,247.9184112548828,251.44326589652985,246.03526953214475,246.9526960395664,29774100.0
2022-07-18,,,,,,MSFT,,,,,,,,,,,,,,,,,,,,,245.5330810546875,251.89714046464383,244.6156545937457,250.84451446983314,20975000.0
2022-07-19,,,,,,MSFT,,,,,,,,,,,,,,,,,,,,,250.63206481933594,250.81555306514318,244.98262500187312,248.748908389752,25012600.0
2022-07-20,,,,,,MSFT,,,,,,,,,,,,,,,,,,,,,253.27816772460938,255.78903366259863,250.03337812201053,250.98942693861642,22788300.0
2022-07-21,,,,,,MSFT,,,,,,,,,,,,,,,,,,,,,255.75999450683594,255.80829794667736,248.21776161035194,250.88314483137592,22404700.0
2022-07-22,,,,,,MSFT,,,,,,,,,,,,,,,,,,,,,251.43359375,256.23319944277154,250.1878423691355,256.1462886118709,21881300.0
2022-07-25,,,,,,MSFT,,,,,,,,,,,,,,,,,,,,,249.95608520507812,252.53455809641423,248.00535085353994,252.05170043274995,21056000.0
2022-07-26,,,,,,MSFT,,,,,,,,,,,,,,,,,,,,,243.26365661621094,250.97007463688564,241.01355313399756,250.9507414709721,39348000.0
2022-07-27,,,,,,MSFT,,,,,,,,,,,,,,,,,,,,,259.5262756347656,260.79136010238045,249.97536828625238,252.2061678876976,45994000.0
2022-07-28,,,,,,MSFT,,,,,,,,,,,,,,,,,,,,,266.9333801269531,268.3143459872542,258.68616288804407,260.50171243898495,33459300.0
2022-07-29,,,,,,MSFT,,,,,,,,,,,,,,,,,,,,,271.11480712890625,272.3316174034338,267.1457328087097,268.17905488402175,32152800.0
2022-08-01,,,,,,MSFT,,,,,,,,,,,,,,,,,,,,,268.478515625,271.63639399506593,266.38290049065427,268.2950273632756,21539600.0
2022-08-02,,,,,,MSFT,,,,,,,,,,,,,,,,,,,,,265.3978271484375,268.362579537139,263.04147997964446,266.53736387741355,22754200.0
2022-08-03,,,,,,MSFT,,,,,,,,,,,,,,,,,,,,,272.78558349609375,273.7802690088794,267.12647689627147,267.2713577584934,23518900.0
2022-08-04,,,,,,MSFT,,,,,,,,,,,,,,,,,,,,,273.9251708984375,274.070022316073,270.5645001241118,272.1385914908116,18098700.0
2022-08-05,,,,,,MSFT,,,,,,,,,,,,,,,,,,,,,273.21044921875,273.9250689272582,269.1254639343299,269.57935118815436,16774600.0
2022-08-08,,,,,,MSFT,,,,,,,,,,,,,,,,,,,,,270.70928955078125,276.11730051736697,269.74357435929414,274.3113883534034,18739200.0
2022-08-09,,,,,,MSFT,,,,,,,,,,,,,,,,,,,,,272.62139892578125,273.3746556298809,268.09219211802474,270.05262233660574,23405200.0
2022-08-10,,,,,,MSFT,,,,,,,,,,,,,,,,,,,,,279.2462158203125,279.8739248174104,277.1023268586765,278.29016718582943,24687800.0
2022-08-11,,,,,,MSFT,,,,,,,,,,,,,,,,,,,,,277.1795349121094,281.22588350260514,276.6870402559907,280.8782402159332,20065900.0
2022-08-12,,,,,,MSFT,,,,,,,,,,,,,,,,,,,,,281.90191650390625,281.90191650390625,277.10231096943915,278.58952057102715,22619700.0
2022-08-15,,,,,,MSFT,,,,,,,,,,,,,,,,,,,,,283.40838623046875,284.09403563819063,280.16356845958603,281.02306896793766,18085700.0
2022-08-16,,,,,,MSFT,,,,,,,,,,,,,,,,,,,,,282.6744689941406,283.958886627976,280.4630025536895,281.9791529178918,18102900.0
2022-08-17,,,,,,MSFT,,,,,,,,,,,,,,,,,,,,,281.9293518066406,283.8939138882916,280.1389803646201,280.4002663240658,18253400.0
2022-08-18,,,,,,MSFT,,,,,,,,,,,,,,,,,,,,,280.8163757324219,282.50027733774294,279.76148592010856,280.8357203997343,17186200.0
2022-08-19,,,,,,MSFT,,,,,,,,,,,,,,,,,,,,,276.9259338378906,279.9260110820991,276.35495606289055,279.58728744368415,20570000.0
2022-08-22,,,,,,MSFT,,,,,,,,,,,,,,,,,,,,,268.7967834472656,273.3549492553272,268.2838690742468,272.98719375507784,25061100.0
2022-08-23,,,,,,MSFT,,,,,,,,,,,,,,,,,,,,,267.5289306640625,269.87090517738073,266.5224469010499,267.5289306640625,17527400.0
2022-08-24,,,,,,MSFT,,,,,,,,,,,,,,,,,,,,,266.89990234375,268.29348622669727,266.24179973569437,266.53214693938304,18137000.0
2022-08-25,,,,,,MSFT,,,,,,,,,,,,,,,,,,,,,269.8612976074219,270.0258011315452,265.67085828538086,268.39027578883355,16583400.0
2022-08-26,,,,,,MSFT,,,,,,,,,,,,,,,,,,,,,259.4480895996094,271.3032096749944,259.34164963640063,270.08381644498274,27549300.0
2022-08-29,,,,,,MSFT,,,,,,,,,,,,,,,,,,,,,256.6802978515625,258.78033116845745,255.34477754961907,257.28030737067536,20338500.0
2022-08-30,,,,,,MSFT,,,,,,,,,,,,,,,,,,,,,254.4932098388672,258.44167876709264,252.25767464216207,258.0739528081768,22767100.0
2022-08-31,,,,,,MSFT,,,,,,,,,,,,,,,,,,,,,253.04150390625,258.4996828935802,252.9060026363371,256.8351555238569,24791800.0
2022-09-01,,,,,,MSFT,,,,,,,,,,,,,,,,,,,,,252.00607299804688,252.4802980682531,247.17693370181735,250.52539330104318,23263400.0
2022-09-02,,,,,,MSFT,,,,,,,,,,,,,,,,,,,,,247.80592346191406,256.20611724920184,246.26718053225406,253.2641326770218,22855400.0
2022-09-06,,,,,,MSFT,,,,,,,,,,,,,,,,,,,,,245.0865020751953,249.51885306650013,243.81873220604314,247.94142082307454,21328200.0
2022-09-07,,,,,,MSFT,,,,,,,,,,,,,,,,,,,,,249.77044677734375,250.4865833733889,245.0574363023817,246.48972426139284,24126700.0
2022-09-08,,,,,,MSFT,,,,,,,,,,,,,,,,,,,,,250.18661499023438,252.0350498159717,246.57685541782593,249.20919235362013,20319900.0
2022-09-09,,,,,,MSFT,,,,,,,,,,,,,,,,,,,,,255.93521118164062,256.68040938822054,251.8996462900946,252.10286874013727,22084700.0
2022-09-12,,,,,,MSFT,,,,,,,,,,,,,,,,,,,,,258.0545349121094,258.82876464312335,256.6125744929972,257.2125840758803,18747700.0
2022-09-13,,,,,,MSFT,,,,,,,,,,,,,,,,,,,,,243.86709594726562,252.00598798329736,243.47998110571493,250.49627701855277,33353300.0
2022-09-14,,,,,,MSFT,,,,,,,,,,,,,,,,,,,,,244.08969116210938,246.03489350941175,241.8057651557058,245.35746095813147,23913000.0
2022-09-15,,,,,,MSFT,,,,,,,,,,,,,,,,,,,,,237.4701690673828,243.29610345654862,236.15400813965698,241.71865662350373,31530900.0
2022-09-16,,,,,,MSFT,,,,,,,,,,,,,,,,,,,,,236.850830078125,237.3927761581187,234.2572119949683,236.38629220933913,39791800.0
2022-09-19,,,,,,MSFT,,,,,,,,,,,,,,,,,,,,,236.63790893554688,237.2379185278828,233.08621305250247,234.6539876734692,26826900.0
2022-09-20,,,,,,MSFT,,,,,,,,,,,,,,,,,,,,,234.63461303710938,235.66044153829108,231.91519584554464,234.26687239156138,26660300.0
2022-09-21,,,,,,MSFT,,,,,,,,,,,,,,,,,,,,,231.24745178222656,239.6766917207571,231.19906057717108,236.3959688481416,28625600.0
2022-09-22,,,,,,MSFT,,,,,,,,,,,,,,,,,,,,,233.2120361328125,235.99920442354707,229.91196827312697,230.2022859976419,31061200.0
2022-09-23,,,,,,MSFT,,,,,,,,,,,,,,,,,,,,,230.25067138671875,233.35720386281167,227.61834912688556,231.81844612716222,34176000.0
2022-09-26,,,,,,MSFT,,,,,,,,,,,,,,,,,,,,,229.7958221435547,233.66688257896323,229.26354838030127,229.4087220067833,27694200.0
2022-09-27,,,,,,MSFT,,,,,,,,,,,,,,,,,,,,,228.78932189941406,234.00557453802256,226.9408872481293,232.24423519066093,27018700.0
2022-09-28,,,,,,MSFT,,,,,,,,,,,,,,,,,,,,,233.2991485595703,234.51852731554808,227.16350637089323,229.1764596269769,29029700.0
2022-09-29,,,,,,MSFT,,,,,,,,,,,,,,,,,,,,,229.84417724609375,232.21519843693235,226.85378707356358,231.18936994540456,27484200.0
2022-09-30,,,,,,MSFT,,,,,,,,,,,,,,,,,,,,,225.3925018310547,232.78622712752662,225.22798352444488,230.6087554984579,35694800.0
2022-10-03,,,,,,MSFT,,,,,,,,,,,,,,,,,,,,,232.979736328125,233.8216870981845,227.09572373714803,227.82154744014306,28880400.0
2022-10-04,,,,,,MSFT,,,,,,,,,,,,,,,,,,,,,240.85736083984375,242.2896489224366,237.08306843402076,237.18952317598578,34888400.0
2022-10-05,,,,,,MSFT,,,,,,,,,,,,,,,,,,,,,241.16702270507812,242.50254306214893,236.23143031780648,238.0605054835281,20347100.0
2022-10-06,,,,,,MSFT,,,,,,,,,,,,,,,,,,,,,238.83473205566406,242.2703009633561,238.1476271342794,239.93798363059574,20239900.0
2022-10-07,,,,,,MSFT,,,,,,,,,,,,,,,,,,,,,226.6892852783203,233.54106344265196,225.65376961113512,233.13458913635256,37769600.0
2022-10-10,,,,,,MSFT,,,,,,,,,,,,,,,,,,,,,221.86012268066406,226.99895238528188,219.42135078516142,225.53763257488384,29743600.0
2022-10-11,,,,,,MSFT,,,,,,,,,,,,,,,,,,,,,218.1439208984375,221.67625738261597,216.8858233948525,220.28267336430167,30474000.0
2022-10-12,,,,,,MSFT,,,,,,,,,,,,,,,,,,,,,218.4729766845703,220.51496168634117,216.74068361052014,218.13425298449135,21903900.0
2022-10-13,,,,,,MSFT,,,,,,,,,,,,,,,,,,,,,226.6892852783203,228.48932881951694,212.0663551272384,212.76314712814823,42551800.0
2022-10-14,,,,,,MSFT,,,,,,,,,,,,,,,,,,,,,221.19236755371094,229.5925754900993,220.97945807089755,227.9473631652827,30198600.0
2022-10-17,,,,,,MSFT,,,,,,,,,,,,,,,,,,,,,229.8732147216797,231.2571263231049,227.5602570081076,228.21834487388986,28142300.0
2022-10-18,,,,,,MSFT,,,,,,,,,,,,,,,,,,,,,230.8119354248047,236.06689189792664,227.78282647347956,235.39914650154014,26329600.0
2022-10-19,,,,,,MSFT,,,,,,,,,,,,,,,,,,,,,228.85708618164062,231.88619566301972,226.73767825485612,229.39903227367395,19985700.0
2022-10-20,,,,,,MSFT,,,,,,,,,,,,,,,,,,,,,228.53768920898438,233.5313599425322,227.29895124255845,228.16994856599382,21811000.0
2022-10-21,,,,,,MSFT,,,,,,,,,,,,,,,,,,,,,234.31527709960938,235.166915097807,226.9409118947973,227.17318083073934,26299700.0
2022-10-24,,,,,,MSFT,,,,,,,,,,,,,,,,,,,,,239.27992248535156,239.850900353894,233.52172305739012,235.90241694894004,24911200.0
2022-10-25,,,,,,MSFT,,,,,,,,,,,,,,,,,,,,,242.57998657226562,242.9477272430807,237.90567969361152,239.28957660185964,34775500.0
2022-10-26,,,,,,MSFT,,,,,,,,,,,,,,,,,,,,,223.86343383789062,230.61843021635175,222.64404034026404,223.71826021026072,82543200.0
2022-10-27,,,,,,MSFT,,,,,,,,,,,,,,,,,,,,,219.4407501220703,226.1570426979962,218.5020167351225,223.5924561627655,40424600.0
2022-10-28,,,,,,MSFT,,,,,,,,,,,,,,,,,,,,,228.26675415039062,228.97323332024203,218.7633083498998,218.94718608542487,40647700.0
2022-10-31,,,,,,MSFT,,,,,,,,,,,,,,,,,,,,,224.64727783203125,227.34733548815285,223.69885756884622,226.22472462576297,28357300.0
2022-11-01,,,,,,MSFT,,,,,,,,,,,,,,,,,,,,,220.81491088867188,228.14089811809833,220.00199193356548,227.0376467456196,30592300.0
2022-11-02,,,,,,MSFT,,,,,,,,,,,,,,,,,,,,,213.0050811767578,223.84404616078317,212.94700287287873,222.0633621151271,38407000.0
2022-11-03,,,,,,MSFT,,,,,,,,,,,,,,,,,,,,,207.34368896484375,213.30512599326244,207.0823882325762,212.99543404880836,36633900.0
2022-11-04,,,,,,MSFT,,,,,,,,,,,,,,,,,,,,,214.25350952148438,214.4470595832424,206.55009302136054,210.53729517480699,36789100.0
2022-11-07,,,,,,MSFT,,,,,,,,,,,,,,,,,,,,,220.5246124267578,221.04721381188003,214.14704442988435,214.83416409790135,33498000.0
2022-11-08,,,,,,MSFT,,,,,,,,,,,,,,,,,,,,,221.4923858642578,224.18277156558537,218.56005889650208,221.3278675751174,28192500.0
2022-11-09,,,,,,MSFT,,,,,,,,,,,,,,,,,,,,,217.27291870117188,221.26012061364744,217.098728086194,220.04072724111327,27852900.0
2022-11-10,,,,,,MSFT,,,,,,,,,,,,,,,,,,,,,235.14755249023438,235.48627617138314,227.42479136911933,227.84092326094827,46268000.0
2022-11-11,,,,,,MSFT,,,,,,,,,,,,,,,,,,,,,239.14442443847656,239.99606241623323,234.1313937515766,235.15723711883936,34620200.0
2022-11-14,,,,,,MSFT,,,,,,,,,,,,,,,,,,,,,233.76364135742188,236.0475673740293,231.49907477577239,234.18946032496393,31123300.0
2022-11-15,,,,,,MSFT,,,,,,,,,,,,,,,,,,,,,234.17010498046875,239.03796188941354,232.29263846364998,237.74116029609917,31390100.0
2022-11-16,,,,,,MSFT,,,,,,,,,,,,,,,,,,,,,234.59710693359375,236.60603316606853,233.32576434985185,235.62582643468144,24093300.0
2022-11-17,,,,,,MSFT,,,,,,,,,,,,,,,,,,,,,234.548583984375,236.07226408161256,230.61810181463593,230.76366974368625,23123500.0
2022-11-18,,,,,,MSFT,,,,,,,,,,,,,,,,,,,,,234.10215759277344,236.547802374884,231.97677705188883,236.32457848011174,27613500.0
2022-11-21,,,,,,MSFT,,,,,,,,,,,,,,,,,,,,,234.9076690673828,237.45035420758848,234.0730450796648,234.30595375905,26394700.0
2022-11-22,,,,,,MSFT,,,,,,,,,,,,,,,,,,,,,237.7997283935547,238.0714650543678,233.6072093349116,236.40221710449453,19665700.0
2022-11-23,,,,,,MSFT,,,,,,,,,,,,,,,,,,,,,240.27452087402344,240.9538626225825,237.06219325627018,237.87740335454106,19508500.0
2022-11-25,,,,,,MSFT,,,,,,,,,,,,,,,,,,,,,240.18711853027344,241.3614057927524,239.44953498504466,240.0124222348377,9200800.0
2022-11-28,,,,,,MSFT,,,,,,,,,,,,,,,,,,,,,234.62625122070312,239.3719587460741,233.69458675417982,238.8187857456771,24778200.0
2022-11-29,,,,,,MSFT,,,,,,,,,,,,,,,,,,,,,233.23838806152344,235.62579053835145,231.1809493727878,234.27680699664614,17956300.0
2022-11-30,,,,,,MSFT,,,,,,,,,,,,,,,,,,,,,247.61141967773438,247.7958155951577,232.78229762918565,233.47135371926146,47594200.0
2022-12-01,,,,,,MSFT,,,,,,,,,,,,,,,,,,,,,247.17471313476562,248.56251016658027,243.51595261951238,246.37890225412923,26041500.0
2022-12-02,,,,,,MSFT,,,,,,,,,,,,,,,,,,,,,247.49496459960938,248.50427013338341,242.3222385687394,242.44840731366295,21528500.0
2022-12-05,,,,,,MSFT,,,,,,,,,,,,,,,,,,,,,242.8171844482422,246.33037684588194,240.7403313992676,244.57377324279298,23435300.0
2022-12-06,,,,,,MSFT,,,,,,,,,,,,,,,,,,,,,237.8870849609375,244.42820886485632,236.58662873937655,243.41890331596056,22463700.0
2022-12-07,,,,,,MSFT,,,,,,,,,,,,,,,,,,,,,237.15919494628906,238.89638442921668,235.06294286518101,237.60562791314456,20481500.0
2022-12-08,,,,,,MSFT,,,,,,,,,,,,,,,,,,,,,240.0997772216797,241.40024809384906,235.8878444020433,237.61531942592248,22611800.0
2022-12-09,,,,,,MSFT,,,,,,,,,,,,,,,,,,,,,238.17823791503906,240.98296029845363,236.95542284837845,237.47948221736485,20609700.0
2022-12-12,,,,,,MSFT,,,,,,,,,,,,,,,,,,,,,245.0590362548828,245.08814984287235,239.87661027319498,240.1483469667902,30665100.0
2022-12-13,,,,,,MSFT,,,,,,,,,,,,,,,,,,,,,249.3389129638672,256.13235956018696,245.60251141247596,253.96815091092603,42196900.0
2022-12-14,,,,,,MSFT,,,,,,,,,,,,,,,,,,,,,249.63006591796875,254.84160556776638,246.8059293712521,249.54272515265737,35410900.0
2022-12-15,,,,,,MSFT,,,,,,,,,,,,,,,,,,,,,241.6622772216797,246.6991345223688,240.04155689170804,246.23330237453274,35560400.0
2022-12-16,,,,,,MSFT,,,,,,,,,,,,,,,,,,,,,237.4697723388672,242.4678019516118,236.3245836806278,241.21587335248572,86102000.0
2022-12-19,,,,,,MSFT,,,,,,,,,,,,,,,,,,,,,233.35488891601562,237.97444210459676,231.66624165874438,237.63476384948163,29696400.0
2022-12-20,,,,,,MSFT,,,,,,,,,,,,,,,,,,,,,234.66505432128906,235.74230142731602,231.38478542376703,232.33586378495446,25150800.0
2022-12-21,,,,,,MSFT,,,,,,,,,,,,,,,,,,,,,237.21743774414062,238.37232600874938,233.02491849714485,234.55829818550004,23690600.0
2022-12-22,,,,,,MSFT,,,,,,,,,,,,,,,,,,,,,231.16156005859375,234.84943370848737,226.9690262734001,234.14096367729437,28651700.0
2022-12-23,,,,,,MSFT,,,,,,,,,,,,,,,,,,,,,231.6856231689453,231.82149149891836,227.03697155694044,229.1429380757911,21207000.0
2022-12-27,,,,,,MSFT,,,,,,,,,,,,,,,,,,,,,229.9678955078125,231.87975199416192,228.87123430992634,231.65654287895535,16688600.0
2022-12-28,,,,,,MSFT,,,,,,,,,,,,,,,,,,,,,227.6095428466797,232.64639991916565,227.26016504949752,229.8999051151991,17457100.0
2022-12-29,,,,,,MSFT,,,,,,,,,,,,,,,,,,,,,233.8983154296875,234.78146686926897,228.69647674233894,228.69647674233894,19770700.0
2022-12-30,,,,,,MSFT,,,,,,,,,,,,,,,,,,,,,232.74349975585938,232.87936810259998,229.67674014824095,231.18100636407286,21938500.0
2023-01-03,,,,,,MSFT,,,,,,,,,,,,,,,,,,,,,232.5105438232422,238.4984794551215,230.39486293780934,235.90726682667218,25740000.0
2023-01-04,,,,,,MSFT,,,,,,,,,,,,,,,,,,,,,222.3397979736328,225.99854338319813,219.2924526600918,225.4259564644858,50623400.0
2023-01-05,,,,,,MSFT,,,,,,,,,,,,,,,,,,,,,215.75015258789062,220.83553784778456,215.21637883212745,220.4958596008794,39585600.0
2023-01-06,,,,,,MSFT,,,,,,,,,,,,,,,,,,,,,218.2928466796875,219.09835714227594,212.87751216247153,216.4198034707522,43613600.0
2023-01-09,,,,,,MSFT,,,,,,,,,,,,,,,,,,,,,220.41824340820312,224.41668242466997,219.72920205241053,219.76801523516428,27369800.0
2023-01-10,,,,,,MSFT,,,,,,,,,,,,,,,,,,,,,222.09718322753906,224.48458614807703,220.62203068917864,221.0393352972296,27033900.0
2023-01-11,,,,,,MSFT,,,,,,,,,,,,,,,,,,,,,228.81298828125,228.98766979827053,224.2904903213458,224.4651718383663,28669300.0
2023-01-12,,,,,,MSFT,,,,,,,,,,,,,,,,,,,,,231.47213745117188,232.8211212975009,226.66820302336927,228.3180371449277,27269500.0
2023-01-13,,,,,,MSFT,,,,,,,,,,,,,,,,,,,,,232.17088317871094,232.30675151679418,227.98806347571494,230.00668936190732,21333300.0
2023-01-17,,,,,,MSFT,,,,,,,,,,,,,,,,,,,,,233.25784301757812,233.80131636600996,230.09402846864725,230.94806647820474,29831300.0
2023-01-18,,,,,,MSFT,,,,,,,,,,,,,,,,,,,,,228.851806640625,235.22794870990262,228.57037036509706,234.4418522484385,30028700.0
2023-01-19,,,,,,MSFT,,,,,,,,,,,,,,,,,,,,,225.0863037109375,228.57038281279662,223.87318816519613,226.88172064205048,28623000.0
2023-01-20,,,,,,MSFT,,,,,,,,,,,,,,,,,,,,,233.13168334960938,233.63634353931783,227.59016528126836,227.92984354153225,35389800.0
2023-01-23,,,,,,MSFT,,,,,,,,,,,,,,,,,,,,,235.42202758789062,237.93559913009912,232.57847740404011,233.98570310784828,31934000.0
2023-01-24,,,,,,MSFT,,,,,,,,,,,,,,,,,,,,,234.8979949951172,236.7516391990006,233.3452159013229,235.34442805481387,40234400.0
2023-01-25,,,,,,MSFT,,,,,,,,,,,,,,,,,,,,,233.51016235351562,236.1207891156233,224.08667522306712,227.5610395748184,66526600.0
2023-01-26,,,,,,MSFT,,,,,,,,,,,,,,,,,,,,,240.68206787109375,240.98291808656688,234.85911461614793,236.46042083784369,33454500.0
2023-01-27,,,,,,MSFT,,,,,,,,,,,,,,,,,,,,,240.83737182617188,242.45809218411858,239.54661529494882,241.6428822092,26498900.0
2023-01-30,,,,,,MSFT,,,,,,,,,,,,,,,,,,,,,235.54820251464844,238.35292478678218,235.05324194345323,237.2950768809861,25867400.0
2023-01-31,,,,,,MSFT,,,,,,,,,,,,,,,,,,,,,240.4977264404297,240.63359478813643,235.78113264355397,236.26637885801222,26541100.0
2023-02-01,,,,,,MSFT,,,,,,,,,,,,,,,,,,,,,245.29193115234375,247.65022035562143,238.22674832599188,240.68209268360533,31259900.0
2023-02-02,,,,,,MSFT,,,,,,,,,,,,,,,,,,,,,256.792236328125,256.87957707013254,249.65911289346886,251.1827927216543,39940400.0
2023-02-03,,,,,,MSFT,,,,,,,,,,,,,,,,,,,,,250.7267608642578,256.40414831043,249.51364515426727,251.8816493895354,29077300.0
2023-02-06,,,,,,MSFT,,,,,,,,,,,,,,,,,,,,,249.19329833984375,250.67815038089995,247.26202813154237,249.84354121530777,22518000.0
2023-02-07,,,,,,MSFT,,,,,,,,,,,,,,,,,,,,,259.6649169921875,260.83920438047807,252.40562393796253,252.84235731907512,50841400.0
2023-02-08,,,,,,MSFT,,,,,,,,,,,,,,,,,,,,,258.8594055175781,268.5934414880708,258.354730598475,265.1384914873045,54686000.0
2023-02-09,,,,,,MSFT,,,,,,,,,,,,,,,,,,,,,255.84120178222656,265.8955184484022,255.0453909060254,265.72080730740066,42375100.0
2023-02-10,,,,,,MSFT,,,,,,,,,,,,,,,,,,,,,255.3365020751953,256.2972798694553,252.96849875330074,253.81282222305296,25818500.0
2023-02-13,,,,,,MSFT,,,,,,,,,,,,,,,,,,,,,263.31396484375,266.4971782446964,259.26699912258107,259.74256046553177,44630900.0
2023-02-14,,,,,,MSFT,,,,,,,,,,,,,,,,,,,,,264.138916015625,266.856282749665,261.33417890703004,264.62416219078045,37047900.0
2023-02-15,,,,,,MSFT,,,,,,,,,,,,,,,,,,,,,262.02764892578125,263.3994740205076,258.972656227329,261.0547258535999,28922400.0
2023-02-16,,,,,,MSFT,,,,,,,,,,,,,,,,,,,,,255.05178833007812,259.5175018592182,254.80855755164183,256.8711498021807,29603600.0
2023-02-17,,,,,,MSFT,,,,,,,,,,,,,,,,,,,,,251.0725555419922,253.047588426155,249.06833614983722,252.36656000925092,30000100.0
2023-02-21,,,,,,MSFT,,,,,,,,,,,,,,,,,,,,,245.82847595214844,248.57212619836037,244.77771723097973,247.58946437392655,28397400.0
2023-02-22,,,,,,MSFT,,,,,,,,,,,,,,,,,,,,,244.6999053955078,247.45327979594094,243.56158704829775,247.21004899921323,22491100.0
2023-02-23,,,,,,MSFT,,,,,,,,,,,,,,,,,,,,,247.87159729003906,249.88554018375208,243.6977492993608,248.6401999292757,29219100.0
2023-02-24,,,,,,MSFT,,,,,,,,,,,,,,,,,,,,,242.47190856933594,244.2037105882477,241.38223939221282,243.19187704458037,24990900.0
2023-02-27,,,,,,MSFT,,,,,,,,,,,,,,,,,,,,,243.38645935058594,245.97443849874284,242.63730436651332,245.62418557007777,21190000.0
2023-02-28,,,,,,MSFT,,,,,,,,,,,,,,,,,,,,,242.66650390625,244.68046206564443,241.99518451978517,242.32598969202303,22491000.0
2023-03-01,,,,,,MSFT,,,,,,,,,,,,,,,,,,,,,239.60179138183594,244.13560203633548,239.1347775749903,243.97020688018864,27565300.0
2023-03-02,,,,,,MSFT,,,,,,,,,,,,,,,,,,,,,244.31072998046875,244.592871158647,238.95965271701235,239.8742028427946,24808200.0
2023-03-03,,,,,,MSFT,,,,,,,,,,,,,,,,,,,,,248.3775634765625,248.69862992215678,244.58316883886687,245.3615103876745,30760100.0
2023-03-06,,,,,,MSFT,,,,,,,,,,,,,,,,,,,,,249.91477966308594,253.07678008876618,249.0488786018787,249.48669107630843,24109800.0
2023-03-07,,,,,,MSFT,,,,,,,,,,,,,,,,,,,,,247.26837158203125,250.71252727477477,246.52895545521775,249.36015006899643,21473200.0
2023-03-08,,,,,,MSFT,,,,,,,,,,,,,,,,,,,,,246.8306121826172,247.6478641053872,244.01886473628258,247.16140250674363,17340200.0
2023-03-09,,,,,,MSFT,,,,,,,,,,,,,,,,,,,,,245.48800659179688,252.53196156480467,244.76803802762987,248.89323803651243,26653400.0
2023-03-10,,,,,,MSFT,,,,,,,,,,,,,,,,,,,,,241.8589630126953,245.9452372856859,240.89577859254197,244.2815470078051,28333900.0
2023-03-13,,,,,,MSFT,,,,,,,,,,,,,,,,,,,,,247.04464721679688,250.92661597294014,239.0764041542882,240.7011840514009,33339700.0
2023-03-14,,,,,,MSFT,,,,,,,,,,,,,,,,,,,,,253.72865295410156,254.00107026600773,248.93213379575317,249.79803486123274,33620300.0
2023-03-15,,,,,,MSFT,,,,,,,,,,,,,,,,,,,,,258.252685546875,259.2645337884642,252.19136451987217,252.94053423822598,46028000.0
2023-03-16,,,,,,MSFT,,,,,,,,,,,,,,,,,,,,,268.7214050292969,269.07164313641664,256.1512239726221,258.0289586598438,54768800.0
2023-03-17,,,,,,MSFT,,,,,,,,,,,,,,,,,,,,,271.8638916015625,275.6582857099673,268.83811504692954,270.72558821466924,69527400.0
2023-03-20,,,,,,MSFT,,,,,,,,,,,,,,,,,,,,,264.85888671875,269.96673338942173,262.5433248107774,269.4802718017387,43466600.0
2023-03-21,,,,,,MSFT,,,,,,,,,,,,,,,,,,,,,266.36688232421875,267.5538496813645,262.2222204606799,267.43710366119547,34558700.0
2023-03-22,,,,,,MSFT,,,,,,,,,,,,,,,,,,,,,264.91729736328125,273.4303763569465,264.8102603593326,265.9972279895284,34873300.0
2023-03-23,,,,,,MSFT,,,,,,,,,,,,,,,,,,,,,270.14178466796875,273.44971669614165,267.74840257051886,270.41420190108295,36610900.0
2023-03-24,,,,,,MSFT,,,,,,,,,,,,,,,,,,,,,272.97308349609375,273.03145651581804,267.8263111878216,269.7332324450906,28172000.0
2023-03-27,,,,,,MSFT,,,,,,,,,,,,,,,,,,,,,268.8965148925781,273.83895161321755,268.05978551317787,272.90495366822654,26840200.0
2023-03-28,,,,,,MSFT,,,,,,,,,,,,,,,,,,,,,267.777587890625,268.66295131715697,264.6836704173727,268.32242235445216,21878600.0
2023-03-29,,,,,,MSFT,,,,,,,,,,,,,,,,,,,,,272.9146728515625,273.527619165426,270.8715283691032,271.4066242065595,25087000.0
2023-03-30,,,,,,MSFT,,,,,,,,,,,,,,,,,,,,,276.3587951660156,276.7576972006701,273.8584053599599,276.53394388967973,25053400.0
2023-03-31,,,,,,MSFT,,,,,,,,,,,,,,,,,,,,,280.4936828613281,281.4374193382453,275.3372029511124,276.0474474143603,32766000.0
2023-04-03,,,,,,MSFT,,,,,,,,,,,,,,,,,,,,,279.4527893066406,280.4646082302999,276.261601851509,278.7619923385716,24883300.0
2023-04-04,,,,,,MSFT,,,,,,,,,,,,,,,,,,,,,279.40411376953125,282.5855920494944,277.93501973662194,279.4527777506129,25824300.0
2023-04-05,,,,,,MSFT,,,,,,,,,,,,,,,,,,,,,276.6409606933594,279.3748723279069,275.25942646851195,278.11008412867955,22064800.0
2023-04-06,,,,,,MSFT,,,,,,,,,,,,,,,,,,,,,283.7044372558594,284.171421432575,274.39355424617895,275.5415966022882,29770300.0
2023-04-10,,,,,,MSFT,,,,,,,,,,,,,,,,,,,,,281.55419921875,281.7585047337455,277.0008970457906,281.37905051464327,23103000.0
2023-04-11,,,,,,MSFT,,,,,,,,,,,,,,,,,,,,,275.17181396484375,278.23654533423,274.01406284794314,278.0127623432296,27276600.0
2023-04-12,,,,,,MSFT,,,,,,,,,,,,,,,,,,,,,275.81396484375,279.2386732168352,274.32539366289427,277.07878271017614,27403400.0
2023-04-13,,,,,,MSFT,,,,,,,,,,,,,,,,,,,,,281.9920654296875,282.05043844818863,275.5026841124763,275.91129524198396,24222700.0
2023-04-14,,,,,,MSFT,,,,,,,,,,,,,,,,,,,,,278.3922424316406,280.66887902365164,276.00856885442937,279.22894208294247,20987900.0
2023-04-17,,,,,,MSFT,,,,,,,,,,,,,,,,,,,,,280.9802551269531,283.70445835587293,278.41175289020185,282.07966327684187,23836200.0
2023-04-18,,,,,,MSFT,,,,,,,,,,,,,,,,,,,,,280.5618591308594,283.86008303886325,279.2386978273748,283.67522525510293,20161800.0
2023-04-19,,,,,,MSFT,,,,,,,,,,,,,,,,,,,,,280.63970947265625,281.2234396408052,276.8355761901663,278.2462970182061,17150300.0
2023-04-20,,,,,,MSFT,,,,,,,,,,,,,,,,,,,,,278.36297607421875,281.20392420443534,277.3608666050033,277.5262765736857,23244400.0
2023-04-21,,,,,,MSFT,,,,,,,,,,,,,,,,,,,,,278.02252197265625,278.51869257683563,275.3956176560884,277.2928296281938,21676400.0
2023-04-24,,,,,,MSFT,,,,,,,,,,,,,,,,,,,,,274.1405334472656,277.234451496004,271.173129844423,274.45187596772155,26611000.0
2023-04-25,,,,,,MSFT,,,,,,,,,,,,,,,,,,,,,267.9624938964844,273.9751515427264,267.91382992661585,271.941745821894,45772200.0
2023-04-26,,,,,,MSFT,,,,,,,,,,,,,,,,,,,,,287.3723449707031,291.4586346304273,284.80384294642164,288.6663495624961,64599200.0
2023-04-27,,,,,,MSFT,,,,,,,,,,,,,,,,,,,,,296.576171875,296.9361784067996,287.2555804982626,287.95608640380885,46462600.0
2023-04-28,,,,,,MSFT,,,,,,,,,,,,,,,,,,,,,298.9403381347656,300.5651029592613,295.097280309873,295.7783383038111,36469600.0
2023-05-01,,,,,,MSFT,,,,,,,,,,,,,,,,,,,,,297.286376953125,300.2440714597597,296.887474923344,298.65820207273595,21294100.0
2023-05-02,,,,,,MSFT,,,,,,,,,,,,,,,,,,,,,297.14044189453125,300.8083512230657,295.6810572722288,299.42681707438953,26404400.0
2023-05-03,,,,,,MSFT,,,,,,,,,,,,,,,,,,,,,296.1578063964844,300.25380462015016,295.8562025897096,298.3176970170622,22360800.0
2023-05-04,,,,,,MSFT,,,,,,,,,,,,,,,,,,,,,297.14044189453125,299.42681707438953,295.1848569994441,297.9479549880525,22519900.0
2023-05-05,,,,,,MSFT,,,,,,,,,,,,,,,,,,,,,302.23858642578125,303.5228521768905,296.03133165334634,297.442082171176,28197100.0
2023-05-08,,,,,,MSFT,,,,,,,,,,,,,,,,,,,,,300.292724609375,301.8007733081372,297.8020437181864,301.7326615616671,21318600.0
2023-05-09,,,,,,MSFT,,,,,,,,,,,,,,,,,,,,,298.68743896484375,301.6451339704267,298.0161195443124,299.6603622188009,21340800.0
2023-05-10,,,,,,MSFT,,,,,,,,,,,,,,,,,,,,,303.8536071777344,304.5249264836218,299.33925948976275,300.26351860842567,30078000.0
2023-05-11,,,,,,MSFT,,,,,,,,,,,,,,,,,,,,,301.7132568359375,302.6959189565311,297.96752555464644,301.7035477921427,31680200.0
2023-05-12,,,,,,MSFT,,,,,,,,,,,,,,,,,,,,,300.6040954589844,302.23859938067807,298.2982721245842,302.14130111816417,19774700.0
2023-05-15,,,,,,MSFT,,,,,,,,,,,,,,,,,,,,,301.080810546875,301.50889913783726,299.26144888091557,300.7305724404115,16336500.0
2023-05-16,,,,,,MSFT,,,,,,,,,,,,,,,,,,,,,303.2991027832031,305.21576288918396,301.4408157004491,301.4408157004491,26730300.0
2023-05-17,,,,,,MSFT,,,,,,,,,,,,,,,,,,,,,306.16571044921875,306.5849748220485,302.98703781876026,304.49838322404014,24315000.0
2023-05-18,,,,,,MSFT,,,,,,,,,,,,,,,,,,,,,310.5729064941406,311.07995152372933,305.8926785291236,306.6824666262682,27276000.0
2023-05-19,,,,,,MSFT,,,,,,,,,,,,,,,,,,,,,310.3973693847656,310.7971433987786,308.476519967082,308.8372836549044,27546700.0
2023-05-22,,,,,,MSFT,,,,,,,,,,,,,,,,,,,,,313.16656494140625,314.5413890695808,310.0756729757329,310.65094892902596,24115700.0
2023-05-23,,,,,,MSFT,,,,,,,,,,,,,,,,,,,,,307.3943176269531,314.66818336254534,307.38455760354833,312.04529609718725,30797200.0
2023-05-24,,,,,,MSFT,,,,,,,,,,,,,,,,,,,,,306.0194396972656,308.6033161721185,304.8103574976606,306.8774884337067,23384900.0
2023-05-25,,,,,,MSFT,,,,,,,,,,,,,,,,,,,,,317.78826904296875,318.74379887860135,312.01596067772016,315.17511275761063,43301700.0
2023-05-26,,,,,,MSFT,,,,,,,,,,,,,,,,,,,,,324.5843811035156,325.0816363269195,315.7991718307155,315.9356633458704,36630600.0
2023-05-30,,,,,,MSFT,,,,,,,,,,,,,,,,,,,,,322.9463195800781,327.3632951279749,322.2735326633113,326.866039835357,29503100.0
2023-05-31,,,,,,MSFT,,,,,,,,,,,,,,,,,,,,,320.1966552734375,327.55827021551164,319.1630749897936,323.99934398362257,45950600.0
2023-06-01,,,,,,MSFT,,,,,,,,,,,,,,,,,,,,,324.28204345703125,325.20835265254345,316.6181664522338,317.79796835691945,26773900.0
2023-06-02,,,,,,MSFT,,,,,,,,,,,,,,,,,,,,,327.0317687988281,329.0793797798021,324.25287030723234,325.9104672337744,25873800.0
2023-06-05,,,,,,MSFT,,,,,,,,,,,,,,,,,,,,,327.5582275390625,330.1128532177851,326.31016500303934,326.8561905027896,21307100.0
2023-06-06,,,,,,MSFT,,,,,,,,,,,,,,,,,,,,,325.354736328125,327.0025735098163,323.8824307932031,326.96356317095973,20396200.0
2023-06-07,,,,,,MSFT,,,,,,,,,,,,,,,,,,,,,315.3116760253906,326.1444673202271,314.45362725824225,323.37532887108034,40717100.0
2023-06-08,,,,,,MSFT,,,,,,,,,,,,,,,,,,,,,317.1447448730469,318.49031851672504,315.2823959646681,315.8576718437754,23277700.0
2023-06-09,,,,,,MSFT,,,,,,,,,,,,,,,,,,,,,318.6366271972656,321.7567696311191,316.3160032224107,316.8815191818162,22529000.0
2023-06-12,,,,,,MSFT,,,,,,,,,,,,,,,,,,,,,323.57037353515625,323.8141360540533,317.0472861489783,320.3819407440362,24260300.0
2023-06-13,,,,,,MSFT,,,,,,,,,,,,,,,,,,,,,325.94952392578125,328.5724112174238,322.1468342809254,326.12502581181246,22951300.0
2023-06-14,,,,,,MSFT,,,,,,,,,,,,,,,,,,,,,328.92333984375,330.5809366273575,324.5063648507166,325.99819005349843,26003800.0
2023-06-15,,,,,,MSFT,,,,,,,,,,,,,,,,,,,,,339.4148864746094,341.11146383028944,328.7868481922745,329.0598609823398,38899100.0
2023-06-16,,,,,,MSFT,,,,,,,,,,,,,,,,,,,,,333.788818359375,342.70078870657477,333.4183243934552,342.55453717316414,46552000.0
2023-06-20,,,,,,MSFT,,,,,,,,,,,,,,,,,,,,,329.61566162109375,333.54511218147553,327.48029960440283,330.84423422142726,26375400.0
2023-06-21,,,,,,MSFT,,,,,,,,,,,,,,,,,,,,,325.2376403808594,329.3036115330344,323.78482556024073,327.97752820350655,25117800.0
2023-06-22,,,,,,MSFT,,,,,,,,,,,,,,,,,,,,,331.2342529296875,331.6340270315193,325.0231887076145,325.783726576518,23556800.0
2023-06-23,,,,,,MSFT,,,,,,,,,,,,,,,,,,,,,326.6612854003906,329.5279351767741,325.13047930366815,326.0177487407771,23146900.0
2023-06-26,,,,,,MSFT,,,,,,,,,,,,,,,,,,,,,320.40142822265625,327.7240333118318,320.29415725203825,325.39367934124914,21520600.0
2023-06-27,,,,,,MSFT,,,,,,,,,,,,,,,,,,,,,326.2225341796875,327.76310031619386,321.0840008711868,323.58012686208883,24354100.0
2023-06-28,,,,,,MSFT,,,,,,,,,,,,,,,,,,,,,327.4705505371094,329.5474118113246,325.48144019271336,326.3102386492254,20259500.0
2023-06-29,,,,,,MSFT,,,,,,,,,,,,,,,,,,,,,326.6904602050781,327.72401072843235,324.32109606698276,326.358946806659,16997000.0
2023-06-30,,,,,,MSFT,,,,,,,,,,,,,,,,,,,,,332.0435485839844,334.17891054970244,328.78688502474677,329.32315064368396,26832800.0
2023-07-03,,,,,,MSFT,,,,,,,,,,,,,,,,,,,,,329.5570983886719,332.3944971013384,328.17254422685164,330.72717014347734,12508700.0
2023-07-05,,,,,,MSFT,,,,,,,,,,,,,,,,,,,,,329.71319580078125,333.1258712588089,326.37854101667716,326.7295447808277,18172400.0
2023-07-06,,,,,,MSFT,,,,,,,,,,,,,,,,,,,,,332.7552795410156,334.43236661409844,327.1292521462773,328.8843301211992,28161200.0
2023-07-07,,,,,,MSFT,,,,,,,,,,,,,,,,,,,,,328.8063659667969,333.26235165945616,328.5918537740865,330.8539769415479,21214800.0
2023-07-10,,,,,,MSFT,,,,,,,,,,,,,,,,,,,,,323.5508117675781,326.86600540201454,319.4166095021663,326.25171917261997,32791400.0
2023-07-11,,,,,,MSFT,,,,,,,,,,,,,,,,,,,,,324.1748962402344,324.55515029230673,318.84137119543414,322.80007207810127,26698200.0
2023-07-12,,,,,,MSFT,,,,,,,,,,,,,,,,,,,,,328.7868347167969,333.12578887236407,327.29500957576835,328.2017988317313,29995300.0
2023-07-13,,,,,,MSFT,,,,,,,,,,,,,,,,,,,,,334.11065673828125,335.16369770913235,330.56146024108614,331.0879956045949,20567200.0
2023-07-14,,,,,,MSFT,,,,,,,,,,,,,,,,,,,,,336.62628173828125,342.661844143398,335.7194923009407,338.91765538868515,28352700.0
2023-07-17,,,,,,MSFT,,,,,,,,,,,,,,,,,,,,,337.10400390625,338.33254651423374,333.66207903866245,337.05523355881655,20363900.0
2023-07-18,,,,,,MSFT,,,,,,,,,,,,,,,,,,,,,350.52069091796875,357.62881326178683,333.63284869185065,337.20150526147,64738600.0
2023-07-19,,,,,,MSFT,,,,,,,,,,,,,,,,,,,,,346.220703125,353.41657610071684,343.6465868791131,352.7242990079896,39732900.0
2023-07-20,,,,,,MSFT,,,,,,,,,,,,,,,,,,,,,338.21563720703125,349.03869970926394,336.75306199743676,344.7484850456873,33778400.0
2023-07-21,,,,,,MSFT,,,,,,,,,,,,,,,,,,,,,335.19287109375,341.5599453265858,331.3511723630361,340.438643967474,69405400.0
2023-07-24,,,,,,MSFT,,,,,,,,,,,,,,,,,,,,,336.4994812011719,338.2643490243122,333.76935318489967,337.2210384138867,26678100.0
2023-07-25,,,,,,MSFT,,,,,,,,,,,,,,,,,,,,,342.2231140136719,343.11041322520174,336.460564028573,338.4496449197473,41637700.0
2023-07-26,,,,,,MSFT,,,,,,,,,,,,,,,,,,,,,329.3426513671875,336.0705206538034,324.79891447113727,332.92109821610006,58383700.0
2023-07-27,,,,,,MSFT,,,,,,,,,,,,,,,,,,,,,322.4685363769531,332.8138025679025,320.8401897883476,331.9850338749244,39635300.0
2023-07-28,,,,,,MSFT,,,,,,,,,,,,,,,,,,,,,329.9277038574219,331.5268003348271,324.8574610945914,325.34498615387326,28484900.0
2023-07-31,,,,,,MSFT,,,,,,,,,,,,,,,,,,,,,327.5387878417969,329.2743755389443,325.04263262807757,328.51383777853505,25446000.0
2023-08-01,,,,,,MSFT,,,,,,,,,,,,,,,,,,,,,327.94830322265625,330.0934250583603,325.37418677597503,326.827001708787,18311900.0
2023-08-02,,,,,,MSFT,,,,,,,,,,,,,,,,,,,,,319.328857421875,325.3059183538415,318.2172862001048,325.3059183538415,27761300.0
2023-08-03,,,,,,MSFT,,,,,,,,,,,,,,,,,,,,,318.5098571777344,321.6495195711113,317.81757996467144,317.86632056535905,18253700.0
2023-08-04,,,,,,MSFT,,,,,,,,,,,,,,,,,,,,,319.6018981933594,326.7782818997198,319.0753628445266,323.5996092744747,23741500.0
2023-08-07,,,,,,MSFT,,,,,,,,,,,,,,,,,,,,,321.87371826171875,322.84876819218033,319.3483425125627,320.1771409046875,17741500.0
2023-08-08,,,,,,MSFT,,,,,,,,,,,,,,,,,,,,,317.9150390625,320.54768595225426,314.9411484793251,318.80233812895545,22327600.0
2023-08-09,,,,,,MSFT,,,,,,,,,,,,,,,,,,,,,314.19036865234375,318.94858760325343,313.03978705069517,318.3245710835293,22373300.0
2023-08-10,,,,,,MSFT,,,,,,,,,,,,,,,,,,,,,314.87286376953125,320.0698965106326,313.1665264082013,317.88576445394,20113700.0
2023-08-11,,,,,,MSFT,,,,,,,,,,,,,,,,,,,,,313.0008239746094,314.3658880842269,311.2457160426732,312.26953644201075,24355500.0
2023-08-14,,,,,,MSFT,,,,,,,,,,,,,,,,,,,,,315.9551696777344,315.97465996300735,312.09395075011946,313.37129346143496,18836100.0
2023-08-15,,,,,,MSFT,,,,,,,,,,,,,,,,,,,,,313.8295593261719,316.97898134379494,312.8935197157339,314.9411305404492,16966300.0
2023-08-16,,,,,,MSFT,,,,,,,,,,,,,,,,,,,,,313.06744384765625,316.9954627703804,312.4811692512175,313.4582836388938,20698900.0
2023-08-17,,,,,,MSFT,,,,,,,,,,,,,,,,,,,,,309.62799072265625,314.50378164094593,308.9733110073384,313.2042327148122,21257200.0
2023-08-18,,,,,,MSFT,,,,,,,,,,,,,,,,,,,,,309.2371520996094,311.0936633520083,304.4199558180871,307.29267431715726,24755000.0
2023-08-21,,,,,,MSFT,,,,,,,,,,,,,,,,,,,,,314.51361083984375,315.383227213463,309.7843803763491,310.65399674996837,24040000.0
2023-08-22,,,,,,MSFT,,,,,,,,,,,,,,,,,,,,,315.0802917480469,318.61744100027846,314.1031773769701,318.0507277854862,16084600.0
2023-08-23,,,,,,MSFT,,,,,,,,,,,,,,,,,,,,,319.51641845703125,321.66608212966844,316.05742502712076,316.40920172771865,21166400.0
2023-08-24,,,,,,MSFT,,,,,,,,,,,,,,,,,,,,,312.64727783203125,325.35954498918005,312.63749714645934,325.2325153533981,23281400.0
2023-08-25,,,,,,MSFT,,,,,,,,,,,,,,,,,,,,,315.5884094238281,317.91391657239774,311.5040487015702,314.11295718549064,21684100.0
2023-08-28,,,,,,MSFT,,,,,,,,,,,,,,,,,,,,,316.29193115234375,318.68584344960186,314.3572339791844,318.207066953983,14808500.0
2023-08-29,,,,,,MSFT,,,,,,,,,,,,,,,,,,,,,320.8941955566406,321.45115801127633,314.51363868595456,314.51363868595456,19284600.0
2023-08-30,,,,,,MSFT,,,,,,,,,,,,,,,,,,,,,321.2655029296875,322.26214904101624,318.97905844898986,321.14825395413936,15222100.0
2023-08-31,,,,,,MSFT,,,,,,,,,,,,,,,,,,,,,320.2590026855469,323.33690686450706,319.30141990622377,321.6660497077852,26411000.0
2023-09-01,,,,,,MSFT,,,,,,,,,,,,,,,,,,,,,321.1384582519531,324.3922364479654,319.30147820313266,323.7278057381443,14942000.0
2023-09-05,,,,,,MSFT,,,,,,,,,,,,,,,,,,,,,325.91650390625,327.18677054781415,321.13842988312655,321.47064520868975,18553900.0
2023-09-06,,,,,,MSFT,,,,,,,,,,,,,,,,,,,,,325.2618713378906,326.8056990885685,322.6236503266788,325.7504285755841,17535800.0
2023-09-07,,,,,,MSFT,,,,,,,,,,,,,,,,,,,,,322.3598327636719,325.4572688809115,321.4999672739755,323.70825547986243,18381000.0
2023-09-08,,,,,,MSFT,,,,,,,,,,,,,,,,,,,,,326.6200256347656,328.4667861972207,321.92010767166425,322.5356945258159,19530100.0
2023-09-11,,,,,,MSFT,,,,,,,,,,,,,,,,,,,,,330.2060546875,330.67508035139593,327.7534879124914,329.5220626550476,16583300.0
2023-09-12,,,,,,MSFT,,,,,,,,,,,,,,,,,,,,,324.1772155761719,329.08234867340195,323.89387388585794,328.13454656577954,17565500.0
2023-09-13,,,,,,MSFT,,,,,,,,,,,,,,,,,,,,,328.3690490722656,329.1409777651763,323.59097536312447,323.7277558674077,16544400.0
2023-09-14,,,,,,MSFT,,,,,,,,,,,,,,,,,,,,,330.9486389160156,333.05917964974554,328.86738060055865,331.388322477558,20267000.0
2023-09-15,,,,,,MSFT,,,,,,,,,,,,,,,,,,,,,322.6627502441406,329.6784251727831,322.10578782450574,329.2094292987057,37679800.0
2023-09-18,,,,,,MSFT,,,,,,,,,,,,,,,,,,,,,321.5292663574219,322.8385960925468,318.89104551464607,320.29809265490445,16834200.0
2023-09-19,,,,,,MSFT,,,,,,,,,,,,,,,,,,,,,321.1286315917969,321.8517165023023,317.0833936077872,318.7054070395551,16505900.0
2023-09-20,,,,,,MSFT,,,,,,,,,,,,,,,,,,,,,313.4289855957031,322.04714204193704,313.1749561204339,321.96898600781554,21436500.0
2023-09-21,,,,,,MSFT,,,,,,,,,,,,,,,,,,,,,312.2173767089844,317.9041899225686,307.79104947595397,311.95356654433346,35560400.0
2023-09-22,,,,,,MSFT,,,,,,,,,,,,,,,,,,,,,309.7550354003906,314.0934255806642,308.9147015377864,313.96639594173394,21447900.0
2023-09-25,,,,,,MSFT,,,,,,,,,,,,,,,,,,,,,310.2729187011719,310.39994834578414,307.7910397456029,309.34464808220946,17836000.0
2023-09-26,,,,,,MSFT,,,,,,,,,,,,,,,,,,,,,304.9964599609375,308.65085775757245,302.92495267803366,307.9180220612958,26297600.0
2023-09-27,,,,,,MSFT,,,,,,,,,,,,,,,,,,,,,305.631591796875,307.10701412032984,302.6025314876758,305.1527855104158,19410100.0
2023-09-28,,,,,,MSFT,,,,,,,,,,,,,,,,,,,,,306.4621887207031,308.2600757204857,302.3680768122536,303.8728115871533,19683600.0
2023-09-29,,,,,,MSFT,,,,,,,,,,,,,,,,,,,,,308.52386474609375,312.1587314237549,307.77149741019485,310.4780935014134,24147300.0
2023-10-02,,,,,,MSFT,,,,,,,,,,,,,,,,,,,,,314.4353942871094,314.523360821819,307.96690188868587,309.04173366618016,20570000.0
2023-10-03,,,,,,MSFT,,,,,,,,,,,,,,,,,,,,,306.21795654296875,314.034873285169,304.0878240681493,313.48766167957774,21033500.0
2023-10-04,,,,,,MSFT,,,,,,,,,,,,,,,,,,,,,311.660400390625,312.71570064039577,306.8139213204077,306.84323355961436,20720100.0
2023-10-05,,,,,,MSFT,,,,,,,,,,,,,,,,,,,,,312.05126953125,312.6571055637684,307.6933472507753,311.78745935358154,16965600.0
2023-10-06,,,,,,MSFT,,,,,,,,,,,,,,,,,,,,,319.7704772949219,321.65630098463043,309.06128169271835,309.3055602997531,25673600.0
2023-10-09,,,,,,MSFT,,,,,,,,,,,,,,,,,,,,,322.2718811035156,322.7408769349448,315.78382712320234,317.3179038998877,19891200.0
2023-10-10,,,,,,MSFT,,,,,,,,,,,,,,,,,,,,,320.8746032714844,323.52257487302114,320.1710797301385,323.38576454759857,20557100.0
2023-10-11,,,,,,MSFT,,,,,,,,,,,,,,,,,,,,,324.8124694824219,325.2033093838926,321.6075345796852,323.6301392700687,20063200.0
2023-10-12,,,,,,MSFT,,,,,,,,,,,,,,,,,,,,,323.5812072753906,325.99468102864705,321.1970457612764,323.00471335948436,19313100.0
2023-10-13,,,,,,MSFT,,,,,,,,,,,,,,,,,,,,,320.229736328125,326.19011074612195,318.8910644547027,324.7733126546174,21072400.0
2023-10-16,,,,,,MSFT,,,,,,,,,,,,,,,,,,,,,325.02734375,328.4472441018182,323.03402205271703,323.47370563502346,22158000.0
2023-10-17,,,,,,MSFT,,,,,,,,,,,,,,,,,,,,,324.4606628417969,325.82861728065586,319.9170860395432,322.04718865285014,18338500.0
2023-10-18,,,,,,MSFT,,,,,,,,,,,,,,,,,,,,,322.55523681640625,327.909834737972,320.7866620472197,324.8807739787621,23153600.0
2023-10-19,,,,,,MSFT,,,,,,,,,,,,,,,,,,,,,323.7375793457031,329.1703335138683,323.33695882729216,324.5485712503718,25052100.0
2023-10-20,,,,,,MSFT,,,,,,,,,,,,,,,,,,,,,319.1939697265625,324.32382025517603,318.0018889823848,324.1283854502297,25027700.0
2023-10-23,,,,,,MSFT,,,,,,,,,,,,,,,,,,,,,321.78326416015625,325.1152272501223,316.9660981811189,318.02136842508753,24374700.0
2023-10-24,,,,,,MSFT,,,,,,,,,,,,,,,,,,,,,322.9656066894531,324.24562410946174,320.1026687848026,323.7179740081932,31153600.0
2023-10-25,,,,,,MSFT,,,,,,,,,,,,,,,,,,,,,332.87359619140625,338.2770379621599,329.89337919706037,337.1240202368528,55053800.0
2023-10-26,,,,,,MSFT,,,,,,,,,,,,,,,,,,,,,320.3860168457031,333.81155756370936,319.45774634837835,332.7465065726092,37828500.0
2023-10-27,,,,,,MSFT,,,,,,,,,,,,,,,,,,,,,322.2620849609375,329.0139487725961,320.8843501338627,322.867891093588,29856500.0
2023-10-30,,,,,,MSFT,,,,,,,,,,,,,,,,,,,,,329.5904235839844,331.6814625082959,324.2358264617481,325.7796837612077,22828100.0
2023-10-31,,,,,,MSFT,,,,,,,,,,,,,,,,,,,,,330.3721618652344,331.24180806391223,327.03044704898707,331.09524685603606,20265300.0
2023-11-01,,,,,,MSFT,,,,,,,,,,,,,,,,,,,,,338.1500244140625,339.4691349616439,331.8769361620282,332.01374650613616,28158800.0
2023-11-02,,,,,,MSFT,,,,,,,,,,,,,,,,,,,,,340.3485412597656,340.84684939451466,336.87976677643417,339.29324086548826,24348100.0
2023-11-03,,,,,,MSFT,,,,,,,,,,,,,,,,,,,,,344.7259216308594,346.2795596471139,339.3811050850171,341.6284859220493,23637700.0
2023-11-06,,,,,,MSFT,,,,,,,,,,,,,,,,,,,,,348.3705139160156,349.35740877006907,345.26329801131175,345.3610153921654,23828300.0
2023-11-07,,,,,,MSFT,,,,,,,,,,,,,,,,,,,,,352.2790222167969,354.164845685057,349.44539667177366,351.17487827159056,25833900.0
2023-11-08,,,,,,MSFT,,,,,,,,,,,,,,,,,,,,,354.8879699707031,355.54261993465985,352.2985928972702,353.4027369651116,26767800.0
2023-11-09,,,,,,MSFT,,,,,,,,,,,,,,,,,,,,,352.4354248046875,356.441600143659,352.11296032697913,354.00856480709007,24847300.0
2023-11-10,,,,,,MSFT,,,,,,,,,,,,,,,,,,,,,361.20989990234375,361.6300519453443,352.8067099465058,353.21708130319655,28042100.0
2023-11-13,,,,,,MSFT,,,,,,,,,,,,,,,,,,,,,358.2882995605469,360.03734267871334,357.52615152445077,359.79306407971893,19986500.0
2023-11-14,,,,,,MSFT,,,,,,,,,,,,,,,,,,,,,361.7961730957031,363.43774810881337,358.94301547087497,362.5192580985715,27683900.0
2023-11-15,,,,,,MSFT,,,,,,,,,,,,,,,,,,,,,361.9430236816406,365.3306930182784,359.4365063311856,363.5193564786247,26860100.0
2023-11-16,,,,,,MSFT,,,,,,,,,,,,,,,,,,,,,368.30718994140625,368.48342035388106,362.4423744800686,363.20606948048294,27182300.0
2023-11-17,,,,,,MSFT,,,,,,,,,,,,,,,,,,,,,362.1192321777344,366.5447423144695,359.3287982048387,365.8006186204478,40157000.0
2023-11-20,,,,,,MSFT,,,,,,,,,,,,,,,,,,,,,369.550537109375,370.9506392659541,363.24514725717773,363.4605498873962,52465100.0
2023-11-21,,,,,,MSFT,,,,,,,,,,,,,,,,,,,,,365.27197265625,368.3561243217149,363.3627202596963,367.8176325584251,28423100.0
2023-11-22,,,,,,MSFT,,,,,,,,,,,,,,,,,,,,,369.95196533203125,371.85141671314506,367.13215998771045,370.0988239687809,23345300.0
2023-11-24,,,,,,MSFT,,,,,,,,,,,,,,,,,,,,,369.5408020019531,370.0695230751344,367.2986899991627,369.44288626548433,10176600.0
2023-11-27,,,,,,MSFT,,,,,,,,,,,,,,,,,,,,,370.6961669921875,372.68376401378913,368.33656782207504,368.90443134275364,22179200.0
2023-11-28,,,,,,MSFT,,,,,,,,,,,,,,,,,,,,,374.7007141113281,374.994431479148,370.2556020402747,370.4416329997911,20453100.0
2023-11-29,,,,,,MSFT,,,,,,,,,,,,,,,,,,,,,370.93115234375,376.26721663239306,369.55062106548934,375.7385254123956,28963400.0
2023-11-30,,,,,,MSFT,,,,,,,,,,,,,,,,,,,,,370.9898986816406,372.1452267516367,367.6218003340975,370.578664516551,30554400.0
2023-12-01,,,,,,MSFT,,,,,,,,,,,,,,,,,,,,,366.6818542480469,370.25555453657734,363.54872995472044,368.8848238631299,33040500.0
2023-12-04,,,,,,MSFT,,,,,,,,,,,,,,,,,,,,,361.424072265625,361.7961042236622,355.31448343294096,361.3848999985792,32063300.0
2023-12-05,,,,,,MSFT,,,,,,,,,,,,,,,,,,,,,364.7333984375,365.2816906598943,357.9776315061035,358.7902991826528,23065000.0
2023-12-06,,,,,,MSFT,,,,,,,,,,,,,,,,,,,,,361.0911560058594,366.35870548187097,360.33726166675575,365.73209860202707,21182100.0
2023-12-07,,,,,,MSFT,,,,,,,,,,,,,,,,,,,,,363.1962890625,363.68583789268007,358.66306211428184,360.5331422311326,23118900.0
2023-12-08,,,,,,MSFT,,,,,,,,,,,,,,,,,,,,,366.40771484375,366.6328881744278,360.53312909562084,361.4828549867559,20154400.0
2023-12-11,,,,,,MSFT,,,,,,,,,,,,,,,,,,,,,363.5389099121094,363.8326571061726,358.44762055822775,360.7778775179064,27708800.0
2023-12-12,,,,,,MSFT,,,,,,,,,,,,,,,,,,,,,366.5545654296875,366.59373770012405,362.7164896784692,363.0983520859286,24838300.0
2023-12-13,,,,,,MSFT,,,,,,,,,,,,,,,,,,,,,366.5447998046875,369.74646839477913,363.02004212186165,368.16030502773964,30955500.0
2023-12-14,,,,,,MSFT,,,,,,,,,,,,,,,,,,,,,358.2811584472656,365.94750897813526,356.5187948133364,365.50690312981,43277500.0
2023-12-15,,,,,,MSFT,,,,,,,,,,,,,,,,,,,,,362.9808654785156,364.6159417445296,358.6238691889497,359.1819619943408,78502300.0
2023-12-18,,,,,,MSFT,,,,,,,,,,,,,,,,,,,,,364.8606872558594,365.20337736605416,360.9736688806633,361.7275930990288,21802900.0
2023-12-19,,,,,,MSFT,,,,,,,,,,,,,,,,,,,,,365.4579772949219,365.4579772949219,362.1094503782396,363.7249554315047,20603700.0
2023-12-20,,,,,,MSFT,,,,,,,,,,,,,,,,,,,,,362.8731384277344,368.1700598934919,362.785023231556,367.161590586535,26316700.0
2023-12-21,,,,,,MSFT,,,,,,,,,,,,,,,,,,,,,365.732177734375,366.58398798641923,362.3053356484184,364.7726511936181,17708000.0
2023-12-22,,,,,,MSFT,,,,,,,,,,,,,,,,,,,,,366.7503356933594,367.3378001809741,364.9194281127133,365.8691539017797,17107500.0
2023-12-26,,,,,,MSFT,,,,,,,,,,,,,,,,,,,,,366.8287048339844,369.0610461329153,365.69294804965995,367.1615944273694,12673100.0
2023-12-27,,,,,,MSFT,,,,,,,,,,,,,,,,,,,,,366.2510681152344,367.2203652351963,365.01739550459973,365.87900622442777,14905400.0
2023-12-28,,,,,,MSFT,,,,,,,,,,,,,,,,,,,,,367.4357604980469,368.5910885400905,366.33917592392487,367.5238756999293,14327000.0
2023-12-29,,,,,,MSFT,,,,,,,,,,,,,,,,,,,,,368.1799011230469,369.2764857473798,365.6734134446601,368.14072884940924,18730800.0
2024-01-02,,,,,,MSFT,,,,,,,,,,,,,,,,,,,,,363.117919921875,368.0427796247224,359.1036138103624,366.0454121665628,25258600.0
2024-01-03,,,,,,MSFT,,,,,,,,,,,,,,,,,,,,,362.8535461425781,365.45794912599047,360.8072359155438,361.2967846745382,23083500.0
2024-01-04,,,,,,MSFT,,,,,,,,,,,,,,,,,,,,,360.2491760253906,365.30132326469203,359.49528162444665,362.9221232500447,20901500.0
2024-01-05,,,,,,MSFT,,,,,,,,,,,,,,,,,,,,,360.0630798339844,364.2829873663412,358.8392080466493,361.25757989361074,21004600.0
2024-01-08,,,,,,MSFT,,,,,,,,,,,,,,,,,,,,,366.85809326171875,367.35744261436474,361.2968258961624,361.58074269539895,23134000.0
2024-01-09,,,,,,MSFT,,,,,,,,,,,,,,,,,,,,,367.93511962890625,368.13092123395006,363.4312643972459,364.23413165308716,20830000.0
2024-01-10,,,,,,MSFT,,,,,,,,,,,,,,,,,,,,,374.7691345214844,376.139894907687,368.4539736551255,368.50291657762523,25514200.0
2024-01-11,,,,,,MSFT,,,,,,,,,,,,,,,,,,,,,376.5903015136719,382.5138298348758,372.42913685903,377.93166039806545,27850800.0
2024-01-12,,,,,,MSFT,,,,,,,,,,,,,,,,,,,,,380.3500061035156,380.55560821170843,376.6098464914054,377.43228480386114,21661200.0
2024-01-16,,,,,,MSFT,,,,,,,,,,,,,,,,,,,,,382.1124267578125,385.7938434606626,379.51782397721394,385.43158211314164,27202300.0
2024-01-17,,,,,,MSFT,,,,,,,,,,,,,,,,,,,,,381.3291320800781,381.9557389879291,376.7665338147622,379.87028626114164,22234100.0
2024-01-18,,,,,,MSFT,,,,,,,,,,,,,,,,,,,,,385.63714599609375,385.7546329209657,381.96553019541545,383.5320922463087,23392100.0
2024-01-19,,,,,,MSFT,,,,,,,,,,,,,,,,,,,,,390.3368835449219,390.3368835449219,385.27493541414515,387.4877057228784,29331100.0
2024-01-22,,,,,,MSFT,,,,,,,,,,,,,,,,,,,,,388.2220458984375,392.24612317895645,385.36306741354116,391.65865857195683,27016900.0
2024-01-23,,,,,,MSFT,,,,,,,,,,,,,,,,,,,,,390.56201171875,391.0319893054533,385.69589563777015,387.4778603727062,20525900.0
2024-01-24,,,,,,MSFT,,,,,,,,,,,,,,,,,,,,,394.1455078125,397.1513444657461,392.07962632176026,393.1468390669837,24867000.0
2024-01-25,,,,,,MSFT,,,,,,,,,,,,,,,,,,,,,396.4072570800781,398.5025403738,394.1161721859946,395.8687653294727,21021200.0
2024-01-26,,,,,,MSFT,,,,,,,,,,,,,,,,,,,,,395.4869689941406,397.6801683943768,394.0183222874145,395.91777441848916,17803300.0
2024-01-29,,,,,,MSFT,,,,,,,,,,,,,,,,,,,,,401.1558837890625,401.41045873539736,395.8785331996652,397.57238286313674,24510200.0
2024-01-30,,,,,,MSFT,,,,,,,,,,,,,,,,,,,,,400.0494689941406,404.41623575131524,397.9542157503529,403.64277019124665,33477600.0
2024-01-31,,,,,,MSFT,,,,,,,,,,,,,,,,,,,,,389.2696533203125,406.6388669659615,388.9073919493629,398.4535945955144,47871100.0
2024-02-01,,,,,,MSFT,,,,,,,,,,,,,,,,,,,,,395.3400573730469,399.4718507500115,393.40143322301293,393.4308049580275,30657700.0
2024-02-02,,,,,,MSFT,,,,,,,,,,,,,,,,,,,,,402.6245422363281,404.02464472350925,395.12465055102524,395.36942496681314,28256700.0
2024-02-05,,,,,,MSFT,,,,,,,,,,,,,,,,,,,,,397.17095947265625,402.5657971362689,395.5456537728456,401.33212452419457,25352300.0
2024-02-06,,,,,,MSFT,,,,,,,,,,,,,,,,,,,,,397.0142822265625,399.4424550677267,394.4882235276778,397.39614463854895,18382600.0
2024-02-07,,,,,,MSFT,,,,,,,,,,,,,,,,,,,,,405.3954162597656,405.6401907001784,398.8844221207242,398.92359439750413,22340500.0
2024-02-08,,,,,,MSFT,,,,,,,,,,,,,,,,,,,,,405.4541015625,406.8738050650789,403.90714046810643,405.3953580956046,21225300.0
2024-02-09,,,,,,MSFT,,,,,,,,,,,,,,,,,,,,,411.7594909667969,412.0238664464446,406.41362634312986,406.5702855474464,22032800.0
2024-02-12,,,,,,MSFT,,,,,,,,,,,,,,,,,,,,,406.58001708984375,411.9454519986709,406.08066782830315,411.7692216286035,21202900.0
2024-02-13,,,,,,MSFT,,,,,,,,,,,,,,,,,,,,,397.826904296875,401.4985199304189,394.95815578632363,396.4757449629813,27824900.0
2024-02-14,,,,,,MSFT,,,,,,,,,,,,,,,,,,,,,401.672119140625,402.01544302317166,396.8460672009255,400.2792461565028,20401200.0
2024-02-15,,,,,,MSFT,,,,,,,,,,,,,,,,,,,,,398.7980041503906,401.31894521125486,396.5713534874336,400.3478557485238,21825500.0
2024-02-16,,,,,,MSFT,,,,,,,,,,,,,,,,,,,,,396.34576416015625,400.4950166150196,395.737605866878,400.17130014605374,22296500.0
2024-02-20,,,,,,MSFT,,,,,,,,,,,,,,,,,,,,,395.10003662109375,396.76756266074034,390.4112964520626,395.5414273661721,24307900.0
2024-02-21,,,,,,MSFT,,,,,,,,,,,,,,,,,,,,,394.5016784667969,394.60959394201785,389.63638185870155,392.53007321174096,18518900.0
2024-02-22,,,,,,MSFT,,,,,,,,,,,,,,,,,,,,,403.79083251953125,404.9482969480148,400.76964859968683,402.3587150074255,27009900.0
2024-02-23,,,,,,MSFT,,,,,,,,,,,,,,,,,,,,,402.505859375,407.92046175721333,401.162019956702,407.73411674298126,16295900.0
2024-02-26,,,,,,MSFT,,,,,,,,,,,,,,,,,,,,,399.7593688964844,404.2911603614398,399.58278265548927,403.6045125913183,16193500.0
2024-02-27,,,,,,MSFT,,,,,,,,,,,,,,,,,,,,,399.7005310058594,400.524490398334,396.13982903252327,400.2007738907874,14835800.0
2024-02-28,,,,,,MSFT,,,,,,,,,,,,,,,,,,,,,399.93585205078125,401.48567367865326,397.58167859587735,400.3870613953607,13183100.0
2024-02-29,,,,,,MSFT,,,,,,,,,,,,,,,,,,,,,405.74285888671875,406.2921650523384,398.1702468207432,400.8383181687279,31947300.0
2024-03-01,,,,,,MSFT,,,,,,,,,,,,,,,,,,,,,407.5673828125,407.93031407980567,403.0355914321904,403.41813008815376,17823400.0
2024-03-04,,,,,,MSFT,,,,,,,,,,,,,,,,,,,,,406.9984130859375,409.38201264934025,404.4480459696284,405.54665828189934,17596000.0
2024-03-05,,,,,,MSFT,,,,,,,,,,,,,,,,,,,,,394.9626770019531,406.3412180011649,392.991071894389,406.0567462440755,26919200.0
2024-03-06,,,,,,MSFT,,,,,,,,,,,,,,,,,,,,,394.4133605957031,397.4247558475786,390.7840183450358,395.27656457076307,22344100.0
2024-03-07,,,,,,MSFT,,,,,,,,,,,,,,,,,,,,,401.3288269042969,401.9565926355365,394.5605358436286,398.3664647487739,18718500.0
2024-03-08,,,,,,MSFT,,,,,,,,,,,,,,,,,,,,,398.4645690917969,402.5843959078717,396.61063804407956,400.17133994719717,18002200.0
2024-03-11,,,,,,MSFT,,,,,,,,,,,,,,,,,,,,,396.7969970703125,397.93485423983793,393.5992565104688,396.0515271512708,16120800.0
2024-03-12,,,,,,MSFT,,,,,,,,,,,,,,,,,,,,,407.3515930175781,407.6360648031442,399.02369122398767,399.8378319323999,22457000.0
2024-03-13,,,,,,MSFT,,,,,,,,,,,,,,,,,,,,,407.17498779296875,410.1961717884516,403.5946789555971,410.11771230614136,17115900.0
2024-03-14,,,,,,MSFT,,,,,,,,,,,,,,,,,,,,,417.1017761230469,419.6521433696343,410.009799228429,412.21684262615895,34157300.0
2024-03-15,,,,,,MSFT,,,,,,,,,,,,,,,,,,,,,408.4697570800781,414.53176184842266,404.90905594932127,411.2849584886003,45079900.0
2024-03-18,,,,,,MSFT,,,,,,,,,,,,,,,,,,,,,409.3526611328125,412.6975620459207,405.88023735043,406.341265451297,20106000.0
2024-03-19,,,,,,MSFT,,,,,,,,,,,,,,,,,,,,,413.3645324707031,413.61957818454806,407.61639479250874,409.8528643144651,19837900.0
2024-03-20,,,,,,MSFT,,,,,,,,,,,,,,,,,,,,,417.1116027832031,417.8276466076136,412.62884514501485,413.94325853489937,17860100.0
2024-03-21,,,,,,MSFT,,,,,,,,,,,,,,,,,,,,,421.1725769042969,422.5949058623587,419.0047780206844,421.62378632435974,21296200.0
2024-03-22,,,,,,MSFT,,,,,,,,,,,,,,,,,,,,,420.5545959472656,421.65320840400005,417.93558766825475,421.4962894258474,17648500.0
2024-03-25,,,,,,MSFT,,,,,,,,,,,,,,,,,,,,,414.7868347167969,419.2499850699005,413.5606994442316,417.12140106535213,18060500.0
2024-03-26,,,,,,MSFT,,,,,,,,,,,,,,,,,,,,,413.59991455078125,417.85705232022457,413.3056540804049,417.48430243445387,16725600.0
2024-03-27,,,,,,MSFT,,,,,,,,,,,,,,,,,,,,,413.3841552734375,416.3465173372015,411.0103740796991,416.3366986755512,16705000.0
2024-03-28,,,,,,MSFT,,,,,,,,,,,,,,,,,,,,,412.687744140625,413.81578270674646,411.1182848623514,412.92315255513495,21871200.0
2024-04-01,,,,,,MSFT,,,,,,,,,,,,,,,,,,,,,416.4642333984375,419.7208560550212,414.15909296576694,415.85607505767865,16316000.0
2024-04-02,,,,,,MSFT,,,,,,,,,,,,,,,,,,,,,413.3939514160156,414.31600751259526,409.8626759328322,412.08932675524255,17912000.0
2024-04-03,,,,,,MSFT,,,,,,,,,,,,,,,,,,,,,412.4228820800781,415.17923184367993,411.0888313055727,411.7166269488562,16502300.0
2024-04-04,,,,,,MSFT,,,,,,,,,,,,,,,,,,,,,409.9019470214844,420.4859554910503,409.59786785676073,416.8761903565226,19370900.0
2024-04-05,,,,,,MSFT,,,,,,,,,,,,,,,,,,,,,417.39605712890625,418.36717662742586,410.33353586981326,411.9912731648726,16554800.0
2024-04-08,,,,,,MSFT,,,,,,,,,,,,,,,,,,,,,416.48382568359375,419.12247124179834,415.21844567326013,417.0527692258899,14272400.0
2024-04-09,,,,,,MSFT,,,,,,,,,,,,,,,,,,,,,418.14154052734375,419.5736580977935,413.57050478624086,418.29848942937065,12496900.0
2024-04-10,,,,,,MSFT,,,,,,,,,,,,,,,,,,,,,415.17919921875,415.9344877287147,411.68716854848634,414.12962029851764,16216600.0
2024-04-11,,,,,,MSFT,,,,,,,,,,,,,,,,,,,,,419.7600402832031,421.1725504908495,414.2963744060529,417.69033834286756,17966400.0
2024-04-12,,,,,,MSFT,,,,,,,,,,,,,,,,,,,,,413.8451843261719,417.06256218596104,411.75584496590756,415.9541310748391,19253800.0
2024-04-15,,,,,,MSFT,,,,,,,,,,,,,,,,,,,,,405.74285888671875,418.6712210349568,405.53684662340567,418.45542004596757,20273500.0
2024-04-16,,,,,,MSFT,,,,,,,,,,,,,,,,,,,,,406.6648864746094,410.4119627811132,405.8311384974836,406.6550977488978,16765600.0
2024-04-17,,,,,,MSFT,,,,,,,,,,,,,,,,,,,,,403.97723388671875,410.8828360715611,402.4960529094379,409.2839508985917,15855500.0
2024-04-18,,,,,,MSFT,,,,,,,,,,,,,,,,,,,,,396.5517578125,404.02630364117994,396.23788993068626,402.7903496970384,21029900.0
2024-04-19,,,,,,MSFT,,,,,,,,,,,,,,,,,,,,,391.5000915527344,397.738683518828,390.1758594431205,396.31635459832717,30565800.0
2024-04-22,,,,,,MSFT,,,,,,,,,,,,,,,,,,,,,393.304931640625,395.1588624515417,388.1944084543801,392.441727661041,20286900.0
2024-04-23,,,,,,MSFT,,,,,,,,,,,,,,,,,,,,,399.7887268066406,400.4067037074316,395.36482163775406,396.5222860267283,15734500.0
2024-04-24,,,,,,MSFT,,,,,,,,,,,,,,,,,,,,,401.2503356933594,404.595236495939,399.0138660286807,401.74078982977966,15065300.0
2024-04-25,,,,,,MSFT,,,,,,,,,,,,,,,,,,,,,391.4216003417969,392.2553782643455,380.62179192671005,386.5072408836068,40586500.0
2024-04-26,,,,,,MSFT,,,,,,,,,,,,,,,,,,,,,398.5625915527344,405.1150505614492,398.0132854043954,404.3009099992489,29694700.0
2024-04-29,,,,,,MSFT,,,,,,,,,,,,,,,,,,,,,394.5702819824219,398.56258512123486,391.5687056006696,397.5130062731547,19582100.0
2024-04-30,,,,,,MSFT,,,,,,,,,,,,,,,,,,,,,381.8969421386719,394.4820099813431,381.7400231834723,393.8247883748175,28781400.0
2024-05-01,,,,,,MSFT,,,,,,,,,,,,,,,,,,,,,387.3998718261719,394.05042796595137,382.85826224732904,385.11433904555116,23562500.0
2024-05-02,,,,,,MSFT,,,,,,,,,,,,,,,,,,,,,390.2445068359375,392.29460134045365,387.11540734616494,390.0679505478797,17709400.0
2024-05-03,,,,,,MSFT,,,,,,,,,,,,,,,,,,,,,398.89605712890625,399.37669247726535,394.1876806940931,394.59967523192734,17446700.0
2024-05-06,,,,,,MSFT,,,,,,,,,,,,,,,,,,,,,405.6448059082031,406.02734455936377,398.61168058742396,400.9560656726651,16996600.0
2024-05-07,,,,,,MSFT,,,,,,,,,,,,,,,,,,,,,401.52496337890625,406.75322090554647,401.27973632622934,406.74340224425765,20018200.0
2024-05-08,,,,,,MSFT,,,,,,,,,,,,,,,,,,,,,402.7020568847656,404.3597941214035,398.9451617518151,400.3773092630151,11792300.0
2024-05-09,,,,,,MSFT,,,,,,,,,,,,,,,,,,,,,404.44805908203125,404.84041635842834,401.2895336143813,402.73146980472023,14689700.0
2024-05-10,,,,,,MSFT,,,,,,,,,,,,,,,,,,,,,406.8218688964844,407.44966453116945,403.93799631140473,405.0562460600837,13402300.0
2024-05-13,,,,,,MSFT,,,,,,,,,,,,,,,,,,,,,405.8213195800781,410.36292908810583,402.9766919421273,410.0294239104783,15440200.0
2024-05-14,,,,,,MSFT,,,,,,,,,,,,,,,,,,,,,408.60711669921875,409.51935413927424,403.69275704643184,404.15378509704203,15109300.0
2024-05-15,,,,,,MSFT,,,,,,,,,,,,,,,,,,,,,415.75115966796875,416.46852499785643,410.0418061194269,410.6608977071615,22239500.0
2024-05-16,,,,,,MSFT,,,,,,,,,,,,,,,,,,,,,413.6973571777344,418.0506409370668,413.06845922359344,414.493323488297,17530100.0
2024-05-17,,,,,,MSFT,,,,,,,,,,,,,,,,,,,,,412.930908203125,415.5939858480529,410.7886784280323,415.2205635959117,15352200.0
2024-05-20,,,,,,MSFT,,,,,,,,,,,,,,,,,,,,,417.9720458984375,419.37726753163014,412.7147152549324,412.9309055053418,16272100.0
2024-05-21,,,,,,MSFT,,,,,,,,,,,,,,,,,,,,,421.6080017089844,425.46991744124085,417.4905802068074,419.4362626425402,21453300.0
2024-05-22,,,,,,MSFT,,,,,,,,,,,,,,,,,,,,,423.062255859375,424.91953050673135,419.7309951274063,422.6397117823025,18073700.0
2024-05-23,,,,,,MSFT,,,,,,,,,,,,,,,,,,,,,419.6032409667969,426.0889176680517,418.05062390261264,425.46982612085486,17211700.0
2024-05-24,,,,,,MSFT,,,,,,,,,,,,,,,,,,,,,422.70855712890625,423.59296088139126,417.05816150216543,419.7900037534496,11855300.0
2024-05-28,,,,,,MSFT,,,,,,,,,,,,,,,,,,,,,422.8657531738281,423.3570918822038,419.2101919839553,422.1877033571548,15718000.0
2024-05-29,,,,,,MSFT,,,,,,,,,,,,,,,,,,,,,421.7357482910156,423.4750768037088,418.3160195321069,418.3160195321069,15517100.0
2024-05-30,,,,,,MSFT,,,,,,,,,,,,,,,,,,,,,407.48687744140625,416.95003623481153,407.0643033400361,416.95003623481153,28394500.0
2024-05-31,,,,,,MSFT,,,,,,,,,,,,,,,,,,,,,407.9389343261719,409.5308671519035,397.50290358954135,409.5308671519035,47995300.0
2024-06-03,,,,,,MSFT,,,,,,,,,,,,,,,,,,,,,406.3567810058594,409.21637607324783,401.83648858598,408.3319723384426,17484700.0
2024-06-04,,,,,,MSFT,,,,,,,,,,,,,,,,,,,,,408.8626708984375,409.2262568074665,402.58334672161834,405.28571008638386,14348900.0
2024-06-05,,,,,,MSFT,,,,,,,,,,,,,,,,,,,,,416.66510009765625,416.7338647316788,409.0886349128657,410.57248754759564,16988000.0
2024-06-06,,,,,,MSFT,,,,,,,,,,,,,,,,,,,,,417.1662292480469,417.9425528471417,413.29447761268017,416.66508413024746,14861300.0
2024-06-07,,,,,,MSFT,,,,,,,,,,,,,,,,,,,,,416.50787353515625,418.89577271534046,415.67259164399417,418.8171717087438,13621700.0
2024-06-10,,,,,,MSFT,,,,,,,,,,,,,,,,,,,,,420.45819091796875,420.66454478320344,416.5471539046789,417.3431202309482,13982900.0
2024-06-11,,,,,,MSFT,,,,,,,,,,,,,,,,,,,,,425.1849060058594,425.3224952545953,417.88361916349896,418.1096457911631,14551100.0
2024-06-12,,,,,,MSFT,,,,,,,,,,,,,,,,,,,,,433.41973876953125,435.71920053687387,425.7450298401941,427.7791794767063,22366200.0
2024-06-13,,,,,,MSFT,,,,,,,,,,,,,,,,,,,,,433.93072509765625,435.7093989946261,431.75901618030764,433.21338970261115,15960600.0
2024-06-14,,,,,,MSFT,,,,,,,,,,,,,,,,,,,,,434.9035949707031,435.4637283515464,429.15492551069684,430.68790003484014,13582000.0
2024-06-17,,,,,,MSFT,,,,,,,,,,,,,,,,,,,,,440.6031494140625,443.12863803595843,433.0856717940259,434.9232741023748,20790000.0
2024-06-18,,,,,,MSFT,,,,,,,,,,,,,,,,,,,,,438.6082763671875,442.34246889984814,437.18341197055486,441.9198947788086,17112500.0
2024-06-20,,,,,,MSFT,,,,,,,,,,,,,,,,,,,,,437.97943115234375,438.7950403891147,433.62614646515834,438.56901373847154,19877400.0
2024-06-21,,,,,,MSFT,,,,,,,,,,,,,,,,,,,,,441.98870849609375,442.77483854275334,438.7753636944757,439.63028836717615,34187100.0
2024-06-24,,,,,,MSFT,,,,,,,,,,,,,,,,,,,,,439.9152526855469,444.9072412251996,438.677069430459,442.00833058442447,15913700.0
2024-06-25,,,,,,MSFT,,,,,,,,,,,,,,,,,,,,,443.138427734375,443.60028735592437,439.01117026568124,440.4851865060809,16413400.0
2024-06-26,,,,,,MSFT,,,,,,,,,,,,,,,,,,,,,444.3274841308594,445.7425422004591,440.4262530619795,441.222219477512,16507000.0
2024-06-27,,,,,,MSFT,,,,,,,,,,,,,,,,,,,,,445.00555419921875,448.2680510068741,443.9442456044681,444.3471470164623,14806300.0
2024-06-28,,,,,,MSFT,,,,,,,,,,,,,,,,,,,,,439.20770263671875,447.49166642517747,438.6770484115445,445.22168389223947,28362300.0
2024-07-01,,,,,,MSFT,,,,,,,,,,,,,,,,,,,,,448.8182678222656,449.44716577540373,437.9400216100097,440.8880538633733,17662800.0
2024-07-02,,,,,,MSFT,,,,,,,,,,,,,,,,,,,,,451.3240966796875,451.6287242891569,445.2609636362825,445.3494309967801,13979800.0
2024-07-03,,,,,,MSFT,,,,,,,,,,,,,,,,,,,,,452.7883605957031,453.0340300031036,449.9484378404028,450.25306550646405,9932800.0
2024-07-05,,,,,,MSFT,,,,,,,,,,,,,,,,,,,,,459.4607238769531,460.2370475569388,451.01952711906966,451.6484251718753,16000300.0
2024-07-08,,,,,,MSFT,,,,,,,,,,,,,,,,,,,,,458.16357421875,459.59830504287737,456.41440936822374,458.4682018620652,12962300.0
2024-07-09,,,,,,MSFT,,,,,,,,,,,,,,,,,,,,,451.5796203613281,459.23465638604694,450.06628863582495,458.91038601076474,17207200.0
2024-07-10,,,,,,MSFT,,,,,,,,,,,,,,,,,,,,,458.17333984375,458.3796937017914,450.9113394298758,453.23047369871955,18196100.0
2024-07-11,,,,,,MSFT,,,,,,,,,,,,,,,,,,,,,446.8235168457031,456.7288938614541,443.7280584136493,454.9600861765151,23111200.0
2024-07-12,,,,,,MSFT,,,,,,,,,,,,,,,,,,,,,445.6933898925781,448.4547114032981,442.8436310012122,446.45987718044813,16324300.0
2024-07-15,,,,,,MSFT,,,,,,,,,,,,,,,,,,,,,446.09625244140625,449.33910606074033,443.61007966105154,445.4476817175394,14429400.0
2024-07-16,,,,,,MSFT,,,,,,,,,,,,,,,,,,,,,441.7331848144531,446.43038212668165,438.92274152217504,446.3517811207802,17175700.0
2024-07-17,,,,,,MSFT,,,,,,,,,,,,,,,,,,,,,435.8371276855469,437.14410559537976,431.5723108003405,434.92324477920374,21778000.0
2024-07-18,,,,,,MSFT,,,,,,,,,,,,,,,,,,,,,432.7416687011719,436.94752703468305,426.8750830594602,436.6428994208888,20794800.0
2024-07-19,,,,,,MSFT,,,,,,,,,,,,,,,,,,,,,429.5381774902344,433.49839687991425,424.5167095108502,425.59766083378145,20940400.0
2024-07-22,,,,,,MSFT,,,,,,,,,,,,,,,,,,,,,435.2672119140625,436.8984603038917,431.30702244593317,434.13713868906143,15808800.0
2024-07-23,,,,,,MSFT,,,,,,,,,,,,,,,,,,,,,437.1440734863281,440.6227600869156,435.4243879336588,436.21051790501895,13107100.0
2024-07-24,,,,,,MSFT,,,,,,,,,,,,,,,,,,,,,421.47039794921875,433.83249840274334,420.18309274942834,432.82034171919196,26805800.0
2024-07-25,,,,,,MSFT,,,,,,,,,,,,,,,,,,,,,411.15228271484375,422.35480083589914,410.2777152857788,421.3721232816147,29943800.0
2024-07-26,,,,,,MSFT,,,,,,,,,,,,,,,,,,,,,417.9032287597656,421.49002544679837,410.04180915234855,410.95572197330205,23583800.0
2024-07-29,,,,,,MSFT,,,,,,,,,,,,,,,,,,,,,419.3379821777344,424.66407745687695,417.34314804369717,424.10394408211863,15125800.0
2024-07-30,,,,,,MSFT,,,,,,,,,,,,,,,,,,,,,415.5939636230469,421.6177512482942,410.13024936818454,420.3108034246303,32687600.0
2024-07-31,,,,,,MSFT,,,,,,,,,,,,,,,,,,,,,411.1031188964844,414.47369536650564,405.0694649339739,413.21586942488864,42891400.0
2024-08-01,,,,,,MSFT,,,,,,,,,,,,,,,,,,,,,409.8846435546875,420.05536281702473,405.9342903580987,413.5009199514555,30296400.0
2024-08-02,,,,,,MSFT,,,,,,,,,,,,,,,,,,,,,401.4139099121094,407.81114983489476,397.3358044115477,405.3446197900361,29437900.0
2024-08-05,,,,,,MSFT,,,,,,,,,,,,,,,,,,,,,388.3049621582031,394.09294634268963,378.90073239916643,382.4285705967925,40709200.0
2024-08-06,,,,,,MSFT,,,,,,,,,,,,,,,,,,,,,392.687744140625,398.6427974223072,391.59698650264767,393.07100276300895,24946500.0
2024-08-07,,,,,,MSFT,,,,,,,,,,,,,,,,,,,,,391.5281982421875,402.97638538590667,390.58483621712907,401.5613573427881,20650900.0
2024-08-08,,,,,,MSFT,,,,,,,,,,,,,,,,,,,,,395.7144470214844,398.8295182344643,393.01208360865684,395.46877762031824,20203000.0
2024-08-09,,,,,,MSFT,,,,,,,,,,,,,,,,,,,,,398.9867248535156,400.9815590644515,395.2918776876415,397.0312061411671,19276700.0
2024-08-12,,,,,,MSFT,,,,,,,,,,,,,,,,,,,,,399.7630615234375,401.6792947885224,397.23757296063644,400.0087309169643,16762900.0
2024-08-13,,,,,,MSFT,,,,,,,,,,,,,,,,,,,,,406.8383483886719,407.762067699129,402.4752575998139,402.49490035510087,19414300.0
2024-08-14,,,,,,MSFT,,,,,,,,,,,,,,,,,,,,,409.6389465332031,410.48406481515934,405.3053649551057,407.61463319199424,18267000.0
2024-08-15,,,,,,MSFT,,,,,,,,,,,,,,,,,,,,,414.482421875,414.56116454959863,411.16483466760724,413.27153919674845,20752100.0
2024-08-16,,,,,,MSFT,,,,,,,,,,,,,,,,,,,,,411.96221923828125,414.787581998409,410.81040112271256,414.05909962624725,22775600.0
2024-08-19,,,,,,MSFT,,,,,,,,,,,,,,,,,,,,,414.9746398925781,415.19121979816396,409.98347800679744,412.44459964164133,15234000.0
2024-08-20,,,,,,MSFT,,,,,,,,,,,,,,,,,,,,,418.1938171386719,419.2373304106215,415.08298552534507,415.14205004692775,16387600.0
2024-08-21,,,,,,MSFT,,,,,,,,,,,,,,,,,,,,,417.5440673828125,419.7689009161739,415.1616884163413,417.48497282390196,16067300.0
2024-08-22,,,,,,MSFT,,,,,,,,,,,,,,,,,,,,,409.0876770019531,420.1529016775488,408.1622927487291,417.76066831830366,19361900.0
2024-08-23,,,,,,MSFT,,,,,,,,,,,,,,,,,,,,,410.3083801269531,412.73996960606866,405.6814592418378,410.4954277824997,18493800.0
2024-08-26,,,,,,MSFT,,,,,,,,,,,,,,,,,,,,,407.0596618652344,410.7907306533513,404.94310328054127,409.89487877847426,13152800.0
2024-08-27,,,,,,MSFT,,,,,,,,,,,,,,,,,,,,,407.4042663574219,407.9161688910183,403.8700989564779,406.43949576869113,13492900.0
2024-08-28,,,,,,MSFT,,,,,,,,,,,,,,,,,,,,,404.2146911621094,408.54625995788336,400.9758461349833,408.42813090646126,14882700.0
2024-08-29,,,,,,MSFT,,,,,,,,,,,,,,,,,,,,,406.6954650878906,415.4865852646763,404.2146650393698,408.48716903331825,17045200.0
2024-08-30,,,,,,MSFT,,,,,,,,,,,,,,,,,,,,,410.6529235839844,410.99745657650817,405.7208262421071,409.1368642535232,24308300.0
2024-09-03,,,,,,MSFT,,,,,,,,,,,,,,,,,,,,,403.0726623535156,413.3503087826454,400.7001374742272,411.41094371784055,20313600.0
2024-09-04,,,,,,MSFT,,,,,,,,,,,,,,,,,,,,,402.54107666015625,404.8446830658677,398.0815251485243,399.59758459335677,15135800.0
2024-09-05,,,,,,MSFT,,,,,,,,,,,,,,,,,,,,,402.0390319824219,406.67577709695456,399.8141682348964,401.2809872314555,14195500.0
2024-09-06,,,,,,MSFT,,,,,,,,,,,,,,,,,,,,,395.4530334472656,404.26383081056673,394.5670056307313,402.6985610672717,19609500.0
2024-09-09,,,,,,MSFT,,,,,,,,,,,,,,,,,,,,,399.41058349609375,402.2950113792448,395.896093936394,400.9069349134055,15295100.0
2024-09-10,,,,,,MSFT,,,,,,,,,,,,,,,,,,,,,407.7586669921875,409.85551750473985,401.3597503882825,401.8519747424291,19594300.0
2024-09-11,,,,,,MSFT,,,,,,,,,,,,,,,,,,,,,416.461181640625,417.39638986900843,403.21048066101315,409.03843011648604,19266900.0
2024-09-12,,,,,,MSFT,,,,,,,,,,,,,,,,,,,,,420.35955810546875,420.7237992857079,413.2223056552003,416.72694031699655,17395700.0
2024-09-13,,,,,,MSFT,,,,,,,,,,,,,,,,,,,,,423.89373779296875,425.1144444971336,418.84351144501346,419.2077526362247,15874600.0
2024-09-16,,,,,,MSFT,,,,,,,,,,,,,,,,,,,,,424.6320495605469,426.7879943677343,421.5605747785227,423.90356722052456,13834700.0
2024-09-17,,,,,,MSFT,,,,,,,,,,,,,,,,,,,,,428.3828430175781,434.9786612819886,425.54762597309116,433.3838592052121,18874200.0
2024-09-18,,,,,,MSFT,,,,,,,,,,,,,,,,,,,,,424.1103820800781,429.2492059809087,423.71660857150346,428.2352249259073,18898000.0
2024-09-19,,,,,,MSFT,,,,,,,,,,,,,,,,,,,,,431.8677978515625,434.63409626466625,430.1056262859268,434.36830593406904,21706600.0
2024-09-20,,,,,,MSFT,,,,,,,,,,,,,,,,,,,,,428.5009765625,432.4092391189892,427.4673174405253,430.42066355244185,55167100.0
2024-09-23,,,,,,MSFT,,,,,,,,,,,,,,,,,,,,,426.76837158203125,429.67247726227924,423.6968964015023,427.52638627626743,15128900.0
2024-09-24,,,,,,MSFT,,,,,,,,,,,,,,,,,,,,,422.495849609375,426.61083784634445,419.4735849772464,426.2662748026867,17015800.0
2024-09-25,,,,,,MSFT,,,,,,,,,,,,,,,,,,,,,425.3901062011719,426.384408985251,421.9051794925785,423.14556440453987,13396400.0
2024-09-26,,,,,,MSFT,,,,,,,,,,,,,,,,,,,,,424.6025085449219,428.53044870901516,422.4564178816269,428.3237229222171,14492000.0
2024-09-27,,,,,,MSFT,,,,,,,,,,,,,,,,,,,,,421.36370849609375,425.1341637224931,420.8222737453315,424.80927883764434,14896100.0
2024-09-30,,,,,,MSFT,,,,,,,,,,,,,,,,,,,,,423.6082763671875,423.7264354508624,418.75495134014767,421.55078212730024,16807300.0
2024-10-01,,,,,,MSFT,,,,,,,,,,,,,,,,,,,,,414.1476745605469,421.8165373929493,412.29690642757294,421.7870051373374,19092900.0
2024-10-02,,,,,,MSFT,,,,,,,,,,,,,,,,,,,,,410.6430969238281,416.24461251055664,410.22961524498584,416.00832438993655,16582300.0
2024-10-03,,,,,,MSFT,,,,,,,,,,,,,,,,,,,,,410.0622863769531,413.0254566537122,407.84727671300476,411.1353318978847,13686400.0
2024-10-04,,,,,,MSFT,,,,,,,,,,,,,,,,,,,,,409.5897521972656,413.22237055628017,408.51670664481577,411.73584330216534,19169700.0
2024-10-07,,,,,,MSFT,,,,,,,,,,,,,,,,,,,,,403.171142578125,410.6233966552464,402.6395318501973,409.5306729821077,20919800.0
2024-10-08,,,,,,MSFT,,,,,,,,,,,,,,,,,,,,,408.26068115234375,409.19591936395466,401.82240877121177,404.50993429186275,19229300.0
2024-10-09,,,,,,MSFT,,,,,,,,,,,,,,,,,,,,,410.9679870605469,413.842590771439,407.85712525174335,409.3928629741536,14974300.0
2024-10-10,,,,,,MSFT,,,,,,,,,,,,,,,,,,,,,409.37310791015625,410.8596349305785,406.72493873590105,408.77260867644156,13848400.0
2024-10-11,,,,,,MSFT,,,,,,,,,,,,,,,,,,,,,409.8456726074219,410.6430736171545,406.8234080163179,409.6684790592566,14144900.0
2024-10-14,,,,,,MSFT,,,,,,,,,,,,,,,,,,,,,412.6218566894531,417.4456494762865,411.0270245046469,411.2731366880873,16653100.0
2024-10-15,,,,,,MSFT,,,,,,,,,,,,,,,,,,,,,412.22802734375,415.9098858066577,408.80216519233556,415.61453317923247,18900200.0
2024-10-16,,,,,,MSFT,,,,,,,,,,,,,,,,,,,,,409.64874267578125,409.8850007237477,404.09646824766287,408.71353454058965,15508900.0
2024-10-17,,,,,,MSFT,,,,,,,,,,,,,,,,,,,,,410.23944091796875,415.9295528895068,409.12700914123224,415.79171565844746,14820000.0
2024-10-18,,,,,,MSFT,,,,,,,,,,,,,,,,,,,,,411.6570739746094,413.12389293089865,409.78662744422246,410.6529471112624,17145300.0
2024-10-21,,,,,,MSFT,,,,,,,,,,,,,,,,,,,,,412.26739501953125,412.4445885621628,407.3156196249642,409.64875806524304,14206100.0
2024-10-22,,,,,,MSFT,,,,,,,,,,,,,,,,,,,,,420.8616638183594,423.8838984262341,411.53893363879695,411.9819175179694,25482200.0
2024-10-23,,,,,,MSFT,,,,,,,,,,,,,,,,,,,,,417.9969482421875,424.3761569602065,415.95913210482394,424.15957703194096,19654400.0
2024-10-24,,,,,,MSFT,,,,,,,,,,,,,,,,,,,,,418.1249084472656,419.35546932603506,415.83112614516494,418.7155536346828,13581600.0
2024-10-25,,,,,,MSFT,,,,,,,,,,,,,,,,,,,,,421.49169921875,425.7937351729216,419.9362835126177,420.1233311665373,16899100.0
2024-10-28,,,,,,MSFT,,,,,,,,,,,,,,,,,,,,,419.9559326171875,425.2227387354677,419.6704341057476,424.9470943239702,14882400.0
2024-10-29,,,,,,MSFT,,,,,,,,,,,,,,,,,,,,,425.2326354980469,426.4336641349943,419.1782518516455,421.34405104712135,17644100.0
2024-10-30,,,,,,MSFT,,,,,,,,,,,,,,,,,,,,,425.8035888671875,431.68074872313076,425.3802831426112,430.6372355196224,29749100.0
2024-10-31,,,,,,MSFT,,,,,,,,,,,,,,,,,,,,,400.0307312011719,409.6881704469,399.9814907408766,408.9005934690843,53971000.0
2024-11-01,,,,,,MSFT,,,,,,,,,,,,,,,,,,,,,403.9881896972656,409.0384161036912,401.162826864631,402.64935394725995,24230400.0
2024-11-04,,,,,,MSFT,,,,,,,,,,,,,,,,,,,,,402.1079406738281,404.0374819155361,399.2628993191041,403.4270984352044,19672300.0
2024-11-05,,,,,,MSFT,,,,,,,,,,,,,,,,,,,,,405.0612487792969,408.4477546696806,401.73380740675793,402.019305938334,17626000.0
2024-11-06,,,,,,MSFT,,,,,,,,,,,,,,,,,,,,,413.6456298828125,413.91145024796907,404.1358522419557,406.00632872643234,26681800.0
2024-11-07,,,,,,MSFT,,,,,,,,,,,,,,,,,,,,,418.81402587890625,420.21195632741785,413.3503473156427,414.7285695615749,19901800.0
2024-11-08,,,,,,MSFT,,,,,,,,,,,,,,,,,,,,,415.968994140625,419.8674028807744,415.2208034572557,418.70576053564287,16891400.0
2024-11-11,,,,,,MSFT,,,,,,,,,,,,,,,,,,,,,411.5093994140625,418.2036383732599,409.530647967578,415.9492425000552,24503300.0
2024-11-12,,,,,,MSFT,,,,,,,,,,,,,,,,,,,,,416.4513244628906,417.8394007087299,410.71200186963034,411.7456609678349,19401200.0
2024-11-13,,,,,,MSFT,,,,,,,,,,,,,,,,,,,,,418.58758544921875,422.65333320998997,411.70626883397995,415.0829505962656,21502200.0
2024-11-14,,,,,,MSFT,,,,,,,,,,,,,,,,,,,,,420.2513122558594,421.51140536702854,413.4684464166278,418.39068982634956,30246900.0
2024-11-15,,,,,,MSFT,,,,,,,,,,,,,,,,,,,,,408.54620361328125,416.2248913266483,407.2073678244848,413.2912534776132,28247600.0
2024-11-18,,,,,,MSFT,,,,,,,,,,,,,,,,,,,,,409.29437255859375,411.89330132284374,405.69128696291637,408.41819885611204,24727000.0
2024-11-19,,,,,,MSFT,,,,,,,,,,,,,,,,,,,,,411.2928161621094,411.4404774532615,405.149836063281,406.6855735772408,18133500.0
2024-11-20,,,,,,MSFT,,,,,,,,,,,,,,,,,,,,,409.028564453125,410.8005900683197,404.19491792354364,410.3871084118776,19191700.0
2024-11-21,,,,,,MSFT,,,,,,,,,,,,,,,,,,,,,407.26287841796875,414.0790385036892,404.71793020151534,413.80284233986384,20780200.0
2024-11-22,,,,,,MSFT,,,,,,,,,,,,,,,,,,,,,411.3368225097656,411.73138418459337,405.4774898240383,405.7832773797643,24814600.0
2024-11-25,,,,,,MSFT,,,,,,,,,,,,,,,,,,,,,413.1025390625,415.36141754143,409.2160446876401,412.69810354496985,27691100.0
2024-11-26,,,,,,MSFT,,,,,,,,,,,,,,,,,,,,,422.17755126953125,423.21330950979313,413.161695275106,413.891635863064,23458900.0
2024-11-27,,,,,,MSFT,,,,,,,,,,,,,,,,,,,,,417.2454833984375,421.4279216336492,416.28865548862075,419.33668746447955,18332400.0
2024-11-29,,,,,,MSFT,,,,,,,,,,,,,,,,,,,,,417.70904541015625,419.1097738504757,412.1259094010287,414.38481768654003,16271900.0
2024-12-02,,,,,,MSFT,,,,,,,,,,,,,,,,,,,,,425.126953125,427.1195090506518,415.58826631722377,415.84474493949193,20207200.0
2024-12-03,,,,,,MSFT,,,,,,,,,,,,,,,,,,,,,425.343994140625,426.59673575541547,421.9309618493427,424.0024483022702,18302000.0
2024-12-04,,,,,,MSFT,,,,,,,,,,,,,,,,,,,,,431.4794616699219,433.69890467425466,426.75450568960144,427.1490673141917,26009400.0
2024-12-05,,,,,,MSFT,,,,,,,,,,,,,,,,,,,,,436.6088562011719,438.6211597736825,430.2464705000807,431.97270407918,21697800.0
2024-12-06,,,,,,MSFT,,,,,,,,,,,,,,,,,,,,,437.54595947265625,440.04159877439776,435.7703869006791,436.2931878578621,18821000.0
2024-12-09,,,,,,MSFT,,,,,,,,,,,,,,,,,,,,,439.96270751953125,442.2413336019405,434.51768404131514,436.5891705079944,19144400.0
2024-12-10,,,,,,MSFT,,,,,,,,,,,,,,,,,,,,,437.3092346191406,443.5138201555157,435.60274857576576,438.3548667232301,18469500.0
2024-12-11,,,,,,MSFT,,,,,,,,,,,,,,,,,,,,,442.892333984375,444.2338797106506,438.019420871054,438.019420871054,19200200.0
2024-12-12,,,,,,MSFT,,,,,,,,,,,,,,,,,,,,,443.45458984375,449.96496224230685,443.0106891858234,443.0106891858234,20834800.0
2024-12-13,,,,,,MSFT,,,,,,,,,,,,,,,,,,,,,441.1957092285156,445.2992167545738,439.5286583553318,442.34983294961415,20177800.0
2024-12-16,,,,,,MSFT,,,,,,,,,,,,,,,,,,,,,445.4570617675781,446.03904550783295,439.2327587604127,441.1957234184863,23598800.0
2024-12-17,,,,,,MSFT,,,,,,,,,,,,,,,,,,,,,448.2880859375,449.1068307764244,443.4645114369834,444.8849575716068,22733500.0
2024-12-18,,,,,,MSFT,,,,,,,,,,,,,,,,,,,,,431.44989013671875,446.50262602359174,431.08488976149135,445.19070178831043,24444500.0
2024-12-19,,,,,,MSFT,,,,,,,,,,,,,,,,,,,,,431.0948181152344,437.1612906860421,430.39446885306654,435.62247901256285,22963700.0
2024-12-20,,,,,,MSFT,,,,,,,,,,,,,,,,,,,,,430.670654296875,437.71367214918683,422.80889160222836,427.2280306144627,64263700.0
2024-12-23,,,,,,MSFT,,,,,,,,,,,,,,,,,,,,,429.3389587402344,431.70635881030796,426.9518110200716,430.80871372187636,19152500.0
2024-12-24,,,,,,MSFT,,,,,,,,,,,,,,,,,,,,,433.3634948730469,433.629847299066,428.29331629516184,428.7470606574343,7164500.0
2024-12-26,,,,,,MSFT,,,,,,,,,,,,,,,,,,,,,432.1601257324219,434.9517090842379,430.70024449975995,433.1169536147247,8194200.0
2024-12-27,,,,,,MSFT,,,,,,,,,,,,,,,,,,,,,424.6830749511719,429.3093836032803,420.5598497453618,428.6978084898888,18117700.0
2024-12-30,,,,,,MSFT,,,,,,,,,,,,,,,,,,,,,419.0604553222656,421.7435167493127,416.17025429217676,420.27376177490316,13158700.0
2024-12-31,,,,,,MSFT,,,,,,,,,,,,,,,,,,,,,415.7757263183594,420.93470998738326,414.9471377359365,420.31326102478425,13246500.0
2025-01-02,,,,,,MSFT,,,,,,,,,,,,,,,,,,,,,412.8953552246094,420.2836558558519,409.21603069875914,419.7509810335182,16896500.0
2025-01-03,,,,,,MSFT,,,,,,,,,,,,,,,,,,,,,417.6005554199219,418.2713132207811,413.8423008464514,415.36136467137544,16662900.0
2025-01-06,,,,,,MSFT,,,,,,,,,,,,,,,,,,,,,422.0394592285156,428.4215926337743,419.7016505493917,422.1874160873605,20573600.0
2025-01-07,,,,,,MSFT,,,,,,,,,,,,,,,,,,,,,416.63385009765625,424.80139942668757,415.0851648128758,423.1738138555601,18139100.0
2025-01-08,,,,,,MSFT,,,,,,,,,,,,,,,,,,,,,418.79412841796875,421.171402275518,415.81515330470927,417.70906128958796,15054600.0
2025-01-10,,,,,,MSFT,,,,,,,,,,,,,,,,,,,,,413.26031494140625,418.94206877538755,409.3836648034606,418.86316848876044,20201100.0
2025-01-13,,,,,,MSFT,,,,,,,,,,,,,,,,,,,,,411.5242614746094,412.81646832203865,406.69081302742603,409.6007318390263,17604800.0
2025-01-14,,,,,,MSFT,,,,,,,,,,,,,,,,,,,,,410.0248718261719,414.03957499111027,405.14208486737954,412.1357932076061,16935900.0
2025-01-15,,,,,,MSFT,,,,,,,,,,,,,,,,,,,,,420.5203857421875,422.3353935398116,412.5895665870108,413.43790279096226,19637800.0
2025-01-16,,,,,,MSFT,,,,,,,,,,,,,,,,,,,,,418.8138427734375,423.6571645662551,418.6264508238549,422.8779150872359,15300000.0
2025-01-17,,,,,,MSFT,,,,,,,,,,,,,,,,,,,,,423.20343017578125,428.57942688248704,422.3551241092644,428.1947089431654,26197500.0
2025-01-21,,,,,,MSFT,,,,,,,,,,,,,,,,,,,,,422.6806335449219,425.0480336398343,419.82002384260585,424.3575582513444,26085700.0
2025-01-22,,,,,,MSFT,,,,,,,,,,,,,,,,,,,,,440.1402893066406,441.1957350447454,430.0788007344463,431.61761238386987,27803800.0
2025-01-23,,,,,,MSFT,,,,,,,,,,,,,,,,,,,,,440.6433410644531,440.6828062638951,435.50410512705025,435.9973147591307,18389300.0
2025-01-24,,,,,,MSFT,,,,,,,,,,,,,,,,,,,,,438.0293273925781,440.5841496239721,435.40544858930485,439.11439458237174,15549500.0
2025-01-27,,,,,,MSFT,,,,,,,,,,,,,,,,,,,,,428.6583557128906,429.2896784954125,417.74856099112463,418.2516444520013,35647800.0
2025-01-28,,,,,,MSFT,,,,,,,,,,,,,,,,,,,,,441.1266784667969,442.29064589853647,425.52151949148305,428.69779052094407,23491700.0
2025-01-29,,,,,,MSFT,,,,,,,,,,,,,,,,,,,,,436.32281494140625,440.81104060450724,434.41903300783486,440.62361853818396,23581400.0
2025-01-30,,,,,,MSFT,,,,,,,,,,,,,,,,,,,,,409.3540954589844,417.1172097708342,407.54896156269734,413.0827588425547,54586300.0
2025-01-31,,,,,,MSFT,,,,,,,,,,,,,,,,,,,,,409.42315673828125,414.976701732093,409.27519987674,413.2899333042713,34161900.0
2025-02-03,,,,,,MSFT,,,,,,,,,,,,,,,,,,,,,405.3393859863281,409.7683985075356,403.1100689884043,406.01014380943144,25679100.0
2025-02-04,,,,,,MSFT,,,,,,,,,,,,,,,,,,,,,406.76971435546875,408.2986823038951,404.1754268282418,407.08537575034575,20532100.0
2025-02-05,,,,,,MSFT,,,,,,,,,,,,,,,,,,,,,407.6772155761719,408.2098602907994,404.8264495269334,406.74997908357795,16316700.0
2025-02-06,,,,,,MSFT,,,,,,,,,,,,,,,,,,,,,410.1728515625,412.5205341470821,408.3775613386283,408.3775613386283,16309800.0
2025-02-07,,,,,,MSFT,,,,,,,,,,,,,,,,,,,,,404.18524169921875,412.96436600470287,402.5576561425311,410.8238533335017,22886800.0
2025-02-10,,,,,,MSFT,,,,,,,,,,,,,,,,,,,,,406.6217041015625,409.8176925215145,405.33937124502273,408.0914590052598,20817900.0
2025-02-11,,,,,,MSFT,,,,,,,,,,,,,,,,,,,,,405.852294921875,406.88802298158646,403.74134350470337,404.0767525043344,18140600.0
2025-02-12,,,,,,MSFT,,,,,,,,,,,,,,,,,,,,,403.48492431640625,405.17169274595005,398.8783333348811,401.67976029438313,19121700.0
2025-02-13,,,,,,MSFT,,,,,,,,,,,,,,,,,,,,,404.96453857421875,405.4182829681306,400.8412835235649,401.4726062482461,23891700.0
2025-02-14,,,,,,MSFT,,,,,,,,,,,,,,,,,,,,,402.8831787109375,403.3566707547541,400.3678218416371,402.25188608897315,22758500.0
2025-02-18,,,,,,MSFT,,,,,,,,,,,,,,,,,,,,,404.0768127441406,405.02376683445937,400.9794417214404,402.45907065768193,21423100.0
2025-02-19,,,,,,MSFT,,,,,,,,,,,,,,,,,,,,,409.1370849609375,409.8473079963777,402.11378500109834,402.34067225656025,24114200.0
2025-02-20,,,,,,MSFT,,,,,,,,,,,,,,,,,,,,,411.30169677734375,414.4447923675228,407.75335474991726,410.47144681938056,23508700.0
2025-02-21,,,,,,MSFT,,,,,,,,,,,,,,,,,,,,,403.4736022949219,413.1994268757111,403.1573381232245,412.49767332735263,27524800.0
2025-02-24,,,,,,MSFT,,,,,,,,,,,,,,,,,,,,,399.31243896484375,404.62012670611466,394.6867476536957,403.77011965609864,26443700.0
2025-02-25,,,,,,MSFT,,,,,,,,,,,,,,,,,,,,,393.283203125,397.25657880262406,392.09714469383994,396.44608593506547,29387400.0
2025-02-26,,,,,,MSFT,,,,,,,,,,,,,,,,,,,,,395.0920104980469,398.91710270889797,389.6755831630129,393.3919661639477,19619000.0
2025-02-27,,,,,,MSFT,,,,,,,,,,,,,,,,,,,,,387.9754943847656,401.0322110218146,387.61968592381214,396.61407498406965,21127400.0
2025-02-28,,,,,,MSFT,,,,,,,,,,,,,,,,,,,,,392.38372802734375,393.01631660620876,382.0846478468725,388.10398215130573,32845700.0
2025-03-03,,,,,,MSFT,,,,,,,,,,,,,,,,,,,,,383.98236083984375,394.1925192721913,381.67940898205217,394.1925192721913,23007700.0
2025-03-04,,,,,,MSFT,,,,,,,,,,,,,,,,,,,,,384.10101318359375,388.02495119005715,376.57932513123166,378.9514723277071,29342900.0
2025-03-05,,,,,,MSFT,,,,,,,,,,,,,,,,,,,,,396.36700439453125,397.00948665687173,384.29868393839774,384.82253320835395,23433100.0
2025-03-06,,,,,,MSFT,,,,,,,,,,,,,,,,,,,,,392.284912109375,397.4838599812305,388.12373889118527,389.7051801734712,23304600.0
2025-03-07,,,,,,MSFT,,,,,,,,,,,,,,,,,,,,,388.7464599609375,390.2191619837315,381.0666253730808,387.76795648683793,22034100.0
2025-03-10,,,,,,MSFT,,,,,,,,,,,,,,,,,,,,,375.7490234375,381.9166113327009,372.8431337183802,381.3631114017718,32840100.0
2025-03-11,,,,,,MSFT,,,,,,,,,,,,,,,,,,,,,376.03570556640625,381.5212976511773,372.53677123025375,374.6025176419591,30380200.0
2025-03-12,,,,,,MSFT,,,,,,,,,,,,,,,,,,,,,378.82293701171875,380.7503233781215,374.55308456142495,378.5066728711865,24253600.0
2025-03-13,,,,,,MSFT,,,,,,,,,,,,,,,,,,,,,374.3751525878906,380.8491715851453,373.07049136146827,378.71423026442886,20473000.0
2025-03-14,,,,,,MSFT,,,,,,,,,,,,,,,,,,,,,384.05157470703125,385.7022111357248,375.10659301872727,375.3734493768336,19952800.0
2025-03-17,,,,,,MSFT,,,,,,,,,,,,,,,,,,,,,384.1899719238281,388.15342385678485,381.0962841175908,382.2131776873556,22474300.0
2025-03-18,,,,,,MSFT,,,,,,,,,,,,,,,,,,,,,379.0700378417969,382.87537263830677,376.67813379609476,382.57886557924786,19486900.0
2025-03-19,,,,,,MSFT,,,,,,,,,,,,,,,,,,,,,383.3201904296875,385.1585946525035,379.5445060727477,381.0567525075918,19185500.0
2025-03-20,,,,,,MSFT,,,,,,,,,,,,,,,,,,,,,382.3515319824219,387.24410971121733,378.8328407062668,381.2642891356356,18470500.0
2025-03-21,,,,,,MSFT,,,,,,,,,,,,,,,,,,,,,386.72027587890625,387.19468720298374,378.35841433019584,378.7735544022507,39675900.0
2025-03-24,,,,,,MSFT,,,,,,,,,,,,,,,,,,,,,388.51910400390625,390.81219242783766,385.2870564688155,390.81219242783766,21004500.0
2025-03-25,,,,,,MSFT,,,,,,,,,,,,,,,,,,,,,390.5749816894531,391.7610400507305,388.08423198363494,389.3493790004213,15775000.0
2025-03-26,,,,,,MSFT,,,,,,,,,,,,,,,,,,,,,385.4452209472656,390.72325787798576,384.0614710304359,390.4168571879551,16108400.0
2025-03-27,,,,,,MSFT,,,,,,,,,,,,,,,,,,,,,386.0481262207031,387.6888690270636,382.9050306805178,385.60336562359333,13766800.0
2025-03-28,,,,,,MSFT,,,,,,,,,,,,,,,,,,,,,374.4048156738281,384.6149747790714,372.5565178920864,383.5771397086297,21632000.0
2025-03-31,,,,,,MSFT,,,,,,,,,,,,,,,,,,,,,371.034423828125,372.694923815259,362.9789628551185,368.2174858935481,35184700.0
2025-04-01,,,,,,MSFT,,,,,,,,,,,,,,,,,,,,,377.7554931640625,378.4078388750376,368.89946352111616,370.30297052308924,19689500.0
2025-04-02,,,,,,MSFT,,,,,,,,,,,,,,,,,,,,,377.70611572265625,380.61197570359644,372.25014394283687,373.5844861787052,16092600.0
2025-04-03,,,,,,MSFT,,,,,,,,,,,,,,,,,,,,,368.7807922363281,373.10011248760316,365.06444000689004,370.4413221297822,30198000.0
2025-04-04,,,,,,MSFT,,,,,,,,,,,,,,,,,,,,,355.664794921875,370.2436515761853,355.30898645827625,359.90502676066706,49209900.0
2025-04-07,,,,,,MSFT,,,,,,,,,,,,,,,,,,,,,353.7077941894531,366.6953473866903,340.78946619633433,346.808801297969,50425000.0
2025-04-08,,,,,,MSFT,,,,,,,,,,,,,,,,,,,,,350.44610595703125,369.31460473132455,346.1861164728992,363.98715955184485,35868900.0
2025-04-09,,,,,,MSFT,,,,,,,,,,,,,,,,,,,,,385.9591979980469,388.667426732123,349.0030438091915,349.4379409733939,50199700.0
2025-04-10,,,,,,MSFT,,,,,,,,,,,,,,,,,,,,,376.92523193359375,379.44563241847453,363.5324334212975,377.6269854135807,38024400.0
2025-04-11,,,,,,MSFT,,,,,,,,,,,,,,,,,,,,,383.9428405761719,385.52425170247653,374.49376732812806,376.22346214057205,23839200.0
2025-04-14,,,,,,MSFT,,,,,,,,,,,,,,,,,,,,,383.3102722167969,390.0709046779098,379.75203666792555,388.6575040815548,19251200.0
2025-04-15,,,,,,MSFT,,,,,,,,,,,,,,,,,,,,,381.2544250488281,387.3429548173336,379.702634359307,384.0021677861047,17199900.0
2025-04-16,,,,,,MSFT,,,,,,,,,,,,,,,,,,,,,367.2982177734375,377.1821883945702,363.7301188576812,376.25312290658945,21967800.0
2025-04-17,,,,,,MSFT,,,,,,,,,,,,,,,,,,,,,363.5126647949219,369.9767899290697,362.6330071079686,369.41339637295704,21120200.0
2025-04-21,,,,,,MSFT,,,,,,,,,,,,,,,,,,,,,354.9531555175781,360.25097956592975,351.54320368031085,358.6102367890087,20807300.0
2025-04-22,,,,,,MSFT,,,,,,,,,,,,,,,,,,,,,362.5638427734375,363.5028019496421,355.68457702509073,359.1637542302739,19485000.0
2025-04-23,,,,,,MSFT,,,,,,,,,,,,,,,,,,,,,370.0460205078125,375.9764033603888,368.69189108581185,371.6966268435602,20545500.0
2025-04-24,,,,,,MSFT,,,,,,,,,,,,,,,,,,,,,382.80615234375,383.9428330432701,370.8366789549492,371.34077108557176,22232300.0
2025-04-25,,,,,,MSFT,,,,,,,,,,,,,,,,,,,,,387.30340576171875,387.60980644654984,380.1375268589871,382.5096738423667,18973200.0
2025-04-28,,,,,,MSFT,,,,,,,,,,,,,,,,,,,,,386.6214294433594,388.1830836548117,382.15388522315925,387.4121350910717,16579400.0
2025-04-29,,,,,,MSFT,,,,,,,,,,,,,,,,,,,,,389.468017578125,390.5157161336794,385.8504804253008,386.75978890275064,14974000.0
2025-04-30,,,,,,MSFT,,,,,,,,,,,,,,,,,,,,,390.673828125,392.05757796403765,379.979364791359,385.77135703314644,36461100.0
2025-05-01,,,,,,MSFT,,,,,,,,,,,,,,,,,,,,,420.4640808105469,431.91959850384194,419.96988230696996,426.1078192756201,58938100.0
2025-05-02,,,,,,MSFT,,,,,,,,,,,,,,,,,,,,,430.2294921875,434.3412277785372,425.0008630376841,426.7305579775838,30757400.0
2025-05-05,,,,,,MSFT,,,,,,,,,,,,,,,,,,,,,431.10919189453125,434.40054108405303,427.09627177369964,427.8474632490504,20136100.0
2025-05-06,,,,,,MSFT,,,,,,,,,,,,,,,,,,,,,428.2823486328125,432.65107712392626,426.1671945058241,427.18524232094876,15104200.0
2025-05-07,,,,,,MSFT,,,,,,,,,,,,,,,,,,,,,428.3218688964844,433.0365119798482,426.10783898687293,428.8061738000786,23295300.0
2025-05-08,,,,,,MSFT,,,,,,,,,,,,,,,,,,,,,433.0859375,438.52212113478646,430.6050513161737,432.8487017029497,23491300.0
2025-05-09,,,,,,MSFT,,,,,,,,,,,,,,,,,,,,,433.6394348144531,435.6260923106028,430.82249727884243,434.8946881691784,15324200.0
2025-05-12,,,,,,MSFT,,,,,,,,,,,,,,,,,,,,,444.0472717285156,444.15598092637396,434.6772567640601,440.7657862582039,22821900.0
2025-05-13,,,,,,MSFT,,,,,,,,,,,,,,,,,,,,,443.9286804199219,445.4409267506546,440.192510488539,442.5844447017788,23618800.0
2025-05-14,,,,,,MSFT,,,,,,,,,,,,,,,,,,,,,447.6845703125,448.6334230518337,442.940276452347,442.940276452347,19902800.0
2025-05-15,,,,,,MSFT,,,,,,,,,,,,,,,,,,,,,448.6946105957031,451.7246558325709,446.0210270484144,446.3576953837484,21992300.0
2025-05-16,,,,,,MSFT,,,,,,,,,,,,,,,,,,,,,449.8234558105469,449.9125712368337,444.33770477780746,447.6251846388841,23849800.0
2025-05-19,,,,,,MSFT,,,,,,,,,,,,,,,,,,,,,454.37841796875,455.0913715701619,446.3874026485213,446.46663650360125,21336500.0
2025-05-20,,,,,,MSFT,,,,,,,,,,,,,,,,,,,,,453.68524169921875,453.8535607411002,449.8729211666083,451.13047896335826,15441800.0
2025-05-21,,,,,,MSFT,,,,,,,,,,,,,,,,,,,,,448.14007568359375,453.29906971148773,447.3875051898017,450.12049890400635,19216900.0
2025-05-22,,,,,,MSFT,,,,,,,,,,,,,,,,,,,,,450.40765380859375,455.74490907390424,449.4570590917957,450.4967994491365,18025600.0
2025-05-23,,,,,,MSFT,,,,,,,,,,,,,,,,,,,,,445.77349853515625,449.2491512931012,444.51594054738166,445.5754743252827,16883500.0
2025-05-27,,,,,,MSFT,,,,,,,,,,,,,,,,,,,,,456.18060302734375,456.4380677238799,451.65532857824905,452.0118204825961,20974300.0
2025-05-28,,,,,,MSFT,,,,,,,,,,,,,,,,,,,,,452.8832092285156,457.9927052337918,452.45742544945836,456.70544210957024,17086300.0
2025-05-29,,,,,,MSFT,,,,,,,,,,,,,,,,,,,,,454.19024658203125,457.2004982884002,450.85323834601354,457.0321490211595,13974800.0
2025-05-30,,,,,,MSFT,,,,,,,,,,,,,,,,,,,,,455.85382080078125,457.16090743162863,451.081023612945,455.22010105843367,34770500.0
2025-06-02,,,,,,MSFT,,,,,,,,,,,,,,,,,,,,,457.4480895996094,457.5867035205711,452.41782757710985,452.6653804963421,16626500.0
2025-06-03,,,,,,MSFT,,,,,,,,,,,,,,,,,,,,,458.43829345703125,459.5968543955761,456.3489311405408,456.9529759669727,15743800.0
2025-06-04,,,,,,MSFT,,,,,,,,,,,,,,,,,,,,,459.3294372558594,461.13162957016016,458.48775137554446,459.4581695952893,14162700.0
2025-06-05,,,,,,MSFT,,,,,,,,,,,,,,,,,,,,,463.1021423339844,465.0528603462912,459.48787612751937,460.408765640122,20131700.0
2025-06-06,,,,,,MSFT,,,,,,,,,,,,,,,,,,,,,465.7757568359375,468.7067748339504,464.19141216551986,465.4885869985769,15285600.0
2025-06-09,,,,,,MSFT,,,,,,,,,,,,,,,,,,,,,468.12255859375,468.7958952647425,464.0329796350046,465.10242514198006,16469900.0
2025-06-10,,,,,,MSFT,,,,,,,,,,,,,,,,,,,,,466.3104553222656,468.1720277278758,462.38919566775553,466.5778015728124,15375900.0
2025-06-11,,,,,,MSFT,,,,,,,,,,,,,,,,,,,,,467.99383544921875,470.81594475736864,465.0628173622344,465.4192790589967,16399200.0
2025-06-12,,,,,,MSFT,,,,,,,,,,,,,,,,,,,,,474.1826477050781,475.7174938929388,468.88500933710617,470.37032681118086,18950600.0
2025-06-13,,,,,,MSFT,,,,,,,,,,,,,,,,,,,,,470.3109130859375,474.48960742449077,468.13246560456287,471.74673205457395,16814500.0
2025-06-16,,,,,,MSFT,,,,,,,,,,,,,,,,,,,,,474.45001220703125,475.98482813726486,470.3505215770748,470.5584575569121,15626100.0
2025-06-17,,,,,,MSFT,,,,,,,,,,,,,,,,,,,,,473.3608093261719,474.0539393845567,469.4395492382731,470.74663593423935,15414100.0
2025-06-18,,,,,,MSFT,,,,,,,,,,,,,,,,,,,,,475.53924560546875,476.291816149254,469.8158233270243,473.3211811212961,17526500.0
2025-06-20,,,,,,MSFT,,,,,,,,,,,,,,,,,,,,,472.72705078125,478.72773115460745,472.2022397987241,477.50979012623617,37576200.0
2025-06-23,,,,,,MSFT,,,,,,,,,,,,,,,,,,,,,481.24285888671875,482.97572926336846,467.8849134818946,473.52910172023695,24864000.0
2025-06-24,,,,,,MSFT,,,,,,,,,,,,,,,,,,,,,485.3125915527344,487.0355802812341,482.03499358247046,484.16397269221426,22305600.0
2025-06-25,,,,,,MSFT,,,,,,,,,,,,,,,,,,,,,487.45147705078125,489.71907018583636,484.59969288856837,487.2237477118272,17495100.0
2025-06-26,,,,,,MSFT,,,,,,,,,,,,,,,,,,,,,492.58074951171875,493.16497070218156,487.9861533971619,488.1545026576009,21578900.0
2025-06-27,,,,,,MSFT,,,,,,,,,,,,,,,,,,,,,491.0855712890625,494.4126679494895,488.2040517426954,492.6797975508017,34539200.0
2025-06-30,,,,,,MSFT,,,,,,,,,,,,,,,,,,,,,492.54119873046875,495.85841392483957,490.4815414994746,492.17482524139086,28369000.0
2025-07-01,,,,,,MSFT,,,,,,,,,,,,,,,,,,,,,487.2336120605469,493.1748817381986,486.1741086010328,491.61036068604886,19945400.0
2025-07-02,,,,,,MSFT,,,,,,,,,,,,,,,,,,,,,486.28302001953125,488.66943364597034,483.9164299655294,485.1937811955959,16319600.0
2025-07-03,,,,,,MSFT,,,,,,,,,,,,,,,,,,,,,493.9571838378906,495.2345653483035,488.6100468852986,488.9764203666982,13984800.0
2025-07-07,,,,,,MSFT,,,,,,,,,,,,,,,,,,,,,492.84814453125,493.86806132382594,490.38252718836065,492.51147619590915,13981600.0
2025-07-08,,,,,,MSFT,,,,,,,,,,,,,,,,,,,,,491.7589111328125,493.3234624825612,489.27347018920887,492.37283752871576,11846600.0
2025-07-09,,,,,,MSFT,,,,,,,,,,,,,,,,,,,,,498.5814514160156,501.8194324629264,494.84833435120834,495.4028504286207,18659500.0
2025-07-10,,,,,,MSFT,,,,,,,,,,,,,,,,,,,,,496.57135009765625,499.502368126141,492.8778497571002,498.12595942487985,16492100.0
2025-07-11,,,,,,MSFT,,,,,,,,,,,,,,,,,,,,,498.393310546875,500.0865639242522,492.9273231662245,493.5907782355643,16459500.0
2025-07-14,,,,,,MSFT,,,,,,,,,,,,,,,,,,,,,498.09625244140625,499.0369655948213,496.1257409313552,496.6109349689791,12058800.0
2025-07-15,,,,,,MSFT,,,,,,,,,,,,,,,,,,,,,500.86883544921875,503.3245408608939,497.8684955298327,498.09622485625505,14927200.0
2025-07-16,,,,,,MSFT,,,,,,,,,,,,,,,,,,,,,500.6708068847656,501.7600457375481,496.9773367906475,500.2351113436526,15154400.0
2025-07-17,,,,,,MSFT,,,,,,,,,,,,,,,,,,,,,506.6913146972656,508.34495123446135,500.67081092720053,500.7302212088446,17503100.0
2025-07-18,,,,,,MSFT,,,,,,,,,,,,,,,,,,,,,505.0574035644531,509.60250130270686,502.463054063605,509.4440336050126,21209700.0
2025-07-21,,,,,,MSFT,,,,,,,,,,,,,,,,,,,,,505.0673522949219,507.0775109565722,500.6014880788464,501.75013722027745,14066800.0
2025-07-22,,,,,,MSFT,,,,,,,,,,,,,,,,,,,,,500.32421875,506.19619667447284,500.32421875,505.968437121084,13868600.0
2025-07-23,,,,,,MSFT,,,,,,,,,,,,,,,,,,,,,500.91839599609375,501.82940407121947,495.79901834634256,501.7897871412931,16396600.0
2025-07-24,,,,,,MSFT,,,,,,,,,,,,,,,,,,,,,505.87933349609375,508.6420022469781,502.334358860161,503.7899711970312,16107000.0
2025-07-25,,,,,,MSFT,,,,,,,,,,,,,,,,,,,,,508.68170166015625,513.216827976129,505.364456023215,507.4537883180946,19125700.0
2025-07-28,,,,,,MSFT,,,,,,,,,,,,,,,,,,,,,507.48345947265625,509.9589885432546,505.12675096242896,509.0480107678364,14308000.0
2025-07-29,,,,,,MSFT,,,,,,,,,,,,,,,,,,,,,507.5527648925781,512.5533213636355,506.55264151082275,510.48381297361453,16469200.0
2025-07-30,,,,,,MSFT,,,,,,,,,,,,,,,,,,,,,508.2162170410156,510.89971236727115,504.4534248625209,510.12731827097724,26380400.0
2025-07-31,,,,,,MSFT,,,,,,,,,,,,,,,,,,,,,528.2779541015625,550.0131135040644,526.6936395202101,549.7952354974353,51617300.0
2025-08-01,,,,,,MSFT,,,,,,,,,,,,,,,,,,,,,518.979736328125,530.5553112156109,515.7615489434008,529.7631541007601,28977600.0
2025-08-04,,,,,,MSFT,,,,,,,,,,,,,,,,,,,,,530.39697265625,532.981410508703,522.960473635689,523.0991177691142,25349000.0
2025-08-05,,,,,,MSFT,,,,,,,,,,,,,,,,,,,,,522.584228515625,532.0407382325785,522.0792108748774,531.9219176627233,19171600.0
2025-08-06,,,,,,MSFT,,,,,,,,,,,,,,,,,,,,,519.8017578125,526.495598904166,518.9006917137275,525.7034415927023,21355700.0
2025-08-07,,,,,,MSFT,,,,,,,,,,,,,,,,,,,,,515.7418823242188,522.9209170643583,512.4840471895837,521.6435053063135,16079100.0
2025-08-08,,,,,,MSFT,,,,,,,,,,,,,,,,,,,,,516.9300537109375,519.524403327164,514.3257923084495,517.4845698020915,15531000.0
2025-08-11,,,,,,MSFT,,,,,,,,,,,,,,,,,,,,,516.6627807617188,522.4258201385037,514.6327984158801,517.1875615378566,20194400.0
2025-08-12,,,,,,MSFT,,,,,,,,,,,,,,,,,,,,,524.0595703125,525.7825288027884,517.5836082950698,518.6233183732385,18667000.0
2025-08-13,,,,,,MSFT,,,,,,,,,,,,,,,,,,,,,515.4844360351562,527.4857972911225,514.2862580919234,526.901545781552,19619200.0
2025-08-14,,,,,,MSFT,,,,,,,,,,,,,,,,,,,,,517.3657836914062,520.8018496782777,515.0487221853349,517.445017549053,20269100.0
2025-08-15,,,,,,MSFT,,,,,,,,,,,,,,,,,,,,,515.0783081054688,520.9502551513766,513.9990113965767,517.6528943134479,25213300.0
2025-08-18,,,,,,MSFT,,,,,,,,,,,,,,,,,,,,,512.0383911132812,517.7024328589179,508.9885829187347,516.4844919382945,23760600.0
2025-08-19,,,,,,MSFT,,,,,,,,,,,,,,,,,,,,,504.7801818847656,510.11740696385556,503.5721224631474,509.9589996924715,21481000.0
2025-08-20,,,,,,MSFT,,,,,,,,,,,,,,,,,,,,,500.7698669433594,505.9981835608303,499.50239716393804,504.87923949406314,27723000.0
2025-08-21,,,,,,MSFT,,,,,,,,,,,,,,,,,,,,,500.1251525878906,503.4875031078027,498.61756740599895,499.5796529563519,18443300.0
2025-08-22,,,,,,MSFT,,,,,,,,,,,,,,,,,,,,,503.0907287597656,506.56216679087737,498.310055406757,500.1350363394598,24324200.0
2025-08-25,,,,,,MSFT,,,,,,,,,,,,,,,,,,,,,500.14495849609375,504.0428801746979,500.0060864475961,502.4956130920682,21638600.0
2025-08-26,,,,,,MSFT,,,,,,,,,,,,,,,,,,,,,497.9430847167969,500.8590951140394,494.44189267773186,500.24412923099453,30835700.0
2025-08-27,,,,,,MSFT,,,,,,,,,,,,,,,,,,,,,502.6047058105469,503.1502356611414,495.82052770460996,497.90339657266526,17277900.0
2025-08-28,,,,,,MSFT,,,,,,,,,,,,,,,,,,,,,505.4810485839844,506.919197559233,501.3748189208979,502.9518399416591,18015600.0
2025-08-29,,,,,,MSFT,,,,,,,,,,,,,,,,,,,,,502.55511474609375,505.44137107101903,500.3730559294206,504.5090396010348,20961600.0
2025-09-02,,,,,,MSFT,,,,,,,,,,,,,,,,,,,,,500.9979553222656,501.87077891116434,492.75577163159113,496.3859077753076,18128000.0
2025-09-03,,,,,,MSFT,,,,,,,,,,,,,,,,,,,,,501.2261047363281,503.6461955733364,498.2208322179546,499.67883751509856,16345100.0
2025-09-04,,,,,,MSFT,,,,,,,,,,,,,,,,,,,,,503.8246765136719,504.0032003466391,499.04400319618804,500.18461248708434,15509500.0
2025-09-05,,,,,,MSFT,,,,,,,,,,,,,,,,,,,,,490.9605407714844,507.79205789513924,488.35199810583333,504.9157294675595,31994800.0
2025-09-08,,,,,,MSFT,,,,,,,,,,,,,,,,,,,,,494.1344299316406,497.1099483047291,490.990285532587,494.0451377441344,16771000.0
2025-09-09,,,,,,MSFT,,,,,,,,,,,,,,,,,,,,,494.3426818847656,498.15134157087306,493.6384843818268,497.33802599365555,14410500.0
2025-09-10,,,,,,MSFT,,,,,,,,,,,,,,,,,,,,,496.2867431640625,499.1234199731124,492.6665349159027,498.8754600894228,21611800.0
2025-09-11,,,,,,MSFT,,,,,,,,,,,,,,,,,,,,,496.9215087890625,499.0638857033828,493.8170463660224,498.15138006137016,18881600.0
2025-09-12,,,,,,MSFT,,,,,,,,,,,,,,,,,,,,,505.73895263671875,508.367321245748,499.73833579713096,502.5154742767582,23624900.0
2025-09-15,,,,,,MSFT,,,,,,,,,,,,,,,,,,,,,511.1544189453125,511.26350676755015,502.8626547877709,504.63805606783444,17143800.0
2025-09-16,,,,,,MSFT,,,,,,,,,,,,,,,,,,,,,504.885986328125,513.0091239663263,504.4495745277025,512.6620043570016,19711900.0
2025-09-17,,,,,,MSFT,,,,,,,,,,,,,,,,,,,,,505.8579406738281,507.1175961354426,501.80132099339164,506.4530503919847,15816600.0
2025-09-18,,,,,,MSFT,,,,,,,,,,,,,,,,,,,,,504.30078125,508.883074673213,503.5172196080818,507.31595138937655,18913700.0
2025-09-19,,,,,,MSFT,,,,,,,,,,,,,,,,,,,,,513.7034301757812,515.0622454615835,506.1456179521661,506.39357782967863,52474100.0
2025-09-22,,,,,,MSFT,,,,,,,,,,,,,,,,,,,,,510.2518615722656,513.5149918534414,508.3574141571104,511.38257317258103,20009300.0
2025-09-23,,,,,,MSFT,,,,,,,,,,,,,,,,,,,,,505.07440185546875,510.3906769190661,503.1700568391782,509.6070850287104,19799600.0
2025-09-24,,,,,,MSFT,,,,,,,,,,,,,,,,,,,,,505.9869079589844,508.29788064425674,502.7832857896144,506.215041937542,13533700.0
2025-09-25,,,,,,MSFT,,,,,,,,,,,,,,,,,,,,,502.8923645019531,505.84805701475193,500.9186136455738,504.15198973027213,15786500.0
2025-09-26,,,,,,MSFT,,,,,,,,,,,,,,,,,,,,,507.2861633300781,509.745935901324,502.4856643393456,505.8975942449135,16213100.0
2025-09-29,,,,,,MSFT,,,,,,,,,,,,,,,,,,,,,510.4005126953125,512.6321512651683,504.7272205888506,507.3258348805616,17617800.0
2025-09-30,,,,,,MSFT,,,,,,,,,,,,,,,,,,,,,513.7232666015625,513.9315141469417,505.5009089039439,509.05168089535164,19728200.0
2025-10-01,,,,,,MSFT,,,,,,,,,,,,,,,,,,,,,515.4688720703125,516.2623314762835,507.51430077675985,510.5989067561486,22632300.0
2025-10-02,,,,,,MSFT,,,,,,,,,,,,,,,,,,,,,511.53125,517.3434144406598,506.51254498360566,513.4157691025699,21222900.0
2025-10-03,,,,,,MSFT,,,,,,,,,,,,,,,,,,,,,513.1281127929688,516.2425031799986,510.7973143114264,512.8801529316524,15112300.0
2025-10-06,,,,,,MSFT,,,,,,,,,,,,,,,,,,,,,524.256591796875,526.6965386672223,513.9712214168786,514.377848960065,21388600.0
2025-10-07,,,,,,MSFT,,,,,,,,,,,,,,,,,,,,,519.7039794921875,525.4764919541412,517.1847292577561,523.9788048028778,14615200.0
2025-10-08,,,,,,MSFT,,,,,,,,,,,,,,,,,,,,,520.56689453125,522.6497936321297,518.8213080060119,519.0097599169904,13363400.0
2025-10-09,,,,,,MSFT,,,,,,,,,,,,,,,,,,,,,518.136962890625,520.0512058016051,513.1777655449532,518.07745494396,18343600.0
2025-10-10,,,,,,MSFT,,,,,,,,,,,,,,,,,,,,,506.790283203125,519.3073226434543,505.47115003636685,515.3994727403434,24133800.0
2025-10-13,,,,,,MSFT,,,,,,,,,,,,,,,,,,,,,509.8550720214844,512.1957986627914,507.50441729945595,512.1957986627914,14284200.0
2025-10-14,,,,,,MSFT,,,,,,,,,,,,,,,,,,,,,509.3790283203125,511.07509568876407,501.87079590760095,506.0662879637401,14684300.0
2025-10-15,,,,,,MSFT,,,,,,,,,,,,,,,,,,,,,509.2401123046875,512.9694382549203,505.838110317394,510.75765569343554,14694700.0
2025-10-16,,,,,,MSFT,,,,,,,,,,,,,,,,,,,,,507.4349670410156,512.6321960787722,503.9833851231019,508.3970827878481,15559600.0
2025-10-17,,,,,,MSFT,,,,,,,,,,,,,,,,,,,,,509.3889465332031,511.2734052578957,503.1700935064365,504.8859867353243,19867800.0
2025-10-20,,,,,,MSFT,,,,,,,,,,,,,,,,,,,,,512.5726928710938,514.4671401409408,509.2401268135401,510.41049011219013,14665600.0
2025-10-21,,,,,,MSFT,,,,,,,,,,,,,,,,,,,,,513.4356079101562,514.4572316509175,508.8533142722573,513.2769402267872,15586200.0
2025-10-22,,,,,,MSFT,,,,,,,,,,,,,,,,,,,,,516.2921142578125,520.943843958813,513.4852520447155,516.8971823641815,18962700.0
2025-10-23,,,,,,MSFT,,,,,,,,,,,,,,,,,,,,,516.3118896484375,519.6742395740552,514.3777908083965,518.1964086283891,14023500.0
2025-10-24,,,,,,MSFT,,,,,,,,,,,,,,,,,,,,,519.3369750976562,521.0627658394295,516.4606773737235,518.5236595856693,15532400.0
2025-10-27,,,,,,MSFT,,,,,,,,,,,,,,,,,,,,,527.1824951171875,530.2175212473691,524.6929685473742,527.440383046071,18734700.0
2025-10-28,,,,,,MSFT,,,,,,,,,,,,,,,,,,,,,537.6464233398438,549.2013167264516,536.3570441492753,545.511702993095,29986700.0
2025-10-29,,,,,,MSFT,,,,,,,,,,,,,,,,,,,,,537.130615234375,541.8121286840217,532.3499420595073,540.4929653309738,36023000.0
2025-10-30,,,,,,MSFT,,,,,,,,,,,,,,,,,,,,,521.469482421875,530.6042843733296,517.8591725476514,526.150935240438,41023100.0
2025-10-31,,,,,,MSFT,,,,,,,,,,,,,,,,,,,,,513.5844116210938,525.0004940086545,510.89650476941233,524.5640822050067,34006400.0
2025-11-03,,,,,,MSFT,,,,,,,,,,,,,,,,,,,,,512.810791015625,520.6760707602963,510.3907002836433,515.5680732671589,22374700.0
2025-11-04,,,,,,MSFT,,,,,,,,,,,,,,,,,,,,,510.13275146484375,511.34276641791416,503.6956934801851,507.5837170627558,20958700.0
2025-11-05,,,,,,MSFT,,,,,,,,,,,,,,,,,,,,,503.02130126953125,510.6287232020861,502.4460174356622,509.11117977922714,23024300.0
2025-11-06,,,,,,MSFT,,,,,,,,,,,,,,,,,,,,,493.0434265136719,501.5732523540539,491.7639450704796,501.5335702984596,27406500.0
2025-11-07,,,,,,MSFT,,,,,,,,,,,,,,,,,,,,,492.76568603515625,495.30479262227396,489.2248119110569,492.89463000746537,24019800.0
2025-11-10,,,,,,MSFT,,,,,,,,,,,,,,,,,,,,,501.8707580566406,502.7138276367279,494.72950196106785,495.95940345274505,26101500.0
2025-11-11,,,,,,MSFT,,,,,,,,,,,,,,,,,,,,,504.5289001464844,505.4414057875519,498.2505695472254,500.68055811559174,17980000.0
2025-11-12,,,,,,MSFT,,,,,,,,,,,,,,,,,,,,,506.9688415527344,507.494515261433,495.0469117437556,505.203338237195,26574900.0
2025-11-13,,,,,,MSFT,,,,,,,,,,,,,,,,,,,,,499.1828918457031,509.3095642884979,497.1992129195551,506.1455939798088,25273100.0
2025-11-14,,,,,,MSFT,,,,,,,,,,,,,,,,,,,,,506.0166320800781,507.42505738590404,493.38060745410195,494.16416907736203,28505700.0
2025-11-17,,,,,,MSFT,,,,,,,,,,,,,,,,,,,,,503.34857177734375,507.9407930820625,500.78963942134817,504.3007594029326,19092800.0
2025-11-18,,,,,,MSFT,,,,,,,,,,,,,,,,,,,,,489.76043701171875,498.87544447228873,482.8076324047851,491.3275301094218,33815100.0
2025-11-19,,,,,,MSFT,,,,,,,,,,,,,,,,,,,,,483.14483642578125,491.14898819063853,478.88983663624714,486.1005289347495,23245300.0
2025-11-20,,,,,,MSFT,,,,,,,,,,,,,,,,,,,,,475.41387939453125,490.45844852333465,472.50235794747454,489.60385435710714,26802500.0
2025-11-21,,,,,,MSFT,,,,,,,,,,,,,,,,,,,,,469.1436462402344,475.9007957312625,465.3179114267742,475.4834301610789,31769200.0
2025-11-24,,,,,,MSFT,,,,,,,,,,,,,,,,,,,,,471.0118103027344,473.89352206444323,465.0694984877541,472.0055061050608,34421000.0
2025-11-25,,,,,,MSFT,,,,,,,,,,,,,,,,,,,,,473.9829406738281,476.12932719889915,461.9592459889855,471.08136597664605,28019800.0
2025-11-26,,,,,,MSFT,,,,,,,,,,,,,,,,,,,,,482.4393310546875,485.23161394332453,478.1664510662567,483.244222260298,25709100.0
2025-11-28,,,,,,MSFT,,,,,,,,,,,,,,,,,,,,,488.9082946777344,489.5243812398697,483.5820692635899,484.5260924315005,14386700.0
2025-12-01,,,,,,MSFT,,,,,,,,,,,,,,,,,,,,,483.6715087890625,486.77183499200703,481.59468809959253,485.3608038657598,23964000.0
2025-12-02,,,,,,MSFT,,,,,,,,,,,,,,,,,,,,,486.91094970703125,490.38888506208144,483.2541563831954,483.6516286444489,19562700.0
2025-12-03,,,,,,MSFT,,,,,,,,,,,,,,,,,,,,,474.71832275390625,481.18726202656165,472.20427350128017,473.31720798581483,34615100.0
2025-12-04,,,,,,MSFT,,,,,,,,,,,,,,,,,,,,,477.8087158203125,478.28570075231454,473.48613274494215,476.7355376297969,22318200.0
2025-12-05,,,,,,MSFT,,,,,,,,,,,,,,,,,,,,,480.11407470703125,480.35255199911325,475.86105782216015,479.4780948278929,22608700.0
2025-12-08,,,,,,MSFT,,,,,,,,,,,,,,,,,,,,,487.92449951171875,489.19642891935564,481.3263751862239,481.8331697469475,21965900.0
2025-12-09,,,,,,MSFT,,,,,,,,,,,,,,,,,,,,,488.918212890625,489.0175885389743,485.4204144751398,486.01663804004494,14696100.0
2025-12-10,,,,,,MSFT,,,,,,,,,,,,,,,,,,,,,475.5430603027344,481.19719183884354,472.084987996716,480.97857754952304,35756200.0
2025-12-11,,,,,,MSFT,,,,,,,,,,,,,,,,,,,,,480.422119140625,482.96597801292137,472.86007818396723,473.6252433732215,24669200.0
2025-12-12,,,,,,MSFT,,,,,,,,,,,,,,,,,,,,,475.51324462890625,479.40854546431024,473.3370484252935,476.79512068758515,21248100.0
2025-12-15,,,,,,MSFT,,,,,,,,,,,,,,,,,,,,,471.8266296386719,477.6894285774835,469.5411111878212,477.0733420562278,23727700.0
2025-12-16,,,,,,MSFT,,,,,,,,,,,,,,,,,,,,,473.38677978515625,474.87732355778707,467.911505956298,468.9350114671635,20705600.0
2025-12-17,,,,,,MSFT,,,,,,,,,,,,,,,,,,,,,473.1184387207031,476.9739832708393,472.0055042784347,473.903466892556,24527200.0
2025-12-18,,,,,,MSFT,,,,,,,,,,,,,,,,,,,,,480.9289245605469,486.51349034093164,474.87732052138307,475.1754171439269,28573500.0
2025-12-19,,,,,,MSFT,,,,,,,,,,,,,,,,,,,,,482.8566589355469,484.77448448182145,479.4482594182398,484.2875529363844,70836100.0
2025-12-22,,,,,,MSFT,,,,,,,,,,,,,,,,,,,,,481.8630065917969,485.64898536737695,479.6470539215635,483.0554234208069,16963000.0
2025-12-23,,,,,,MSFT,,,,,,,,,,,,,,,,,,,,,483.7807922363281,484.75459468390824,481.6840783901604,481.922585996358,14683600.0
2025-12-24,,,,,,MSFT,,,,,,,,,,,,,,,,,,,,,484.9433898925781,486.0762176057581,481.77349801821515,482.6181454723109,5855900.0
2025-12-26,,,,,,MSFT,,,,,,,,,,,,,,,,,,,,,484.6353454589844,485.04276435526947,482.8963778974979,483.6416497095635,8842200.0
2025-12-29,,,,,,MSFT,,,,,,,,,,,,,,,,,,,,,484.02923583984375,485.27135560420123,481.1276307272214,481.80333660098637,10893400.0
2025-12-30,,,,,,MSFT,,,,,,,,,,,,,,,,,,,,,484.4068603515625,486.5929730105466,482.43933166580535,482.8666136001516,13944500.0
2025-12-31,,,,,,MSFT,,,,,,,,,,,,,,,,,,,,,480.5711669921875,485.06269150087525,480.25317705215497,484.7645645601486,15601600.0
2026-01-02,,,,,,MSFT,,,,,,,,,,,,,,,,,,,,,469.95849609375,481.6046121327098,467.1960229709088,481.3363251826272,25571600.0
2026-01-05,,,,,,MSFT,,,,,,,,,,,,,,,,,,,,,469.86907958984375,473.0687813775576,466.5401924921144,471.071443053882,25250300.0
2026-01-06,,,,,,MSFT,,,,,,,,,,,,,,,,,,,,,475.493408203125,475.7219388392127,466.7886229022075,470.8130789419108,23037700.0
2026-01-07,,,,,,MSFT,,,,,,,,,,,,,,,,,,,,,480.422119140625,486.6128550141313,474.936929133209,476.73551614076564,25564200.0
2026-01-08,,,,,,MSFT,,,,,,,,,,,,,,,,,,,,,475.09588623046875,479.61722033317443,472.8600706717694,478.20615894860083,18162600.0
2026-01-09,,,,,,MSFT,,,,,,,,,,,,,,,,,,,,,476.2585144042969,476.7951186190047,469.2231615927928,471.0714211959582,18491000.0
2026-01-12,,,,,,MSFT,,,,,,,,,,,,,,,,,,,,,474.1717529296875,477.95773148860775,472.68120923483104,473.6649886945649,23519900.0
2026-01-13,,,,,,MSFT,,,,,,,,,,,,,,,,,,,,,467.70281982421875,472.7805908527595,463.01257439213845,471.68751939768345,28545800.0
2026-01-14,,,,,,MSFT,,,,,,,,,,,,,,,,,,,,,456.4839782714844,465.2483824443871,454.2879190598576,463.51933114332076,28184300.0
2026-01-15,,,,,,MSFT,,,,,,,,,,,,,,,,,,,,,453.7811279296875,461.32327541703046,453.02590941718984,461.1940901109254,23225800.0
2026-01-16,,,,,,MSFT,,,,,,,,,,,,,,,,,,,,,456.9609069824219,460.26993076816973,453.60224086509476,454.94370584966504,34246700.0
2026-01-20,,,,,,MSFT,,,,,,,,,,,,,,,,,,,,,451.6546325683594,453.92025792216236,446.4476759522066,448.3754483517362,26130000.0
2026-01-21,,,,,,MSFT,,,,,,,,,,,,,,,,,,,,,441.31024169921875,449.836168925793,435.9144806057656,449.74673993987386,37980500.0
2026-01-22,,,,,,MSFT,,,,,,,,,,,,,,,,,,,,,448.2959289550781,449.9851935867555,441.89652570286836,444.79810039972057,25349400.0
2026-01-23,,,,,,MSFT,,,,,,,,,,,,,,,,,,,,,463.0125732421875,468.1301005814363,447.6897705604439,449.02131930234236,38000200.0
2026-01-26,,,,,,MSFT,,,,,,,,,,,,,,,,,,,,,467.3152770996094,471.2602507862521,459.0874767807031,462.3766075757791,29291200.0
2026-01-27,,,,,,MSFT,,,,,,,,,,,,,,,,,,,,,477.55029296875,479.8258647405344,470.1770874429818,470.7136916421546,29213900.0
2026-01-28,,,,,,MSFT,,,,,,,,,,,,,,,,,,,,,478.5937194824219,480.69040309270366,474.9865988275796,480.16374552458444,36875400.0
2026-01-29,,,,,,MSFT,,,,,,,,,,,,,,,,,,,,,430.7671203613281,439.71038237575016,418.365786117595,437.21619626544543,128855300.0
2026-01-30,,,,,,MSFT,,,,,,,,,,,,,,,,,,,,,427.577392578125,436.8286984461687,423.7616041817895,436.4014165119217,58566800.0
2026-02-02,,,,,,MSFT,,,,,,,,,,,,,,,,,,,,,420.70098876953125,428.02452201181774,419.58805431821895,427.5276741085398,42219900.0
2026-02-03,,,,,,MSFT,,,,,,,,,,,,,,,,,,,,,408.6176452636719,419.3893041977899,405.9843574339844,419.34957819955315,61424100.0
2026-02-04,,,,,,MSFT,,,,,,,,,,,,,,,,,,,,,411.578857421875,417.15347618992746,406.66005118226167,408.40896545860215,45012400.0
2026-02-05,,,,,,MSFT,,,,,,,,,,,,,,,,,,,,,391.188232421875,405.72597626088844,389.84673704915224,404.87141244319446,66289200.0
2026-02-06,,,,,,MSFT,,,,,,,,,,,,,,,,,,,,,398.61114501953125,399.25704122003975,390.4429643868461,396.6535630940219,53515300.0
2026-02-09,,,,,,MSFT,,,,,,,,,,,,,,,,,,,,,410.99261474609375,412.2744908996196,398.3428555009064,402.2977759502542,45480500.0
2026-02-10,,,,,,MSFT,,,,,,,,,,,,,,,,,,,,,410.6646728515625,421.0090502850332,410.0982892644293,416.97464756162884,44857900.0
2026-02-11,,,,,,MSFT,,,,,,,,,,,,,,,,,,,,,401.8207702636719,413.8345489802859,398.4819668946231,413.5563153661985,42491000.0
2026-02-12,,,,,,MSFT,,,,,,,,,,,,,,,,,,,,,399.30670166015625,403.6392309547976,395.5008602319473,402.4467839094351,40802400.0
2026-02-13,,,,,,MSFT,,,,,,,,,,,,,,,,,,,,,398.7900085449219,402.98340606348665,395.54060384789733,401.90028127287496,34091600.0
2026-02-17,,,,,,MSFT,,,,,,,,,,,,,,,,,,,,,394.35809326171875,397.99502346077054,392.0427954340728,396.70323107498865,32078800.0
2026-02-18,,,,,,MSFT,,,,,,,,,,,,,,,,,,,,,397.08087158203125,400.02220283554806,393.82155037537984,395.62013745533494,23223400.0
2026-02-19,,,,,,MSFT,,,,,,,,,,,,,,,,,,,,,396.8517761230469,402.7976819572589,395.0690225854118,399.07278661262325,28234000.0
2026-02-20,,,,,,MSFT,,,,,,,,,,,,,,,,,,,,,395.6267395019531,398.5050592846536,393.56508699389525,394.51123443489973,34015200.0
2026-02-23,,,,,,MSFT,,,,,,,,,,,,,,,,,,,,,382.918212890625,393.7642431363039,381.55374731391754,393.4057107487328,43238300.0
2026-02-24,,,,,,MSFT,,,,,,,,,,,,,,,,,,,,,387.4299621582031,387.7884945775691,380.16937672197673,382.58959213032324,33884700.0
2026-02-25,,,,,,MSFT,,,,,,,,,,,,,,,,,,,,,398.9831237792969,399.84960746436826,388.5852587696308,388.95376053046306,43625500.0
2026-02-26,,,,,,MSFT,,,,,,,,,,,,,,,,,,,,,400.0986022949219,405.8453028142193,397.1306190557743,403.0765245044552,34405900.0
2026-02-27,,,,,,MSFT,,,,,,,,,,,,,,,,,,,,,391.15484619140625,395.2183958601928,388.30640407164015,389.30236795593413,51367200.0
2026-03-02,,,,,,MSFT,,,,,,,,,,,,,,,,,,,,,396.9413757324219,399.57073485574693,389.0533591512552,391.2743390590049,35474900.0
2026-03-03,,,,,,MSFT,,,,,,,,,,,,,,,,,,,,,402.2996826171875,405.05852201627056,391.0851500003899,391.5532542396072,38199200.0
2026-03-04,,,,,,MSFT,,,,,,,,,,,,,,,,,,,,,403.5645751953125,409.3710312257941,398.69429724653685,399.6504140582061,35808000.0
2026-03-05,,,,,,MSFT,,,,,,,,,,,,,,,,,,,,,409.0224304199219,409.9486695143622,402.7677785996419,402.78771732924594,39001300.0
2026-03-06,,,,,,MSFT,,,,,,,,,,,,,,,,,,,,,407.30938720703125,411.38287590243635,406.8612216895844,407.54843921074234,31123900.0
2026-03-09,,,,,,MSFT,,,,,,,,,,,,,,,,,,,,,407.757568359375,408.55432729115563,401.8714182880504,403.2857003455267,30131900.0
2026-03-10,,,,,,MSFT,,,,,,,,,,,,,,,,,,,,,404.122314453125,408.5443965203919,401.30371964643086,408.37506928692744,31706400.0
2026-03-11,,,,,,MSFT,,,,,,,,,,,,,,,,,,,,,403.245849609375,407.35918518479474,399.96912002302975,403.9330670994013,25512100.0
2026-03-12,,,,,,MSFT,,,,,,,,,,,,,,,,,,,,,400.238037109375,404.4808530373378,400.08864860368743,402.99687655683135,27263900.0
2026-03-13,,,,,,MSFT,,,,,,,,,,,,,,,,,,,,,393.9534912109375,403.16615688192843,392.65875035547907,399.3815063856616,26848000.0
2026-03-16,,,,,,MSFT,,,,,,,,,,,,,,,,,,,,,398.33575439453125,399.01300251860397,393.1965772756644,396.4633374914087,27733700.0
2026-03-17,,,,,,MSFT,,,,,,,,,,,,,,,,,,,,,397.79791259765625,402.7677623283013,396.1446090107731,398.6544268926901,26228300.0
2026-03-18,,,,,,MSFT,,,,,,,,,,,,,,,,,,,,,390.2087097167969,396.39363710184665,389.42188971563326,395.5271533612366,25908500.0
2026-03-19,,,,,,MSFT,,,,,,,,,,,,,,,,,,,,,387.4498596191406,390.90585551603124,385.4977789148814,388.52551763585893,25138800.0
2026-03-20,,,,,,MSFT,,,,,,,,,,,,,,,,,,,,,380.3287353515625,385.43803509853177,378.58579850034175,385.22889118681917,50853200.0
2026-03-23,,,,,,MSFT,,,,,,,,,,,,,,,,,,,,,381.4541931152344,385.64719283721575,380.1395134056624,382.3505545919761,29680100.0
2026-03-24,,,,,,MSFT,,,,,,,,,,,,,,,,,,,,,371.2355651855469,380.9263046350485,370.34917314154325,380.8167328036651,42733600.0
2026-03-25,,,,,,MSFT,,,,,,,,,,,,,,,,,,,,,369.5424499511719,375.5381416220395,368.13813722010167,375.39872248264555,31181200.0
2026-03-26,,,,,,MSFT,,,,,,,,,,,,,,,,,,,,,364.492919921875,373.2076042912997,363.71606927386256,369.3233510512375,36836600.0
2026-03-27,,,,,,MSFT,,,,,,,,,,,,,,,,,,,,,355.33001708984375,360.9871149414508,355.07108715320055,360.43931657918756,37883400.0
2026-03-30,,,,,,MSFT,,,,,,,,,,,,,,,,,,,,,357.51116943359375,363.8853318939423,354.8419936524484,360.4393055378546,44797000.0
2026-03-31,,,,,,MSFT,,,,,,,,,,,,,,,,,,,,,368.67596435546875,371.3949263066763,361.6046146993887,363.07862179545566,45244400.0
2026-04-01,,,,,,MSFT,,,,,,,,,,,,,,,,,,,,,367.8791809082031,372.48052926345224,366.7139201659809,371.98254731341393,29417200.0
2026-04-02,,,,,,MSFT,,,,,,,,,,,,,,,,,,,,,371.9526672363281,372.1319638369453,362.680245817395,365.7278929006101,24099100.0
2026-04-06,,,,,,MSFT,,,,,,,,,,,,,,,,,,,,,371.375,372.22157533941066,368.0086373714944,371.98252335059567,16146600.0
2026-04-07,,,,,,MSFT,,,,,,,,,,,,,,,,,,,,,370.78741455078125,370.9467724245638,365.080530373921,368.8452727581139,21443300.0
2026-04-08,,,,,,MSFT,,,,,,,,,,,,,,,,,,,,,372.81915283203125,383.4461010048471,369.9109552686541,383.426192668859,33064800.0
2026-04-09,,,,,,MSFT,,,,,,,,,,,,,,,,,,,,,371.56427001953125,371.99252721403565,365.5685477188417,370.9965632857518,30435300.0
2026-04-10,,,,,,MSFT,,,,,,,,,,,,,,,,,,,,,369.3731384277344,374.12390583360843,368.5365323725683,371.47463812837884,28111100.0
2026-04-13,,,,,,MSFT,,,,,,,,,,,,,,,,,,,,,382.8186340332031,382.98796126737693,369.5225100750242,372.10205289266787,35745800.0
2026-04-14,,,,,,MSFT,,,,,,,,,,,,,,,,,,,,,391.5233459472656,393.09698589720546,384.95994763093,386.3543213772784,37504500.0
2026-04-15,,,,,,MSFT,,,,,,,,,,,,,,,,,,,,,409.5602722167969,412.69755239260473,395.1287651714373,396.3936283702306,45063400.0
2026-04-16,,,,,,MSFT,,,,,,,,,,,,,,,,,,,,,418.56378173828125,419.12151906860663,410.4765600541581,418.16537187855886,41642400.0
2026-04-17,,,,,,MSFT,,,,,,,,,,,,,,,,,,,,,421.0835876464844,429.83808848207923,418.99205736838906,423.10539315661504,48568200.0
2026-04-20,,,,,,MSFT,,,,,,,,,,,,,,,,,,,,,416.38262939453125,421.6213787702164,414.6197538627068,419.4501847919345,27582200.0
2026-04-21,,,,,,MSFT,,,,,,,,,,,,,,,,,,,,,422.44805908203125,425.4558591722327,415.51615872358184,418.54386715015573,32048500.0
2026-04-22,,,,,,MSFT,,,,,,,,,,,,,,,,,,,,,431.1726989746094,431.9495495900464,421.9600330275293,424.4698510786937,29378200.0
2026-04-23,,,,,,MSFT,,,,,,,,,,,,,,,,,,,,,414.07196044921875,421.9500379562064,409.7494810939023,418.19526527607866,38308000.0
2026-04-24,,,,,,MSFT,,,,,,,,,,,,,,,,,,,,,422.90618896484375,423.23487407473965,414.12178001797366,415.28707116170386,27457400.0
2026-04-27,,,,,,MSFT,,,,,,,,,,,,,,,,,,,,,423.1053771972656,425.38611256831246,415.3866572294081,420.6752229306716,30867300.0
2026-04-28,,,,,,MSFT,,,,,,,,,,,,,,,,,,,,,427.5174865722656,428.1847957314844,420.197146128082,422.8563830057505,30438100.0
2026-04-29,,,,,,MSFT,,,,,,,,,,,,,,,,,,,,,422.7467956542969,425.0972860808559,418.59364353468584,422.866306449911,38288300.0
2026-04-30,,,,,,MSFT,,,,,,,,,,,,,,,,,,,,,406.1341552734375,412.74737011555624,396.4035989759817,409.15192465494977,70909400.0
2026-05-01,,,,,,MSFT,,,,,,,,,,,,,,,,,,,,,412.76727294921875,415.4264794885345,408.7834174283456,411.1338775963461,31372400.0
2026-05-04,,,,,,MSFT,,,,,,,,,,,,,,,,,,,,,411.9505615234375,419.0816663151199,409.14193618030583,409.87897009526375,28066500.0
2026-05-05,,,,,,MSFT,,,,,,,,,,,,,,,,,,,,,409.7196350097656,415.09783400354706,407.1500311208482,413.6437352165572,25700900.0
2026-05-06,,,,,,MSFT,,,,,,,,,,,,,,,,,,,,,412.2891845703125,416.73120520087787,403.4748984673602,406.3532485673598,30285900.0
2026-05-07,,,,,,MSFT,,,,,,,,,,,,,,,,,,,,,419.07171630859375,426.25263786097554,417.06984955189336,418.41437649189606,34942400.0
2026-05-08,,,,,,MSFT,,,,,,,,,,,,,,,,,,,,,413.44451904296875,416.9403619714099,412.32904436576047,415.70537649227293,33383800.0
2026-05-11,,,,,,MSFT,,,,,,,,,,,,,,,,,,,,,410.99444580078125,411.02432350049145,403.86334099070683,406.22377045102496,35657900.0
2026-05-12,,,,,,MSFT,,,,,,,,,,,,,,,,,,,,,406.1241760253906,413.8229876767416,404.9987623844293,412.8071154720842,38594200.0
2026-05-13,,,,,,MSFT,,,,,,,,,,,,,,,,,,,,,403.57452392578125,404.6700902960666,399.41140211310335,401.57265715241186,29667100.0
2026-05-14,,,,,,MSFT,,,,,,,,,,,,,,,,,,,,,407.7774963378906,410.1777730080913,399.2620170659624,402.847493220503,27077500.0
2026-05-15,,,,,,MSFT,,,,,,,,,,,,,,,,,,,,,420.2170715332031,426.4418454559798,411.2434277199191,412.5979239362014,50771200.0
2026-05-18,,,,,,MSFT,,,,,,,,,,,,,,,,,,,,,421.83056640625,423.40417602339767,413.9325494355234,414.93848271907115,32564100.0
2026-05-19,,,,,,MSFT,,,,,,,,,,,,,,,,,,,,,415.7352600097656,430.9535870211983,414.808990493047,428.16486989475214,33018700.0
2026-05-20,,,,,,MSFT,,,,,,,,,,,,,,,,,,,,,419.36053466796875,420.3963455784958,409.63991780241736,412.49835957243755,27864000.0
2026-05-21,,,,,,MSFT,,,,,,,,,,,,,,,,,,,,,418.3025207519531,425.5388979071037,414.92886694253497,423.9518891931334,31393500.0
2026-05-22,,,,,,MSFT,,,,,,,,,,,,,,,,,,,,,417.7835388183594,423.60257118762803,415.54772693408205,418.7517174636334,22390300.0
2026-05-26,,,,,,MSFT,,,,,,,,,,,,,,,,,,,,,415.248291015625,418.9812539216563,412.24393696715845,415.6475333356961,30398000.0
2026-05-27,,,,,,MSFT,,,,,,,,,,,,,,,,,,,,,411.8946228027344,415.15846763645,408.8104019854481,410.23773822181624,28901500.0
2026-05-28,,,,,,MSFT,,,,,,,,,,,,,,,,,,,,,426.18768310546875,428.68298564682067,411.89461329838434,412.2040283766931,47250500.0
2026-05-29,,,,,,MSFT,,,,,,,,,,,,,,,,,,,,,449.3940124511719,449.48383969057267,431.54760317786213,431.7372486144539,79654400.0
2026-06-01,,,,,,MSFT,,,,,,,,,,,,,,,,,,,,,459.6546936035156,465.4438139523178,457.40892124774234,463.96658383705716,53628900.0
2026-06-02,,,,,,MSFT,,,,,,,,,,,,,,,,,,,,,440.48077392578125,452.64787129328397,439.6024225764256,446.0403151791343,37036800.0
2026-06-03,,,,,,MSFT,,,,,,,,,,,,,,,,,,,,,426.53704833984375,439.56254639446627,423.45285793258154,437.62618910935214,39037000.0
2026-06-04,,,,,,MSFT,,,,,,,,,,,,,,,,,,,,,427.2456970214844,435.33048350032107,425.60879436274143,434.9911260035114,26899500.0
2026-06-05,,,,,,MSFT,,,,,,,,,,,,,,,,,,,,,415.8870849609375,428.66302140752947,413.6213308264138,427.5351398188391,34782200.0
2026-06-08,,,,,,MSFT,,,,,,,,,,,,,,,,,,,,,410.9663391113281,416.37616844333525,407.79232157753756,413.3618539280056,32086700.0
2026-06-09,,,,,,MSFT,,,,,,,,,,,,,,,,,,,,,402.6520080566406,411.20591258759293,397.7312786929967,408.26144336727174,35317300.0
2026-06-10,,,,,,MSFT,,,,,,,,,,,,,,,,,,,,,396.61334228515625,404.2789346443135,396.41373636313654,397.80110870103243,32576000.0
2026-06-11,,,,,,MSFT,,,,,,,,,,,,,,,,,,,,,389.6065673828125,396.1043451719433,383.278483574852,394.46741202742857,47224100.0
2026-06-12,,,,,,MSFT,,,,,,,,,,,,,,,,,,,,,390.00579833984375,391.003919361718,381.55171206615995,390.6945042817559,34865800.0
2026-06-15,,,,,,MSFT,,,,,,,,,,,,,,,,,,,,,399.0088806152344,400.99513175706005,392.11186050588947,396.05442037645633,32266400.0
2026-06-16,,,,,,MSFT,,,,,,,,,,,,,,,,,,,,,393.0899963378906,396.094350419825,389.9559121071713,395.0463355104342,31506800.0
2026-06-17,,,,,,MSFT,,,,,,,,,,,,,,,,,,,,,378.1980285644531,389.6364865987809,376.6110198431126,389.51671695343225,41987800.0
2026-06-18,,,,,,MSFT,,,,,,,,,,,,,,,,,,,,,378.6871032714844,380.6534028700893,372.5786075934489,377.11008548581106,59714200.0
2026-06-22,,,,,,MSFT,,,,,,,,,,,,,,,,,,,,,366.6497802734375,380.9129385065033,366.3802985575179,375.0339909424311,45171100.0
2026-06-23,,,,,,MSFT,,,,,,,,,,,,,,,,,,,,,373.23736572265625,376.51120135394876,369.9735210485466,371.6802994138851,40647600.0
2026-06-24,,,,,,MSFT,,,,,,,,,,,,,,,,,,,,,364.7733154296875,378.16811350773463,364.09460041679364,370.87185096853153,44509900.0
2026-06-25,,,,,,MSFT,,,,,,,,,,,,,,,,,,,,,352.1670227050781,363.5456265920902,348.54386902384044,362.0883479855026,66179000.0
2026-06-26,,,,,,MSFT,,,,,,,,,,,,,,,,,,,,,372.2691955566406,375.90234020580533,354.762144454129,356.4789138154501,186201600.0
2026-06-29,,,,,,MSFT,,,,,,,,,,,,,,,,,,,,,367.8774719238281,379.7850483907747,359.2237492715265,376.790685328561,51229900.0
2026-06-30,,,,,,MSFT,,,,,,,,,,,,,,,,,,,,,372.319091796875,373.44697342275583,366.7595808670141,370.3328407149792,44945700.0
2026-07-01,,,,,,MSFT,,,,,,,,,,,,,,,,,,,,,383.5579528808594,388.09939143880604,374.18561213385976,380.1144231011508,48065800.0
2026-07-02,,,,,,MSFT,,,,,,,,,,,,,,,,,,,,,389.7562561035156,391.4630649298244,382.97903650468743,383.7575696594082,42128900.0
2026-07-06,,,,,,MSFT,,,,,,,,,,,,,,,,,,,,,386.0133056640625,388.418780928489,380.5036887115837,386.31276024010407,34224500.0
2026-07-07,,,,,,MSFT,,,,,,,,,,,,,,,,,,,,,388.109375,394.8267404517197,387.4905448392632,391.75251064257776,29297500.0
2026-07-08,,,,,,MSFT,,,,,,,,,,,,,,,,,,,,,382.6197204589844,384.58602015004215,380.6134873969759,383.3084264217563,25908300.0
2026-07-09,,,,,,MSFT,,,,,,,,,,,,,,,,,,,,,383.6377868652344,383.92725049460796,372.64849496928053,373.74643420118315,31083200.0
2026-07-10,,,,,,MSFT,,,,,,,,,,,,,,,,,,,,,384.37640380859375,391.1736053926777,380.783162110783,387.07131223677504,24644600.0
2026-07-13,,,,,,MSFT,,,,,,,,,,,,,,,,,,,,,390.2553405761719,392.91034623109437,383.4281962321871,387.02143811329415,28914900.0
2026-07-14,,,,,,MSFT,,,,,,,,,,,,,,,,,,,,,384.20672607421875,387.46061042423804,377.93852713765,382.1007052927433,27863900.0
2026-07-15,,,,,,MSFT,,,,,,,,,,,,,,,,,,,,,394.8866271972656,398.2103568181361,385.6739591427675,387.07132248997675,36253700.0
2026-07-16,,,,,,MSFT,,,,,,,,,,,,,,,,,,,,,400.3463439941406,405.2271399033625,391.31333055964967,397.56157784187184,37047400.0
2026-07-17,,,,,,MSFT,,,,,,,,,,,,,,,,,,,,,393.08001708984375,397.64143734197864,388.6583483977542,394.1180409920291,33049800.0
2026-07-20,,,,,,MSFT,,,,,,,,,,,,,,,,,,,,,401.53411865234375,402.4224305318551,388.91785418191677,390.67455694621333,27915800.0
2026-07-21,,,,,,MSFT,,,,,,,,,,,,,,,,,,,,,397.00262451171875,400.7156358198418,395.57531880381754,398.0606303262699,24126600.0
2026-07-22,,,,,,MSFT,,,,,,,,,,,,,,,,,,,,,389.6065673828125,400.246541441447,386.2329133568751,398.8291961465565,28142500.0
2026-07-23,,,,,,MSFT,,,,,,,,,,,,,,,,,,,,,380.8630065917969,391.04385321150613,376.68090752842744,389.23725659651495,30351800.0
2026-07-24,,,,,,MSFT,,,,,,,,,,,,,,,,,,,,,380.9828186035156,388.29903252889795,379.9347732203772,386.32274187573427,27659400.0
2026-07-27,,,,,,MSFT,,,,,,,,,,,,,,,,,,,,,388.368896484375,393.45931979821836,387.2609663085435,389.3470355932277,27856200.0
2026-07-28,,,,,,MSFT,,,,,,,,,,,,,,,,,,,,,392.61090087890625,399.56780545733704,390.5647345556998,392.4212554523594,32367500.0
2026-07-29,,,,,,MSFT,,,,,,,,,,,,,,,,,,,,,389.8061828613281,400.4960502148319,388.00954678983055,392.6607942930367,47209000.0
2026-07-30,,,,,,MSFT,,,,,,,,,,,,,,,,,,,,,450.2524108886719,457.8281459885008,431.6274684759506,437.07720086969465,110160700.0
2026-07-31,,,,,,MSFT,,,,,,,,,,,,,,,,,,,,,463.8468017578125,465.962813447145,448.4857046349594,449.1544591210436,60846000.0
2026-08-03,,,,,,MSFT,,,,,,,,,,,,,,,,,,,,,486.73370361328125,490.7261876465455,474.10747895013026,475.2353605631651,66762100.0
2026-08-04,,,,,,MSFT,,,,,,,,,,,,,,,,,,,,,491.884033203125,498.50158065157444,478.2696778930625,479.99640781848416,50455500.0
2026-08-05,,,,,,MSFT,,,,,,,,,,,,,,,,,,,,,486.5440673828125,497.3038108374591,484.7674131728324,495.42733843271316,33388900.0
2026-08-06,,,,,,MSFT,,,,,,,,,,,,,,,,,,,,,498.9207458496094,500.61756372489685,487.60205742358346,487.6319998350186,36441500.0
2026-08-07,,,,,,MSFT,,,,,,,,,,,,,,,,,,,,,499.0505065917969,504.23075699317457,497.79289485093346,498.2719734340298,28846200.0
2026-08-10,,,,,,MSFT,,,,,,,,,,,,,,,,,,,,,505.109130859375,512.7647021753171,501.32624359045303,502.4940586092805,31206100.0
2026-08-11,,,,,,MSFT,,,,,,,,,,,,,,,,,,,,,502.86334228515625,504.38047525067043,498.61133704649393,503.3823542433026,23049800.0
2026-08-12,,,,,,MSFT,,,,,,,,,,,,,,,,,,,,,491.5047302246094,500.557695253814,490.59643643442394,499.0505227551261,29001500.0
2026-08-13,,,,,,MSFT,,,,,,,,,,,,,,,,,,,,,495.9463806152344,500.3979918654044,492.0836571155829,492.34314786956145,23039000.0
2026-08-14,,,,,,MSFT,,,,,,,,,,,,,,,,,,,,,494.4691467285156,499.07050046550256,492.991947114923,495.42733437790497,16217600.0
2026-08-17,,,,,,MSFT,,,,,,,,,,,,,,,,,,,,,479.44744873046875,491.73431632358415,477.51109147171053,489.21906226283284,29635800.0
2026-08-18,,,,,,MSFT,,,,,,,,,,,,,,,,,,,,,480.72503662109375,483.36006030134655,476.2534434403709,480.6352093836093,24087600.0
2026-08-19,,,,,,MSFT,,,,,,,,,,,,,,,,,,,,,483.3999938964844,488.3806080919379,478.4592826108848,479.16797047398614,19961900.0
2026-08-20,,,,,,MSFT,,,,,,,,,,,,,,,,,,,,,481.1499938964844,484.1600036621094,479.5,483.29998779296875,20020800.0
2026-08-21,,,,,,MSFT,,,,,,,,,,,,,,,,,,,,,483.239990234375,486.3599853515625,478.5299987792969,479.8800048828125,22510800.0
2026-08-24,,,,,,MSFT,,,,,,,,,,,,,,,,,,,,,487.30999755859375,490.6099853515625,481.8599853515625,483.2099914550781,17230800.0
2026-08-25,,,,,,MSFT,,,,,,,,,,,,,,,,,,,,,491.7099914550781,492.44000244140625,484.29998779296875,485.44000244140625,19519000.0
2026-08-26,,,,,,MSFT,,,,,,,,,,,,,,,,,,,,,496.3699951171875,497.3999938964844,487.30999755859375,487.8500061035156,20758900.0
2026-08-27,,,,,,MSFT,,,,,,,,,,,,,,,,,,,,,505.05999755859375,506.4800109863281,490.0799865722656,494.8800048828125,28688800.0
2026-08-28,,,,,,MSFT,,,,,,,,,,,,,,,,,,,,,513.530029296875,517.780029296875,504.8699951171875,505.3299865722656,29207300.0
2026-08-31,,,,,,MSFT,,,,,,,,,,,,,,,,,,,,,507.2900085449219,512.1900024414062,506.3900146484375,510.3800048828125,27208900.0
2026-09-01,,,,,,MSFT,,,,,,,,,,,,,,,,,,,,,501.0199890136719,505.9700012207031,496.7799987792969,497.5199890136719,21046900.0
2026-09-02,,,,,,MSFT,,,,,,,,,,,,,,,,,,,,,496.82000732421875,500.2699890136719,493.80999755859375,499.8500061035156,15336100.0
2026-09-03,,,,,,MSFT,,,,,,,,,,,,,,,,,,,,,510.1199951171875,515.6500244140625,500.79998779296875,501.6600036621094,24125900.0
2026-09-04,,,,,,MSFT,,,,,,,,,,,,,,,,,,,,,499.70001220703125,511.0,499.3599853515625,510.0,18101800.0
2026-09-08,,,,,,MSFT,,,,,,,,,,,,,,,,,,,,,493.95001220703125,495.19000244140625,490.1499938964844,493.010009765625,18882300.0
2026-09-09,,,,,,MSFT,,,,,,,,,,,,,,,,,,,,,491.6499938964844,494.3900146484375,489.79998779296875,493.07000732421875,12889600.0
2026-09-10,,,,,,MSFT,,,,,,,,,,,,,,,,,,,,,492.44000244140625,494.5199890136719,486.0,488.32000732421875,16038800.0
2026-09-11,,,,,,MSFT,,,,,,,,,,,,,,,,,,,,,495.6300048828125,498.9700012207031,492.5799865722656,495.6499938964844,14510500.0
2026-09-14,,,,,,MSFT,,,,,,,,,,,,,,,,,,,,,505.4100036621094,509.95001220703125,495.3399963378906,497.05999755859375,23091900.0
2026-09-15,,,,,,MSFT,,,,,,,,,,,,,,,,,,,,,497.1199951171875,505.8999938964844,495.5400085449219,500.05999755859375,17794600.0
2026-09-16,,,,,,MSFT,,,,,,,,,,,,,,,,,,,,,490.29998779296875,495.9700012207031,487.2300109863281,493.0299987792969,16670300.0
2026-09-17,,,,,,MSFT,,,,,,,,,,,,,,,,,,,,,497.75,501.4700012207031,493.1700134277344,497.79998779296875,17841600.0
2026-09-18,,,,,,MSFT,,,,,,,,,,,,,,,,,,,,,493.7799987792969,498.6499938964844,491.1000061035156,497.9700012207031,39622300.0
2026-09-21,,,,,,MSFT,,,,,,,,,,,,,,,,,,,,,501.6099853515625,501.8699951171875,491.3299865722656,494.95001220703125,27959900.0
2026-09-22,,,,,,MSFT,,,,,,,,,,,,,,,,,,,,,498.0,508.5,493.6499938964844,507.32000732421875,21652800.0
2026-09-23,,,,,,MSFT,,,,,,,,,,,,,,,,,,,,,500.5899963378906,509.44000244140625,495.8800048828125,500.760009765625,19445600.0
2026-09-24,,,,,,MSFT,,,,,,,,,,,,,,,,,,,,,497.92999267578125,498.8999938964844,491.2200012207031,495.07000732421875,16657600.0
2026-09-25,,,,,,MSFT,,,,,,,,,,,,,,,,,,,,,516.1699829101562,519.4000244140625,497.25,499.0400085449219,38154200.0
