Price,Close,High,Low,Open,Volume,ticker
Ticker,JPM,JPM,JPM,JPM,JPM,
Date,,,,,,
2021-09-27,147.34417724609375,147.71478621861456,145.25287894956577,145.5970168143672,13220900,JPM
2021-09-28,146.550048828125,149.39139836399926,146.17943977533085,147.97954281239566,13387900,JPM
2021-09-29,146.4353485107422,147.2736319500807,145.63235540524306,146.66478280628706,7777100,JPM
2021-09-30,144.44113159179688,147.3530759252506,143.64695761115192,147.29130100326972,13161200,JPM
2021-10-01,147.47657775878906,148.5089915737775,144.3616844167561,144.7146415713932,11285000,JPM
2021-10-04,147.3177490234375,150.39735227429443,146.2412121146315,147.33540092187218,14120000,JPM
2021-10-05,149.72348022460938,151.03730748793987,147.9569052119613,148.43628358822832,12292900,JPM
2021-10-06,150.0430450439453,150.11406455664857,147.36211600814127,149.12869082946946,8692600,JPM
2021-10-07,150.99293518066406,152.25350132856548,150.50468439031033,151.97830912279974,10195400,JPM
2021-10-08,151.1083526611328,152.10259902426898,150.29164835632943,150.93081060280005,8190100,JPM
2021-10-11,147.9302520751953,152.05816117129785,147.77046833781213,151.6231853002527,12154700,JPM
2021-10-12,146.7940216064453,147.97469599447038,146.27026776723167,147.1402333784533,13032600,JPM
2021-10-13,142.92349243164062,146.83835656223067,142.5684084276848,145.64881024883354,22753500,JPM
2021-10-14,145.11619567871094,145.59556052113143,142.089054582482,143.5893098167956,15176800,JPM
2021-10-15,147.9036407470703,148.4007638334521,145.71096220524572,146.78511380271135,14267400,JPM
2021-10-18,147.8503875732422,149.6790962604667,147.28224493696283,147.7882404112545,12672900,JPM
2021-10-19,149.6436004638672,149.7146064444244,147.87702530813863,148.6049517463614,8053900,JPM
2021-10-20,151.65869140625,151.68532202969575,148.65819495147218,149.4038794991268,8185600,JPM
2021-10-21,150.4691925048828,152.0937287750967,149.74125244633836,151.58771967894884,8415200,JPM
2021-10-22,152.49319458007812,152.7683867931292,150.64672743486955,150.93967791683724,8817900,JPM
2021-10-25,151.74749755859375,153.54070329759966,151.33913868008358,153.31877236365895,10159200,JPM
2021-10-26,152.15582275390625,153.12345179247123,151.39237990036722,151.8007387248317,8015100,JPM
2021-10-27,148.9866485595703,151.53441087397778,148.55165913333065,151.19708512796691,9847000,JPM
2021-10-28,151.23257446289062,151.36572756830142,149.10204350280503,149.40386623879314,7212900,JPM
2021-10-29,150.8153533935547,152.90150915464721,150.37149161847853,151.96051081319317,8140100,JPM
2021-11-01,150.7355194091797,152.98145976988548,150.03420994971995,152.72401225595004,7435500,JPM
2021-11-02,151.3302764892578,152.41330060332,149.95430189723547,150.73550317179578,7173800,JPM
2021-11-03,151.3834991455078,151.91613870516917,150.1584362856387,151.0284151361247,8402700,JPM
2021-11-04,149.39503479003906,151.09059052676537,147.79714276032698,150.91304847297408,9574200,JPM
2021-11-05,149.18197631835938,150.992926777002,148.61383367000195,149.93653336546495,7975600,JPM
2021-11-08,150.07858276367188,151.7297495658267,149.79451819269812,150.06971040212557,6413700,JPM
2021-11-09,148.94227600097656,149.5548074994686,147.89476857414357,148.5605613254457,7990300,JPM
2021-11-10,148.80020141601562,149.98087523840923,148.32970906780574,148.64929005390914,6999200,JPM
2021-11-11,148.79141235351562,149.74126993983262,148.1611223866158,148.71152044866133,5815300,JPM
2021-11-12,148.12557983398438,148.90678103886592,147.1135753392919,148.82687560975654,8113400,JPM
2021-11-15,147.85922241210938,148.95111851267316,147.36209942471726,148.43625080829239,6492500,JPM
2021-11-16,146.7940216064453,148.31203540407512,146.58096299844368,148.30314949608038,9706100,JPM
2021-11-17,146.00389099121094,146.9715063941235,145.04514794724378,146.6608112839994,9909600,JPM
2021-11-18,144.74339294433594,146.34129876552677,144.3084033318585,145.93293978793645,8122500,JPM
2021-11-19,142.8524932861328,143.90888663503773,141.54753838990771,143.18983261989092,12193600,JPM
2021-11-22,145.89739990234375,147.34438036587372,144.6900950922002,145.7287302269754,14549900,JPM
2021-11-23,149.38613891601562,149.63470046131974,146.80285977133175,146.91826818364734,12354400,JPM
2021-11-24,148.21434020996094,150.41589097481364,147.75272013898643,149.54592562787454,9629800,JPM
2021-11-26,143.7490692138672,144.38823125913544,140.9882619528493,143.9354971210648,13619300,JPM
2021-11-29,143.12770080566406,146.27912292385244,141.87602057445622,144.97416788771696,12104400,JPM
2021-11-30,140.99716186523438,142.59506729066257,140.51778346481132,141.29011232202862,18922600,JPM
2021-12-01,140.1626434326172,144.93859953477946,140.08275157963874,142.92346367651484,12253400,JPM
2021-12-02,143.1099090576172,144.9208590079809,140.97049220662012,141.88484631303896,12969900,JPM
2021-12-03,140.5177764892578,143.6603259275297,139.54128856067402,143.367375485278,12681800,JPM
2021-12-06,142.17782592773438,144.35274620536836,141.55642206920868,142.93238291823405,11186500,JPM
2021-12-07,144.31723022460938,145.04515652317295,143.06553671440145,143.7046987815039,9851600,JPM
2021-12-08,142.66607666015625,144.9386470831941,142.1866982938537,144.39713510383055,11705700,JPM
2021-12-09,142.44415283203125,142.8613705148597,140.8373615345152,141.72508524679222,11189600,JPM
2021-12-10,141.8760223388672,143.54493384976266,141.26349075768516,143.20760802123158,10405400,JPM
2021-12-13,140.18931579589844,141.84935467039065,139.62117320734154,141.59192077449563,12069000,JPM
2021-12-14,141.2634735107422,142.82586231088433,139.6389375511274,139.77209068487107,12563600,JPM
2021-12-15,140.20703125,141.90258613794126,139.68327771254704,141.90258613794126,14014200,JPM
2021-12-16,142.39979553222656,143.65148949519786,140.8817816873647,142.38203726127603,19542800,JPM
2021-12-17,139.15956115722656,141.4854064425323,137.75695609763275,141.4321451882775,28082000,JPM
2021-12-20,136.65621948242188,137.3308847707451,134.79199387215084,137.16221506226634,15148000,JPM
2021-12-21,138.56478881835938,139.53240439857666,137.67706512004878,137.96114320539073,11291300,JPM
2021-12-22,139.10630798339844,139.42588907307973,137.8102389026166,138.26297313566954,7273000,JPM
2021-12-23,139.6034393310547,141.25460613401202,139.5590639777114,139.9141480779987,8055200,JPM
2021-12-27,140.40237426757812,140.4378772531484,138.78671073958142,139.9052511960677,6188100,JPM
2021-12-28,140.8284454345703,142.16890294737036,140.33132247738845,140.43784495518895,6342300,JPM
2021-12-29,140.75746154785156,141.70733236718596,140.39349159583065,141.01490899512024,6398900,JPM
2021-12-30,140.68643188476562,142.2488340849387,140.5887817472548,141.24570208556275,6948200,JPM
2021-12-31,140.571044921875,141.40549377176825,140.2248332413656,140.65980915922302,5805900,JPM
2022-01-03,143.54493713378906,144.3793996811227,141.60081982576506,141.9115285769945,13120900,JPM
2022-01-04,148.9866485595703,149.65244123787915,145.79083828545313,145.8618577966098,20195800,JPM
2022-01-05,146.26287841796875,150.35302529770058,146.2182234519516,149.87078709434957,17539400,JPM
2022-01-06,147.81678771972656,149.46891251987,146.3432555378449,149.0581195189452,14047500,JPM
2022-01-07,149.28138732910156,149.61180957837593,147.40598760629422,147.95074553516426,13913300,JPM
2022-01-10,149.42425537109375,151.20140571744204,147.82569762411396,150.9870836967746,12922500,JPM
2022-01-11,149.57608032226562,150.49591538758978,148.52228035920214,150.2637150155545,11854100,JPM
2022-01-12,150.42453002929688,151.45152652008235,149.29928439833463,150.44239474812792,12568000,JPM
2022-01-13,150.23692321777344,151.6479356400798,149.9332912555357,150.33515869106003,13623400,JPM
2022-01-14,141.0028076171875,143.80696704190223,140.11868858094584,143.56584119078562,40158400,JPM
2022-01-18,135.09088134765625,139.11850821083917,134.43894887756184,139.11850821083917,32324800,JPM
2022-01-19,133.0011444091797,135.948194728272,132.6617966797485,135.3587955658784,22380000,JPM
2022-01-20,131.8670196533203,134.5014995118015,131.59910344486124,133.05477106362076,14860800,JPM
2022-01-21,129.5629425048828,131.73303484956145,128.83957838998995,131.72410930711447,20705400,JPM
2022-01-24,129.4468536376953,129.92016633763484,124.64228141213015,127.0624254247593,28471400,JPM
2022-01-25,130.8578338623047,131.1436146963741,125.7317525721211,128.2858608628007,18915900,JPM
2022-01-26,132.0991973876953,134.46577450245326,130.34883704894756,132.813636019071,20709100,JPM
2022-01-27,129.76832580566406,134.29606906724538,128.71453957917038,133.43874014209345,17536800,JPM
2022-01-28,130.92929077148438,131.06324203268753,126.96416991849439,128.7681241211247,14117000,JPM
2022-01-31,132.7064666748047,132.8761337453502,129.19679342056898,130.063047992457,13985700,JPM
2022-02-01,134.98370361328125,135.26948446376548,132.43853434421334,132.78682123900288,14584900,JPM
2022-02-02,133.90316772460938,134.79621271290017,132.2331779570768,134.4032707377666,12441100,JPM
2022-02-03,132.79579162597656,135.4302717071859,132.42963989768626,133.95675287626128,12474900,JPM
2022-02-04,136.24290466308594,137.0823689070362,132.85827106175142,133.15297746399662,16654400,JPM
2022-02-07,136.69837951660156,137.18954327472105,134.7158188915654,136.87698575835253,12572300,JPM
2022-02-08,139.27032470703125,141.52972681281014,138.24332870505225,138.42193492799018,20411400,JPM
2022-02-09,139.850830078125,140.59204531797832,139.154256179702,139.84189090841247,9131100,JPM
2022-02-10,139.27032470703125,142.0209041459754,138.61840586125626,139.9043924692594,16455600,JPM
2022-02-11,137.4574737548828,141.27077941494915,136.60908379819318,138.96672186428253,16830000,JPM
2022-02-14,136.18040466308594,137.24311651458467,134.2424991078371,136.394726691121,17026500,JPM
2022-02-15,138.171875,139.26139060778738,137.3949304832328,137.9843296200318,9500000,JPM
2022-02-16,138.42193603515625,139.4042907093441,137.29670455754405,137.29670455754405,9076500,JPM
2022-02-17,135.2337646484375,137.28777037013128,134.55505552050664,136.63585149548837,11367500,JPM
2022-02-18,135.86781311035156,137.65390241829718,134.96584291547984,135.85888756945263,11733300,JPM
2022-02-22,135.62672424316406,136.8502050191361,134.32288632361673,134.49256703445266,11333500,JPM
2022-02-23,132.78683471679688,136.90377182783305,132.14384136472486,136.74301667642388,11799000,JPM
2022-02-24,129.0896453857422,129.4825873292277,124.8298173191874,127.65184252532512,25655100,JPM
2022-02-25,132.14382934570312,134.0728092264706,129.41111466133975,129.71474659809545,18367700,JPM
2022-02-28,126.63374328613281,129.5450641507888,125.81214378371666,128.19657153705919,31315300,JPM
2022-03-01,121.85595703125,125.45492639049641,119.29292288319827,125.06198450854104,36840400,JPM
2022-03-02,124.3832778930664,125.06198703127347,121.99884992686464,122.60611384629483,19405600,JPM
2022-03-03,123.4991683959961,125.90146126334403,122.40072702744817,124.88339066222525,16640800,JPM
2022-03-04,120.02522277832031,120.93613234377204,118.23913307253112,120.5074746298819,21016000,JPM
2022-03-07,115.39031982421875,118.49811178399233,115.15811946469606,118.03372469172861,27560100,JPM
2022-03-08,114.57765197753906,117.69436964681233,113.65781009895336,115.7743287538605,19207800,JPM
2022-03-09,119.16789245605469,120.7753757157064,118.27484771477944,118.6856406647685,17536200,JPM
2022-03-10,117.75689697265625,119.17683504395328,116.38161387016636,117.75689697265625,15604200,JPM
2022-03-11,115.10456085205078,119.73946623391174,114.68482864346093,118.31952806108274,20061800,JPM
2022-03-14,116.24763488769531,118.70350798009756,115.40817063218913,115.6135807384728,15786900,JPM
2022-03-15,118.3105697631836,119.26613422771946,117.10496747479614,117.70330584786821,15096600,JPM
2022-03-16,123.59738159179688,123.67776597151604,120.05199302651884,120.4449348765921,20354900,JPM
2022-03-17,125.16021728515625,125.19594670644601,121.38264177726782,122.22210602941672,17050500,JPM
2022-03-18,125.11559295654297,125.78537661556776,123.65099990054678,125.19596372519791,23656500,JPM
2022-03-21,124.71369934082031,125.70497960174266,123.89209977010354,125.33884159458447,12676100,JPM
2022-03-22,127.36605072021484,128.53593728032945,126.56231581492807,127.05349320228457,13548600,JPM
2022-03-23,124.82981872558594,126.44622786213026,124.31185103304516,125.90146991193946,12093200,JPM
2022-03-24,125.6424789428711,125.66034365491761,124.23146648041369,125.29419200526837,10017600,JPM
2022-03-25,126.74095153808594,127.86618339257797,125.74074544520413,125.99972251325887,8383500,JPM
2022-03-28,125.8031997680664,125.89250968681907,123.15085597712147,125.0262552566839,10818100,JPM
2022-03-29,126.08006286621094,128.2412433516535,125.24061217045993,128.0179821436087,11316500,JPM
2022-03-30,125.50850677490234,126.91951915565257,124.94589783245077,126.72304821486571,8771000,JPM
2022-03-31,121.7398681640625,125.33883745494641,121.68627403199235,124.87445036447642,17353900,JPM
2022-04-01,120.837890625,122.71329016994913,119.48939787240515,122.70435100074064,15721300,JPM
2022-04-04,121.37373352050781,122.29356866138258,118.67673415386987,119.77517554628453,17416400,JPM
2022-04-05,119.96125030517578,121.81455681141192,119.66435939964433,120.61801521489215,12110300,JPM
2022-04-06,118.29688262939453,119.25951644558293,117.82006157251607,118.37784913464786,12914700,JPM
2022-04-07,117.93701171875,118.68373487391258,115.81380302689927,117.81105924244488,12994200,JPM
2022-04-08,120.09622192382812,120.4650739445427,118.29689288072642,118.45882590526581,13126900,JPM
2022-04-11,119.65535736083984,121.36471411773648,119.26850828352293,119.65535736083984,10466400,JPM
2022-04-12,118.34184265136719,121.07682996506871,117.58612789144514,118.88164675290497,12989900,JPM
2022-04-13,114.52729034423828,116.28163332387601,113.36672234851824,114.20341058432129,30838000,JPM
2022-04-14,113.46566772460938,115.42693623777015,112.47603147089522,113.80753769886891,18835200,JPM
2022-04-18,115.57089233398438,116.2726294523978,112.94386712693903,113.06082102537643,11834400,JPM
2022-04-19,117.96400451660156,118.14394839833008,115.36397466799782,115.56190195566656,15015400,JPM
2022-04-20,118.37786102294922,120.11420698411048,118.16193659279912,119.22354788129793,13430200,JPM
2022-04-21,117.46019744873047,119.48444261724799,116.92040697380047,118.9536438455066,12174200,JPM
2022-04-22,114.0864486694336,117.42420987654418,113.97849332647044,117.20828546282758,14318800,JPM
2022-04-25,114.05046081542969,114.36534886821212,110.75769245408728,113.3667207663873,17149000,JPM
2022-04-26,110.67671966552734,113.72658852220916,110.54177548664798,112.13417857248098,17209500,JPM
2022-04-27,109.23726654052734,111.16254810245196,109.05733637851213,110.05596456465663,17215200,JPM
2022-04-28,110.96460723876953,111.24350787885761,108.98534824301431,110.48778619022181,13015600,JPM
2022-04-29,107.38394927978516,111.2075231915258,106.97010445653474,110.70371329607225,14874800,JPM
2022-05-02,108.36459350585938,108.59850821334896,106.35834538085184,107.85178498121796,18545000,JPM
2022-05-03,110.68570709228516,111.71132393191763,108.66146224607981,109.33621052814826,15720900,JPM
2022-05-04,114.34735107421875,114.6172531567878,110.42481349388046,110.47879802873133,17128500,JPM
2022-05-05,111.48640441894531,113.44767297323389,109.9030001075869,112.68295964978665,15055400,JPM
2022-05-06,111.30648803710938,111.81929650451255,109.02133948611598,111.37846284121036,14417900,JPM
2022-05-09,109.63309478759766,110.95560243867295,108.40955076101739,109.8580108680147,14312300,JPM
2022-05-10,106.96110534667969,111.36046393484135,105.76454998716217,110.75769040385855,16382400,JPM
2022-05-11,106.28636169433594,110.55976799750485,106.10643154291851,107.32997579146377,14630300,JPM
2022-05-12,106.1963882446289,106.44829318230772,103.79428590675552,105.26073643046848,16318800,JPM
2022-05-13,107.14102935791016,108.18464334933826,106.12441106396625,107.42892855325138,10443200,JPM
2022-05-16,106.39431762695312,107.47391219955917,105.46766436041887,106.64622256963487,10269000,JPM
2022-05-17,109.92101287841797,110.63174868290925,108.6884699976325,108.89539586026491,11160200,JPM
2022-05-18,108.04069519042969,109.73206866611008,107.5368853196626,109.12929516160023,12664900,JPM
2022-05-19,106.43929290771484,107.64484677226233,105.82752084150299,106.33133757266812,12765800,JPM
2022-05-20,105.56661224365234,107.66283184057187,103.4793912121837,107.47390314946973,13150100,JPM
2022-05-23,112.09818267822266,113.87052264145763,108.36457405173863,108.37357261761396,24376700,JPM
2022-05-24,113.68160247802734,114.6982208536512,110.75769296339475,111.88227354594575,19324900,JPM
2022-05-25,114.47331237792969,115.03110685510855,112.61100708347712,113.6096352565498,12780400,JPM
2022-05-26,116.45256805419922,117.12731638851099,115.34598462970914,115.48992050790858,15990900,JPM
2022-05-27,118.09894561767578,118.09894561767578,116.18265611791662,117.10031761850692,11177800,JPM
2022-05-31,118.96260070800781,119.79029017606052,116.69545666725837,117.11828623794638,17015000,JPM
2022-06-01,116.87540435791016,119.53840326835602,115.75981557079469,119.53840326835602,10768000,JPM
2022-06-02,118.75569152832031,118.76468322961414,115.75980766288491,116.86639094470901,8374800,JPM
2022-06-03,117.10031127929688,118.54877138476405,116.94736999210943,118.04496156160818,8596000,JPM
2022-06-06,116.71346282958984,119.10657351153425,116.47056331714577,117.93700700527805,11323500,JPM
2022-06-07,117.01936340332031,117.24427951928476,115.71483894849432,115.90377452613217,6722200,JPM
2022-06-08,115.15704345703125,116.46155409438506,114.16741398760132,116.0567078590393,8422100,JPM
2022-06-09,112.73695373535156,115.24702532084513,112.70096633250233,114.59026723066327,13560100,JPM
2022-06-10,107.55487060546875,111.01857681328936,107.3479447948261,110.28984405745564,12945200,JPM
2022-06-13,104.35208129882812,106.11542285909559,103.51539305638484,105.13479186882194,16805600,JPM
2022-06-14,102.61573028564453,105.54863846644824,101.86001540317109,103.95623532758184,13357900,JPM
2022-06-15,103.83026885986328,105.21574595775589,101.81501571695783,104.01919755503046,14083500,JPM
2022-06-16,102.04891967773438,102.79564267836729,100.6454455956918,102.43577559315557,16724900,JPM
2022-06-17,101.68907928466797,103.1285411394623,100.90637554756806,102.14791011034775,30919900,JPM
2022-06-21,104.2081298828125,105.28772442537145,103.49739417780154,104.24411728275042,11680500,JPM
2022-06-22,103.62332153320312,104.54097598560121,102.91258600043427,103.35341953102501,9842700,JPM
2022-06-23,102.48975372314453,103.62333264439226,100.2945775346937,103.47039136324203,11851500,JPM
2022-06-24,105.54863739013672,105.99846963384918,101.50914576348947,101.86901293123852,14841100,JPM
2022-06-27,104.70294189453125,106.61023292073985,104.03719215092518,106.2143783826469,11280500,JPM
2022-06-28,104.19913482666016,107.32097152150932,104.00120755228201,105.86351266245697,11590900,JPM
2022-06-29,103.7313003540039,105.09878712022906,103.2184919586827,104.36106264162848,9338400,JPM
2022-06-30,101.31121826171875,102.6337261536329,99.7997816515162,101.8150281771545,15172600,JPM
2022-07-01,102.60673522949219,102.93960668946255,100.00670546840153,101.34720360263593,10573600,JPM
2022-07-05,102.21646118164062,102.2981438930075,99.20315438309007,100.53735380769287,12514200,JPM
2022-07-06,101.55387878417969,102.55226212775857,100.55549544060081,101.40866278810402,10656200,JPM
2022-07-07,104.12244415283203,104.28581646388267,102.92438284666386,103.01514370288989,10347400,JPM
2022-07-08,103.79570770263672,104.96654153657856,103.11499084043402,104.52180845883026,8807800,JPM
2022-07-11,102.43428039550781,103.67772576789007,101.85340252400628,103.0605421638434,7939500,JPM
2022-07-12,102.53411102294922,104.53995584050604,101.88969990347611,102.18013881541624,11250900,JPM
2022-07-13,101.57202911376953,102.08937362009563,100.18336098400094,101.42680620165926,12979900,JPM
2022-07-14,98.02323150634766,98.23198773138412,96.26244161341391,98.01415334231731,26204800,JPM
2022-07-15,102.51595306396484,103.36004222032456,97.72370763093286,99.07607006855429,18863900,JPM
2022-07-18,101.46311950683594,105.13898645536467,101.00930825951559,104.16783066308354,13977900,JPM
2022-07-19,103.97724914550781,104.32215018617427,102.2618428814511,102.67934847181616,11862300,JPM
2022-07-20,103.95907592773438,104.14059764732086,102.99699834962846,103.55971983511242,11667500,JPM
2022-07-21,104.66703033447266,104.85763023564225,102.89716916317614,103.86832499748431,11595900,JPM
2022-07-22,104.15876007080078,105.51111565732424,103.16944794470042,104.59441499315257,7645500,JPM
2022-07-25,104.5762710571289,105.70172107742037,104.16783675588512,105.13899260496939,9394000,JPM
2022-07-26,102.94254302978516,104.903010967723,102.58857080620362,103.99538846118368,10675100,JPM
2022-07-27,104.59440612792969,105.04821733960455,102.83362333536574,103.4780344249909,9337400,JPM
2022-07-28,104.20413970947266,105.26606332469507,103.04238398730452,104.60349583569682,10384800,JPM
2022-07-29,104.70333099365234,105.73802007821718,104.18598645136994,104.91208028855732,12944500,JPM
2022-08-01,103.65956115722656,104.47642276270157,102.62487209849485,103.92277250369129,14740400,JPM
2022-08-02,102.04399871826172,103.83201616462607,101.89877579335833,103.39635431452609,14942900,JPM
2022-08-03,103.114990234375,103.55972330950938,101.39050614200849,102.96976731414584,14394500,JPM
2022-08-04,101.98046112060547,102.85177785946334,100.76424341194704,102.42519419130576,18033900,JPM
2022-08-05,105.06639862060547,105.45667663232676,101.69911946115488,102.13477445005559,14174600,JPM
2022-08-08,103.78663635253906,105.91954794254511,103.63234218221672,105.51112056825411,10332500,JPM
2022-08-09,104.72148132324219,105.2751316009744,103.80478758600896,104.14968164237897,10233800,JPM
2022-08-10,107.45342254638672,108.34289560451963,106.64563911049727,107.06314461138093,12847300,JPM
2022-08-11,109.04175567626953,110.00383321404902,108.2884274148036,108.82392823697425,11684900,JPM
2022-08-12,110.84793853759766,110.95685573547384,108.40643860888144,109.52281045751785,9906700,JPM
2022-08-15,111.14743041992188,111.38341416613906,109.4592523212314,109.9493692135553,8456200,JPM
2022-08-16,112.20935821533203,112.76300845005787,110.61194772870266,110.99314748633401,9555000,JPM
2022-08-17,111.26544952392578,111.78280104571164,110.44859473599418,111.00224506757232,8149300,JPM
2022-08-18,110.40319061279297,111.15651888328534,109.4138854988238,110.94776267986101,9531800,JPM
2022-08-19,107.6712646484375,109.81325450067376,107.1993039515802,109.47743857634038,13464500,JPM
2022-08-22,105.8923110961914,106.33705108878003,104.83039447638889,105.96492255513769,8967600,JPM
2022-08-23,104.84854125976562,106.45503685692613,104.72147467208859,105.91046477765177,7607000,JPM
2022-08-24,105.1026840209961,105.65633427758321,103.87738815584142,104.63979462581788,9771300,JPM
2022-08-25,107.59864807128906,107.77109163423097,104.99376905362855,105.42943089206129,10758900,JPM
2022-08-26,104.07706451416016,108.90561566350064,104.01353121974553,108.42457687370283,11276200,JPM
2022-08-29,103.82293701171875,104.24952069379636,102.97884781143607,103.46896479140118,8117300,JPM
2022-08-30,103.84110260009766,104.90301935575293,102.88809612218502,104.376596597961,10745400,JPM
2022-08-31,103.22391510009766,104.40382025395047,102.86993593687029,103.90463200891637,10738300,JPM
2022-09-01,103.93185424804688,104.0407645161226,101.57203713673447,102.82455369187618,9979800,JPM
2022-09-02,103.20574951171875,106.60025558691288,102.73378887744438,105.16621735703507,10666600,JPM
2022-09-06,103.23298645019531,104.14968716060882,101.71725846017837,103.76848735316932,9751900,JPM
2022-09-07,105.19345092773438,105.38405082502955,102.34351678313175,102.67933268210457,10647900,JPM
2022-09-08,107.6440200805664,107.81647056017205,104.04075788310112,104.63071385446968,11435000,JPM
2022-09-09,108.161376953125,108.96008922393946,107.70756568092969,108.13414938473096,9299700,JPM
2022-09-12,109.44112396240234,110.32151890539954,108.72410134825628,109.4774296937704,8614600,JPM
2022-09-13,105.63819122314453,107.93447523588812,105.08454089699559,107.16299743006753,12904600,JPM
2022-09-14,105.39312744140625,106.95423232841526,104.26767055303281,105.91954322994398,9345700,JPM
2022-09-15,106.98147583007812,108.35198093801411,105.06639163530558,105.39313631756322,10821400,JPM
2022-09-16,106.26443481445312,106.55487371246717,104.71240130400847,106.54579554935779,14844100,JPM
2022-09-19,107.24466705322266,107.76201154879891,104.83946628709785,105.28419932812776,8201300,JPM
2022-09-20,105.12991333007812,106.81809169379223,104.04984036495728,106.56395850778968,9619000,JPM
2022-09-21,102.09845733642578,105.82878652068666,102.03492403576533,105.77433138429497,12606300,JPM
2022-09-22,100.93670654296875,103.10592396061821,100.80963993542022,102.90624588458174,11684500,JPM
2022-09-23,99.05791473388672,100.14705891608078,97.26082614080553,99.88385449632825,18138600,JPM
2022-09-26,96.92500305175781,99.48449810451093,96.26243561106126,98.02322539420264,15753600,JPM
2022-09-27,96.07184600830078,98.17753005774317,94.98270171275183,97.79633024676208,12793600,JPM
2022-09-28,98.01415252685547,98.68579816730814,95.88124102174599,96.16260178285361,12762600,JPM
2022-09-29,96.35321044921875,97.36974324411146,94.75579286845979,97.07022614935472,12713900,JPM
2022-09-30,94.8465576171875,97.67834250014899,94.75579674601661,96.26244659636295,15973400,JPM
2022-10-03,97.77818298339844,98.34998271238987,94.81025328743597,95.86309879751497,12248100,JPM
2022-10-04,102.35260009765625,102.55227818255409,99.71142186684585,100.39213883375518,16013600,JPM
2022-10-05,101.0888671875,101.60168102153392,99.66031037179722,100.5027922381571,10943500,JPM
2022-10-06,99.0284423828125,100.90571823117006,98.84529658683022,100.23722280136262,11521400,JPM
2022-10-07,97.05045318603516,98.63468477736758,96.40026946115013,98.46069135916748,11681100,JPM
2022-10-10,96.14384460449219,98.26836784175403,95.71344432592626,97.73724227236144,8931700,JPM
2022-10-11,93.36914825439453,95.73176668930427,93.26841597322337,95.57609206806305,12739700,JPM
2022-10-12,94.88014221191406,95.9057769889379,92.74645913323253,93.22264945300141,13181000,JPM
2022-10-13,100.15481567382812,100.64015835202872,93.18601079802045,93.38747537838252,22398700,JPM
2022-10-14,101.82145690917969,105.53021152133871,101.39105662147124,102.52657587932734,33387100,JPM
2022-10-17,106.09797668457031,107.1510824539226,104.68773173058194,105.68589515970226,22276300,JPM
2022-10-18,108.82689666748047,110.0173653829019,107.10530231257025,109.57781264769982,21539700,JPM
2022-10-19,106.69320678710938,108.81773002672348,105.92397912132705,108.04850236094116,17072000,JPM
2022-10-20,106.34522247314453,108.70784087660407,105.90566978530704,107.28844354669732,12207400,JPM
2022-10-21,111.93126678466797,112.07778202749257,106.52838184082461,106.64742591227989,20593300,JPM
2022-10-24,112.06861114501953,112.72794713650374,111.10708531290815,111.78473308790528,12624200,JPM
2022-10-25,112.36166381835938,112.88363705127985,110.7041712164928,111.58328366211862,11289100,JPM
2022-10-26,113.65286254882812,114.65101904999469,112.52649560198506,112.63638727546582,11667000,JPM
2022-10-27,114.10157775878906,115.56676517888995,113.74443854346963,114.6510221680063,10727600,JPM
2022-10-28,115.45686340332031,115.64000918376867,113.59790648417108,114.73342569339101,11859500,JPM
2022-10-31,115.27371978759766,116.69312415172827,115.00815349427032,115.10888577748291,13295200,JPM
2022-11-01,117.35246276855469,117.47151383290596,115.68581773328512,116.18031980392584,13386900,JPM
2022-11-02,116.27188873291016,119.37625691475094,115.96969186898045,116.89459424650867,16546100,JPM
2022-11-03,116.48249816894531,117.37992232993088,115.30119593470816,115.66748751829829,12474400,JPM
2022-11-04,119.66928100585938,119.80665083109656,117.6363445290073,118.57955864183005,14953200,JPM
2022-11-07,120.30115509033203,121.14363698512378,119.4861443680671,119.96233464708139,12011200,JPM
2022-11-08,120.37442779541016,120.93303164577641,119.17480656916398,120.18212956921158,9884100,JPM
2022-11-09,118.80850982666016,120.35610386313091,118.33231952221442,120.25538554057319,9494000,JPM
2022-11-10,123.69856262207031,123.85423725089672,121.36341524341654,121.45499513008096,16351600,JPM
2022-11-11,123.9000015258789,124.69669327691902,122.50806858109391,123.7992692606683,10704700,JPM
2022-11-14,122.62712097167969,124.29376559173427,122.62712097167969,123.44213149990374,11085600,JPM
2022-11-15,121.73886108398438,124.2754727820005,120.51176897449375,123.33224475737065,14038300,JPM
2022-11-16,121.90370178222656,122.3066309316261,120.9055452813871,121.79381709534634,7893400,JPM
2022-11-17,121.37258911132812,121.6931047982178,120.21875779016169,120.8780939660086,8820200,JPM
2022-11-18,122.56304168701172,123.3231100656975,121.13448482032692,123.23154414814023,9468500,JPM
2022-11-21,121.83959197998047,123.22235868712089,121.56486632360674,122.47145679770185,7800500,JPM
2022-11-22,123.66192626953125,123.87255721626288,122.42568162642476,122.70955971543894,9185700,JPM
2022-11-23,124.9806137084961,124.99893248287495,123.49711436581545,123.57037549020015,7316200,JPM
2022-11-25,125.21871948242188,125.58501114182262,124.59600689368325,124.98061732799337,3220500,JPM
2022-11-28,123.03006744384766,125.19122130367973,122.88354522243881,124.60514639117245,9906900,JPM
2022-11-29,125.0538558959961,125.12711700928688,123.0850141288976,123.31394986800805,7925300,JPM
2022-11-30,126.53736114501953,126.53736114501953,121.96781251377331,124.6234616268747,14761200,JPM
2022-12-01,124.76081848144531,126.97691463608298,124.01905499052846,126.53734798077052,8858500,JPM
2022-12-02,123.77183532714844,123.94582874422677,122.10517625106144,123.15828915380338,8931900,JPM
2022-12-05,120.30115509033203,123.23154390906964,119.59604303130392,122.92934703814497,10154500,JPM
2022-12-06,120.50260925292969,123.72602829098362,118.92753028962653,122.15094932768046,13966700,JPM
2022-12-07,120.42020416259766,121.86707977531921,119.34878653237514,120.24621075738449,11739400,JPM
2022-12-08,121.68396759033203,121.77553353149652,120.35612869868251,121.18030600796149,8907300,JPM
2022-12-09,121.02460479736328,122.4897852929503,120.87808255586556,121.06122837117269,7957800,JPM
2022-12-12,122.90187072753906,123.30478589879809,120.51178100571893,121.24436420664723,8841600,JPM
2022-12-13,122.7828140258789,125.53919522146862,121.86707109368093,125.35604942965468,10025400,JPM
2022-12-14,122.16926574707031,124.27547724797802,121.57402446793989,122.50808615450605,9966100,JPM
2022-12-15,119.13816833496094,120.95133553882994,118.17663540287936,120.09968729391343,12087800,JPM
2022-12-16,118.39639282226562,118.9549965474988,117.6088533731357,118.26818937580855,21133700,JPM
2022-12-19,119.1015396118164,120.26453720525814,118.21326772976415,118.72608160535512,9017200,JPM
2022-12-20,119.67845916748047,120.92387025075503,119.22974005117493,119.93486609876084,8549900,JPM
2022-12-21,121.02460479736328,121.7755068320615,120.66746556691888,121.04290959770297,8051700,JPM
2022-12-22,119.6509780883789,120.23705302180252,117.59055643559027,120.05390722506925,8648200,JPM
2022-12-23,120.21873474121094,120.36525696844745,118.71691684485835,119.57771746346202,5091900,JPM
2022-12-27,120.63998413085938,121.07953684483128,119.5502477587565,120.48430950243451,5411000,JPM
2022-12-28,121.29930877685547,122.16926172356504,119.97147041421042,120.74070505770467,8827700,JPM
2022-12-29,121.99527740478516,122.04106734709401,121.16194796340132,121.729704123271,6585200,JPM
2022-12-30,122.8011474609375,123.01176444801733,121.28101065841543,121.61983111238689,9292500,JPM
2023-01-03,123.7352066040039,125.21871996853771,122.60884647249937,123.84510528075567,11054800,JPM
2023-01-04,124.88904571533203,126.07950054076596,124.14729605627133,124.53190647307575,11687600,JPM
2023-01-05,124.86134338378906,125.19344650754586,123.3391982014281,125.14731833662435,8381300,JPM
2023-01-06,127.25066375732422,127.65656923603096,124.06801627396604,125.58092773692631,10029100,JPM
2023-01-09,126.72481536865234,128.1178103133668,126.27279582879109,127.85950941163367,8482300,JPM
2023-01-10,127.85950469970703,127.97020106027225,126.66946251825927,127.11226203686306,9048700,JPM
2023-01-11,128.80966186523438,128.92035820506027,127.39822722709299,128.13622159438606,8703700,JPM
2023-01-12,128.68052673339844,129.94435701771593,128.4314458628536,129.1510003099014,11001700,JPM
2023-01-13,131.92774963378906,132.37056322485412,124.35397340286053,125.09198197829284,20200000,JPM
2023-01-17,129.88902282714844,130.5716691791465,128.44067969679156,130.23034600314747,14292900,JPM
2023-01-18,125.98680877685547,129.8244278394277,125.8392042538952,128.15469214292324,13392600,JPM
2023-01-19,124.307861328125,125.36873911522979,123.23774945896278,124.83369725699328,13303400,JPM
2023-01-20,124.61227416992188,124.99050549995506,123.20083928110803,124.6860764350266,13092500,JPM
2023-01-23,126.63257598876953,127.26910825273292,124.37243600869981,124.64917692664585,10487100,JPM
2023-01-24,127.72113800048828,129.41854812235326,124.53849050290523,125.848449232367,6945000,JPM
2023-01-25,128.33921813964844,128.33921813964844,126.61413389807234,127.35214259398586,8967000,JPM
2023-01-26,129.132568359375,129.20637063279165,127.63811103263491,128.61596652180285,7487600,JPM
2023-01-27,129.4462127685547,130.31335768367455,128.92037692534547,129.7137336540936,7489900,JPM
2023-01-30,128.34844970703125,129.23404886369812,128.14549696772326,128.44069199449729,6729300,JPM
2023-01-31,129.11412048339844,129.21559684362194,127.53662689744111,129.0403182144774,9188700,JPM
2023-02-01,128.7727813720703,129.962823586279,127.4166946124427,127.49973096149544,8841800,JPM
2023-02-02,128.17315673828125,129.5753716687089,127.30599769020552,129.15101214948385,11822100,JPM
2023-02-03,130.1565399169922,131.30045393398444,127.42592643640081,127.47204053619367,11501200,JPM
2023-02-06,130.92222595214844,131.21743502591008,129.17868782973096,129.36318646266028,8406200,JPM
2023-02-07,132.5181427001953,133.15467486781688,130.23954897835594,130.42406166418485,10447900,JPM
2023-02-08,131.58642578125,132.8779302241988,131.25432262787135,131.5956457857201,6958000,JPM
2023-02-09,129.5384521484375,132.232171333837,129.03107040131695,132.02921863498875,6443100,JPM
2023-02-10,130.1103973388672,130.33180411400602,127.85025772181471,128.94804344115659,6582900,JPM
2023-02-13,131.52186584472656,131.6694563072167,129.83367588221756,130.3502776917921,7134600,JPM
2023-02-14,132.10301208496094,132.66574197126275,130.6270091910982,131.45725993912467,9249400,JPM
2023-02-15,132.65650939941406,132.73953165108261,130.35024189968968,130.63621681744115,6728300,JPM
2023-02-16,130.8300018310547,132.2783310807164,130.70083728610035,131.83553148496355,8165300,JPM
2023-02-17,131.21739196777344,131.7616676830346,129.2155536008765,130.05502421668962,7948800,JPM
2023-02-21,128.80966186523438,130.38714101311461,127.99785116960368,129.78751707060394,9996300,JPM
2023-02-22,127.82260131835938,128.625178115217,126.78939771078694,128.15470448884244,11107500,JPM
2023-02-23,128.84658813476562,129.30784176770013,127.25065450618847,127.97942905263373,8068000,JPM
2023-02-24,130.00894165039062,130.40562709266814,128.16392712676847,128.3299857535932,9126900,JPM
2023-02-27,131.14361572265625,132.20449328145548,130.7377103371305,131.09748755132986,10014700,JPM
2023-02-28,132.2414093017578,132.61962654587361,130.90376263556865,131.8631779812996,11019800,JPM
2023-03-01,131.50338745117188,132.3428722747317,130.81150713916256,131.08826207923448,7139200,JPM
2023-03-02,130.13812255859375,131.39271907926147,128.7266733201516,131.21745450158852,11106800,JPM
2023-03-03,132.5273895263672,132.6011917925285,130.14731922895072,130.54399057368198,9513100,JPM
2023-03-06,131.75245666503906,132.87790225624497,131.60485216652887,132.32440650134137,9261300,JPM
2023-03-07,127.8779525756836,131.28200663590334,127.13072394321463,131.00525164112202,11747600,JPM
2023-03-08,127.12151336669922,127.85028796654457,126.28202831492362,127.30601201812318,10002500,JPM
2023-03-09,120.23958587646484,126.70637040071524,119.20638230996192,126.16208045104264,25888100,JPM
2023-03-10,123.29307556152344,124.77831264323943,117.91486420009788,118.96652883128668,37599700,JPM
2023-03-13,121.07906341552734,123.50526172401649,119.38165363815746,121.04216932312453,42901100,JPM
2023-03-14,124.18791961669922,125.02740457985469,121.11596883139065,124.79677777083461,29648100,JPM
2023-03-15,118.32076263427734,120.83921730242474,116.90933485138834,120.82998322201568,34280600,JPM
2023-03-16,120.6178207397461,121.72482660430684,116.25435842995631,118.09014585331869,24558500,JPM
2023-03-17,116.06063079833984,118.52372338026191,115.72852763693783,118.43148110430431,38396000,JPM
2023-03-20,117.2875747680664,119.43701841508131,116.24514407761322,117.14919726872469,22875500,JPM
2023-03-21,120.43331146240234,121.52186314469817,120.1012083247568,120.47020555487761,17807800,JPM
2023-03-22,117.32445526123047,120.5347831207978,117.2322059572907,120.4425267786873,17250200,JPM
2023-03-23,117.01081848144531,119.49236528429715,116.2543628032985,117.98868097137063,16677600,JPM
2023-03-24,115.23037719726562,115.94070464118424,113.56986142967864,115.89457646612907,22311100,JPM
2023-03-27,118.53295135498047,119.35398217332511,116.50343135783469,116.96468494288993,18853900,JPM
2023-03-28,118.89273071289062,119.31707613597284,117.84106604505389,118.73590618033046,10820500,JPM
2023-03-29,119.13258361816406,120.12889311989855,117.86874617402837,120.0181967562647,14595300,JPM
2023-03-30,118.77279663085938,120.03662693329807,117.75804016436587,119.87980240554847,12134700,JPM
2023-03-31,120.21190643310547,120.23958052195135,118.86505385479836,119.61228240632168,13105200,JPM
2023-04-03,120.07353973388672,121.25434781594711,119.38165933847588,119.84291293541644,11775400,JPM
2023-04-04,118.46837615966797,120.47021514899892,117.53664892978881,120.38719287706124,11579900,JPM
2023-04-05,118.64501953125,119.14707668722164,117.57580902387382,117.89192670388562,9614700,JPM
2023-04-06,118.51487731933594,119.08202368168172,117.94773095699014,118.07789499817689,8760200,JPM
2023-04-10,118.90534973144531,119.22146032380778,117.35267385939126,117.65019263184118,9477300,JPM
2023-04-11,119.49110412597656,119.88159621491059,118.5799488250562,119.28655862413275,10516300,JPM
2023-04-12,119.47249603271484,121.26690103116188,119.06340506045575,120.10471721761407,11821000,JPM
2023-04-13,119.92808532714844,119.97456133339055,117.9198281563234,119.43532049173513,12450200,JPM
2023-04-14,128.98382568359375,129.34642652580754,125.42289218861391,125.65532898969498,43931300,JPM
2023-04-17,130.00653076171875,130.22036860936103,127.98898138025827,130.11809586712968,16050500,JPM
2023-04-18,131.46624755859375,131.8195560320996,129.26275124856613,130.41564287639508,13760100,JPM
2023-04-19,131.2989044189453,131.55923250733605,130.53650488378904,131.30819678395326,9158100,JPM
2023-04-20,130.9176788330078,131.49411745979074,130.01582306650377,130.0809121691736,10586200,JPM
2023-04-21,130.66661071777344,131.1965732102885,129.03026143588656,129.92282461761334,11842500,JPM
2023-04-24,130.8433074951172,131.18732357463173,130.20177971600683,130.59228598862495,7567500,JPM
2023-04-25,127.99827575683594,130.1274044640123,127.96109211671873,129.79269495570054,10629300,JPM
2023-04-26,125.72969055175781,128.12843966134915,124.58610564390162,127.95178545062049,14416100,JPM
2023-04-27,127.42182922363281,128.22141221133293,126.12948146073748,126.44559203599226,9041100,JPM
2023-04-28,128.5282440185547,128.60262548886095,126.13878716546598,126.96626151575278,9887300,JPM
2023-05-01,131.28030395507812,133.29785370973943,130.9363020252192,132.26583373334603,20415800,JPM
2023-05-02,129.1604766845703,132.40529945357613,128.7048954586178,131.46624572118586,14113400,JPM
2023-05-03,126.427001953125,128.92802382839415,126.22245646383661,128.71418597570693,12930900,JPM
2023-05-04,124.6976547241211,126.18525549892242,122.54994156827584,125.47865293363861,17089200,JPM
2023-05-05,127.13361358642578,128.1935246297932,126.36192185155446,126.85468664094724,11261400,JPM
2023-05-08,127.44044494628906,128.27721168217766,126.89188336179542,127.83093703549143,7484900,JPM
2023-05-09,126.8267822265625,127.32883932696265,125.7110887470415,126.38049348530426,7343600,JPM
2023-05-10,126.89188385009766,128.36088601235872,125.39499040898734,128.25861326097296,8133400,JPM
2023-05-11,126.49205780029297,127.19866027681056,125.422840444345,125.51582080114417,7057300,JPM
2023-05-12,124.67910766601562,127.36607655980191,123.77725172919445,127.20802123508703,9988600,JPM
2023-05-15,125.72969055175781,126.13878152674747,124.54892200381812,124.8371413216115,7639500,JPM
2023-05-16,124.88363647460938,126.38982222709488,124.54892695329985,125.9435475942871,6477200,JPM
2023-05-17,128.72348022460938,128.85364424817092,125.94354553851306,126.35262233626756,12711500,JPM
2023-05-18,129.69970703125,129.91354486981814,128.08194213737082,128.55612218887362,10999600,JPM
2023-05-19,129.4021759033203,130.62015634556295,128.4259529385829,129.96932211998757,13492200,JPM
2023-05-22,128.33297729492188,131.689364532914,127.9889754446489,131.09432702029443,11402500,JPM
2023-05-23,126.99414825439453,129.26273336379373,126.87329078292987,127.87740512913554,9514900,JPM
2023-05-24,125.83197021484375,126.77102387365669,125.59024107397305,125.88775277144353,8578000,JPM
2023-05-25,126.1387939453125,126.69664790918623,125.12537295819699,125.34851738110962,8472500,JPM
2023-05-26,127.3195571899414,127.9331936183434,126.10159088275205,126.5478654730383,8579900,JPM
2023-05-30,127.80303192138672,128.04476103992013,126.46419393944916,127.18939548186306,7399900,JPM
2023-05-31,126.17601776123047,127.22662260845739,124.95803682882924,127.12434983357846,14219900,JPM
2023-06-01,127.91459655761719,128.5189264451528,125.93423086765819,126.92906698751237,12248100,JPM
2023-06-02,130.6015625,131.54060186472486,129.55094384800705,129.7554893233829,12922500,JPM
2023-06-05,129.3185272216797,130.26687328356348,128.42597790551955,130.26687328356348,8511900,JPM
2023-06-06,129.5509490966797,130.25756592635653,128.50034458893558,128.93731264569107,9329500,JPM
2023-06-07,130.80615234375,131.34540749021423,129.07682176606065,129.74624096947704,9281400,JPM
2023-06-08,130.8433074951172,130.99207043832266,129.6811236016028,130.7875249381189,7368100,JPM
2023-06-09,131.10362243652344,131.83813052835976,130.35983616853576,130.49000018411496,7249100,JPM
2023-06-12,131.09437561035156,131.39190157034585,129.94148379560156,131.1594647341573,7596600,JPM
2023-06-13,132.04269409179688,132.83297065646826,130.29476491165087,130.61087553751943,7701600,JPM
2023-06-14,131.54994201660156,133.52100162444762,130.81543375282095,132.9538552409123,9068700,JPM
2023-06-15,133.03750610351562,133.32572542805949,130.1924823122168,130.71313840646567,9343100,JPM
2023-06-16,133.19557189941406,133.85569861958822,132.48896917108857,133.0003329420945,13813500,JPM
2023-06-20,132.51686096191406,132.95384326002164,131.13153259272033,132.5912424367851,8428600,JPM
2023-06-21,132.32159423828125,133.90216123389115,131.7358491133408,132.8608349910178,9926500,JPM
2023-06-22,129.7740936279297,132.58193366281853,129.18834845257769,132.31229907643169,10075200,JPM
2023-06-23,129.09539794921875,129.40220202550213,127.95179873580885,128.80716441468397,9919500,JPM
2023-06-26,129.4114990234375,130.1738842559491,128.01687839601942,129.11397314658396,8429700,JPM
2023-06-27,129.42076110839844,130.0157985360789,128.80712477106226,129.2348145722754,8154000,JPM
2023-06-28,128.8536376953125,129.43009050189633,128.26790671248017,129.3836003129569,7558600,JPM
2023-06-29,133.3536376953125,133.47450937436494,130.02515511363134,130.22970063811232,15423200,JPM
2023-06-30,135.22242736816406,135.74308350074216,133.56747858097697,134.44144316929692,14212800,JPM
2023-07-03,136.31021118164062,137.11908654933129,135.7430649319183,135.91971913562398,8021600,JPM
2023-07-05,135.40216064453125,136.14169879641477,135.14004477164264,135.68300316098157,8934900,JPM
2023-07-06,134.06350708007812,134.2320040302401,132.40654898226205,133.8856396654107,9709500,JPM
2023-07-07,135.121337890625,136.52553639400776,133.86692398915542,134.71880784275996,8981500,JPM
2023-07-10,135.87957763671875,136.6659395090326,135.2710974449543,135.2710974449543,9100100,JPM
2023-07-11,138.0045928955078,138.37905430721347,136.40381499872336,136.99356851026602,11260900,JPM
2023-07-12,138.68798828125,140.29813690742736,137.61144189846328,138.03269855763006,11323200,JPM
2023-07-13,139.36199951171875,139.83006562336877,138.31353599258082,139.20285874786703,11234900,JPM
2023-07-14,140.20452880859375,143.12525681027427,138.93138839786866,141.870843043834,27028400,JPM
2023-07-17,143.58396911621094,143.93033347784979,140.74748954065532,140.74748954065532,17262400,JPM
2023-07-18,143.8461151123047,144.53884398057906,143.05976728571068,143.5839991701067,13491700,JPM
2023-07-19,144.39840698242188,145.2971002736689,142.49805956001194,142.99420853526703,12510000,JPM
2023-07-20,146.1770477294922,146.58894821231368,144.5481867273733,144.6605180284174,9935900,JPM
2023-07-21,145.05369567871094,146.1676953908266,144.8103064253035,145.84941384000646,10636400,JPM
2023-07-24,147.9088897705078,148.64842793429298,144.84773343199822,145.07241030562304,14381400,JPM
2023-07-25,146.80426025390625,147.6467735305015,145.99918598070113,147.25359971580744,9944700,JPM
2023-07-26,147.68423461914062,148.14294461366953,146.29876273861433,146.70130707753685,8728600,JPM
2023-07-27,146.0553741455078,148.6390943050811,145.6153907955602,147.69360576809055,10778400,JPM
2023-07-28,146.8885040283203,147.5344375190384,146.44852076027303,147.2348683645196,9103800,JPM
2023-07-31,147.87147521972656,149.2007814689445,147.1131960024418,147.14127883075832,8892700,JPM
2023-08-01,147.14125061035156,147.9088858617673,146.17703559842258,147.3752836576012,6853900,JPM
2023-08-02,145.4749298095703,145.74641613115145,144.1081848752588,145.62471438118453,8299400,JPM
2023-08-03,146.3643035888672,146.89789161861475,144.4920388255136,145.10051915990488,6084000,JPM
2023-08-04,146.0553741455078,147.7216885960237,145.75580493522597,146.41109472740982,6209400,JPM
2023-08-07,146.74807739257812,147.6280439392386,146.5983070977639,146.5983070977639,7251800,JPM
2023-08-08,145.92430114746094,146.01790580284208,142.84441801525406,144.46393710846394,8623400,JPM
2023-08-09,143.9677734375,145.58729252584976,143.66821854323672,145.40006893140463,6277800,JPM
2023-08-10,143.7524871826172,145.51242064260987,143.31250381761902,144.52012259703838,5995100,JPM
2023-08-11,144.58560180664062,144.65113791090116,142.88184879101806,143.2562959220307,5180700,JPM
2023-08-14,144.8851776123047,145.02559172184132,143.15332741205629,143.799260884411,5044300,JPM
2023-08-15,141.1968231201172,143.48098800077395,140.63513807973655,143.0878141862051,10300300,JPM
2023-08-16,140.59768676757812,141.31851250663752,140.12025023977912,140.98150436876168,6978200,JPM
2023-08-17,139.13731384277344,141.5993314684171,138.92199318247168,141.24361099584877,9953900,JPM
2023-08-18,139.45562744140625,139.95177640901298,138.0233461901272,138.21992597052116,8517500,JPM
2023-08-21,139.9330291748047,140.5134408185697,138.56628424091537,140.09216992550452,8327000,JPM
2023-08-22,137.0310516357422,140.0828378134794,136.53490265589448,139.7271029659488,9673300,JPM
2023-08-23,137.9578094482422,138.16375969245578,136.16980765056223,137.00296480788273,7858000,JPM
2023-08-24,137.82675170898438,139.86752750903037,137.60208910349877,138.0795114244007,6534000,JPM
2023-08-25,137.65823364257812,139.12795367028764,136.53487793470126,137.8735400345625,6695500,JPM
2023-08-28,138.13568115234375,139.11862293308627,137.73315111613948,138.14505161734553,5094100,JPM
2023-08-29,139.25901794433594,139.34328069655484,137.77992738593437,138.27609058280225,6337000,JPM
2023-08-30,138.69735717773438,139.62411896057506,137.78930775518225,139.127970012283,6277300,JPM
2023-08-31,136.98422241210938,138.87521339871287,136.637858079505,138.79095064722685,10933900,JPM
2023-09-01,137.4429168701172,138.62243813166728,136.39443924227538,136.75953017686766,7903500,JPM
2023-09-05,135.9263916015625,138.74415864513009,135.74852419936798,137.76121698537963,7854700,JPM
2023-09-06,135.70175170898438,136.24469590171947,134.90603349797408,135.45834815612446,8629200,JPM
2023-09-07,134.54092407226562,135.9919318730385,134.2319987249338,134.92474171145767,8373700,JPM
2023-09-08,134.64390563964844,134.91537771193597,133.53926213708527,134.21327851187928,7107900,JPM
2023-09-11,135.23367309570312,135.78598770305322,134.5128472530841,135.5051451671015,6854200,JPM
2023-09-12,136.9936065673828,137.91102656774117,134.84986974127222,135.27112644775508,8363200,JPM
2023-09-13,137.0591278076172,138.26673213964824,136.50681320165899,137.92972395420438,8325900,JPM
2023-09-14,139.71774291992188,140.3262231887897,138.09823807360453,138.39779297567569,10034900,JPM
2023-09-15,139.30584716796875,140.16708718154675,138.83778101161687,139.40882229373597,19863400,JPM
2023-09-18,139.59600830078125,139.61473494158025,138.3135119487619,138.69732952181235,6512400,JPM
2023-09-19,139.41819763183594,140.1577502596705,137.80806297424448,139.95179997983664,7943400,JPM
2023-09-20,138.8284149169922,140.65386993955852,138.67863032943688,140.09218487834835,7332000,JPM
2023-09-21,137.74252319335938,139.34331591065376,137.26510080327012,138.15442374210164,8052400,JPM
2023-09-22,136.4225311279297,138.08884517442365,135.91702606345376,137.88289496335204,7071700,JPM
2023-09-25,137.09654235839844,137.16207846143809,134.52217909897934,136.0668056251761,7044700,JPM
2023-09-26,135.6736602783203,136.5255441805106,135.01837046288418,135.36474916009422,7468400,JPM
2023-09-27,136.46934509277344,136.7595437767897,135.28045325041472,135.91703054679127,6717800,JPM
2023-09-28,138.16375732421875,139.36200547860716,136.68466663396703,136.9374263446685,8868100,JPM
2023-09-29,135.75790405273438,139.25902955568586,135.60811946323787,139.109259250434,11917800,JPM
2023-10-02,134.58770751953125,136.3195432246482,133.52051756427687,135.5800051974048,9170600,JPM
2023-10-03,133.595458984375,134.41924577010903,133.25845075431442,134.05415471123064,9431100,JPM
2023-10-04,134.19454956054688,134.30688084770995,132.86522933598312,134.04476498816743,8128700,JPM
2023-10-05,134.76036071777344,134.94898016017183,132.80827611780975,133.94934604024704,8576200,JPM
2023-10-06,136.83509826660156,137.57066825366812,134.04369376953446,134.76983853766583,10270600,JPM
2023-10-09,136.5238800048828,137.11798531189535,135.32621539355333,135.47710521963256,6964900,JPM
2023-10-10,137.35374450683594,138.40995889388373,137.004824376904,137.13684937657925,11288800,JPM
2023-10-11,137.8252410888672,138.8437256523832,136.75961605388252,138.16473594337253,8698200,JPM
2023-10-12,137.50460815429688,138.58911237840664,136.86334810356874,137.96670276001075,10484400,JPM
2023-10-13,139.5699005126953,144.3888348154425,139.41901068024754,140.04142044685983,29427000,JPM
2023-10-16,139.4283905029297,141.0032646809927,138.36275130396552,140.9372450114879,12663500,JPM
2023-10-17,139.1266632080078,140.80527293299247,138.428808562367,139.164392858932,11482700,JPM
2023-10-18,137.59893798828125,139.07950296279404,137.0896884480104,138.24019813274663,9620300,JPM
2023-10-19,137.01425170898438,138.64572098900047,136.62761631159904,137.1934315805182,11143600,JPM
2023-10-20,134.80755615234375,136.87281591727077,134.02483127766632,136.33529063565342,13332900,JPM
2023-10-23,132.9686279296875,135.49596799323533,132.71400312369968,134.79812766595725,10133400,JPM
2023-10-24,133.12893676757812,133.6570367926189,132.36507677495513,133.1478015940857,8881400,JPM
2023-10-25,132.40277099609375,133.1383408268775,131.56346622047414,132.56310041145807,8242600,JPM
2023-10-26,132.74227905273438,133.6004487370822,131.48803437322115,131.7992392386323,9109400,JPM
2023-10-27,127.96107482910156,131.17684405250557,127.48955492149321,131.03537944643568,17434700,JPM
2023-10-30,129.592529296875,130.17720937589277,128.29112975104002,128.6683543097979,9855500,JPM
2023-10-31,131.1391143798828,131.30886902920932,129.63968452745254,129.86601926333935,9672500,JPM
2023-11-01,131.02597045898438,132.5254004974012,130.58274053975717,131.31831053557096,9432000,JPM
2023-11-02,133.36465454101562,133.42123461299101,131.2993955760621,132.1104101835406,10186200,JPM
2023-11-03,134.8546905517578,135.58083522229103,133.77020054443747,134.0908306209058,9538700,JPM
2023-11-06,135.87315368652344,135.97688862298904,134.65662448709557,135.01498415663912,7625100,JPM
2023-11-07,135.80714416503906,136.0429040937685,134.68493899158793,135.33562430758016,6297900,JPM
2023-11-08,136.47671508789062,136.58987525429612,135.4393655970245,135.90146025925483,7618200,JPM
2023-11-09,136.0712127685547,137.35374753206762,135.51482271407195,137.15571722301596,7992500,JPM
2023-11-10,138.0893096923828,138.136464559863,135.87317481726728,136.68418961313236,7983300,JPM
2023-11-13,137.47633361816406,137.91956345188186,136.89165357778936,137.40088871139884,6676300,JPM
2023-11-14,139.98484802246094,140.74870805529184,138.17421310287918,138.32508855394224,9927700,JPM
2023-11-15,141.21078491210938,141.60685990157586,140.00369511859856,140.00369511859856,8365300,JPM
2023-11-16,142.8233642578125,142.8988091629842,141.5408296491821,141.5408296491821,8126200,JPM
2023-11-17,144.11532592773438,144.1530411822149,142.90822193971096,143.53063156096295,7812400,JPM
2023-11-20,144.55859375,144.9923984768883,143.26663356825924,143.4175234201898,7019000,JPM
2023-11-21,144.25677490234375,144.87918451834597,143.87956480214766,144.47366999047435,7083500,JPM
2023-11-22,144.5963134765625,145.11498831341973,144.19079882605695,144.67175839734603,5174500,JPM
2023-11-24,144.79432678222656,145.6430712490366,144.54914161073685,144.84148165087916,3496900,JPM
2023-11-27,144.46426391601562,144.78489398263042,144.01160885787445,144.69058425026378,6259100,JPM
2023-11-28,144.79432678222656,145.10553164775902,144.02104161697716,144.492561524212,6582700,JPM
2023-11-29,145.52992248535156,146.76530243681577,145.22814281403222,145.3884578683031,9126100,JPM
2023-11-30,147.1896209716797,147.2367758291202,145.58645654619724,146.08626637785397,9869800,JPM
2023-12-01,147.9063720703125,148.86827678185622,146.94448174841548,146.94448174841548,8916000,JPM
2023-12-04,148.99087524414062,149.04745533437793,147.0010605294652,147.13308553656773,9607500,JPM
2023-12-05,148.9720001220703,149.47181007082003,148.02896031089793,148.3024355246939,9135600,JPM
2023-12-06,147.4065399169922,150.1507890224694,147.11419989902313,149.79242931546503,9366000,JPM
2023-12-07,147.8592071533203,148.34959188917585,147.25566224366952,147.7649118050395,8130900,JPM
2023-12-08,149.4906768798828,149.73586205376884,148.038387493204,148.30243749266455,7369400,JPM
2023-12-11,150.03762817382812,150.2262332436277,149.1417289104025,149.49066339865834,8093900,JPM
2023-12-12,151.37677001953125,151.49935542257748,149.83018514642347,150.16024048034427,10223000,JPM
2023-12-13,151.88597106933594,152.80072072522947,150.66945619346848,151.37673596516078,12379100,JPM
2023-12-14,154.64907836914062,155.4506534429621,152.49894910461222,152.61210925864745,13643000,JPM
2023-12-15,155.81842041015625,155.86557526546133,153.14019154867,153.790891138812,20309300,JPM
2023-12-18,156.76148986816406,157.61023425667324,156.19567466546889,156.46914985499157,8469600,JPM
2023-12-19,158.85507202148438,158.87393684903017,156.12026200288022,156.54462708995365,10345700,JPM
2023-12-20,157.0632781982422,159.76037254396365,156.9689684644074,158.42125778345093,10734700,JPM
2023-12-21,157.9591522216797,158.51554219987133,156.24281303379408,157.33674255642595,7601700,JPM
2023-12-22,157.86483764648438,158.64756231245275,157.7045226266562,157.95914737092147,6576300,JPM
2023-12-26,158.7984619140625,159.15682162146308,157.65737749239696,157.92144185918576,4683600,JPM
2023-12-27,159.7509307861328,159.8169504768574,158.03460589267718,158.27979105184372,6428600,JPM
2023-12-28,160.59967041015625,160.93916529174086,159.373715871676,159.70378553614376,6320100,JPM
2023-12-29,160.41107177734375,160.96746179209865,159.96784193110983,160.3167620438129,6435100,JPM
2024-01-02,162.27830505371094,162.36317518980186,159.28887034656313,159.458610618745,9977400,JPM
2024-01-03,161.57098388671875,162.2405339755657,160.6656594972967,162.07079374672327,9852300,JPM
2024-01-04,162.6432342529297,164.4840152154625,161.81772058185265,161.9126118704199,11972500,JPM
2024-01-05,163.459228515625,164.51245797473024,162.70014174249383,162.70014174249383,10066000,JPM
2024-01-08,163.22201538085938,163.54462255510825,160.8214137681895,163.22201538085938,11229900,JPM
2024-01-09,161.9315643310547,163.0037604143166,161.40020795733633,162.84245683503605,9923600,JPM
2024-01-10,162.27316284179688,162.33009181707794,160.309026324343,161.3053268268902,9670200,JPM
2024-01-11,161.58998107910156,161.64691005258496,160.0148785803073,161.61844556584327,11919500,JPM
2024-01-12,160.4039306640625,167.29261232317756,160.26159373589286,164.91099163359718,19436500,JPM
2024-01-16,159.3981475830078,159.49302439057672,155.8968705158976,156.43771030633505,17206400,JPM
2024-01-17,158.544189453125,160.42293290764556,157.97488510073214,158.78140321955019,11107500,JPM
2024-01-18,158.85728454589844,158.9616591633274,156.788787827513,158.57262518214884,9382300,JPM
2024-01-19,161.59945678710938,161.8461682983927,158.53465987279188,158.9806227818617,13115700,JPM
2024-01-22,161.40972900390625,163.18408326891642,161.0301927849708,161.7418340542588,12837500,JPM
2024-01-23,160.34698486328125,161.06810933054288,159.8251118048267,160.99219920582442,8360800,JPM
2024-01-24,161.77975463867188,162.26366540807356,160.22363323770475,160.69806067066273,9967100,JPM
2024-01-25,164.094970703125,164.142416344373,162.1687963911467,163.49718747582935,8873500,JPM
2024-01-26,163.46871948242188,164.20882513921873,162.9942920368661,163.78184333389387,7443000,JPM
2024-01-29,163.89569091796875,164.00006552852224,162.5388354591491,163.4307613169015,6971200,JPM
2024-01-30,167.254638671875,167.71956825499603,163.9905758624225,163.9905758624225,10822100,JPM
2024-01-31,165.44235229492188,169.1808431739778,165.42337114167398,167.18824195590526,11521800,JPM
2024-02-01,164.8445587158203,165.8977882402984,162.66218953700178,164.75916524911648,9354800,JPM
2024-02-02,165.79339599609375,166.82765873693674,164.398578274706,164.4365405747899,8607600,JPM
2024-02-05,165.57518005371094,166.13500096991308,164.07598757427212,164.9679134968324,7820200,JPM
2024-02-06,166.14447021484375,166.8750779377934,164.8729938638922,165.67952618156954,6764800,JPM
2024-02-07,166.45761108398438,166.87510956386498,165.062807676568,166.7043226284831,7225500,JPM
2024-02-08,165.85986328125,166.3437741376643,164.69277564026325,166.04963139288037,6060300,JPM
2024-02-09,166.05908203125,166.14448997128747,164.78762000748162,166.04959869496852,6296700,JPM
2024-02-12,166.7991943359375,167.76703037532326,164.81609109548293,165.84085611158963,8539300,JPM
2024-02-13,165.34744262695312,167.21668785869483,163.79132123629455,166.35324093999716,8397600,JPM
2024-02-14,167.0269012451172,167.09332802753954,165.49924451152302,166.11600878885736,7056700,JPM
2024-02-15,170.67051696777344,170.99313861983137,167.1407757730594,167.1407757730594,8723400,JPM
2024-02-16,169.8734893798828,170.77489862748652,169.04799026069725,170.42382695213206,8152600,JPM
2024-02-20,170.53768920898438,171.2303637188881,169.28520825442058,170.02531392720303,9668000,JPM
2024-02-21,171.64785766601562,171.73326561657646,169.38959269081207,170.7464483434242,7024000,JPM
2024-02-22,173.70687866210938,174.0389691999663,171.970472406029,172.52081000181218,9296500,JPM
2024-02-23,174.57980346679688,175.72790969059875,173.8207167154575,174.40900207051712,7105800,JPM
2024-02-26,173.9820556640625,175.02580196912146,173.14705862001532,174.3521085397873,7145400,JPM
2024-02-27,174.0674285888672,174.15282205509578,172.91932226723353,173.93458948194154,5717100,JPM
2024-02-28,174.9498748779297,175.7279283839972,173.60250262820136,174.04845112073724,6131600,JPM
2024-02-29,176.54393005371094,176.89500171310078,174.4469689552258,176.16439390725577,9643000,JPM
2024-03-01,175.8133087158203,176.90450047991027,175.63303845622815,176.20234267897524,6311800,JPM
2024-03-04,177.1322021484375,177.99566346704023,174.84547314811167,175.26297156494704,7063600,JPM
2024-03-05,178.90658569335938,179.61822683416162,176.82859124567665,176.82859124567665,6617800,JPM
2024-03-06,179.83648681640625,180.34887662379856,178.03366810951513,179.5708085749355,7572900,JPM
2024-03-07,178.2613525390625,180.75684537868307,177.0847818143066,180.1970245029766,7618300,JPM
2024-03-08,178.59347534179688,180.71891558839314,178.3088159683026,178.80222458380084,6172200,JPM
2024-03-11,178.659912109375,178.80224905479105,176.69578967237024,177.70157371510862,5762600,JPM
2024-03-12,180.13063049316406,180.4342710440802,178.2993472849781,179.2861501186988,5708400,JPM
2024-03-13,181.5918731689453,181.92396372942363,180.1306283720305,180.62403702226987,7795500,JPM
2024-03-14,178.3562774658203,181.82909027874697,177.53077823984108,181.25977148114708,10310900,JPM
2024-03-15,180.56710815429688,181.17437477098684,176.94247512959424,176.94247512959424,17214200,JPM
2024-03-18,182.80636596679688,182.84431378763173,180.1780341639533,180.88019191558524,9013800,JPM
2024-03-19,183.87857055664062,184.01140965328761,182.5406962541158,182.85382008443563,8478700,JPM
2024-03-20,186.28866577148438,186.5068983228866,183.7077795412809,184.2581170660835,9367000,JPM
2024-03-21,188.87905883789062,189.23013052665834,186.2886889495495,186.46897370163362,11203800,JPM
2024-03-22,186.56382751464844,190.22640764871292,186.48791739268526,188.83158992418737,8108800,JPM
2024-03-25,184.8559112548828,186.86747893022638,184.41943164766377,186.54487175179887,8620000,JPM
2024-03-26,185.7193603515625,186.60180291274617,184.13477445009167,184.63766637481814,5961500,JPM
2024-03-27,189.31553649902344,189.3914466295502,186.33613264813874,186.4499906047404,8725800,JPM
2024-03-28,190.05563354492188,190.45415085331146,188.38563970590695,189.28706341600085,8628300,JPM
2024-04-01,188.7652130126953,190.6629229824968,188.414141301363,189.76151364251672,7309000,JPM
2024-04-02,188.6892852783203,189.56223004560812,187.9491796173942,188.24332231873962,7014700,JPM
2024-04-03,188.15789794921875,189.35344971011273,187.5885793135315,188.86004119107542,9353400,JPM
2024-04-04,186.72633361816406,190.5725228336972,186.63090338860295,190.06669747224808,9243800,JPM
2024-04-05,188.44424438476562,189.08368373972885,186.21097596961084,187.21308807266684,6532300,JPM
2024-04-08,189.42726135253906,189.90445619693176,188.60648563767035,188.60648563767035,8001000,JPM
2024-04-09,188.1579132080078,189.80901778367087,186.02008971749524,189.03596449913155,7351500,JPM
2024-04-10,186.55455017089844,188.0815794697576,185.32337934002095,186.63090309212447,7681400,JPM
2024-04-11,186.51637268066406,187.60439092248092,184.42627146372058,187.0603818015725,10137700,JPM
2024-04-12,174.45286560058594,180.3128170621153,174.21426820465587,179.7306533963621,31532300,JPM
2024-04-15,174.54832458496094,178.90989232756837,173.88979338856458,176.0848925222756,14766600,JPM
2024-04-16,172.55364990234375,174.8060100362722,171.45609307815093,174.55785940954902,16451800,JPM
2024-04-17,171.86651611328125,174.0997847395688,171.02664843317345,173.09767254177333,9017100,JPM
2024-04-18,172.98312377929688,174.99688652001322,171.7615061943233,172.83997115716338,9557700,JPM
2024-04-19,177.3256072998047,177.40196022253804,173.1358371435667,174.08067361637623,13402300,JPM
2024-04-22,180.7709503173828,181.45811204263342,177.49738618697634,177.5069394038577,11529700,JPM
2024-04-23,183.3764190673828,183.46231063719642,181.83031255941904,182.41249080398302,9144400,JPM
2024-04-24,184.2735595703125,184.41671219594375,181.49628213042132,181.83986299476692,6964900,JPM
2024-04-25,184.5503387451172,185.094347885253,182.46022289146978,183.48142690000614,9802300,JPM
2024-04-26,184.66485595703125,185.98190375230607,184.25446084078007,184.74120887546937,6413700,JPM
2024-04-29,184.46444702148438,185.39974488523453,183.65320992069704,184.6553220561309,5387800,JPM
2024-04-30,182.9946746826172,186.09644101035263,182.89922989355478,184.0158640239999,8153700,JPM
2024-05-01,183.1092071533203,185.59062618122607,182.08800319125083,183.50051042268325,7445300,JPM
2024-05-02,182.9183349609375,184.67440852887157,180.87594156798932,184.26402794452196,6501700,JPM
2024-05-03,181.8207550048828,183.74862604851333,179.86426800149363,183.2428007323514,8922800,JPM
2024-05-06,183.24281311035156,183.43368812810877,181.16225065998637,182.98512382682264,7911100,JPM
2024-05-07,183.00421142578125,184.13038419824304,182.90876663771533,182.9564890317483,7688800,JPM
2024-05-08,186.72633361816406,187.6807232907595,182.28842746572758,182.28842746572758,9227600,JPM
2024-05-09,188.49195861816406,188.57785019283477,186.20142924996162,186.268228953762,7977300,JPM
2024-05-10,189.70404052734375,190.24803507157247,189.22684568795714,189.48452041598773,7529800,JPM
2024-05-13,189.66586303710938,190.73478941529618,189.00733180699527,189.73267730698475,7049200,JPM
2024-05-14,192.3190460205078,192.38586028369684,189.12184954887874,189.92353333016814,8596200,JPM
2024-05-15,192.89170837402344,193.44525616341704,190.65843990714103,192.79626357615743,8370000,JPM
2024-05-16,193.2352752685547,195.1535932389949,192.77717231019278,192.9966778539951,8497900,JPM
2024-05-17,195.449462890625,195.69761353618276,193.55977533673882,194.51416504960696,9260500,JPM
2024-05-20,186.6595458984375,196.48976306989658,186.4877481736679,195.06771712380632,17373300,JPM
2024-05-21,190.41983032226562,190.78248849278148,187.6330142438508,188.01476428528767,14420800,JPM
2024-05-22,189.26499938964844,191.7750486996597,188.67328249730463,189.92353054420116,9425300,JPM
2024-05-23,187.93838500976562,189.25544722484275,187.12716264476265,188.78779111125615,8069400,JPM
2024-05-24,191.55555725097656,191.6032650842563,188.54922104999036,188.73055741751145,7356200,JPM
2024-05-28,190.4007568359375,191.26925501132146,189.59907293381323,190.7443377315382,6910200,JPM
2024-05-29,189.0741424560547,189.91401004508248,187.90978586684102,188.9691590074262,6120000,JPM
2024-05-30,190.23849487304688,190.7347815795727,189.35090490632123,189.5036107487647,6829100,JPM
2024-05-31,193.38800048828125,194.0274398758393,189.3032135067126,190.20988086032972,14417900,JPM
2024-06-03,192.61492919921875,193.18755426057615,190.10487971991847,193.0825708149027,6444300,JPM
2024-06-04,190.07626342773438,192.76763491215212,189.23639579945825,191.03065316429118,6848300,JPM
2024-06-05,188.2628936767578,190.70614336889636,187.93840469676562,190.6488677581653,8351600,JPM
2024-06-06,187.92886352539062,188.9882365858564,186.4209261786032,188.2628911546147,7640300,JPM
2024-06-07,190.83023071289062,191.7559899505188,188.02432247206556,188.42516442606455,6964500,JPM
2024-06-10,190.50570678710938,191.67960190610873,189.38907271350078,190.15258729864658,6070800,JPM
2024-06-11,185.4951934814453,188.91191055404266,184.7698625098068,188.88328002640114,9235300,JPM
2024-06-12,182.79425048828125,187.747535155726,182.58428359797037,187.06037343522323,12751300,JPM
2024-06-13,184.8271026611328,185.7051393894414,182.17390060566132,183.54822402834617,8587800,JPM
2024-06-14,184.94163513183594,185.97237775666235,182.68927485451107,182.71790538052034,6874000,JPM
2024-06-17,186.08688354492188,186.65952314056108,183.85361533502265,184.6552991186537,8725400,JPM
2024-06-18,188.0147705078125,188.930991025547,185.27567673463204,185.72424105772285,9023000,JPM
2024-06-20,189.60861206054688,190.3530349090619,187.16537660256606,187.43260457060572,8731100,JPM
2024-06-21,187.34669494628906,188.17700929825324,185.36156268713378,187.73799820567726,20972100,JPM
2024-06-24,189.80902099609375,190.14304864072443,188.1102085595612,188.78781706567207,9785900,JPM
2024-06-25,189.0359649658203,190.94474426582192,188.72101463378038,189.05504227358247,6862500,JPM
2024-06-26,188.4251708984375,188.9119190158098,187.32762845546597,188.44426277199767,7758600,JPM
2024-06-27,190.08580017089844,190.74433141255324,187.91933141310852,188.43471002085207,7913500,JPM
2024-06-28,193.03485107421875,193.35935463256504,190.20986578187188,190.88747429822308,15307600,JPM
2024-07-01,196.07933044433594,197.64452872629258,193.41659000327897,193.5883731323922,10205800,JPM
2024-07-02,199.30519104003906,199.33382156432344,195.43037141669657,195.92664354617938,7802900,JPM
2024-07-03,199.17156982421875,200.78449059341636,198.1789964757142,199.99234547043878,5560900,JPM
2024-07-05,196.532470703125,199.0084419463454,196.27336816071954,198.64377422771068,8093100,JPM
2024-07-08,196.8971405029297,198.5573794017683,195.74552979069207,196.77237767256634,8707000,JPM
2024-07-09,199.25794982910156,201.30205403205485,197.1658441534367,197.33859380980596,9058900,JPM
2024-07-10,199.4210968017578,199.58424030901233,197.29061041180532,197.8280277635907,8328500,JPM
2024-07-11,199.08522033691406,199.70901989248074,197.0986942703721,197.89522885627903,10658100,JPM
2024-07-12,196.67642211914062,199.08520875553353,193.95093996868792,195.77432240821722,15443400,JPM
2024-07-15,201.5803985595703,203.07749413226495,198.38466855930605,198.83571846178796,10719700,JPM
2024-07-16,205.0064239501953,205.12159527581198,199.68981390311083,201.5323940342005,11557000,JPM
2024-07-17,208.12538146972656,208.78756169090065,204.6705491521375,205.1791773653675,11572500,JPM
2024-07-18,201.51319885253906,207.90465837072435,200.80304644620205,206.93538878296755,12415100,JPM
2024-07-19,201.32125854492188,203.787638142558,200.49593484279177,202.68399960778325,8095900,JPM
2024-07-22,201.80108642578125,203.61487723988253,201.25407758649305,201.97383607849395,7663200,JPM
2024-07-23,201.84910583496094,202.95272984342498,200.90862535379435,202.5112860974499,5557300,JPM
2024-07-24,200.1792449951172,203.4805398970385,199.6802229423339,201.10054238495405,7119000,JPM
2024-07-25,200.2560272216797,201.7147420327881,199.66103148604793,200.2368295595067,6403800,JPM
2024-07-26,203.68206787109375,204.56496989068702,200.20802348732903,200.8030338162583,8027800,JPM
2024-07-29,202.3480987548828,204.99680458777706,202.06019244524745,204.07550732564854,6533600,JPM
2024-07-30,206.5131072998047,207.08890530291896,204.37302950002504,204.63213201184072,8850700,JPM
2024-07-31,204.21949768066406,207.66473846208044,204.09473484474648,206.11965617262393,9071600,JPM
2024-08-01,199.57464599609375,205.207951245614,198.05835297856282,204.6033494115887,10918600,JPM
2024-08-02,191.11029052734375,196.4173090899953,188.951014866982,195.65916985684163,18041700,JPM
2024-08-05,187.04124450683594,188.26003972022244,183.2025323392783,186.2255269573448,13927000,JPM
2024-08-06,192.26190185546875,194.4307836748442,186.17754637997143,187.5210898263343,10605800,JPM
2024-08-07,192.31947326660156,197.4537566355557,192.12754058739833,195.30407255531497,9204400,JPM
2024-08-08,195.8319091796875,196.6476414155857,193.6534358098913,194.30602452731497,7761200,JPM
2024-08-09,197.50173950195312,198.14472201831654,194.71866445703174,195.26568795748204,5540200,JPM
2024-08-12,197.8760223388672,198.78771357086882,195.44803800867777,198.08715268440758,6936000,JPM
2024-08-13,199.55545043945312,199.6993962854889,197.11786006073427,199.35391161147854,6387800,JPM
2024-08-14,201.76271057128906,202.26173259433187,198.76850521541047,199.36351554061437,6999800,JPM
2024-08-15,203.0198974609375,205.26554061728052,202.58804526064463,204.41142772567014,7001000,JPM
2024-08-16,205.34230041503906,205.45745708775618,203.0582621159896,203.15423577226989,7931200,JPM
2024-08-19,206.76263427734375,206.83941027906192,205.19836900335173,205.37110402457384,6090800,JPM
2024-08-20,205.87013244628906,207.290451812223,205.0639917823852,206.33077379457382,5640000,JPM
2024-08-21,205.94692993164062,206.3307953213397,204.25788707250234,205.78377176531626,5202300,JPM
2024-08-22,207.89505004882812,208.05819355178016,205.6973792260983,205.92770721801395,5247100,JPM
2024-08-23,209.50730895996094,210.3518303146011,207.770294063869,208.82594575716917,7214000,JPM
2024-08-26,210.3326416015625,210.82207214735465,209.25780684522277,210.17908959536388,5105200,JPM
2024-08-27,211.30191040039062,211.5322384088343,210.3518384830516,210.6589278507846,5185200,JPM
2024-08-28,212.36715698242188,213.25007370690733,210.35184179007584,210.40942013221067,6506400,JPM
2024-08-29,213.2500457763672,213.98898726168142,210.11189474931135,213.19245279825017,6416100,JPM
2024-08-30,215.7356414794922,216.38821556365377,212.98135535356386,213.52837890369267,8574100,JPM
2024-09-03,211.41708374023438,215.0638633692745,210.39982731942075,213.33643989830546,8956100,JPM
2024-09-04,210.48617553710938,213.11569850429112,208.4516628819831,212.12721670145393,7389500,JPM
2024-09-05,208.85475158691406,211.89692943579365,207.31926075481468,211.2731298787107,8067900,JPM
2024-09-06,203.89321899414062,209.91999639189612,202.57845001745773,208.82596392525963,7777000,JPM
2024-09-09,208.0677947998047,209.35375986693387,205.54383685302398,206.51312105129102,8935100,JPM
2024-09-10,197.27142333984375,209.82401435534237,192.52101978319223,209.78563367537953,28406900,JPM
2024-09-11,198.8740692138672,199.3251190484655,193.6918138354718,196.97391086092546,13658700,JPM
2024-09-12,198.2694854736328,200.36157653556083,196.6284296106188,199.27713568329062,9054400,JPM
2024-09-13,196.0814208984375,199.46908315177689,194.83383653849526,198.51899663631963,10226700,JPM
2024-09-16,199.4786834716797,199.81457665233654,197.30021016072058,197.5305381683303,8634900,JPM
2024-09-17,200.8126220703125,201.4651960832742,199.28673756042474,199.35390740598294,7573300,JPM
2024-09-18,199.1619873046875,202.81835838288768,198.36545275492742,200.58230673818105,8259900,JPM
2024-09-19,201.9930419921875,203.36538928713296,198.97965334983056,201.32127025220836,11635200,JPM
2024-09-20,202.5784454345703,202.8951409629487,201.05256077890448,201.46521533060852,20885000,JPM
2024-09-23,202.91433715820312,203.25982185543435,201.52280686007273,202.49207645675105,7223500,JPM
2024-09-24,203.05828857421875,204.36345139466172,201.88748010395994,202.63602786120398,7323200,JPM
2024-09-25,201.7147216796875,203.68206451343198,200.19842867858037,203.14463253149498,8976500,JPM
2024-09-26,201.32125854492188,203.16383862893971,200.582302352154,202.61682975945425,7807500,JPM
2024-09-27,202.01222229003906,203.87399998332447,200.88940076897532,202.15616813497374,7032500,JPM
2024-09-30,202.3577117919922,202.45368545325593,196.98350891876606,197.99117378793656,8663800,JPM
2024-10-01,198.69175720214844,200.65910033309902,197.87603956294308,200.4767591421218,8540100,JPM
2024-10-02,198.931640625,200.5247095749859,197.39616465396708,198.73011645099774,5810900,JPM
2024-10-03,196.9547119140625,198.16391556637382,196.10059907948147,197.85681157736644,7251300,JPM
2024-10-04,203.94537353515625,204.37987213930614,199.78381659479555,202.09150201972523,10211700,JPM
2024-10-07,203.66534423828125,205.98269458084312,202.46806055788844,203.76190602752735,6718900,JPM
2024-10-08,203.49156188964844,204.0515878849043,201.20319174460775,203.32741862551052,6021800,JPM
2024-10-09,206.06961059570312,206.86137608833337,202.16875851799102,202.47772975256393,7024000,JPM
2024-10-10,205.5095672607422,207.41171960680364,204.18675618891916,207.41171960680364,7927100,JPM
2024-10-11,214.63409423828125,216.89351339672228,207.74966888805528,208.24209865254014,18320700,JPM
2024-10-14,213.85202026367188,215.99556259342347,211.34157550325287,215.51278305488955,9048900,JPM
2024-10-15,214.73068237304688,217.68529078898302,214.1803213608932,215.95694652517005,9235800,JPM
2024-10-16,215.93760681152344,215.97622268757254,213.42714760377535,214.6727269219523,6382500,JPM
2024-10-17,216.69076538085938,218.07152251645772,215.61899422056717,216.5459374132235,6470200,JPM
2024-10-18,217.6080322265625,218.1390926356883,215.416223853029,217.25078010281487,7000500,JPM
2024-10-21,215.3196563720703,217.92666271781536,215.22309457904748,217.46319852448005,5870000,JPM
2024-10-22,216.4010772705078,217.52112924082374,213.48509971320877,215.33897121583806,9586800,JPM
2024-10-23,215.71554565429688,217.05767211185088,214.86584899630188,215.95693541093075,6180500,JPM
2024-10-24,217.23146057128906,217.3087070595921,214.02581233964898,214.18995560232,6002200,JPM
2024-10-25,214.65341186523438,217.84940969268465,213.2726696126605,217.25076784703845,6369700,JPM
2024-10-28,217.73353576660156,217.86871342564066,215.27135758179068,215.6575899885166,6843000,JPM
2024-10-29,215.2230987548828,218.94050685947278,215.13620197943288,217.45355245759362,6580000,JPM
2024-10-30,216.6811065673828,218.5156628404685,213.94857273050474,214.87550115342282,7110900,JPM
2024-10-31,214.27684020996094,217.91700157327347,214.18029315501,216.96109290971893,7829900,JPM
2024-11-01,215.26171875,218.36115478761525,215.0299792936343,215.86036059570225,6923500,JPM
2024-11-04,212.21054077148438,216.0534611932713,211.6215492339804,214.98169019005127,8229600,JPM
2024-11-05,213.8616485595703,214.3154624265246,212.42296047781522,212.45192606649232,5600700,JPM
2024-11-06,238.55099487304688,239.45862265494782,226.68428170878914,226.90635614480942,23987800,JPM
2024-11-07,228.2388458251953,236.1467765550335,227.11879382619438,236.07918035167899,16451100,JPM
2024-11-08,228.8181610107422,231.09688077350958,227.65949319123993,231.09688077350958,9502100,JPM
2024-11-11,231.04859924316406,233.76183232238978,230.7685936247478,231.734152593889,9017100,JPM
2024-11-12,231.30929565429688,233.1438664671285,230.53684556117094,232.265204302032,6861000,JPM
2024-11-13,232.85421752929688,235.68329839480197,232.0334864664189,232.29419152794952,11472600,JPM
2024-11-14,233.5397491455078,235.87640014281013,232.7479984317867,234.07080953881766,10172200,JPM
2024-11-15,236.86126708984375,237.93303812916133,233.1438739185833,233.1438739185833,11518800,JPM
2024-11-18,236.59091186523438,239.3910269686542,234.32184240561926,239.22688371269956,9051400,JPM
2024-11-19,234.71771240234375,236.70676140391376,233.2307581603698,233.90664645217612,6792700,JPM
2024-11-20,232.48727416992188,236.1853665791003,230.4209786829753,235.9825927244949,9015300,JPM
2024-11-21,236.33023071289062,237.0350994361045,233.77150509187655,234.85292652668068,8783500,JPM
2024-11-22,239.98968505859375,240.5690116009233,234.65979541625032,235.219821387118,7997300,JPM
2024-11-25,241.6697540283203,245.55130530795057,240.4821205914916,240.99386567944467,10295400,JPM
2024-11-26,241.3607635498047,242.3552880551951,239.78689780117762,241.86285831172583,6212100,JPM
2024-11-27,241.18695068359375,242.5387419809446,240.20209121543851,240.76211714435047,5472300,JPM
2024-11-29,241.11941528320312,243.09881434916647,240.8587102055902,241.25459296543534,5494800,JPM
2024-12-02,237.76890563964844,241.63114167034325,236.59092247162565,240.9552533116239,8899700,JPM
2024-12-03,236.38815307617188,240.4627983571973,236.20469451535047,239.68069795223073,6657700,JPM
2024-12-04,235.0170440673828,236.89989581875426,233.8873418565162,236.2722736572103,7346300,JPM
2024-12-05,237.02540588378906,238.66685314495626,236.19502460109126,236.93850911465168,6572500,JPM
2024-12-06,238.84068298339844,239.20760013056864,236.40747009501496,237.2378514526948,5519700,JPM
2024-12-09,235.41293334960938,239.3331004642951,235.36465245379455,238.61859624597477,7076500,JPM
2024-12-10,234.4956512451172,239.42000786865495,233.87769409575165,235.49017580217017,9108300,JPM
2024-12-11,235.142578125,235.85709707692163,233.8390676036829,235.59639202600604,7884400,JPM
2024-12-12,233.21145629882812,235.692949917877,232.73832710066324,234.63082916006218,6113800,JPM
2024-12-13,231.6762237548828,234.3604765375674,230.9037736251097,233.7328690945859,10392700,JPM
2024-12-16,231.32861328125,232.38106899290696,229.33956421642742,232.32313781366128,9032000,JPM
2024-12-17,230.15066528320312,230.7879378185902,228.4802521828059,230.43067093666943,8083600,JPM
2024-12-18,222.43582153320312,230.83619659782678,221.6247555113085,230.76860039603835,11322400,JPM
2024-12-19,224.9366455078125,228.2195404244562,224.2704073978834,224.2704073978834,11790800,JPM
2024-12-20,229.4168243408203,230.97137492047273,223.61380532033132,223.93244155838863,32348400,JPM
2024-12-23,230.1796112060547,230.4016856524641,226.79050439374112,227.93952196997523,8611500,JPM
2024-12-24,233.96461486816406,234.13842316129805,230.83621292437365,231.18380004411736,3729100,JPM
2024-12-26,234.76600646972656,234.88186883103566,232.4969370056862,233.11489415476902,4451800,JPM
2024-12-27,232.86387634277344,235.0074186310496,231.7727898921543,234.36049582992294,5730200,JPM
2024-12-30,231.07757568359375,232.54521468407714,228.94368391501692,230.54651531283838,5723800,JPM
2024-12-31,231.45413208007812,233.1245448638788,230.79754436202174,231.78241857247647,4871000,JPM
2025-01-02,231.73414611816406,234.90117826978482,231.20308575332456,232.62245857695913,9220900,JPM
2025-01-03,234.90118408203125,236.4460843210158,231.9851918792467,235.4901756406523,9491100,JPM
2025-01-06,233.75595092773438,238.45338882592614,233.4938994273639,236.52199744283416,9917800,JPM
2025-01-07,236.00759887695312,238.03603585964578,233.8044559653357,235.00793797890452,8753400,JPM
2025-01-08,235.9687957763672,237.05580229045634,233.41625568415455,235.59998364793563,8675300,JPM
2025-01-10,232.8048095703125,236.628762281155,231.70810291840846,235.92996814062778,10256800,JPM
2025-01-13,237.01698303222656,237.3372500960213,231.96043318189513,232.61069705427852,10005300,JPM
2025-01-14,240.1809539794922,240.42359041299397,235.05647368868276,235.51263136841433,12407400,JPM
2025-01-15,244.917236328125,246.19834907161936,236.50259128635952,243.02466018784034,18448500,JPM
2025-01-16,246.78065490722656,249.46907059514717,244.897793913136,246.5186034262573,15292300,JPM
2025-01-17,251.52664184570312,252.94363035716344,244.71340648745428,246.65449800073918,17678100,JPM
2025-01-21,255.28262329101562,256.4666901787651,251.85659830232555,252.409816435987,13712100,JPM
2025-01-22,255.0982208251953,255.62232378121152,252.58451108944297,255.15645119600785,9021900,JPM
2025-01-23,258.1165771484375,258.9997474533163,256.0395956453413,256.8936803898408,10749700,JPM
2025-01-24,257.039306640625,259.2327492897336,255.26322113163457,255.9231850657849,7666300,JPM
2025-01-27,258.01959228515625,258.13605303558734,254.535336614133,256.3890825417096,7522300,JPM
2025-01-28,259.27154541015625,259.4559218104506,257.0295580012758,258.0195333913864,7375400,JPM
2025-01-29,258.7280578613281,262.7073011271936,257.78662735417487,259.3395063870375,7684900,JPM
2025-01-30,260.3294677734375,261.75617104949805,258.766873890751,260.71768010583645,8753500,JPM
2025-01-31,259.4268798828125,262.8432200467561,259.0968978658329,261.3000557826277,7193800,JPM
2025-02-03,258.9512939453125,260.2712514893426,253.99181967172157,254.11796573208338,8381400,JPM
2025-02-04,260.04803466796875,261.8920656979003,258.97071346699056,261.8920656979003,5626000,JPM
2025-02-05,262.46466064453125,262.6684965624178,260.4265087965908,260.9894418764152,5704400,JPM
2025-02-06,268.7441101074219,268.8217703532776,263.20230221236784,264.4251993255983,7264400,JPM
2025-02-07,267.676513671875,270.3455145608461,266.6186223283094,269.10321715000055,6857900,JPM
2025-02-10,263.0567321777344,268.0453220031556,261.64942897239877,268.01620681498275,8627400,JPM
2025-02-11,266.890380859375,268.08416285966723,261.71738476219014,262.299718167667,7196400,JPM
2025-02-12,267.3368225097656,268.3073682010428,265.20161014147436,266.0071500330046,6683900,JPM
2025-02-13,268.1811828613281,268.812031614192,265.74510378599365,267.3853283146615,8398700,JPM
2025-02-14,268.4432373046875,271.0054922240324,268.30737630553097,269.20026178200214,5688600,JPM
2025-02-18,271.70428466796875,271.72368491952835,267.89001749911944,268.6082414686908,7919800,JPM
2025-02-19,271.02490234375,271.9954480996811,269.0546956439582,270.18053227508295,7007200,JPM
2025-02-20,258.94158935546875,270.52990776080935,257.9128132494212,270.47167738640707,13846700,JPM
2025-02-21,256.45703125,261.2709600914064,255.09827295553427,260.41687498668233,12835600,JPM
2025-02-24,253.64244079589844,259.1357336859581,250.9928400471611,257.67020002120825,10372800,JPM
2025-02-25,249.8184814453125,255.2535438153115,245.88778282719832,254.50623421668564,9608400,JPM
2025-02-26,251.16751098632812,253.2250629756072,249.3622807192329,249.58551687607053,5943600,JPM
2025-02-27,251.41986083984375,255.87469182858476,250.2649090455339,252.51658225954176,8204400,JPM
2025-02-28,256.85491943359375,257.0102103033765,250.29405049282587,253.0503967893836,10467100,JPM
2025-03-03,252.94363403320312,258.47575677394605,250.22611772259287,256.2240834773225,9058300,JPM
2025-03-04,242.8790740966797,249.6534940988536,238.70572440707394,247.76091803763094,13465600,JPM
2025-03-05,244.12135314941406,245.5965867262712,240.53033710346665,243.84960154438141,7861400,JPM
2025-03-06,239.2783203125,242.01526618004075,236.6675649290042,240.80208410599286,9983200,JPM
2025-03-07,235.143798828125,239.45302388235442,232.36803767756697,238.00690553291304,20498700,JPM
2025-03-10,225.380126953125,230.5143072655119,221.9638018922669,229.25260968443942,18887200,JPM
2025-03-11,222.39083862304688,226.4477273046224,220.01300464646138,224.92396346414336,18143000,JPM
2025-03-12,221.18736267089844,227.4182791975453,220.56621400526214,227.10769746005099,16054000,JPM
2025-03-13,218.55718994140625,222.7402395654928,217.62545954737027,222.5461333861297,16467900,JPM
2025-03-14,225.59364318847656,226.27302221151962,220.87679052941755,221.40087868737876,11962100,JPM
2025-03-17,227.039794921875,228.72855011659018,223.67201427877188,224.3707937010675,9586000,JPM
2025-03-18,228.04913330078125,229.2137852248078,226.6418449421928,227.4182844946614,10344900,JPM
2025-03-19,232.0671844482422,235.19234280757902,227.97148038251137,228.79645015668714,10120600,JPM
2025-03-20,231.9701385498047,234.6391394103261,229.24290731273203,229.5923043813926,8328500,JPM
2025-03-21,234.5129852294922,235.16324913514356,229.5340805612011,230.8054931833966,19326900,JPM
2025-03-24,240.7535858154297,241.36503440089746,237.21109961277028,238.24957590512537,9422700,JPM
2025-03-25,243.733154296875,244.4028332211237,240.32652930123646,241.96675395701018,9287700,JPM
2025-03-26,243.6361083984375,247.16889448049588,242.4229261613384,245.1598723967236,12779300,JPM
2025-03-27,240.81179809570312,243.25757744441526,239.89948275399726,242.1802711082619,8022500,JPM
2025-03-28,235.69703674316406,242.16086005777964,234.00828183952703,239.6665652294854,11978400,JPM
2025-03-31,238.07489013671875,238.6183934207807,230.3687540364097,232.35837590862877,13603000,JPM
2025-04-01,236.48316955566406,238.45337614807622,233.78505368597595,235.47379373127083,8054700,JPM
2025-04-02,238.5795440673828,239.9674172690853,234.34796434743257,234.48384014906324,7758800,JPM
2025-04-03,221.9541015625,228.21411845193424,220.6050436132751,227.36974842028587,17188500,JPM
2025-04-04,205.34344482421875,212.58925038559218,204.02513159690807,210.25535885692955,27170700,JPM
2025-04-07,209.40577697753906,216.83712407913987,197.41406528016333,200.9393169780438,22914400,JPM
2025-04-08,211.77871704101562,222.4911845873146,208.24370556467724,218.27260941397304,19485700,JPM
2025-04-09,228.83860778808594,231.9048922466148,206.04654347465694,207.5113293287422,24022400,JPM
2025-04-10,221.77833557128906,224.9422782580252,214.9329086419956,224.60048894505405,18896400,JPM
2025-04-11,230.65493774414062,232.97906934942662,219.71787325553504,220.99711715573133,20284500,JPM
2025-04-14,229.20965576171875,234.1508635519738,228.14524845049638,231.53378705459363,13017800,JPM
2025-04-15,227.65701293945312,233.04741393456666,227.3542929260278,230.5572900044825,10912900,JPM
2025-04-16,224.21961975097656,228.0964202463851,222.57905209596737,226.5535109270035,9322300,JPM
2025-04-17,226.5144805908203,228.83859723978307,225.13757837531108,225.38170933973876,9557900,JPM
2025-04-21,223.61419677734375,226.36798622449223,221.02639969234494,225.21569525952322,8716200,JPM
2025-04-22,230.05926513671875,230.4498836423457,225.93833303093191,226.53401321401216,10701400,JPM
2025-04-23,235.22508239746094,240.99632733668028,234.36573659509583,234.5805730456871,14126800,JPM
2025-04-24,238.8968048095703,239.7073214295824,232.0025485026731,234.11184368965115,9055200,JPM
2025-04-25,237.83236694335938,239.85376339709086,236.07462117887317,238.90653414902246,8588600,JPM
2025-04-28,237.5101318359375,241.04514340247584,235.18600030625285,238.81867021795682,7394300,JPM
2025-04-29,238.87725830078125,239.49247309158469,236.01605058594708,236.50431250866183,7216800,JPM
2025-04-30,238.87725830078125,239.4631785682675,232.83257331348125,235.5473233123009,12991700,JPM
2025-05-01,241.093994140625,242.61736909781558,236.4847999672637,237.13906921679697,8689600,JPM
2025-05-02,246.58201599121094,247.66595799036438,243.60363036252463,245.36136125795574,7165000,JPM
2025-05-05,246.63087463378906,249.1698427426024,244.7071213522389,245.28326687904956,5450700,JPM
2025-05-06,243.39854431152344,246.7187190961668,243.15441337440055,244.1309371228921,6369900,JPM
2025-05-07,243.5352783203125,246.5234388677099,242.98842735746476,243.98448584012095,8724100,JPM
2025-05-08,247.51950073242188,249.87292678022158,245.64457673393773,245.66411138304096,8320100,JPM
2025-05-09,247.13865661621094,249.51160240858812,246.41602360630893,248.52531868880288,5087600,JPM
2025-05-12,253.94500732421875,257.4116847639064,252.62672400889193,256.7281061698435,9603900,JPM
2025-05-13,256.8355407714844,257.4800500721763,254.27705311794927,254.90201286940857,8589000,JPM
2025-05-14,259.40380859375,260.38033243913924,256.13244775146745,256.82577133737385,8643100,JPM
2025-05-15,261.21038818359375,263.1927306581205,258.54449680817817,260.70260644569237,9214600,JPM
2025-05-16,261.27874755859375,262.15761315969064,258.4956483208318,261.2201585052637,8932900,JPM
2025-05-19,258.6616516113281,262.0208961622138,255.78089422806747,259.3159059261038,12145000,JPM
2025-05-20,259.4428405761719,260.3998446453458,256.14218530617444,256.3570217379832,8436300,JPM
2025-05-21,254.91180419921875,259.41356502066975,254.60908417787425,258.1440958860731,7464000,JPM
2025-05-22,254.5504608154297,256.1421695061678,252.79270017238227,253.34932586607096,6514100,JPM
2025-05-23,254.5895233154297,255.8394726451303,249.9901043492613,250.78108627971244,6671800,JPM
2025-05-27,259.06201171875,259.0717566921421,255.83946524243134,255.8883093139594,7506600,JPM
2025-05-28,257.30426025390625,260.45844302460614,256.7281147573034,259.9897008471859,5535400,JPM
2025-05-29,258.1636047363281,259.17919788181575,256.3668044334763,258.5835028383828,5081200,JPM
2025-05-30,257.80230712890625,259.10107079095377,256.56213251620557,257.265230909512,10977700,JPM
2025-06-02,258.4468078613281,258.8081169206428,255.75159247660167,256.84529442949264,6011200,JPM
2025-06-03,260.01898193359375,260.32170192801004,256.70858174263634,257.53863293425644,6998400,JPM
2025-06-04,258.0171203613281,260.8490334291481,257.9780510648975,259.67722274650265,5915700,JPM
2025-06-05,255.80043029785156,258.5249103385397,254.1989169051607,258.5249103385397,8173800,JPM
2025-06-06,259.49169921875,260.39008449229345,258.056207934954,258.12454195712064,7738100,JPM
2025-06-09,260.47796630859375,261.61073756854347,257.1675659016327,259.75534818459647,8285000,JPM
2025-06-10,262.2943115234375,262.58725675736963,259.6088709415357,259.63816546492893,7538100,JPM
2025-06-11,261.8548278808594,263.2903189321121,259.55024622096454,262.3723842570994,7434100,JPM
2025-06-12,261.9427795410156,261.9916236200851,258.9155790822762,260.5951716975012,6618000,JPM
2025-06-13,258.7300109863281,260.75139274608847,256.5425772552077,258.85693405632503,7098300,JPM
2025-06-16,264.012939453125,265.3508019866292,260.58536145007355,260.73183404829985,8566000,JPM
2025-06-17,263.19268798828125,264.2375756229939,261.51306583381086,261.87440467845437,6739300,JPM
2025-06-18,267.5284423828125,271.200181276507,263.3879911545291,263.6614166167527,9586400,JPM
2025-06-20,268.5440368652344,270.79002961674195,267.3819711943445,269.1006625666469,13969700,JPM
2025-06-23,271.7373046875,272.0107301972778,265.72191367124316,268.60267120020006,8094600,JPM
2025-06-24,274.6571044921875,276.0730461780452,272.94818777394573,273.6317365805569,9267900,JPM
2025-06-25,277.3913879394531,277.60622439824255,274.31534348949015,274.89148903780136,6826900,JPM
2025-06-26,281.97125244140625,282.61576173740934,277.79173169250225,278.0163428990485,8942100,JPM
2025-06-27,280.3697204589844,281.92241945147737,278.34833893885445,279.10025150036057,17868600,JPM
2025-06-30,283.1040344238281,285.77970025058426,282.13728534359143,283.5825215764878,12689200,JPM
2025-07-01,283.59228515625,284.2953834962509,279.86195702454677,284.0610273166312,9338300,JPM
2025-07-02,285.14495849609375,285.9457151893501,282.89896560647867,285.18402779363225,8158700,JPM
2025-07-03,290.443603515625,290.8360888827844,285.74351114178125,286.66586822419856,6541600,JPM
2025-07-07,286.4892578125,290.4828645965253,284.6347217587213,289.7076857742013,8825700,JPM
2025-07-08,277.47174072265625,284.26185381377417,275.04810559551106,283.83990288185674,15440900,JPM
2025-07-09,277.8446350097656,281.8088060970764,277.1774068900867,281.7891623646238,11273800,JPM
2025-07-10,282.78021240234375,282.89795501811136,277.687634657396,277.687634657396,8410900,JPM
2025-07-11,281.4751281738281,281.9853860406829,278.3253938002881,280.16028588065166,7384700,JPM
2025-07-14,283.2806701660156,283.8693832899546,279.9052418467557,281.6812629749765,9079900,JPM
2025-07-15,281.1709899902344,286.46964738040805,280.121098345475,282.5937831680985,12526100,JPM
2025-07-16,280.4547119140625,285.2725470105113,277.6974624718264,282.9862680414337,9979800,JPM
2025-07-17,284.4580993652344,284.85058472552134,278.11937245969557,278.11937245969557,8509500,JPM
2025-07-18,285.8023681640625,287.009289803847,282.819455566978,284.08521856694546,12217000,JPM
2025-07-21,285.50799560546875,288.65773001934355,285.125302200427,285.5374312562634,7898100,JPM
2025-07-22,285.9593811035156,288.11809552877634,283.75161723688194,286.0280742772089,6717500,JPM
2025-07-23,291.1893615722656,291.4150249489527,287.0583682777473,287.3429329100002,7083500,JPM
2025-07-24,290.9832763671875,293.9662191525474,290.6398703754944,291.83697024730424,7001200,JPM
2025-07-25,293.014404296875,293.2891470363467,290.4043332995373,291.1304626389869,5918500,JPM
2025-07-28,292.6808166503906,293.809223362686,291.24823151855605,292.0724598113122,5840400,JPM
2025-07-29,291.4640808105469,295.63430134586406,290.63985258046154,294.36850837533046,7635700,JPM
2025-07-30,294.0054626464844,294.9670472888904,291.79769880383014,291.83695632333047,8061700,JPM
2025-07-31,290.6790771484375,295.33011989507037,289.9529777509294,293.5246633224064,14749700,JPM
2025-08-01,283.9380798339844,286.32245784834123,278.9043729516421,284.9487439683445,12007100,JPM
2025-08-04,288.7362365722656,288.7951078721262,284.8113235431083,284.8113235431083,6649500,JPM
2025-08-05,285.9005126953125,290.2375553774225,281.84803463230764,289.15819815384634,7182300,JPM
2025-08-06,285.8808898925781,287.784475314663,284.71322574362773,286.8130388717205,6330200,JPM
2025-08-07,281.5537109375,287.95131003993225,281.0336610252057,287.4410819950435,8057100,JPM
2025-08-08,283.3395080566406,285.7631432800269,279.365515270513,283.55537949152693,6634100,JPM
2025-08-11,284.1244812011719,285.8514526951056,283.3591242790355,283.9674810703858,5510100,JPM
2025-08-12,287.35272216796875,289.21705000432985,284.88982947960193,286.02805793473163,8570900,JPM
2025-08-13,285.0762939453125,289.0208214451698,281.7695589346143,288.43210834423235,8420400,JPM
2025-08-14,288.6381530761719,288.67741059714604,284.20301143696577,285.1253385944976,6322400,JPM
2025-08-15,285.03704833984375,289.9530125511936,284.37964203474183,289.30539816837313,7340500,JPM
2025-08-18,286.0574951171875,286.4205448097455,282.9960675051489,284.5562169634104,5386900,JPM
2025-08-19,285.2038269042969,286.98966963229896,284.0950341122438,285.3706189495528,6031500,JPM
2025-08-20,286.754150390625,287.8236856501562,281.8774445149503,285.35100110061984,7374200,JPM
2025-08-21,285.9986572265625,287.27424223237057,284.0362003285711,286.45983579537915,6624000,JPM
2025-08-22,290.6790771484375,291.5818204071259,284.6837862966605,287.6961645212777,8552800,JPM
2025-08-25,289.3642272949219,291.76824867106194,288.61851412970407,290.6790696581532,5856300,JPM
2025-08-26,292.96539306640625,293.1321851381712,287.9905575097444,288.6381718968291,6714700,JPM
2025-08-27,293.6620178222656,295.41842494390727,291.46407591230917,291.6701254801894,6056500,JPM
2025-08-28,295.4184265136719,295.5852185641284,293.0929201153854,294.38811877937053,6410500,JPM
2025-08-29,295.7618713378906,297.2631495608047,294.10359298088383,296.37022814205386,6796400,JPM
2025-09-02,294.0741882324219,294.81990151683937,288.97178814468,294.6236737871366,7221900,JPM
2025-09-03,293.8876953125,294.9277949064193,290.8164459674565,294.9277949064193,6316900,JPM
2025-09-04,298.1167907714844,298.71532566399185,292.68077757800086,294.3684914601609,6605800,JPM
2025-09-05,288.85400390625,299.4218223620716,288.78531073562726,297.9499798501053,9837700,JPM
2025-09-08,287.4115905761719,290.89493913151904,285.9691837491296,289.3544334283243,8188500,JPM
2025-09-09,292.2588806152344,293.3872872696363,286.8228669749493,287.1074315912692,7848200,JPM
2025-09-10,294.8984069824219,295.8796354332035,289.8548783719408,291.1304933247864,7787300,JPM
2025-09-11,299.8241271972656,299.9909491896388,295.1436788264331,295.5852136096933,7942500,JPM
2025-09-12,301.1488037109375,301.7767742987404,297.9990690164523,299.27465392414524,6846700,JPM
2025-09-15,303.1014404296875,304.13174819496044,301.40393449781925,301.40393449781925,7122000,JPM
2025-09-16,303.3860168457031,305.06390905534744,301.3646887009418,304.18080946841434,10525600,JPM
2025-09-17,305.8979187011719,307.03614710830897,302.9738476236277,304.56346260331446,8657800,JPM
2025-09-18,307.3501892089844,307.556238792954,303.7981171700278,305.9372178866198,8050700,JPM
2025-09-19,308.8710632324219,309.8719053836384,303.31730709863126,307.7132209495945,23568600,JPM
2025-09-22,306.5749816894531,307.8113389670314,303.74903930910966,303.9845245259009,7520200,JPM
2025-09-23,306.8693542480469,310.37234675445063,304.74989735202223,305.9666409066948,8584400,JPM
2025-09-24,307.5365905761719,310.6372456892681,305.8194410309901,308.15473925887954,7310500,JPM
2025-09-25,307.5660400390625,309.72472445454315,305.94698929656073,308.2234462682717,7083200,JPM
2025-09-26,310.1270446777344,311.8441943720275,307.8113600348933,308.9888161441515,7258100,JPM
2025-09-29,309.7640075683594,312.0404647281687,307.7721150397051,311.10828573544467,6462400,JPM
2025-09-30,309.50885009765625,311.45169300349573,304.28870810842403,310.31346452838187,11823300,JPM
2025-10-01,304.8774719238281,308.68464295873514,301.6394301376976,308.07628613361976,9235200,JPM
2025-10-02,301.77679443359375,304.73030161726365,300.39328868596704,304.1808160870063,7600000,JPM
2025-10-03,304.2102355957031,305.80964265751953,302.4243927447969,302.718779227698,6029900,JPM
2025-10-06,304.8511047363281,307.38512889871987,300.8578215934895,305.8371035459471,7214500,JPM
2025-10-07,303.3819885253906,305.66951307877287,300.43386159315816,305.01875022701944,8454200,JPM
2025-10-08,299.7732238769531,304.4567183318842,299.2999336047902,303.8946917756213,6489900,JPM
2025-10-09,301.25225830078125,303.72712529673134,299.1422361925597,300.7789679717848,7060300,JPM
2025-10-10,296.6772155761719,306.1230715472904,296.5983188157025,301.3804193716138,8597400,JPM
2025-10-13,303.6580505371094,305.1271791148808,301.17334440263704,301.321238204041,10788700,JPM
2025-10-14,297.85052490234375,302.70165257420854,290.0907186231138,301.5578902761218,16178800,JPM
2025-10-15,301.40997314453125,307.7499381556482,301.1634734465224,302.1001843350741,11354800,JPM
2025-10-16,294.360107421875,304.3581201926382,292.9106878973514,301.0747572360179,10549400,JPM
2025-10-17,293.3938293457031,295.3559575215809,290.08088749555986,294.97143359875633,10153500,JPM
2025-10-20,298.1266174316406,299.43801283887467,293.9854400437148,294.3206760639065,6894900,JPM
2025-10-21,292.9303894042969,299.7929328501146,292.8416531202475,297.436411288458,7372700,JPM
2025-10-22,289.9920959472656,293.8868032880077,286.4721030595595,293.6008552074487,8054100,JPM
2025-10-23,290.4161071777344,292.2204718178062,288.4145307332595,290.25834375227123,5438800,JPM
2025-10-24,296.2334899902344,298.36325106738366,291.31336547241364,291.93451945757295,7228300,JPM
2025-10-27,299.8915710449219,300.26625545589764,296.7955500258321,297.9294427867379,5642200,JPM
2025-10-28,301.0845947265625,303.6580673748709,298.915415308335,300.59159530101573,6336000,JPM
2025-10-29,301.2325134277344,303.93414060421026,298.7675163425421,299.2605157595805,7520300,JPM
2025-10-30,305.10748291015625,308.2330823767899,300.82825156305904,301.50859316866377,7514600,JPM
2025-10-31,306.7639465332031,308.4894444595929,302.9481359332913,304.22008283002725,7721300,JPM
2025-11-03,305.01873779296875,307.94715546133403,301.92268708722753,306.64562981088375,7770000,JPM
2025-11-04,304.920166015625,307.84858401169095,300.82827651560933,302.415720333495,7085200,JPM
2025-11-05,307.3161315917969,308.7162632770978,301.35085025066564,305.27510663609064,6865200,JPM
2025-11-06,309.0317687988281,310.4318702971036,305.9160088624015,306.6357687557767,7206100,JPM
2025-11-07,309.8106689453125,310.02758988101914,303.3326798145578,307.5231746391179,7302300,JPM
2025-11-10,312.4531555175781,315.08575530581015,309.81065602274725,310.5896034535161,5794100,JPM
2025-11-11,311.2009582519531,314.58292715130625,310.86572224729366,313.05464094031504,5030200,JPM
2025-11-12,315.92388916015625,317.7381233989844,311.782682032414,311.83200002815875,10578300,JPM
2025-11-13,305.1469421386719,316.14082355780937,304.7722577523736,314.7604311532612,8973300,JPM
2025-11-14,299.3591003417969,303.3327046462357,297.0124483237873,303.20451997960254,10327000,JPM
2025-11-17,296.1644592285156,301.31137424610444,293.5022804823602,299.74363974118836,8344000,JPM
2025-11-18,295.2179260253906,298.70837045931603,292.8613742767781,295.3066623130797,8077300,JPM
2025-11-19,299.02386474609375,300.1873662746028,295.0798692888629,295.5432899586994,5546600,JPM
2025-11-20,294.2023620605469,305.58079800315744,293.98544109490615,302.05090502503106,7501600,JPM
2025-11-21,293.84735107421875,297.456110287291,288.71030575970536,297.0715864028587,11766800,JPM
2025-11-24,293.8276672363281,295.6221924256846,290.386540762355,294.0642973394352,10940200,JPM
2025-11-25,298.7576599121094,300.236658228506,291.42182585555855,295.848951187077,8877200,JPM
2025-11-26,303.33270263671875,304.21022597199055,298.95486530692773,300.7296512123902,7910900,JPM
2025-11-28,308.6965026855469,309.3275563846455,303.9242719247256,304.7722465716023,4322400,JPM
2025-12-01,304.59478759765625,309.6430970545817,304.2201032083801,308.5683618849884,7727300,JPM
2025-12-02,303.5693054199219,306.13290823405146,302.79035796814105,304.41724991681934,7249000,JPM
2025-12-03,307.75982666015625,307.98658713845214,302.50443592551073,302.89885953876745,8535300,JPM
2025-12-04,311.6742248535156,314.03074632461573,308.6176225735461,308.87399188892334,9627800,JPM
2025-12-05,310.6290588378906,314.0208969911127,310.2740836361238,311.2206641139725,6518900,JPM
2025-12-08,310.79669189453125,312.0390600856641,308.96274846028484,310.64879808375287,7417200,JPM
2025-12-09,296.30255126953125,314.336450228146,295.8193913272319,310.5403783790639,18049200,JPM
2025-12-10,305.7680969238281,306.8329925602339,294.2812160390869,296.2926621709551,18874100,JPM
2025-12-11,312.9363098144531,313.5476242674454,304.9102649889192,304.9102649889192,9721900,JPM
2025-12-12,314.06036376953125,315.7858618718594,312.16726270211575,315.2041261224818,8982900,JPM
2025-12-15,315.5393371582031,318.3593094805321,313.9321843288561,315.1153648797306,10864100,JPM
2025-12-16,311.1319274902344,315.0463441586525,309.9980348220149,314.6223718715413,8331300,JPM
2025-12-17,310.5699157714844,314.8984348971578,310.254388930852,313.97159360923496,8718700,JPM
2025-12-18,308.6176452636719,313.2518519730792,307.84856735129125,311.57564186364317,11444900,JPM
2025-12-19,312.7686767578125,314.099781180705,308.8049723403709,309.39657764946713,24494400,JPM
2025-12-22,318.56634521484375,318.7043994886834,313.0644852104395,313.0644852104395,8354600,JPM
2025-12-23,321.3666076660156,323.1907116116738,318.56637445826755,319.07908304324746,6668300,JPM
2025-12-24,324.561279296875,325.3697755465356,320.94265000334224,321.67227957875514,4289300,JPM
2025-12-26,323.3188781738281,326.2275566521161,321.96806459862194,324.502058709128,4158300,JPM
2025-12-29,319.2171325683594,323.1808371734579,319.0002116144308,322.4216288798564,8635300,JPM
2025-12-30,318.89178466796875,320.39049219725354,317.97478280166575,320.2623075229155,7904300,JPM
2025-12-31,317.70855712890625,320.3313177342217,317.5310845539587,319.79886991908165,5048500,JPM
2026-01-02,320.92291259765625,321.1694123071354,316.2492576445291,317.9846252281575,8054000,JPM
2026-01-05,329.3630676269531,332.5281155423397,320.63697169770103,320.942628937084,10752600,JPM
2026-01-06,331.41326904296875,332.6612412306879,327.49110960074296,329.44229029813283,7660800,JPM
2026-01-07,323.8660583496094,328.9767653957764,321.49890717343806,327.9764350864437,9815200,JPM
2026-01-08,326.63934326171875,328.2339475379842,322.53888044956136,323.27183137637843,11737100,JPM
2026-01-09,326.0450744628906,328.7291759216584,325.0348299492433,326.1936353875406,6738100,JPM
2026-01-12,321.3899841308594,322.90536610933975,318.16114900395775,318.8049332018166,12805100,JPM
2026-01-13,307.9298095703125,323.73732718365267,307.6029755260753,321.20178657189985,19371200,JPM
2026-01-14,304.9287414550781,308.78159262538577,303.19546018048277,305.2556057077196,25951500,JPM
2026-01-15,306.30548095703125,309.95031666446005,304.8098971346673,305.5230197927318,14751400,JPM
2026-01-16,309.48480224609375,314.17950872864606,307.0383983149945,307.38506061636195,14652500,JPM
2026-01-20,299.8477478027344,308.1774060521912,298.9761500928895,303.2845981841295,12900600,JPM
2026-01-21,299.15447998046875,302.4823658305288,298.2729680555718,300.53118494697816,10270100,JPM
2026-01-22,300.729248046875,305.2555953909441,300.0062112868251,301.9474777854751,10535800,JPM
2026-01-23,294.875732421875,299.4813025896872,293.67730062328087,299.11484222180513,11107900,JPM
2026-01-26,298.1640319824219,298.8969527426069,294.60833256531976,294.96487880777863,11752700,JPM
2026-01-27,297.44097900390625,299.08512378237486,295.3016109870806,298.45122352878457,11527400,JPM
2026-01-28,297.89654541015625,299.03558292254246,295.2025300603667,297.4013222225187,9556700,JPM
2026-01-29,303.49261474609375,303.898671192008,299.3327275624257,299.51100066931883,11580000,JPM
2026-01-30,302.9676818847656,304.98817089860455,299.66947824936375,302.333781642444,11953200,JPM
2026-02-02,305.1961669921875,306.3450582127215,298.49082554616626,301.55130128288636,9839400,JPM
2026-02-03,311.8420715332031,313.22869052113475,306.14700443281885,306.77099053389486,12688000,JPM
2026-02-04,314.23895263671875,316.25947197584406,311.40629013300924,311.40629013300924,9848800,JPM
2026-02-05,307.1968688964844,312.9909865673853,302.6210112179966,311.99062599899656,9388000,JPM
2026-02-06,319.3199462890625,321.15227836348157,311.7034102684662,311.7034102684662,17797400,JPM
2026-02-09,319.0228271484375,323.2817350541263,317.05181803840316,318.27007812796035,11477500,JPM
2026-02-10,315.2392883300781,323.01429884581904,312.1094739861534,319.4684837021083,9902200,JPM
2026-02-11,307.8505554199219,322.1724018130651,305.78052608370194,320.1518827061323,8703500,JPM
2026-02-12,299.7487487792969,310.6238322045743,297.1537535117247,309.2966374972976,13443400,JPM
2026-02-13,299.6595764160156,301.3829738793206,293.6871852314235,295.66807823097014,9114500,JPM
2026-02-17,304.1958312988281,305.29521237973853,299.6100592744303,299.8675850307636,8896800,JPM
2026-02-18,305.8300476074219,309.2966101142475,304.2849535938903,305.51309749540866,7209600,JPM
2026-02-19,305.10699462890625,306.2262038721237,302.2049939958365,304.2354272061944,6737700,JPM
2026-02-20,307.82086181640625,308.0288471084009,302.75966472033866,305.4536802835111,7792700,JPM
2026-02-23,294.8262023925781,308.02884001734253,292.2807478108573,305.84984577889935,12955400,JPM
2026-02-24,294.459716796875,296.886322684036,288.5962907533433,293.98432184665864,13554100,JPM
2026-02-25,300.40240478515625,300.75898123488724,294.1725181992404,295.7869507950724,8095500,JPM
2026-02-26,303.20538330078125,306.05787397622345,300.73918125790124,301.67017313360896,7007800,JPM
2026-02-27,297.4310607910156,300.0557680991628,291.636973162459,297.13393894248406,18620800,JPM
2026-03-02,294.7172546386719,297.11414843979566,290.4088063693875,291.9935267958635,8508900,JPM
2026-03-03,297.3914489746094,299.5011046657454,286.73423592223537,289.4975898716125,10278200,JPM
2026-03-04,296.52978515625,298.12438947518206,292.99388398032096,297.12402886142485,8055700,JPM
2026-03-05,290.74554443359375,298.3620800816865,289.63624924146006,295.1332451958745,12732500,JPM
2026-03-06,286.7144470214844,287.21955415339994,280.99955170429564,283.6044306839189,13496500,JPM
2026-03-09,287.1502685546875,288.31898819476027,277.77073879547015,282.7724816341387,12241100,JPM
2026-03-10,285.97161865234375,289.9532025593205,284.43640849634494,286.52626625452876,8344900,JPM
2026-03-11,284.77313232421875,287.70487537204474,282.13854132603683,286.05081661783123,10205000,JPM
2026-03-12,280.1874084472656,281.167940752382,276.4336079693154,280.1279538528093,13760500,JPM
2026-03-13,280.7321472167969,284.4463214441296,280.2468381234208,281.9504072447318,9091200,JPM
2026-03-16,283.4261474609375,286.506421278288,281.89093739443587,283.6044205599556,8149000,JPM
2026-03-17,284.1492004394531,288.97266988082987,283.2181783456238,286.23902796907333,8961200,JPM
2026-03-18,284.9910583496094,286.6451172582804,282.3960934275981,284.08974843243266,10057000,JPM
2026-03-19,285.2188415527344,286.7441374214082,281.9008401776293,284.1392586396808,9846700,JPM
2026-03-20,283.8223571777344,287.9327042603992,282.54467268192724,285.32782503235495,22436500,JPM
2026-03-23,287.14031982421875,292.9245231806114,285.2188513876401,291.4982779446762,11470800,JPM
2026-03-24,289.6065368652344,292.6571288676103,282.64369950840546,283.4360748065673,11092300,JPM
2026-03-25,292.59771728515625,294.7965097163498,289.6461758443202,291.3398308899875,12188200,JPM
2026-03-26,288.8736267089844,292.1718002190451,287.95251872814185,289.78482055260446,8669200,JPM
2026-03-27,280.13787841796875,287.3384134369941,279.05829538327214,286.3777093696089,9873300,JPM
2026-03-30,281.0589904785156,284.50575515603197,279.6327451103039,282.01972478590784,11734400,JPM
2026-03-31,291.3497314453125,292.25104134220237,282.22772810140145,285.71408872506316,12956900,JPM
2026-04-01,292.5580749511719,295.8661624411999,290.1116710297465,292.567989087923,11267200,JPM
2026-04-02,291.7855224609375,292.7957669317203,285.9616926535428,289.1212191631598,6669300,JPM
2026-04-06,294.125,295.4987855589938,291.88509063240025,292.7412191857173,7142600,JPM
2026-04-07,296.0662536621094,296.8427544058445,291.38734983011653,291.8253790066561,7849100,JPM
2026-04-08,306.5888366699219,309.8640903908154,303.96066179364243,306.5888366699219,10590200,JPM
2026-04-09,308.938232421875,309.8640846884941,304.73715687535,305.5734164156603,6586600,JPM
2026-04-10,308.4803161621094,308.9581744354404,305.344449093958,308.6097380099313,6069700,JPM
2026-04-13,312.2732238769531,312.33295236293975,304.0900871089203,306.0910825316173,8318200,JPM
2026-04-14,309.7247009277344,312.91036189245165,307.4847916064935,308.4305432499699,11455500,JPM
2026-04-15,304.5579833984375,312.8307129741003,302.8954898881459,312.54203541599225,9885800,JPM
2026-04-16,308.5599670410156,308.5599670410156,303.8312695552229,303.98059076810495,8208600,JPM
2026-04-17,308.8984375,313.4877482505245,308.69932229637936,311.068653468178,11082400,JPM
2026-04-20,315.5683898925781,315.70777661938337,308.9780833700189,309.45594165814435,10772000,JPM
2026-04-21,311.5962829589844,318.8038038717339,311.3474041387296,316.0661368489313,7084300,JPM
2026-04-22,311.6161804199219,313.73663281642627,310.5410372905177,313.43799038623484,5545900,JPM
2026-04-23,310.29217529296875,313.57736372602733,307.5047445243564,312.11395497732667,6969700,JPM
2026-04-24,306.8974609375,309.7545850384977,306.5092257615542,309.7545850384977,5215300,JPM
2026-04-27,310.232421875,311.1781431330245,305.50372444273444,305.50372444273444,7925300,JPM
2026-04-28,310.0532531738281,314.03531438457196,309.7745101043047,313.78643555890045,7398600,JPM
2026-04-29,307.86309814453125,310.65052875636707,305.91189671624613,309.1771855961317,8031800,JPM
2026-04-30,311.82525634765625,312.6913497643884,305.1951210592971,305.6928786901284,8865400,JPM
2026-05-01,311.06866455078125,314.6624601726697,310.43152018106696,312.54203812020876,6135400,JPM
2026-05-04,306.270263671875,309.2568094519629,305.13539207341324,309.22694520939064,7338200,JPM
2026-05-05,308.0124206542969,309.5753869306937,305.42407485773,306.32999740556414,6316800,JPM
2026-05-06,313.4877624511719,314.84167905955115,309.95369528217543,310.0532528884956,8629500,JPM
2026-05-07,304.8964538574219,314.8814709002291,304.76706239082745,313.23887676443206,8359600,JPM
2026-05-08,300.74517822265625,307.60426284206056,299.1523476664256,306.86759124184925,9464300,JPM
2026-05-11,298.6545715332031,301.83026757429667,297.5395993270601,300.74515961007836,9512000,JPM
2026-05-12,303.5126953125,304.6873960201211,294.2245209852311,298.67447538308426,9498200,JPM
2026-05-13,298.9034729003906,301.6411400127173,298.72428743531935,300.91440289675086,7709500,JPM
2026-05-14,298.56500244140625,302.38777761395096,297.4699295162906,300.8945046380796,7364300,JPM
2026-05-15,296.4743957519531,299.44104214981957,295.1205095874812,298.86362628854243,8699300,JPM
2026-05-18,299.3813171386719,299.908939014877,295.8870488301784,296.6635495230975,7546300,JPM
2026-05-19,294.3738708496094,300.436555061437,293.935841710235,299.7396822358739,8066900,JPM
2026-05-20,300.625732421875,301.57145376364997,292.35300240137923,295.3694126574367,9327000,JPM
2026-05-21,301.6411437988281,302.6167597554335,298.8636475324957,299.8790926087445,7874400,JPM
2026-05-22,305.0059814453125,306.07119010408854,302.4773640852478,303.31359328873907,5973900,JPM
2026-05-26,305.3643493652344,308.54004556072954,304.0701916446211,307.1065011172144,7725400,JPM
2026-05-27,297.93780517578125,304.52811132231307,294.42363753054383,303.63215366632585,11779200,JPM
2026-05-28,295.3992614746094,299.7197941661088,294.4236455581874,296.23549066837876,9757700,JPM
2026-05-29,297.9676818847656,298.53513289689414,293.87612858626386,295.070728717322,13969000,JPM
2026-06-01,295.2499084472656,298.20659004481905,293.94578586060317,296.3549462063085,7930000,JPM
2026-06-02,299.6102600097656,300.7152977310929,293.9457758280521,295.17027051801705,8296200,JPM
2026-06-03,299.50079345703125,300.60580089187994,295.23002417973413,298.5749714904202,7003900,JPM
2026-06-04,309.4957580566406,311.5066879726736,303.0746723882986,304.36883009196185,10345200,JPM
2026-06-05,310.9691162109375,313.58732636819616,308.211549706599,312.8805189963161,9118800,JPM
2026-06-08,309.7147521972656,314.88147906470095,309.3862455138746,311.84516953437026,6827000,JPM
2026-06-09,311.2976379394531,315.0009559692908,307.62418415256917,312.1040028799189,11594600,JPM
2026-06-10,307.75360107421875,313.3384270822022,307.64407859799763,311.1582462393224,7446200,JPM
2026-06-11,312.0840759277344,313.30857066124145,307.4947650619962,308.1717081621576,9116600,JPM
2026-06-12,319.28167724609375,319.85906276888113,314.1348496322589,314.5529794375797,7426200,JPM
2026-06-15,317.96759033203125,324.4583697274161,317.41010417767774,322.4673390673774,7988900,JPM
2026-06-16,329.6549377441406,330.26218746993305,322.56684357389287,322.8455866314347,11094900,JPM
2026-06-17,331.9645080566406,336.25517637046335,330.01330666560995,330.69024974688585,12246400,JPM
2026-06-18,323.761474609375,336.57375116590936,322.70623086248213,335.4388795655989,20111000,JPM
2026-06-22,329.993408203125,331.2776010100568,325.28461010223134,328.22139226156105,10182500,JPM
2026-06-23,332.6414794921875,333.86594380335947,325.7425357353925,327.9924099173137,7582200,JPM
2026-06-24,331.95458984375,333.02973300317086,328.291070440402,331.57628916780243,7907400,JPM
2026-06-25,333.6170654296875,341.90972446819404,333.2586945227413,333.4577793441399,10043100,JPM
2026-06-26,327.57427978515625,334.8913229247855,326.03124330500606,334.49312290223526,17640900,JPM
2026-06-29,327.91278076171875,330.8993264933345,325.73259994718205,326.80774304304947,7981800,JPM
2026-06-30,325.86199951171875,328.95806779511634,325.2149206632551,327.41503128103255,8080100,JPM
2026-07-01,332.5718078613281,334.13477419390347,323.5524415571975,326.89735842569155,15210200,JPM
2026-07-02,332.9700012207031,338.4751995750331,330.2820977776739,336.5040683580973,8413900,JPM
2026-07-06,337.7200012207031,339.7200012207031,334.1099853515625,335.0,8673500,JPM
2026-07-07,339.2200012207031,341.3999938964844,337.0899963378906,340.9800109863281,7115800,JPM
2026-07-08,330.6199951171875,336.5299987792969,330.1300048828125,336.5299987792969,18505200,JPM
2026-07-09,335.4700012207031,337.0,330.80999755859375,331.4599914550781,15570600,JPM
2026-07-10,336.4700012207031,338.5899963378906,335.7699890136719,337.4700012207031,6299000,JPM
2026-07-13,334.5299987792969,338.3500061035156,332.5,338.3399963378906,7120300,JPM
2026-07-14,342.8900146484375,344.7300109863281,325.75,327.0,14537900,JPM
2026-07-15,346.9100036621094,351.239990234375,344.04998779296875,345.8500061035156,10750000,JPM
2026-07-16,343.1499938964844,349.3399963378906,341.1099853515625,349.2799987792969,12432400,JPM
2026-07-17,341.1000061035156,346.1300048828125,335.04998779296875,339.0299987792969,9250900,JPM
2026-07-20,338.8699951171875,344.260009765625,337.3699951171875,341.79998779296875,7723300,JPM
2026-07-21,345.2300109863281,345.739990234375,337.29998779296875,340.1199951171875,6015300,JPM
2026-07-22,348.2099914550781,349.07000732421875,344.25,345.07000732421875,8040200,JPM
2026-07-23,349.8999938964844,349.9200134277344,345.4200134277344,346.5799865722656,10913000,JPM
2026-07-24,353.2099914550781,353.3699951171875,347.5,350.6400146484375,7520800,JPM
2026-07-27,356.20001220703125,359.04998779296875,352.5799865722656,357.8900146484375,7884900,JPM
2026-07-28,357.30999755859375,359.29998779296875,354.1499938964844,357.29998779296875,6533800,JPM
2026-07-29,344.7099914550781,357.3699951171875,343.7799987792969,356.5,8265300,JPM
2026-07-30,350.8500061035156,352.2799987792969,345.3699951171875,347.5400085449219,7606500,JPM
2026-07-31,351.7900085449219,354.4700012207031,349.70001220703125,353.29998779296875,6603400,JPM
2026-08-03,352.6400146484375,355.6199951171875,350.8399963378906,353.75,6436600,JPM
2026-08-04,357.5199890136719,363.0,353.8699951171875,355.0,8477200,JPM
2026-08-05,359.239990234375,362.1700134277344,358.20001220703125,358.9700012207031,5269500,JPM
2026-08-06,356.29998779296875,362.80999755859375,354.95001220703125,362.80999755859375,5820100,JPM
2026-08-07,357.5199890136719,358.8500061035156,353.3299865722656,355.760009765625,4566200,JPM
2026-08-10,359.7900085449219,359.989990234375,356.5,357.9599914550781,5327500,JPM
2026-08-11,362.0400085449219,363.1199951171875,358.6000061035156,360.04998779296875,4576500,JPM
2026-08-12,365.17999267578125,366.0899963378906,361.29998779296875,362.9700012207031,4366800,JPM
2026-08-13,363.1099853515625,366.5,361.5199890136719,366.5,5102700,JPM
2026-08-14,362.8399963378906,365.8999938964844,361.45001220703125,363.0,5058600,JPM
2026-08-17,360.9599914550781,365.75,360.9599914550781,361.94000244140625,5282600,JPM
2026-08-18,363.25,363.57000732421875,359.2699890136719,362.3399963378906,5525100,JPM
2026-08-19,357.260009765625,363.04998779296875,355.6499938964844,363.010009765625,6696200,JPM
2026-08-20,351.54998779296875,357.95001220703125,351.54998779296875,357.6000061035156,6799700,JPM
2026-08-21,351.5799865722656,356.8599853515625,350.3699951171875,354.07000732421875,8112100,JPM
2026-08-24,356.3900146484375,358.2799987792969,352.82000732421875,353.29998779296875,4394400,JPM
2026-08-25,356.69000244140625,357.3699951171875,353.07000732421875,357.0,4298000,JPM
2026-08-26,356.5,358.3500061035156,354.6000061035156,356.5,5796500,JPM
2026-08-27,354.2200012207031,357.57000732421875,352.2300109863281,354.67999267578125,5209900,JPM
2026-08-28,357.6199951171875,358.7300109863281,354.2200012207031,355.6700134277344,3914500,JPM
2026-08-31,356.0199890136719,357.7699890136719,354.7699890136719,355.8999938964844,7962900,JPM
2026-09-01,354.95001220703125,359.92999267578125,354.1199951171875,355.7300109863281,5079000,JPM
2026-09-02,356.2200012207031,361.4700012207031,353.7900085449219,357.54998779296875,5341400,JPM
2026-09-03,362.05999755859375,362.8500061035156,356.3900146484375,358.67999267578125,5414200,JPM
2026-09-04,358.6400146484375,362.8599853515625,355.20001220703125,361.0,4873500,JPM
2026-09-08,353.510009765625,358.54998779296875,353.2300109863281,357.1000061035156,5631400,JPM
2026-09-09,354.7099914550781,356.3299865722656,348.69000244140625,352.0,6318200,JPM
2026-09-10,353.55999755859375,354.2200012207031,351.1199951171875,353.510009765625,4184200,JPM
2026-09-11,356.2300109863281,360.04998779296875,354.7900085449219,358.32000732421875,5354600,JPM
2026-09-14,350.1300048828125,355.2799987792969,347.54998779296875,354.2300109863281,9609900,JPM
2026-09-15,352.489990234375,354.70001220703125,343.07000732421875,351.0,14026500,JPM
2026-09-16,348.9200134277344,355.6000061035156,344.69000244140625,353.3800048828125,8303400,JPM
2026-09-17,349.30999755859375,353.489990234375,345.2699890136719,352.25,6480100,JPM
2026-09-18,349.6700134277344,349.6700134277344,345.010009765625,347.8900146484375,18312400,JPM
2026-09-21,352.0400085449219,354.5,350.0799865722656,353.6700134277344,6414700,JPM
2026-09-22,340.0,352.1000061035156,337.29998779296875,352.0,11485600,JPM
2026-09-23,337.5299987792969,341.44000244140625,336.9800109863281,337.6099853515625,7068500,JPM
2026-09-24,338.55999755859375,339.3699951171875,335.2799987792969,338.1199951171875,6934300,JPM
2026-09-25,343.05999755859375,343.30999755859375,338.6400146484375,340.7699890136719,11460300,JPM
