Price,Close,High,Low,Open,Volume,ticker
Ticker,KO,KO,KO,KO,KO,
Date,,,,,,
2021-09-27,46.31169128417969,46.86456302113204,46.27713597677629,46.519016537849076,12429500,KO
2021-09-28,45.47373962402344,46.182106893145175,45.29232921750146,46.182106893145175,19926100,KO
2021-09-29,45.750179290771484,45.92295253323655,45.404636101216866,45.47374342097759,13941500,KO
2021-09-30,45.32687759399414,46.06980005424339,45.29232229459308,45.93157885663913,17672000,KO
2021-10-01,45.80200958251953,45.957505162137366,45.41327063347496,45.594681044570656,16277400,KO
2021-10-04,45.77609634399414,46.242579803705375,45.26641710314955,45.836566483130326,18973400,KO
2021-10-05,45.85384750366211,46.19075353083934,45.72426674149748,45.80201453972112,17173100,KO
2021-10-06,46.3980712890625,46.44990424461738,45.36143524559084,45.586041424286854,21284500,KO
2021-10-07,46.54494094848633,46.89048418303346,46.48447080005619,46.639966408983966,13774400,KO
2021-10-08,46.752254486083984,46.985497840885486,46.562206908204146,46.64859187129725,13786800,KO
2021-10-11,46.84728240966797,46.985500335179495,46.65723152632389,46.83000475705712,12378500,KO
2021-10-12,46.84728240966797,47.36560210186765,46.83864523105019,47.01141516640813,19474400,KO
2021-10-13,46.85592269897461,47.020055455067826,46.467183755200914,46.795449267387355,12143300,KO
2021-10-14,47.1755485534668,47.34832177443966,46.91639036969505,46.98549768085914,13704000,KO
2021-10-15,47.063255310058594,47.40880182428456,46.89912252825794,47.20147325667382,17867000,KO
2021-10-18,46.59675979614258,46.98549872815263,46.527652483438104,46.95094342411281,15861800,KO
2021-10-19,46.77817916870117,46.82137165630247,46.4499103312553,46.683153718752976,11068500,KO
2021-10-20,47.192832946777344,47.30513275538333,46.7436238262267,46.804093967899334,12474800,KO
2021-10-21,46.95094680786133,47.227382669352245,46.83000653038098,47.16691253061207,14388300,KO
2021-10-22,47.03732681274414,47.10643411829144,46.70905804911367,46.98549386205254,12828600,KO
2021-10-25,46.84728240966797,47.0546109456229,46.66587200031696,46.97686315656171,11855000,KO
2021-10-26,47.05460739135742,47.149632825851725,46.84727887106303,46.925026654251546,12086700,KO
2021-10-27,47.961666107177734,48.445430492334346,47.74570039341813,48.350405051020076,24019800,KO
2021-10-28,48.41087341308594,48.4713435470925,48.0480493136714,48.1603524034158,15928000,KO
2021-10-29,48.69594955444336,48.782337819547145,48.1862703241448,48.264018115050526,24463700,KO
2021-11-01,48.52317428588867,48.72186563961206,48.28993421832251,48.71322516577615,11651100,KO
2021-11-02,48.46270751953125,48.808253998734415,48.35040771485935,48.78233916617559,11498900,KO
2021-11-03,48.62684631347656,48.66140162241439,48.186274362958386,48.376325266740785,10788300,KO
2021-11-04,48.8946418762207,48.920560005695066,48.40224025609119,48.47135087418863,10820200,KO
2021-11-05,49.10197067260742,49.378406555582814,48.886004933071916,49.10197067260742,12886700,KO
2021-11-08,48.661399841308594,49.14516096722896,48.48862659831896,49.024220685748865,12828000,KO
2021-11-09,48.79962158203125,48.82553641711911,48.454075069106175,48.73051096129593,10155800,KO
2021-11-10,48.99830627441406,49.17107622351523,48.62684495217058,48.84281068392258,8813600,KO
2021-11-11,49.01556396484375,49.13650419810702,48.868705613471064,49.09331172842359,7257700,KO
2021-11-12,48.90327835083008,49.2315471691889,48.85144539149699,49.02421862723191,10162500,KO
2021-11-15,48.91191482543945,48.963747784026225,48.609564138788265,48.834167035246956,10289200,KO
2021-11-16,48.56637191772461,49.1883509472626,48.54045379060299,48.91191509071786,13756500,KO
2021-11-17,48.29857635498047,48.4195166380969,48.07397344281789,48.41087945874954,13288700,KO
2021-11-18,47.866641998291016,48.31585109086031,47.63339862549299,48.22946612110195,15380100,KO
2021-11-19,47.62477493286133,47.93576618465729,47.42608680985309,47.89257039217073,15813700,KO
2021-11-22,47.91847610473633,48.39360004053449,47.58157010108628,47.59884445915128,16905600,KO
2021-11-23,48.27265548706055,48.471343540967744,47.94438669151271,48.08260461142099,13835900,KO
2021-11-24,47.88391876220703,48.238102404240415,47.53837229883896,48.12579930933949,12598900,KO
2021-11-26,46.415348052978516,47.296488508304265,46.28577060963287,47.15827059151052,14754300,KO
2021-11-29,47.149635314941406,47.27921276351281,46.58812315167306,46.69178576960522,22712500,KO
2021-11-30,45.66097640991211,46.688239809618125,45.652268930411154,46.66212069204567,30485200,KO
2021-12-01,45.530391693115234,46.592478390151555,45.512980054696385,46.12237411563412,18719600,KO
2021-12-02,46.200721740722656,46.43577386227418,45.71320586036428,45.79155656754813,17074200,KO
2021-12-03,46.60988998413086,46.67082905807349,46.122374071659394,46.427072762302984,21064400,KO
2021-12-06,47.80255126953125,48.09854243272367,47.13221824345048,47.28021548551165,26624100,KO
2021-12-07,48.063720703125,48.2465379013025,47.75031789428927,47.898315141097264,23832700,KO
2021-12-08,47.88091278076172,48.18560817008521,47.32375359975268,47.98537929696825,18026300,KO
2021-12-09,47.759033203125,47.994085348289595,47.523981057960405,47.663270849065654,13846400,KO
2021-12-10,48.99522018432617,49.030043455583204,47.94184113577546,48.09854253550217,23153600,KO
2021-12-13,50.28366470336914,50.43166198510043,49.58721569768579,49.60462733794422,31362800,KO
2021-12-14,50.318477630615234,50.640584606794185,49.97025485988749,49.97025485988749,24806600,KO
2021-12-15,50.54482650756836,50.710232077608524,50.187896251533125,50.43165252757762,24923800,KO
2021-12-16,51.05845260620117,51.258681428386964,50.40553123436192,50.47517445380793,24696900,KO
2021-12-17,50.25754165649414,51.293509195507234,50.231425860337694,50.91917060718697,51874400,KO
2021-12-20,50.09214401245117,50.301077056652424,49.62203968160206,49.79615276572368,20879500,KO
2021-12-21,50.292362213134766,50.46647526026912,50.08342589238751,50.15307243961331,15864900,KO
2021-12-22,50.649295806884766,50.65799996539716,50.04860924161813,50.24013061726424,12447400,KO
2021-12-23,50.684120178222656,51.023638823360464,50.44036056251233,50.945288111334015,11027300,KO
2021-12-27,51.05845260620117,51.093272555459265,50.492586088901895,50.492586088901895,9860000,KO
2021-12-28,51.258697509765625,51.310929110504276,50.75376989641947,50.840828099202014,8979900,KO
2021-12-29,51.31963348388672,51.45021579875758,51.067169692500116,51.31963348388672,9996000,KO
2021-12-30,51.17163848876953,51.56339209269983,51.154226848491426,51.41539813173217,7703900,KO
2021-12-31,51.54597091674805,51.66784905521728,51.10198579504865,51.1455132272262,10021300,KO
2022-01-03,51.624324798583984,51.633032278113234,50.82340937027394,51.206455446300865,20187300,KO
2022-01-04,52.486183166503906,52.703823663972315,51.87678910940629,51.99866725663972,26141600,KO
2022-01-05,52.92145919799805,53.27838944753294,52.27724192470257,52.31206519805479,22507300,KO
2022-01-06,52.642879486083984,53.208742732077276,52.616760370687594,52.642879486083984,17902300,KO
2022-01-07,52.5210075378418,52.86052618962038,52.28595539716496,52.47747678069643,12307900,KO
2022-01-10,52.608070373535156,52.947589076706564,52.39042983858621,52.71253690044997,20954300,KO
2022-01-11,52.62547302246094,52.66029629912578,52.094429676578606,52.60806138412851,19369600,KO
2022-01-12,52.70383071899414,52.83441304239688,52.39913198919263,52.69512323820876,15753800,KO
2022-01-13,53.01722717285156,53.13910532160494,52.573238692758004,52.70382432123975,14318000,KO
2022-01-14,53.44379806518555,53.49603297819549,52.547120311228575,53.05204451993676,19729600,KO
2022-01-18,53.01722717285156,53.2696876291562,52.6254736083368,53.1565169601312,21976700,KO
2022-01-19,53.104286193847656,53.2609876318974,52.721240079132016,52.808294957634885,18654700,KO
2022-01-20,52.88663864135742,53.487325193353975,52.86052284546679,53.10427912959346,23002400,KO
2022-01-21,52.62547302246094,53.36544938647145,52.5819455870951,53.17392800667569,26643200,KO
2022-01-24,52.19889831542969,52.53841697443864,50.98881762986214,52.146666719231746,30185100,KO
2022-01-25,52.07701873779297,52.27724759990982,51.09328274484453,51.676561013559265,19027100,KO
2022-01-26,51.885501861572266,52.538423462116874,51.54598316063803,52.0509107924394,19190200,KO
2022-01-27,51.92901611328125,53.04333422786253,51.79843050632191,52.12924494193695,18893800,KO
2022-01-28,52.96499252319336,53.00851995926232,51.31092338512891,51.70267695161054,19101500,KO
2022-01-31,53.11299514770508,53.22616915671934,52.36431449057897,52.49489682012061,22045300,KO
2022-02-01,52.72123718261719,53.2261614278685,52.37301104587586,53.02593256156793,20841700,KO
2022-02-02,53.2609748840332,53.33932558430506,52.72122746045484,52.77345904668278,20225600,KO
2022-02-03,53.635318756103516,53.783312683858874,52.747345226781164,53.05204056094224,19440500,KO
2022-02-04,53.069461822509766,53.69626756181624,52.72994315402899,53.53086196769067,17403700,KO
2022-02-07,53.626617431640625,53.73108726185344,52.982403416647244,53.43509605144472,17846400,KO
2022-02-08,53.9748420715332,54.26212911531535,53.74849742082968,53.82684813086751,18771700,KO
2022-02-09,53.13910675048828,54.25342507868884,53.01722859845766,54.122839446695714,23595600,KO
2022-02-10,53.43509292602539,54.236008318561986,52.40782956886393,52.54711934673683,23561500,KO
2022-02-11,52.486183166503906,53.957431733855366,52.364305019270475,53.77461451300521,22781400,KO
2022-02-14,52.82569885253906,52.921461197410565,51.60691080660581,52.37300624464758,23641300,KO
2022-02-15,53.02593231201172,53.78332033678946,52.78217600999832,53.06945974866689,13408700,KO
2022-02-16,53.01722717285156,53.45250817321674,52.72123595976601,52.98240389579903,15484700,KO
2022-02-17,54.07931900024414,54.21860880927452,52.59065854355735,52.712536711342565,21468700,KO
2022-02-18,54.4449462890625,54.68870257746442,53.96613787073144,54.079308535529265,21975000,KO
2022-02-22,54.21860122680664,54.532004083528385,53.7310886238444,54.34918685741754,21731400,KO
2022-02-23,53.617923736572266,54.2621411982165,53.40028319588492,54.18379047073181,19248500,KO
2022-02-24,52.67770004272461,52.77346238477303,51.55467769569987,52.207599132288045,27207400,KO
2022-02-25,54.714820861816406,54.75835161895078,53.03463592108923,53.052047559756886,21487800,KO
2022-02-28,54.18377685546875,54.27083172149616,53.46120884790623,53.67014517567439,25879100,KO
2022-03-01,53.948734283447266,54.627771657286175,53.54827319440274,54.09672824608155,15871100,KO
2022-03-02,54.34919357299805,54.740947192306706,53.78332686500433,54.175080484312986,17319100,KO
2022-03-03,54.38400650024414,54.862814912265065,54.22730508235652,54.50588464283889,21262800,KO
2022-03-04,54.471065521240234,54.4884771602144,53.278396479419904,53.50474114422289,17163000,KO
2022-03-07,53.17392349243164,54.035777930670825,52.86052067091552,53.98354302010808,29151400,KO
2022-03-08,51.06717300415039,53.5743927992433,51.00623392240602,53.49604207686755,30242100,KO
2022-03-09,51.32833480834961,52.09443029948437,51.06716687210132,52.07701866094375,23022700,KO
2022-03-10,50.38813781738281,51.06717522690788,50.05732327284938,50.91047377533578,20887300,KO
2022-03-11,50.42294692993164,51.232569815207235,50.37071533793342,50.45777020521733,19855600,KO
2022-03-14,51.352813720703125,51.79142674528101,50.85279514039248,50.85279514039248,17799400,KO
2022-03-15,52.30021667480469,52.53706811218009,51.738792532737904,51.82651714640574,18607200,KO
2022-03-16,52.15985870361328,52.580926794537355,51.41421792004285,52.44057076422933,17347300,KO
2022-03-17,52.71250915527344,52.75636978490596,51.95809427872854,52.15985585211937,15586200,KO
2022-03-18,52.721275329589844,52.89672117912009,52.37915776349904,52.89672117912009,30197800,KO
2022-03-21,53.142356872558594,53.59851148370292,52.85287066350543,53.07217718078138,17440100,KO
2022-03-22,53.335330963134766,53.46691617905776,52.68618570867063,53.44937126051129,17559500,KO
2022-03-23,52.98445129394531,53.493240629573194,52.63355955834901,53.29147905282838,15529200,KO
2022-03-24,53.49324417114258,53.52833401629568,53.037086223207666,53.19498718004482,13151300,KO
2022-03-25,53.97572326660156,54.04590296397679,53.554655121406654,53.6160606834339,12259800,KO
2022-03-28,54.317832946777344,54.33537786854401,53.695003282643206,53.97571533820653,11485200,KO
2022-03-29,54.52836990356445,54.85294259776108,54.15993657712803,54.57223053580426,14720600,KO
2022-03-30,54.57222366333008,54.57222366333008,54.00202882331583,54.39677781011365,13641000,KO
2022-03-31,54.38800811767578,54.949432182183955,54.38800811767578,54.58099889473224,16822900,KO
2022-04-01,55.15119552612305,55.221375209627176,54.4669603437152,54.67749604787611,12644900,KO
2022-04-04,54.86171340942383,55.08101990369269,54.14238837593007,54.91434482638337,11505800,KO
2022-04-05,54.8003044128418,55.47576877427825,54.712579812839536,54.73889886601587,15721200,KO
2022-04-06,55.35295867919922,55.49331470386874,54.651178555851594,55.063475842347145,19267400,KO
2022-04-07,55.65121078491211,55.85297234358968,55.010836269191685,55.37927289321037,13960800,KO
2022-04-08,55.99333572387695,56.177552375941396,55.40559257912413,55.68630462408468,12703500,KO
2022-04-11,55.97578811645508,56.40563029699522,55.82665796740391,56.063509371413616,12720100,KO
2022-04-12,56.633705139160156,56.85301162646199,56.04596535943993,56.47580420059472,18089900,KO
2022-04-13,56.7828483581543,56.905659476652254,56.344235308460455,56.52845198620739,11883000,KO
2022-04-14,57.037227630615234,57.51970457432927,56.86178511982983,56.98459621592017,16388400,KO
2022-04-18,56.52845001220703,57.177595429128324,56.30036936037379,56.817929528441155,11679400,KO
2022-04-19,57.08110046386719,57.239001425161995,56.52845044568728,56.58108186855094,11993800,KO
2022-04-20,57.8618278503418,58.107450066698,57.370583417629376,57.405673261780755,14827100,KO
2022-04-21,58.081119537353516,58.77412872393909,57.65128076840358,57.87936135084102,15120400,KO
2022-04-22,57.238990783691406,58.195163815703346,57.17758523753195,57.96708989722683,14902200,KO
2022-04-25,57.84428405761719,58.94958398885724,56.82669869433858,58.77414146752798,25082000,KO
2022-04-26,57.063541412353516,58.22147920968096,57.05476728032857,57.47583191970122,21982600,KO
2022-04-27,57.51093292236328,58.142536696766555,57.019688516806546,57.019688516806546,16971000,KO
2022-04-28,58.063594818115234,58.142541950698,56.58108064104893,56.721440022578754,22010600,KO
2022-04-29,56.67757797241211,57.92323740873451,56.572308432680565,57.78288471512968,20137100,KO
2022-05-02,55.65121078491211,57.29162230727406,54.896799309733474,57.26530660068391,24970300,KO
2022-05-03,55.33542251586914,56.089834130778065,54.9757566119803,55.89684666945342,21686300,KO
2022-05-04,57.04600143432617,57.12495524861532,55.2125990978613,55.26523385860361,19780200,KO
2022-05-05,56.589847564697266,57.046002111137064,56.15123459236166,56.7477485024462,20155200,KO
2022-05-06,56.791603088378906,57.29162158539943,56.203863339595614,56.31790029761696,18984000,KO
2022-05-09,56.67757797241211,57.33549753715049,56.17755937091909,56.55476685574392,20055300,KO
2022-05-10,56.15123748779297,57.30040139290386,56.01087811691061,56.58107634888967,21322200,KO
2022-05-11,56.41439437866211,57.19512487890275,56.10736665823641,56.43194264423063,19648400,KO
2022-05-12,56.589847564697266,56.60738913880145,55.44945115954355,56.2828198226029,22574700,KO
2022-05-13,57.65129470825195,57.72147439561752,56.2477344244574,56.85301582305118,16167000,KO
2022-05-16,57.8618278503418,58.230261174876105,57.405673261780755,57.405673261780755,13223200,KO
2022-05-17,57.70392608642578,57.98463814298525,57.02846500094635,57.98463814298525,21300600,KO
2022-05-18,53.68622589111328,57.47583817506638,53.47569020216248,57.38811692337511,31437300,KO
2022-05-19,52.63356399536133,53.47570021616266,52.33530699886687,53.47570021616266,31493900,KO
2022-05-20,53.49324417114258,53.721324818285936,52.335306051904666,53.0634052802484,29133800,KO
2022-05-23,55.142425537109375,55.35295789796648,54.02834814298991,54.080982906379965,19406900,KO
2022-05-24,56.160003662109375,56.309137163483584,55.04592962484995,55.1599699379436,16154200,KO
2022-05-25,56.20386505126953,56.55475676170942,55.791567793455364,56.14245950389525,15360500,KO
2022-05-26,56.40563201904297,57.10740877283907,56.10737171183483,56.20386710304603,16159800,KO
2022-05-27,56.73896789550781,56.87055311073607,56.26526513630731,56.37053464703033,17709000,KO
2022-05-31,55.59857940673828,56.42317056181159,55.3090932486591,56.21263821625518,43159000,KO
2022-06-01,55.3266487121582,55.86175715747967,54.50205739994187,55.63367650225154,15408300,KO
2022-06-02,55.90560531616211,55.91437944897924,54.484500317745606,55.42313174810694,14586000,KO
2022-06-03,55.23891830444336,55.817887288807235,55.0985622884264,55.7652525279191,13539900,KO
2022-06-06,55.15119552612305,55.94070023378709,54.96697887645193,55.554722013568835,15112800,KO
2022-06-07,55.48454666137695,55.5898128484991,54.581004917012386,54.721360948625836,17886300,KO
2022-06-08,55.168739318847656,55.449451354420894,54.879256496191495,55.256463921433934,10211500,KO
2022-06-09,54.21255874633789,55.57225819186042,54.195013827165525,55.151190170777056,13382200,KO
2022-06-10,53.87044906616211,54.29151714882085,53.03708368853784,53.519557324104,14967600,KO
2022-06-13,53.80904006958008,54.642405393870575,53.22129694119992,53.29147662366084,23064200,KO
2022-06-14,52.33348846435547,53.8002043775208,51.82985731993012,53.65883429084928,24620000,KO
2022-06-15,52.722251892089844,53.57930988208255,52.103759910165735,53.01382957259279,19684700,KO
2022-06-16,52.19211959838867,52.589724029742,51.467597465935405,51.81218684959869,15053800,KO
2022-06-17,52.51020050048828,53.12869587695968,52.24513201643729,52.74876314729276,34781900,KO
2022-06-21,53.632328033447266,53.791369801025006,52.13910292347055,52.563216550697,17705000,KO
2022-06-22,54.02992630004883,54.2949947589857,53.29656674744421,53.54396352638152,15207100,KO
2022-06-23,54.67493438720703,54.70144022530402,54.100616511228104,54.16246571380691,17190900,KO
2022-06-24,55.69986343383789,55.717535114514796,54.87814882026847,54.87814882026847,18147100,KO
2022-06-27,55.58500289916992,55.92075811335058,55.337606094262426,55.64685210039679,12142100,KO
2022-06-28,55.028350830078125,56.336024812653875,54.878146606177225,55.73520454652194,13150100,KO
2022-06-29,55.42596435546875,55.7617195891702,55.16089585329556,55.25808842388246,11795500,KO
2022-06-30,55.58500289916992,55.761716347187566,54.92232999700026,55.06370008130864,15514200,KO
2022-07-01,56.88384246826172,56.94569167272089,55.50548491685303,55.770553417467866,15143200,KO
2022-07-05,55.91191864013672,56.707127443260205,55.15205319949174,56.707127443260205,15921200,KO
2022-07-06,56.026790618896484,56.627611011347234,55.83240546895331,56.194666558056205,13450500,KO
2022-07-07,55.58500289916992,56.17699244444973,55.3994552954893,55.894248905304295,14828400,KO
2022-07-08,55.78821563720703,56.035612413079186,55.558490541115496,55.69102308367775,11311500,KO
2022-07-11,55.61151123046875,56.07096486770639,55.30226521046689,55.65569212235087,12702100,KO
2022-07-12,55.37294006347656,56.06212209871709,55.1962300052117,55.66451772656454,14731100,KO
2022-07-13,55.1167106628418,55.66451927385239,54.76328379543138,55.0725331470476,13145300,KO
2022-07-14,54.94000244140625,55.00185164349158,54.16246528165383,54.188974490068055,14433000,KO
2022-07-15,55.22274398803711,55.638020101396364,54.84281123975711,55.443634963989254,21968400,KO
2022-07-18,54.471710205078125,55.275753136919576,54.348008440501516,55.24040977561197,10780800,KO
2022-07-19,55.24924850463867,55.35527859733948,54.71911152324958,54.86048160965525,10998200,KO
2022-07-20,54.33918380737305,55.29343450672232,54.02993776806303,55.13439272349744,11010500,KO
2022-07-21,54.21547317504883,54.674926737442426,53.71184209849836,54.12711477620682,11959600,KO
2022-07-22,54.418704986572266,54.6661018193277,54.18014231047422,54.23315736200569,11644700,KO
2022-07-25,54.948829650878906,55.046022204877524,54.17129595994651,54.38334937728142,14941700,KO
2022-07-26,55.85007858276367,56.37138146779996,55.24925480439884,55.443639959319555,20118000,KO
2022-07-27,55.673362731933594,55.83240451179165,54.59541701020881,55.55850184578086,12142900,KO
2022-07-28,56.60110092163086,56.76898021871567,55.56733278297265,55.59383862123708,10837000,KO
2022-07-29,56.69828796386719,56.80431804764948,56.221166068960635,56.29184942095372,13734200,KO
2022-08-01,57.00753402709961,57.46699098306552,56.57458964790846,56.62760131934418,12831500,KO
2022-08-02,56.23000717163086,57.07822772352227,56.044459557878774,57.06939019685091,15241900,KO
2022-08-03,56.4774055480957,56.63644732727918,55.938434374783874,56.15048783334254,11317000,KO
2022-08-04,56.25650405883789,56.30951909884347,55.59383122614559,56.22999822409926,11795600,KO
2022-08-05,56.000282287597656,56.22117326796942,55.372949341739904,56.22117326796942,10445400,KO
2022-08-08,55.63801193237305,56.3802056374212,55.443626823506435,56.10629965406627,9165200,KO
2022-08-09,55.70869445800781,55.93842292336803,55.53198103169879,55.823558690687925,7910900,KO
2022-08-10,56.23884963989258,56.36254805992976,55.75288674613344,56.22117795552596,8857300,KO
2022-08-11,55.85891342163086,56.539258060579584,55.7352150091909,56.27418618188944,8507800,KO
2022-08-12,56.283023834228516,56.33603551366153,55.744049289799854,56.04446116519309,9489300,KO
2022-08-15,56.989871978759766,57.15775127816122,56.16815727593534,56.23000647975836,9863300,KO
2022-08-16,57.458160400390625,57.634877228291316,56.8396683553825,57.05172180780561,9569600,KO
2022-08-17,57.325626373291016,57.62604162019516,57.219603014078444,57.28145222063842,8144000,KO
2022-08-18,57.626041412353516,57.74090229810551,57.175421914151535,57.39631289979162,6532000,KO
2022-08-19,57.58185577392578,57.84692763127452,57.39630817020461,57.61719913764277,8921100,KO
2022-08-22,56.72479248046875,57.3609594862553,56.539248264485494,57.29027276537752,9087900,KO
2022-08-23,56.786651611328125,56.87501339841344,56.26535212102593,56.38905053367587,8443800,KO
2022-08-24,56.86616516113281,57.060550270416705,56.592262547718214,56.76013508123524,6844700,KO
2022-08-25,57.14007568359375,57.175419048451666,56.459734447987294,56.86617303226691,7913900,KO
2022-08-26,55.761714935302734,57.25493999418831,55.646850691420326,57.19309079452746,10089500,KO
2022-08-29,55.42596435546875,55.69103285764194,55.1432241704135,55.39062098970462,9115900,KO
2022-08-30,54.91349792480469,55.58500500811491,54.7721278351326,55.58500500811491,8456800,KO
2022-08-31,54.52471923828125,55.24924125738815,54.515885083646026,55.11670871469003,14633600,KO
2022-09-01,54.78096008300781,54.816303446826964,54.15363054259703,54.40986487449282,14939700,KO
2022-09-02,54.02992630004883,55.46129867473061,53.80903535584671,55.12554349579546,11809800,KO
2022-09-06,54.05643081665039,54.75444699223517,53.88855491654053,54.15362336901387,12181800,KO
2022-09-07,55.05487823486328,55.213920036584994,54.18014832539384,54.18014832539384,13290700,KO
2022-09-08,54.886985778808594,55.046027542495644,54.19780704985048,54.85164578617818,17193500,KO
2022-09-09,55.06370544433594,55.55850247287124,54.657266833679614,54.93116950278196,11855900,KO
2022-09-12,55.22274398803711,55.496650011608146,55.019524694624586,55.16089478441281,13026900,KO
2022-09-13,53.429107666015625,54.97534442024138,53.26122837556136,54.95767273858679,18532800,KO
2022-09-14,53.711849212646484,53.96808354743419,53.402599831531724,53.579313282093196,12881600,KO
2022-09-15,52.98204803466797,53.75635558136546,52.8307486673312,53.75635558136546,11451900,KO
2022-09-16,52.99094772338867,53.222347744428,52.60824494639444,53.097747471937375,20493500,KO
2022-09-19,53.391441345214844,53.489339116493724,52.715035138456024,52.857435909073324,12596200,KO
2022-09-20,53.31135177612305,53.42705009215566,52.79514675344382,53.1155494026788,11984600,KO
2022-09-21,52.8663444519043,54.02335128167203,52.857442492886925,53.52494682488015,14165300,KO
2022-09-22,52.74174118041992,53.16004498465405,52.688343006332246,52.999843672185776,11657600,KO
2022-09-23,52.15433883666992,52.59934173935517,51.62033671148871,52.47474146981973,14824000,KO
2022-09-26,51.5046272277832,52.127631876475114,51.344425935402356,52.05643318825152,18670100,KO
2022-09-27,50.17852783203125,51.949637468446525,50.11622769779168,51.691538367355164,23829300,KO
2022-09-28,50.712528228759766,50.95283019341613,49.760222329067446,50.427726654745385,21480100,KO
2022-09-29,50.34762954711914,50.988434831350936,49.8403264954699,50.810432986275124,14570700,KO
2022-09-30,49.85811996459961,50.84602683963458,49.84031944310051,50.6146234552486,16124600,KO
2022-10-03,50.41883087158203,50.59682931883095,49.8937273039511,50.160728369927234,16277600,KO
2022-10-04,50.534523010253906,51.45123119809904,50.24972145532212,50.68582574605649,18861400,KO
2022-10-05,50.05392837524414,50.418830622465876,49.40422114460527,50.28532839258606,14324900,KO
2022-10-06,48.97701644897461,49.92932235150571,48.834615661542934,49.840323132524375,17192800,KO
2022-10-07,48.51421356201172,49.0304185439339,48.28281355311384,48.941419323996854,11479800,KO
2022-10-10,48.40740966796875,48.91471264733272,48.07810850831723,48.594310050870774,10239100,KO
2022-10-11,48.487518310546875,49.14612413352742,48.273918807760616,48.46971778613087,14303900,KO
2022-10-12,49.074913024902344,49.87591950103006,48.98591381426694,49.15501367251512,18377400,KO
2022-10-13,49.7246208190918,49.911524608813814,48.2917110034707,48.48751335694018,16220700,KO
2022-10-14,48.932518005371094,50.258628128445935,48.89691695888928,50.098426814380446,15997900,KO
2022-10-17,49.56441879272461,50.03612414696675,49.457619053789735,49.51102062080842,13721400,KO
2022-10-18,50.23191833496094,50.534520395808386,49.92931627411349,50.1162200433885,11823100,KO
2022-10-19,49.80472183227539,50.320926806015365,49.600020913582746,50.11622588732272,10182300,KO
2022-10-20,49.02151870727539,49.76912028358346,48.91471557200064,49.63562145714382,16905100,KO
2022-10-21,49.80472183227539,49.93822405516747,48.94141854824165,48.950317112053256,15034100,KO
2022-10-24,51.23762893676758,51.380029715907725,50.34762321836605,50.40992334704597,17416700,KO
2022-10-25,52.465843200683594,52.60824399453964,51.39783554921189,52.54594385942154,28829900,KO
2022-10-26,52.857444763183594,53.20454648751213,52.385742768080995,52.51924160315203,15831400,KO
2022-10-27,52.98204803466797,53.257951074938646,52.848549192036046,53.195650936023156,16026100,KO
2022-10-28,54.076751708984375,54.21025393898769,52.928646790387376,53.01764601365443,12888900,KO
2022-10-31,53.266849517822266,53.907654825318225,53.10664819094828,53.854253251325915,14016400,KO
2022-11-01,53.07994842529297,53.65845358664618,52.8396464380433,53.42705016406374,10659500,KO
2022-11-02,52.34124755859375,53.605054291427315,52.30564650820612,53.079950681070386,14549200,KO
2022-11-03,52.31453323364258,52.51033557135833,51.7093290944323,51.71823105256607,9194000,KO
2022-11-04,52.74174118041992,53.03544471831264,52.11873984871286,52.777342226546786,9725900,KO
2022-11-07,52.94645309448242,53.195653662918794,52.723951616920495,52.74174874743471,8849700,KO
2022-11-08,53.04433822631836,53.21344148175142,52.45693460162451,53.1778404390179,10081600,KO
2022-11-09,52.30564498901367,53.079949139388646,52.287844464336864,53.03544952524809,10115200,KO
2022-11-10,54.18354797363281,54.32594874984713,53.11554045447429,53.622843431931685,16804800,KO
2022-11-11,54.575157165527344,54.690858873932186,53.58725015206921,54.619656777959115,18972100,KO
2022-11-14,54.050052642822266,54.93115989197345,54.03225211914113,54.5751562085562,16361000,KO
2022-11-15,53.9610481262207,54.69085255004357,53.400343568126694,54.406050989288424,13295800,KO
2022-11-16,53.86315155029297,54.317053015517004,53.658450623223096,54.10345352427135,14199500,KO
2022-11-17,54.03225326538086,54.0589557490204,53.516051648088165,53.56944982516162,11212600,KO
2022-11-18,54.414955139160156,54.61965606977443,54.11235302540367,54.28145630359577,10415600,KO
2022-11-21,55.25156021118164,55.367258517603375,54.46835417756727,54.65525457572786,15399400,KO
2022-11-22,55.49185562133789,55.62535783819051,55.224854582735055,55.59865875286095,12319600,KO
2022-11-23,55.74105453491211,55.88345530240493,55.44735104221323,55.61645428774365,8990400,KO
2022-11-25,55.79446029663086,55.90126343311721,55.51856068179752,55.83006134212631,5165500,KO
2022-11-28,55.80336380004883,56.159364079548816,55.6787635324687,55.7944618408773,12267500,KO
2022-11-29,55.60755920410156,55.687659857912,55.16255632628855,55.64316024915121,10969600,KO
2022-11-30,57.0147819519043,57.0775239311341,55.347630117097594,55.580671265782385,30433900,KO
2022-12-01,57.17611312866211,57.462934550355385,56.853438174461914,57.01477565156201,12001400,KO
2022-12-02,57.67804718017578,57.83041955999665,56.82654803330677,57.01477394456113,13643500,KO
2022-12-05,56.88929748535156,57.185080610624446,56.701068130161836,56.83551718112859,9185100,KO
2022-12-06,56.862403869628906,57.25678591673588,56.67417793942674,56.93411093971428,10099500,KO
2022-12-07,56.9520378112793,57.11337530008483,56.692104810516895,56.871369066876525,12307600,KO
2022-12-08,57.19404602050781,57.2298961376733,56.781737190881245,57.00581666427727,9946200,KO
2022-12-09,56.593509674072266,57.22093286590344,56.54869446448032,57.01478016643544,13914900,KO
2022-12-12,57.33745193481445,57.37330546815244,56.47698423060838,56.7369172185371,11647900,KO
2022-12-13,57.355384826660156,57.99176630587458,57.185082234708084,57.89317078825632,17521600,KO
2022-12-14,57.355384826660156,57.94695451318818,56.97892952477059,57.534649093313206,12826700,KO
2022-12-15,56.566619873046875,57.265746699591226,56.01090376525986,56.99685202931888,12212300,KO
2022-12-16,56.24393844604492,56.59350181919842,55.8674866347045,56.24393844604492,33631500,KO
2022-12-19,56.324615478515625,56.83551639442727,55.99297882168451,56.315653804193204,10919700,KO
2022-12-20,56.2797966003418,56.602471561819215,56.24394306702628,56.30668504073787,10286500,KO
2022-12-21,57.185081481933594,57.40916437668625,56.53076982356747,56.53076982356747,10411300,KO
2022-12-22,56.77276611328125,56.996845549563666,56.154308100046876,56.84446975491758,9666700,KO
2022-12-23,57.2030029296875,57.24781813679708,56.64728683933027,56.91618150116886,6463300,KO
2022-12-27,57.55256652832031,57.624273595285146,57.10440761733352,57.30159863230568,7320700,KO
2022-12-28,56.97892379760742,57.946948688725236,56.9072201496623,57.776646113890905,7159400,KO
2022-12-29,57.31953048706055,57.49879475120403,57.09545101167656,57.185081434157574,7169300,KO
2022-12-30,57.0147819519043,57.29263831158446,56.62039988910959,57.29263831158446,7650200,KO
2023-01-03,56.42321014404297,56.96996458739039,55.733044979422566,56.96996458739039,12180500,KO
2023-01-04,56.39632034301758,56.76381396258261,56.02883014263398,56.60247646785991,13387900,KO
2023-01-05,55.7509765625,56.28876595893023,55.64341936705028,56.10950168705962,9814700,KO
2023-01-06,56.826560974121094,57.068563818454756,56.09158050826624,56.38736366199723,9990000,KO
2023-01-09,56.11846160888672,57.11337497784708,56.09157316729794,56.73691969969771,9442600,KO
2023-01-10,55.68824005126953,56.22602950053445,55.50001066676307,56.10950719949368,10134600,KO
2023-01-11,55.580665588378906,56.07364311651607,55.0428762730052,55.912305638067735,10823000,KO
2023-01-12,54.863609313964844,55.73303863601535,54.64849496612984,55.6702966662984,13907300,KO
2023-01-13,55.06081008911133,55.087698532568346,54.307902899681125,54.40649841793222,13986400,KO
2023-01-17,55.284881591796875,55.9123047289856,55.17732441430713,55.32969679748585,18327800,KO
2023-01-18,53.6087760925293,55.20422089796804,53.492253805414094,55.13251382307207,19679400,KO
2023-01-19,53.528099060058594,54.35270977867501,53.51913396749307,53.53706073344313,14894500,KO
2023-01-20,53.85077667236328,53.85973834619107,53.241280276638605,53.5281017076642,14237700,KO
2023-01-23,53.9852180480957,54.28996622198488,53.823880578437844,54.030033252071576,12613400,KO
2023-01-24,54.27204132080078,55.43725376010294,53.599802980528644,53.85077428594,10103300,KO
2023-01-25,54.61265182495117,54.621613499823845,53.68048035584155,53.95834014543622,11265800,KO
2023-01-26,54.505088806152344,54.76501837986244,54.28997102119857,54.505088806152344,11884800,KO
2023-01-27,54.21826934814453,54.63953642112638,54.11070874215734,54.53197923432052,14087000,KO
2023-01-30,54.35271453857422,54.82776191071904,54.19137705007574,54.26308412015564,15632000,KO
2023-01-31,54.96220397949219,54.98013074473617,54.23618537342479,54.65745580870622,14344400,KO
2023-02-01,54.97117614746094,55.19525561308239,54.334787866518234,54.8008735653126,12535400,KO
2023-02-02,54.0300407409668,54.69331747695898,53.69840408256139,54.496126449116176,16947200,KO
2023-02-03,53.626705169677734,54.155529483482574,53.08891234235254,54.09278749983856,15404400,KO
2023-02-06,53.93144226074219,54.08381807001657,53.528101972057264,53.59084394670519,11330900,KO
2023-02-07,53.84181594848633,53.994191769373,53.36676855589772,53.48328742102004,14922700,KO
2023-02-08,53.528099060058594,53.70735988119713,53.411576790973754,53.70735988119713,11012000,KO
2023-02-09,53.4384651184082,54.065888248622215,53.42053835249569,53.913515867137335,12515300,KO
2023-02-10,53.4384651184082,53.6894364220024,52.775191875550156,53.52809894797077,14420700,KO
2023-02-13,54.316864013671875,54.46027474259794,53.53706838883527,53.689444211608794,16191800,KO
2023-02-14,53.41157913208008,54.5857567094169,53.38469069156694,53.96729522416554,20505700,KO
2023-02-15,53.41157913208008,53.71632732822652,53.088904169197825,53.68943888771338,13171400,KO
2023-02-16,53.07994842529297,53.61773781072223,52.837942176095346,53.088910100071466,16538300,KO
2023-02-17,53.886627197265625,53.98522270602806,53.22335391516027,53.33091109781875,16814700,KO
2023-02-21,53.59981155395508,53.98522853756068,53.52810789749766,53.770114149006865,14278300,KO
2023-02-22,53.76114273071289,54.10174446156787,53.55499004127416,53.644620456097556,12409600,KO
2023-02-23,53.859745025634766,54.15552816716985,53.60877709715874,53.788037949395,12222800,KO
2023-02-24,53.635658264160156,53.69840023776667,53.232314562988925,53.492247550319405,9736200,KO
2023-02-27,53.617733001708984,54.047965155300865,53.54602935236761,53.9404079716982,8849800,KO
2023-02-28,53.33987808227539,53.5101806758864,53.008241408204704,53.5101806758864,16082200,KO
2023-03-01,52.75727081298828,53.04409226023349,52.318073548604545,52.99927705019793,13275800,KO
2023-03-02,53.528099060058594,53.581875938727755,52.70348492226118,52.73933845416129,11758300,KO
2023-03-03,53.27712631225586,53.49224407864631,53.070973638188,53.37572181271894,13101800,KO
2023-03-06,54.10175323486328,54.11968000457125,53.07995129578117,53.115801416015394,16282700,KO
2023-03-07,53.78804016113281,54.289979457905936,53.5549989921342,54.21827579789934,13961200,KO
2023-03-08,53.8149299621582,54.074862985477495,53.53707016972915,53.8149299621582,10851600,KO
2023-03-09,53.29505920410156,54.26308413536377,53.13372171555786,54.26308413536377,13900900,KO
2023-03-10,53.07097244262695,53.90454821244252,52.87378486532384,53.51016963865548,13745800,KO
2023-03-13,53.6087760925293,54.55887090063034,53.10683682580202,53.14269036325001,21956000,KO
2023-03-14,53.80595779418945,54.19137473142511,53.19646140131359,53.7790693536506,19496900,KO
2023-03-15,54.16448974609375,54.20930495624437,53.097872700110976,53.26817186635588,21089900,KO
2023-03-16,54.4625358581543,54.49866440415481,53.92062144977775,54.27286615976328,15658300,KO
2023-03-17,54.20965576171875,54.50770772327071,53.86644138426955,54.47158261412495,27351200,KO
2023-03-20,54.73350143432617,54.73350143432617,54.16449225211804,54.3360977037574,12904100,KO
2023-03-21,54.48060607910156,54.86897937748845,54.083202365932536,54.70640434814472,13716500,KO
2023-03-22,54.23673629760742,54.977354245606534,54.218672025045535,54.552855899328996,10494200,KO
2023-03-23,54.11933135986328,54.54383323870272,53.93869548797352,54.27287598545967,15479000,KO
2023-03-24,55.00446319580078,55.11284540708178,54.110300477859504,54.41738628099598,12975600,KO
2023-03-27,55.410892486572266,55.52830854831042,55.049617332205145,55.22122277212392,12777400,KO
2023-03-28,55.47411346435547,55.763138399643765,55.33863657901601,55.44701877636916,10925700,KO
2023-03-29,55.871524810791016,55.952812326288516,55.627662264298515,55.74507833010784,9441000,KO
2023-03-30,55.862483978271484,56.07925180767926,55.69087855382082,55.88958211032731,9870700,KO
2023-03-31,56.02507019042969,56.22377378666427,55.88055942373412,56.052168327903416,14440900,KO
2023-04-03,56.359249114990234,56.46763131900062,55.871524028831274,56.26892774047479,12300700,KO
2023-04-04,56.18763732910156,56.66633197583173,56.070224716397455,56.350212349438905,11433400,KO
2023-04-05,56.720523834228516,56.91922741120383,56.4495666036128,56.47666129305193,12789600,KO
2023-04-06,56.75665283203125,56.93729213567117,56.34118484544514,56.77471710693606,9644200,KO
2023-04-10,56.62117385864258,56.62117385864258,56.01603613907239,56.44053799605389,7952600,KO
2023-04-11,56.52182388305664,56.63923650127304,56.35924885508671,56.585047122221816,9913000,KO
2023-04-12,56.62117385864258,56.928259648614855,56.2779629633975,56.431504135679525,9593700,KO
2023-04-13,57.036643981933594,57.04567439669095,56.431502830946435,56.68439578905012,9871400,KO
2023-04-14,56.946319580078125,57.03664094989096,56.70245704969541,56.946319580078125,8946000,KO
2023-04-17,57.31663131713867,57.379854556319806,57.02760981076547,57.19018483877641,9452400,KO
2023-04-18,57.406951904296875,57.44307700804221,57.07276799273991,57.361789495151065,9035700,KO
2023-04-19,57.51533126831055,57.65081159824666,57.28953301535562,57.56049022981995,9769500,KO
2023-04-20,57.768226623535156,57.804355172415846,57.29856582431031,57.47017470878957,10706400,KO
2023-04-21,57.849517822265625,58.04821450571319,57.62371611352445,57.804355413272546,12931100,KO
2023-04-24,57.75920104980469,58.69851928157037,57.46114566467109,58.48175486093535,15532300,KO
2023-04-25,57.66887664794922,57.95789815725558,57.4701765136812,57.95789815725558,12818900,KO
2023-04-26,57.39791488647461,57.59661845047834,57.2534041432195,57.40694874596999,13179600,KO
2023-04-27,57.51533126831055,57.587584917644,57.00051152720595,57.379850938374425,13795800,KO
2023-04-28,57.93983459472656,57.948868454508364,57.3346934694418,57.45210952874923,13687600,KO
2023-05-01,58.0753173828125,58.427562130214845,57.85854608378314,57.93983704362323,9091500,KO
2023-05-02,57.81338882446289,57.93080143979089,57.1450244542055,57.93080143979089,10948400,KO
2023-05-03,57.48823547363281,57.96692665815021,57.425012239655345,57.82241247144987,11084600,KO
2023-05-04,57.55146026611328,57.741129973181984,57.36178711363664,57.569524539940005,11938300,KO
2023-05-05,57.822418212890625,57.99402710393314,57.47017690676044,57.47920732162196,9039000,KO
2023-05-08,57.73209762573242,57.85854410042355,57.45210998760436,57.632749285195125,7240700,KO
2023-05-09,57.25340270996094,57.57855273549723,57.1540509304462,57.47920095598249,9067700,KO
2023-05-10,57.352752685546875,57.47919914807655,56.892125794130536,57.19017767789224,10134000,KO
2023-05-11,57.677913665771484,57.74113690905544,56.910197440253214,57.42502069263568,9581500,KO
2023-05-12,57.903709411621094,57.9759665124429,57.53340038342984,57.677911139665255,8740800,KO
2023-05-15,57.750160217285156,58.03015129266276,57.54242623700162,58.00305660470645,8150000,KO
2023-05-16,57.09986877441406,57.7140403568623,57.045675948171606,57.7140403568623,9129600,KO
2023-05-17,57.036643981933594,57.28050307987178,56.65730109936991,57.26244225035707,11583000,KO
2023-05-18,56.720523834228516,56.93729168596596,56.5127898425762,56.91019355111871,13595100,KO
2023-05-19,56.74762725830078,56.991486376798406,56.54892366280508,56.93729699286935,14251400,KO
2023-05-22,55.55539321899414,56.78373610223078,55.492169992245856,56.71148246255022,15055400,KO
2023-05-23,55.456050872802734,55.6999099477421,55.24831345348608,55.55539920739648,13932700,KO
2023-05-24,54.98639678955078,55.483152304537136,54.84188603163824,55.437993338703514,11090100,KO
2023-05-25,54.561893463134766,54.85091497118535,54.32706477987172,54.61608628792231,14463600,KO
2023-05-26,54.42641067504883,54.76962499244462,54.29093378728774,54.59801955645072,12570300,KO
2023-05-30,53.992881774902344,54.37222466401414,53.75805308766796,54.27287287292752,15634200,KO
2023-05-31,53.88449478149414,54.44447348238456,53.62256798197472,54.11932344786499,59432200,KO
2023-06-01,54.191585540771484,54.34512671267439,53.983851542980844,54.13739271488375,13402700,KO
2023-06-02,55.23928451538086,55.383795259587295,54.263837853339396,54.43544328539456,15259800,KO
2023-06-05,54.86897659301758,55.49217854360374,54.688337297868436,55.094774850602015,12915600,KO
2023-06-06,54.47157669067383,55.08574826967612,54.29996779790635,55.04961971905052,10943500,KO
2023-06-07,54.390289306640625,54.51673578872927,54.02901069032317,54.200616138099434,16817900,KO
2023-06-08,54.5257568359375,54.56188538044385,54.1735121405197,54.30899245971469,15585900,KO
2023-06-09,54.616085052490234,54.796720906879706,54.34512438008989,54.4354457526927,12581500,KO
2023-06-12,54.381248474121094,54.778655590200984,54.2096430483461,54.724462771078876,14208900,KO
2023-06-13,54.59801483154297,54.796714938812,54.227705857723066,54.38124700631312,13397800,KO
2023-06-14,54.96833419799805,55.16703778824284,54.733502055816324,54.85091812690718,14099700,KO
2023-06-15,55.72368621826172,55.78739095546441,54.91372301241515,55.159442772331715,15271400,KO
2023-06-16,56.124122619628906,56.579158490279305,55.95121023857511,56.06041787546971,26738000,KO
2023-06-20,55.75099182128906,56.38804271712325,55.732793442010674,56.05131715410373,13971800,KO
2023-06-21,55.905704498291016,56.169626123021004,55.49617154123552,55.79649686695889,13948700,KO
2023-06-22,56.28792953491211,56.515447444869956,56.05131243608098,56.25152930777118,15193400,KO
2023-06-23,55.69638442993164,56.39714000137273,55.67818258074058,56.36983549176226,25112100,KO
2023-06-26,55.7145881652832,55.77829290378471,54.959227020696936,55.70548550455563,12856100,KO
2023-06-27,55.596282958984375,55.84200274637005,55.496174511718195,55.71459325772152,9068500,KO
2023-06-28,55.07754135131836,55.55077906609946,54.96833371610676,55.405167728601285,11173200,KO
2023-06-29,54.62250518798828,54.92282705108446,54.394987257417675,54.804520226774386,17142300,KO
2023-06-30,54.80451965332031,54.92282647639247,54.485992470865554,54.604302765585786,19739200,KO
2023-07-03,55.132144927978516,55.17764781838115,54.63160271860542,54.78631671195201,9694500,KO
2023-07-05,55.54167175292969,55.60537649077168,54.74991038857366,54.8591180146388,14716600,KO
2023-07-06,55.11394500732422,55.53257716832392,55.05933945394021,55.26865553444006,12603900,KO
2023-07-07,54.38587951660156,55.05933405571718,54.35857847841032,54.88642169442632,14574000,KO
2023-07-10,53.976348876953125,54.74080917442322,53.821634896740704,54.57699600556194,15480600,KO
2023-07-11,54.16746139526367,54.20386509202003,53.54861243699603,54.112855850129144,15967700,KO
2023-07-12,54.45869445800781,54.649808695116704,54.103767025763226,54.37678786043997,14241300,KO
2023-07-13,54.92282485961914,55.0229333005395,54.58609930787174,54.71350878844384,11269800,KO
2023-07-14,55.42337417602539,55.550783672946395,54.68621476600591,54.73171766181363,11634200,KO
2023-07-17,55.341461181640625,55.605379335495904,55.050238516136304,55.29595481944156,10014300,KO
2023-07-18,55.123043060302734,55.74189209930028,54.97743172592967,55.477970470859084,11152900,KO
2023-07-19,56.09681701660156,56.23332915535497,55.223149049193836,55.3050556381163,12936000,KO
2023-07-20,56.77937316894531,56.797575019658936,56.12412042984717,56.133223091028,11563000,KO
2023-07-21,56.82487487792969,57.04329361030191,56.64286331787548,56.843076728264705,12815100,KO
2023-07-24,56.843074798583984,57.1616019611616,56.78847272108052,56.80667109914977,10251100,KO
2023-07-25,56.65196228027344,56.77937176046018,56.4699472493004,56.69746517010471,13422700,KO
2023-07-26,57.38001251220703,57.48922012991231,55.86929382596824,56.297028580148,17145500,KO
2023-07-27,56.82487487792969,57.58023604441697,56.77027279857262,57.38001916237977,11517100,KO
2023-07-28,56.86127471923828,57.125196323710824,56.624657624239,56.961383153462194,9721800,KO
2023-07-31,56.360740661621094,56.833978362243116,56.178725627282155,56.833978362243116,15577900,KO
2023-08-01,56.21513366699219,56.752076150325216,56.07862151279039,56.50635635575095,9281600,KO
2023-08-02,56.38804244995117,56.96138860065018,56.024015848090784,56.024015848090784,11059400,KO
2023-08-03,56.09681701660156,56.53365100030542,55.99670857773544,56.30613308348167,8037400,KO
2023-08-04,55.250450134277344,56.324334980311235,55.168543545286695,56.13322076321568,9359300,KO
2023-08-07,55.687278747558594,55.814691684981796,55.27774931375051,55.323252198435014,6982600,KO
2023-08-08,55.44156265258789,55.832893735591554,55.16854185486732,55.68728241203073,7956100,KO
2023-08-09,55.56897735595703,56.08771792952742,55.2868538887889,55.43246521695518,7904100,KO
2023-08-10,55.44156265258789,56.17872193091643,55.32325583895258,55.832893735591554,7870300,KO
2023-08-11,55.66908645629883,55.696390969115065,55.232252439368885,55.36876458850556,8483900,KO
2023-08-14,55.40517044067383,55.95121211510859,55.28686013827526,55.80560077048276,7176300,KO
2023-08-15,55.03203201293945,55.42336308756006,54.94102276788366,55.23224540876675,7187400,KO
2023-08-16,55.041133880615234,55.35055838556998,54.968329952674765,55.0957394303065,8372300,KO
2023-08-17,55.159446716308594,55.53257597730979,55.01383538205563,55.13214567602618,12873500,KO
2023-08-18,55.4688720703125,55.596281555745236,54.941028805921896,55.09574280369601,11083800,KO
2023-08-21,54.99563217163086,55.450668013877255,54.89552373087298,55.3869632736946,8648500,KO
2023-08-22,54.658905029296875,55.13214270805482,54.58609763026587,54.91372398260967,9411500,KO
2023-08-23,54.85002136230469,55.004731883747894,54.749912920595314,54.78631662151654,7749500,KO
2023-08-24,54.70440673828125,55.40516231642897,54.68620488891599,54.850018061555595,8955100,KO
2023-08-25,54.959224700927734,55.12303787063092,54.61339651248239,54.97742654996673,7629200,KO
2023-08-28,55.11394500732422,55.26865553444006,54.941029157432254,55.104842345936156,6254300,KO
2023-08-29,55.0593376159668,55.17764790852536,54.74081391097991,55.113943167527985,8189600,KO
2023-08-30,55.03203201293945,55.27775176711851,54.868218843486744,55.186742522062715,9447900,KO
2023-08-31,54.449588775634766,55.032034079270495,54.43138692594017,54.87732009269033,14663500,KO
2023-09-01,53.976348876953125,54.722607325477775,53.80343304779527,54.604297043156244,11262300,KO
2023-09-05,53.530418395996094,53.985454256874434,53.393906249073346,53.92174951408331,12474600,KO
2023-09-06,53.494014739990234,53.53952110343574,53.166388364412036,53.34840340324972,13923500,KO
2023-09-07,53.0844841003418,53.8398418085458,53.05717958853218,53.648727584118674,17628600,KO
2023-09-08,53.0844841003418,53.15728803132202,52.79325796147679,53.05717958853218,14312300,KO
2023-09-11,53.58502197265625,53.685130413820765,52.99347398667391,53.14818797892307,14767400,KO
2023-09-12,53.05718231201172,53.69423323111733,52.957073864083206,53.685134041145744,12292700,KO
2023-09-13,53.18458938598633,53.40300812351468,53.093583603810885,53.14818915610499,12641400,KO
2023-09-14,53.62489700317383,53.74414595967669,53.37722770852561,53.42309511431333,12311600,KO
2023-09-15,53.14789581298828,53.79000089582424,52.973611597312015,53.57902416131365,55727500,KO
2023-09-18,53.47812271118164,53.52398661118131,52.86353875296526,53.18458955215422,13617400,KO
2023-09-19,53.36805725097656,53.56068776153007,53.129559333841115,53.44143880296235,11998900,KO
2023-09-20,53.606544494628906,53.96429132245397,53.27632230609952,53.4781241714467,14766600,KO
2023-09-21,52.78098678588867,53.588201291714974,52.67090921757381,53.542337387846224,15941800,KO
2023-09-22,52.83601760864258,53.17541816682901,52.74428980865187,53.06534060781063,14644100,KO
2023-09-25,52.28564453125,52.735119155461064,52.047150148470934,52.652562734654595,12358800,KO
2023-09-26,51.854515075683594,52.193915631406036,51.73526963639962,52.037974173524404,11194700,KO
2023-09-27,51.322486877441406,51.85451440519013,51.074817623437426,51.75361172772282,13766300,KO
2023-09-28,51.194061279296875,51.661878600251185,51.093158612238476,51.579322190766206,12484800,KO
2023-09-29,51.35000228881836,51.61601779074513,51.01977663114251,51.4967688589864,12271600,KO
2023-10-02,50.891361236572266,51.37752489112684,50.524446525297805,51.285797088106065,11792500,KO
2023-10-03,50.340980529785156,50.8454903757288,50.249249240128464,50.597821142442086,13604200,KO
2023-10-04,50.48774719238281,50.70789528960586,50.18503918471248,50.35015200722522,12100500,KO
2023-10-05,48.04775619506836,50.405196367658974,47.91933587425662,50.21256588644137,29878100,KO
2023-10-06,48.74489212036133,48.882487308182895,47.286397826054795,47.73587240697308,30298900,KO
2023-10-09,48.506404876708984,48.75407415160766,47.80008957404049,48.57978642157258,15704700,KO
2023-10-10,49.561283111572266,49.83647349688469,49.130158273018935,49.653014406406776,20909700,KO
2023-10-11,49.26774978637695,49.7906059178534,48.634819600692595,49.73557064034499,21138900,KO
2023-10-12,48.44218826293945,49.37782645491765,48.09361634847125,49.313612800323405,19330400,KO
2023-10-13,48.51557540893555,49.001739070125794,48.2862523990622,48.3779837025264,14494600,KO
2023-10-16,49.01091003417969,49.130158969559645,48.46970763415207,48.634820468003966,12816800,KO
2023-10-17,49.59797286987305,49.625490507196766,48.80910127414463,48.900832563875205,16457200,KO
2023-10-18,49.579620361328125,50.019919998952744,49.46037144930777,49.62548425081581,12809500,KO
2023-10-19,49.85482406616211,50.23091368591834,49.40535289823453,49.68053982746247,16202200,KO
2023-10-20,50.05662536621094,50.46940747599544,49.937376423564,50.0199328455209,15686400,KO
2023-10-23,49.60715103149414,50.350155281934605,49.579629893158135,49.88233792051621,21212700,KO
2023-10-24,51.038124084472656,51.524287703435704,50.726244678166466,51.047298963617884,25290800,KO
2023-10-25,51.47842025756836,51.57015154674316,50.964739034953034,51.148194614920854,16701000,KO
2023-10-26,51.166542053222656,51.94624228283797,51.111506777638944,51.70774442467198,16228400,KO
2023-10-27,50.67121505737305,51.49677581386747,50.542791229339606,50.95557335718258,13626500,KO
2023-10-30,51.505943298339844,51.62518872988983,50.836317109772594,50.84549198862476,15014300,KO
2023-10-31,51.81782913208008,52.02880588240653,51.50594969699066,51.891210676058584,16639400,KO
2023-11-01,51.7719612121582,52.17557194716909,51.60684836587037,52.10218690473386,14110800,KO
2023-11-02,52.368202209472656,52.42324099106228,51.69857944649353,51.82699977101125,13087200,KO
2023-11-03,52.04714584350586,52.82684258726058,52.010453326362075,52.652558379614156,13958700,KO
2023-11-06,52.25813293457031,52.54249125086428,52.04715616792934,52.08384519315997,12673200,KO
2023-11-07,52.45075607299805,52.652561429788456,52.037973979195506,52.21225819693826,10449300,KO
2023-11-08,52.368202209472656,52.716774161157474,52.21226074456442,52.57917895677911,13744000,KO
2023-11-09,51.9737663269043,52.4140660818001,51.707750798157434,52.313163398538094,12021100,KO
2023-11-10,52.028804779052734,52.22143526450166,51.42339218250513,52.16639648329137,11678900,KO
2023-11-13,52.221439361572266,52.37737733844856,51.9187312899536,51.93707755179639,12798200,KO
2023-11-14,52.37737274169922,52.50579656332805,52.11136071630357,52.3039911999598,12697100,KO
2023-11-15,52.478275299072266,52.597524240706605,52.05632181229396,52.56083172032814,10201900,KO
2023-11-16,52.42324447631836,52.771812951985666,52.1113650249586,52.51497228587468,16010400,KO
2023-11-17,52.52414321899414,52.59752826536634,52.01046189115512,52.45993305301426,14475800,KO
2023-11-20,52.65256118774414,52.817674024506125,52.248950476018734,52.33150689439972,13051000,KO
2023-11-21,53.23045349121094,53.23962837073236,52.58835189236188,52.70759733261026,13891600,KO
2023-11-22,53.588199615478516,53.69827718035016,53.32218758168401,53.441433028174444,11320600,KO
2023-11-24,53.725799560546875,53.890912423225714,53.514822791388745,53.624896866777384,4816000,KO
2023-11-27,53.62489700317383,53.83587377286858,53.450612758432534,53.69828205308075,16246500,KO
2023-11-28,53.7349739074707,53.96429693678044,53.53316852193678,53.56986104643235,13739600,KO
2023-11-29,53.41392135620117,53.81752864159748,53.294672397191775,53.734975707504645,11263600,KO
2023-11-30,54.033390045166016,54.051882388780356,53.25672924863348,53.5895843795837,22727500,KO
2023-12-01,54.21830749511719,54.26453658852929,53.848471220766584,53.8762079714031,15371200,KO
2023-12-04,54.15359115600586,54.514183056435385,54.033392680178,54.172083500522,14942200,KO
2023-12-05,54.23679733276367,54.393980475569236,54.01489275675981,54.13509121572246,11891500,KO
2023-12-06,54.18132781982422,54.30152629545369,53.820735919989865,54.14434665790706,14868500,KO
2023-12-07,54.3107795715332,54.44946687823117,53.98716880179578,54.246054595942184,11587900,KO
2023-12-08,54.190574645996094,54.320017527690894,53.96867004376645,54.3107731191644,11178700,KO
2023-12-11,54.58815383911133,54.634382938064164,54.08887110549072,54.39398950727692,14524800,KO
2023-12-12,54.93949890136719,54.93949890136719,54.458712030266405,54.73609015653354,12899000,KO
2023-12-13,55.411041259765625,55.494255044898914,54.79156007553914,54.96723558140609,16196800,KO
2023-12-14,54.58815383911133,55.51274992638467,54.33851247230102,55.448028482439874,22478300,KO
2023-12-15,54.18132781982422,54.70834729297505,53.4416516756699,54.393988017881775,65177400,KO
2023-12-18,54.56966018676758,55.004221466032384,54.199820349897,54.366247923783355,16717700,KO
2023-12-19,54.39399337768555,54.73609296674364,54.21831785128874,54.55117303072014,14612200,KO
2023-12-20,53.26597595214844,54.24604545166594,53.228991265775065,54.088865825159864,17701000,KO
2023-12-21,53.61732864379883,53.691294496699996,53.136538255251665,53.487882228877,11725100,KO
2023-12-22,53.92243576049805,54.05187862974238,53.645057679681095,53.73751586426886,9029400,KO
2023-12-26,54.14434814453125,54.283035441400166,53.682050100859875,53.682050100859875,6422500,KO
2023-12-27,54.283023834228516,54.3385008573461,53.99640136575452,54.218302404118035,8560100,KO
2023-12-28,54.32001495361328,54.43096548594346,54.11660270512976,54.227556764513764,8400100,KO
2023-12-29,54.4864387512207,54.53266784257654,54.20906067603212,54.3107667932471,9244300,KO
2024-01-02,55.3093376159668,55.36481465090001,54.246050705598975,54.36624918442719,16322600,KO
2024-01-03,55.43877410888672,55.66067869596868,55.25385420749405,55.411037358146636,14830600,KO
2024-01-04,55.25385665893555,55.71615466940107,55.16139846766401,55.52199035149849,12912900,KO
2024-01-05,55.17064666748047,55.42953596952956,54.63438277255465,55.290845146037036,10412800,KO
2024-01-08,55.57747268676758,55.64219413224541,54.93949911412292,55.17989607765849,11554600,KO
2024-01-09,55.47576141357422,55.60520429254393,55.124413937046484,55.466517005242345,10493700,KO
2024-01-10,55.660682678222656,55.85484700140229,55.45727041943217,55.67917502239034,12258000,KO
2024-01-11,55.30009460449219,55.716160032316076,55.18914053182185,55.70691562312067,13754200,KO
2024-01-12,55.83634948730469,55.90107092237196,55.35555916462375,55.549726996879244,13218000,KO
2024-01-16,55.466514587402344,55.87333555029542,55.33706818702141,55.836350864472294,11826900,KO
2024-01-17,55.466514587402344,55.669923305322,55.30933143618095,55.346316122004076,8982100,KO
2024-01-18,55.62369918823242,55.68842063068665,55.041202679090325,55.189137908564845,10397700,KO
2024-01-19,55.31857681274414,55.734642164323574,55.14290132673597,55.71614982226726,14392600,KO
2024-01-22,55.078189849853516,55.540487903672705,54.95799136828534,55.25386184056528,14314300,KO
2024-01-23,55.337074279785156,55.475765103365234,54.97648237094195,55.041203814731546,14481600,KO
2024-01-24,54.467952728271484,55.30009057742984,54.44946038417308,55.29084264185364,16370500,KO
2024-01-25,54.69910430908203,54.70834871803861,54.23680626606171,54.560413485354275,14899700,KO
2024-01-26,54.89326477050781,55.00421883248907,54.67136370065312,54.782314235580465,13025100,KO
2024-01-29,55.22611618041992,55.28159320767172,54.70834117389752,54.86552432091744,14547100,KO
2024-01-30,55.38330078125,55.494251311612366,54.96723188357392,55.337068160466394,22061500,KO
2024-01-31,55.00421905517578,55.8918303922959,54.81929914484561,55.56821966745462,22837000,KO
2024-02-01,56.38187026977539,56.409607024371404,54.88402556166846,55.078189897949045,15870900,KO
2024-02-02,55.97504425048828,56.28015910494548,55.688418212740295,56.233930009064565,17544900,KO
2024-02-05,55.51274871826172,55.82711152217535,55.36481348859966,55.82711152217535,12759600,KO
2024-02-06,55.420284271240234,55.52199039795638,55.17989085750074,55.4387766149208,12775200,KO
2024-02-07,55.466514587402344,55.669923305322,55.420281966596555,55.54048043199483,10259900,KO
2024-02-08,55.31857681274414,55.44801968008473,54.93024468366877,55.37405031185948,12874800,KO
2024-02-09,55.068939208984375,55.08743155229103,54.57890092899273,54.985725427631365,15235300,KO
2024-02-12,55.19839096069336,55.25386447247932,54.51418825654638,55.16140626813311,13516800,KO
2024-02-13,54.87477111816406,56.08599314633598,54.35699961614857,55.013461928806116,24195700,KO
2024-02-14,54.81929397583008,55.096672051643864,54.58814499147632,54.708339923861686,15872500,KO
2024-02-15,54.9210090637207,55.09668105078341,54.67136769659739,54.93949788168169,13695800,KO
2024-02-16,54.91175842285156,55.124415089469565,54.51418184224495,54.87477373464304,13947100,KO
2024-02-20,56.12297821044922,56.25242108682415,55.02270670715459,55.10592048868903,18339300,KO
2024-02-21,56.62226486206055,56.65924602428856,56.243180614554134,56.39111584462849,14373000,KO
2024-02-22,56.53904724121094,56.63150543109322,55.938058425814525,56.39111202116697,12982800,KO
2024-02-23,56.58527374267578,56.97360235484771,56.400353844332805,56.48356762223446,13612900,KO
2024-02-26,56.132225036621094,56.65000009147903,56.08599593978917,56.622263338790674,10336100,KO
2024-02-27,55.79011917114258,56.196940115079556,55.586706935647285,55.975039064587975,9931100,KO
2024-02-28,55.845603942871094,55.92881773011028,55.53124113852905,55.81786366242197,8076500,KO
2024-02-29,55.494258880615234,56.06750748057034,55.38330833512004,55.799373762490575,18152700,KO
2024-03-01,55.04119873046875,55.38330178981777,54.865526760274754,55.38330178981777,10927600,KO
2024-03-04,55.30009460449219,55.42953749555333,54.7545827585529,54.7638271677483,10150200,KO
2024-03-05,55.03195571899414,55.577467513713586,54.93949400045039,55.39254760367999,12310000,KO
2024-03-06,55.059688568115234,55.47575745443423,54.90250894831343,55.031951818045194,12378800,KO
2024-03-07,54.95798873901367,55.263107132923054,54.77307234797606,55.18913775486475,13686900,KO
2024-03-08,55.03195571899414,55.2815970684814,54.523428611692204,54.8285434652518,13239000,KO
2024-03-11,55.69767761230469,55.74390671770086,55.08744425073308,55.272360672317774,14114300,KO
2024-03-12,55.93805694580078,56.16920594144459,55.66992326436107,55.77162938677294,12684600,KO
2024-03-13,56.51130676269531,56.59452054411654,56.21543632365402,56.289405696941266,13909500,KO
2024-03-14,56.3854866027832,56.665083345958784,56.29228887347983,56.46004763043828,13996600,KO
2024-03-15,55.807655334472656,56.33889023664507,55.583975796853174,55.93813358339,36849900,KO
2024-03-18,56.040653228759766,56.292291375381446,55.73309430891138,55.81697369111861,15856700,KO
2024-03-19,56.133853912353516,56.24569190941899,55.97541704611625,56.14317581934737,15030600,KO
2024-03-20,56.61848831176758,56.674409086292144,56.06861313903937,56.087253397214226,15258800,KO
2024-03-21,56.35753631591797,56.84217240143332,56.21773614605673,56.441415706781505,13067100,KO
2024-03-22,56.37617874145508,56.65577553665316,56.32025796030901,56.40413735439505,11502800,KO
2024-03-25,56.29229736328125,56.581212500854114,56.0313372823969,56.36685484691534,13144700,KO
2024-03-26,56.422767639160156,56.58120449149631,56.273649137734445,56.38548712498735,13277400,KO
2024-03-27,56.879451751708984,57.252249850134596,56.57189634248409,56.655775736866545,12551200,KO
2024-03-28,57.019248962402344,57.09380644505074,56.85149018236098,56.98196844344516,13683500,KO
2024-04-01,56.55324935913086,57.131083143259616,56.50665049118375,57.01924514913341,11668700,KO
2024-04-02,56.05929946899414,56.599852780142676,56.0220189495312,56.33889625443414,13017300,KO
2024-04-03,55.76105499267578,56.28296797453871,55.714452571924696,55.96609071186527,13672900,KO
2024-04-04,55.2671012878418,56.05929628270551,55.14594138410672,56.00337550668952,14320700,KO
2024-04-05,55.46282196044922,55.621262390925246,54.90362838818729,55.22050569387332,10157800,KO
2024-04-08,55.239139556884766,55.42553857780882,55.0527405359607,55.36029945377525,10284500,KO
2024-04-09,55.65853500366211,55.67717526079162,55.10865986177087,55.4348554733735,10779100,KO
2024-04-10,54.912940979003906,55.35097814965225,54.6985833469516,55.28573902490875,11861900,KO
2024-04-11,55.03410339355469,55.33234042180869,54.79178714132299,55.1273046869252,11109000,KO
2024-04-12,54.31646728515625,54.996820701157766,54.17667068352797,54.94090348261272,12250900,KO
2024-04-15,54.18598937988281,54.810425581315265,54.092791644870545,54.62402655602503,12425000,KO
2024-04-16,54.11143112182617,54.409668135879215,53.990271223846605,54.288508237899656,11236800,KO
2024-04-17,54.53083038330078,54.57743281044611,54.14871394546488,54.31647272844318,13805100,KO
2024-04-18,54.903629302978516,54.96886843565387,54.55879337951362,54.63335086459999,11125900,KO
2024-04-19,56.07792663574219,56.25500729544031,54.987498291406105,55.08069601894639,21207900,KO
2024-04-22,56.432090759277344,56.506651793924284,55.65853957877735,56.049974344876325,15624500,KO
2024-04-23,56.51597213745117,56.55325265608854,56.04065796825549,56.413452488831375,13689100,KO
2024-04-24,57.364078521728516,57.457279808799775,55.77037384309857,56.217729355243875,19548300,KO
2024-04-25,57.54116439819336,58.333355856048044,57.19632493771299,57.66232074945478,19048500,KO
2024-04-26,57.54116439819336,57.71824152675952,57.17768467861141,57.36408371436131,10994300,KO
2024-04-29,57.82075500488281,57.83007335580641,57.34543733667226,57.708913462206496,13409300,KO
2024-04-30,57.56912612915039,58.55703858347827,57.289529338005856,57.913962053053126,19349200,KO
2024-05-01,57.718238830566406,58.314712872890254,57.04720375531922,57.59707892969884,16729800,KO
2024-05-02,57.77416229248047,58.156278715821486,57.52252412755845,57.951239421011124,10991300,KO
2024-05-03,57.94191360473633,58.091035667458435,57.447959215399145,57.77415839470527,11628700,KO
2024-05-06,58.109676361083984,58.13763852739769,57.69028297430335,58.06307749091568,9310700,KO
2024-05-07,58.3613166809082,58.54771572372884,58.01648076261294,58.49179494430284,9807000,KO
2024-05-08,58.5756721496582,58.68751370433608,58.23083624423285,58.5756721496582,10484400,KO
2024-05-09,58.603633880615234,58.85527204387226,58.48247397491387,58.538394751837394,9113700,KO
2024-05-10,58.957786560058594,59.05098785244091,58.519752929291926,58.64090927649027,8371700,KO
2024-05-13,59.25602340698242,59.29330036632093,58.883225371472896,58.93914614337899,10137600,KO
2024-05-14,58.80867385864258,59.423788228084774,58.529077064399054,59.25603299575157,10852200,KO
2024-05-15,58.836631774902344,59.07894803099802,58.71547186922157,58.77139264613559,9838900,KO
2024-05-16,59.013710021972656,59.395826449970826,58.78071211330875,58.9391525399385,10228000,KO
2024-05-17,58.74342727661133,59.06030455131221,58.659547893447396,59.03234594201279,11539000,KO
2024-05-20,58.31471252441406,58.72478753724475,58.212192882389964,58.650230060032676,11000900,KO
2024-05-21,58.631591796875,58.69683092488,58.19355460432791,58.54771241011632,9796200,KO
2024-05-22,58.7154655456543,58.7341058026181,58.39858828780046,58.44518715257725,7419400,KO
2024-05-23,57.86735916137695,58.603633385958865,57.83007864374261,58.24015722718866,9834300,KO
2024-05-24,57.78347396850586,58.17490869853927,57.75551536072218,57.988513239627444,8203100,KO
2024-05-28,57.615718841552734,57.90463750949517,57.224284086855604,57.587760232007426,12347000,KO
2024-05-29,57.503883361816406,57.671642136953025,56.91672764883822,57.28952571697869,11861800,KO
2024-05-30,57.755523681640625,57.858043331971565,57.41068421138818,57.64368212386178,9433800,KO
2024-05-31,58.650238037109375,58.743435785116816,57.49456676337967,57.77416711793438,19816600,KO
2024-06-03,58.650238037109375,58.79935656708099,58.20288244719451,58.445198725173576,9369000,KO
2024-06-04,59.59154510498047,59.619507272194554,58.65955345054074,58.90187327164404,11895600,KO
2024-06-05,59.57289505004883,59.7126951973347,59.041660178787204,59.63813772597689,9632500,KO
2024-06-06,59.787261962890625,59.982979343665264,59.49834328989061,59.57290076840514,8658500,KO
2024-06-07,59.5635871887207,59.852505884867284,59.47038944429461,59.73134241763446,9523100,KO
2024-06-10,59.265342712402344,59.63814075391536,59.060303434043625,59.591538332277025,15685300,KO
2024-06-11,59.22806930541992,59.32127060461648,58.78071373507455,59.265349825098546,8396000,KO
2024-06-12,58.603633880615234,59.35854481512045,58.42655319799035,59.35854481512045,9569600,KO
2024-06-13,58.706153869628906,58.752752739703936,58.20287754018049,58.58499396322112,9668900,KO
2024-06-14,58.748409271240234,58.87989994336029,58.31636746774516,58.58874305019505,8179200,KO
2024-06-17,58.81415557861328,59.077140510048686,58.40089866186074,58.57934977942048,10532700,KO
2024-06-18,58.823551177978516,59.00200229966709,58.645096473437704,58.72962670641697,10651700,KO
2024-06-20,58.400901794433594,58.926868102664606,58.18488087753131,58.60753205531941,13306300,KO
2024-06-21,58.95504379272461,59.26498560193257,58.40090193228384,58.40090193228384,28278100,KO
2024-06-24,60.082115173339844,60.1666418301343,59.086537193370106,59.16167677654633,13212500,KO
2024-06-25,59.96001052856445,60.17603143929586,59.65006514608966,60.05393141745559,10235300,KO
2024-06-26,60.157249450683594,60.2136005502431,59.387083122465654,59.54675293120608,9402500,KO
2024-06-27,60.0257568359375,60.363874191112814,59.753381237765,60.15725109850004,8494100,KO
2024-06-28,59.78156280517578,60.16664062123286,59.65946277639399,60.016368623604826,17358800,KO
2024-07-01,59.434043884277344,60.39205557613957,59.283768313227874,60.13846129535656,10033400,KO
2024-07-02,59.31195068359375,59.52797160484076,59.03957507655744,59.41526223326216,8878200,KO
2024-07-03,59.48101043701172,59.80034290405582,59.10531970200913,59.349516171764144,9154200,KO
2024-07-05,59.88487243652344,59.91305157017152,59.17106434783005,59.481009737992565,11735500,KO
2024-07-08,59.13349914550781,59.725210838087065,59.020793350729306,59.725210838087065,11235100,KO
2024-07-09,58.87990951538086,59.387090975597495,58.785988615127124,59.2274247285956,11657500,KO
2024-07-10,59.01139831542969,59.03957386632056,58.50421690227986,58.90808318502668,11930400,KO
2024-07-11,59.264991760253906,59.60311273841719,58.60753828366166,58.83294988053537,11431600,KO
2024-07-12,59.82852554321289,60.21360695686776,59.53736502738503,59.60311037243445,9201500,KO
2024-07-15,59.5561408996582,60.05392803185199,59.49978621978923,59.91304670645762,8207500,KO
2024-07-16,60.36387252807617,60.4014423163447,59.537358683281845,59.57492847155037,9025100,KO
2024-07-17,61.24674606323242,61.41580653152233,60.49537177749195,60.55172287835372,12508200,KO
2024-07-18,61.227970123291016,61.810283991830325,60.786534019265915,60.86167360414363,11128200,KO
2024-07-19,61.32188415527344,61.65061084517416,60.8804481006763,61.65061084517416,13775700,KO
2024-07-22,60.8334846496582,61.321884735593606,60.410837068029615,61.284314947005925,11794200,KO
2024-07-23,61.011940002441406,62.02630280797577,60.90862487415339,61.453376065907534,11810300,KO
2024-07-24,61.81027603149414,61.96055518189564,60.88984131524996,61.13403418609597,13244600,KO
2024-07-25,62.054481506347656,62.82464430538982,61.85724547843862,62.02630595460421,16328600,KO
2024-07-26,62.974918365478516,63.03126946439872,61.998125378537104,62.0544764774573,13530100,KO
2024-07-29,62.76829528808594,62.95613708308868,62.35503474023372,62.81525215398404,12140200,KO
2024-07-30,63.5666389465332,63.70752388734259,62.32686436568102,62.43957375146967,13258000,KO
2024-07-31,62.68375778198242,63.50088459022304,62.561661338973714,63.39756945932923,15576800,KO
2024-08-01,63.829612731933594,63.9704976559335,62.646189402321234,62.927959250321045,16495900,KO
2024-08-02,65.11634063720703,65.43567305850767,63.576015293477916,64.36495927483509,22514800,KO
2024-08-05,63.96110153198242,65.32297953624266,63.613593517488695,64.79700964652281,25484300,KO
2024-08-06,63.91413879394531,64.65611878324486,63.65115029040792,64.00805967664238,12969100,KO
2024-08-07,64.29920959472656,64.97545134198872,63.7075016487238,63.9141318676876,13365300,KO
2024-08-08,64.55281829833984,64.67491474340464,63.72629723727086,63.8671821604717,15240900,KO
2024-08-09,64.50585174560547,64.609166874198,64.10198546993593,64.52463305730203,12080400,KO
2024-08-12,64.02684783935547,64.37436302480171,63.70751537086821,64.28982920533434,11012300,KO
2024-08-13,64.29920959472656,64.44009448635671,63.87656208553934,63.94230741287298,9877600,KO
2024-08-14,64.41194152832031,64.70309848493942,63.9892867052187,64.08321477637845,14328000,KO
2024-08-15,64.47766876220703,64.73125585225219,64.33678386075805,64.44949321505798,11285100,KO
2024-08-16,64.9754638671875,65.08817323535905,64.46828245897247,64.65612424022042,12651200,KO
2024-08-19,64.78761291503906,65.20086620842811,64.6655093253779,65.13512087772735,9843900,KO
2024-08-20,65.1633071899414,65.17270142893742,64.59038042816596,64.79701069184954,11957400,KO
2024-08-21,65.34175872802734,65.86772143497615,65.11634716300706,65.2572320782839,8792400,KO
2024-08-22,65.11634063720703,65.67047883853594,64.60915929246153,65.67047883853594,12509200,KO
2024-08-23,65.54838562011719,65.60473671705626,64.75004736209598,65.18208915860505,11834700,KO
2024-08-26,66.53457641601562,66.6097160012344,65.49204512535229,65.58596602402315,12912200,KO
2024-08-27,67.15446472167969,67.18264027365151,66.73181711069236,66.98540424414377,16988400,KO
2024-08-28,67.38926696777344,67.44561806872798,66.96661937920513,67.25777628840976,13272600,KO
2024-08-29,67.67103576660156,67.83070199399494,66.90087301397558,67.53015085067027,17201700,KO
2024-08-30,68.06551361083984,68.15943450757923,67.41744724163945,67.8119193073679,18624200,KO
2024-09-03,68.57270050048828,68.83568189853564,67.85888873028424,68.03734346426167,14755800,KO
2024-09-04,68.15003967285156,69.06108741124558,67.53955026652612,68.84507006720258,18140800,KO
2024-09-05,66.8445053100586,68.26273417629875,66.66605779639907,68.20638308416453,23866100,KO
2024-09-06,66.81633758544922,67.31412473278125,66.58153178646586,66.67545267291834,17485700,KO
2024-09-09,67.4831771850586,67.91521894402418,66.66605768763166,66.90086345874579,12939300,KO
2024-09-10,67.20140838623047,68.01852780859934,67.17322567709463,67.59588032569839,10277600,KO
2024-09-11,66.7599868774414,67.03236246574075,66.28098103831469,67.02296822732922,11418200,KO
2024-09-12,66.90087890625,67.04175666888457,66.36552191112328,66.68485439403513,12337800,KO
2024-09-13,67.52974700927734,67.58648443744191,66.65028079857339,66.99071258239141,11073800,KO
2024-09-16,68.18224334716797,68.31463547831193,67.72832953034013,67.87017308883006,10786500,KO
2024-09-17,67.8985366821289,68.41864647005491,67.82288198812299,67.99310144222193,12974400,KO
2024-09-18,67.85126495361328,68.44702956074514,67.39734390901502,67.98365708853147,10719700,KO
2024-09-19,66.78266143798828,68.0309351464166,66.7637441553047,67.67157892372262,13635600,KO
2024-09-20,67.74724578857422,67.89855521789231,66.5557092846017,66.58408521372188,48578500,KO
2024-09-23,67.83235168457031,68.27680685093212,67.31223459704174,67.66213220272732,11613000,KO
2024-09-24,67.45409393310547,67.91746644230595,66.76375727607426,67.35007050239075,13330600,KO
2024-09-25,67.56755828857422,68.01202065711097,67.43516616366918,67.81343246975342,12329100,KO
2024-09-26,67.52029418945312,67.71888241998657,66.99071835986601,67.00963564743944,10815200,KO
2024-09-27,67.88907623291016,68.27679390341027,67.57700603957177,67.65266073156202,11175700,KO
2024-09-30,67.95529174804688,68.276813458851,67.79453089264481,68.08768388953452,18015300,KO
2024-10-01,67.81343078613281,68.79692027160262,67.73777608382832,68.1822384413303,13294500,KO
2024-10-02,67.15148162841797,67.54865806099704,66.58408569404347,67.51083070339463,11155500,KO
2024-10-03,66.68810272216797,67.13256516087792,66.38549107248919,67.00963165829401,9374800,KO
2024-10-04,66.35711669921875,66.46114012131589,65.93157158324333,66.15852849744154,12684800,KO
2024-10-07,65.26014709472656,66.29091537673638,65.12775497070383,66.24363659805948,14512000,KO
2024-10-08,65.42091369628906,65.66678789750544,65.1183020697267,65.28852156059493,13549700,KO
2024-10-09,65.78971862792969,65.95047946954584,65.31688753035513,65.43036959111183,9037700,KO
2024-10-10,65.48711395263672,66.11125453068313,65.24123973569442,66.03559981549616,8635200,KO
2024-10-11,65.78971862792969,65.80862869730748,65.2506914652879,65.68569520927689,8786300,KO
2024-10-14,66.51787567138672,66.64081637485299,65.69515417504483,65.78971895205964,7659300,KO
2024-10-15,66.51787567138672,67.34060438255861,66.34766340165807,66.6313577327025,10358700,KO
2024-10-16,66.73538208007812,66.85831557042424,66.16798619526743,66.2814610433315,7937300,KO
2024-10-17,66.1017837524414,66.84885769439384,65.79917216207848,66.79211306100557,14674600,KO
2024-10-18,66.6124496459961,66.71647306825771,65.827548265233,66.07342246465414,15087500,KO
2024-10-21,65.67623138427734,66.50841866782697,65.5438392645907,66.19634843649587,11981200,KO
2024-10-22,65.67623138427734,65.95993290636552,64.94807472600083,65.25068631597449,18603300,KO
2024-10-23,64.31448364257812,64.96698560782878,62.962186504697065,63.34990422725708,24655200,KO
2024-10-24,63.643062591552734,64.3428505295307,63.312075082735845,63.97404288554033,17568800,KO
2024-10-25,63.28370666503906,64.02132195641273,63.16077318808656,63.42555742449461,11138100,KO
2024-10-28,63.047306060791016,63.73764273896773,62.981109986020456,63.32154900336363,10761400,KO
2024-10-29,61.99760818481445,62.735223506722626,61.959780833071775,62.6879447281665,16525900,KO
2024-10-30,62.33804702758789,62.92436015633844,61.77065118209071,61.9503292988495,14177800,KO
2024-10-31,61.76119613647461,62.40424672276724,61.71391735524767,62.23402723772419,13383700,KO
2024-11-01,61.47749710083008,62.09217892838974,61.364015047874155,61.912500814916896,12163100,KO
2024-11-04,61.57206726074219,61.86522023800334,61.13706350857623,61.54369854872725,10984500,KO
2024-11-05,61.81793212890625,61.91249689296441,61.12759564310651,61.12759564310651,8780200,KO
2024-11-06,60.238685607910156,61.33565366562698,59.74694080860052,60.91955996991066,22899300,KO
2024-11-07,60.20085525512695,60.89118822534081,60.144114224695606,60.79662344870357,14856100,KO
2024-11-08,60.44672393798828,60.749335542609344,60.27650806687695,60.437268903587885,14719300,KO
2024-11-11,59.91716003417969,60.63586535589965,59.813136610713755,60.512928254765804,13980900,KO
2024-11-12,59.76585006713867,60.28596354091061,59.69019536172426,60.21976747738045,15021000,KO
2024-11-13,59.576717376708984,59.82258795639791,59.09443125187438,59.62399976425513,13177600,KO
2024-11-14,59.15117263793945,59.680744793224044,59.03769417874103,59.680744793224044,15910800,KO
2024-11-15,58.385189056396484,59.22682788393193,58.05420510357358,59.094435745768855,26284300,KO
2024-11-18,58.4986686706543,58.76345295220399,58.21497071079173,58.48921002779022,16062100,KO
2024-11-19,59.18899917602539,59.2173678885794,58.281164300145655,58.53649353537717,16254800,KO
2024-11-20,59.5672607421875,59.586170810766085,58.64996729728805,59.29301785140511,18904900,KO
2024-11-21,60.29541778564453,60.342703779616656,59.529433744138245,59.71856689778215,17292300,KO
2024-11-22,60.44672393798828,60.976299657197465,60.19139832761385,60.749335542609344,19562200,KO
2024-11-25,60.88173294067383,61.19380321413347,60.37107806829063,60.82499551452858,36805300,KO
2024-11-26,61.04249572753906,61.12760185939746,60.579116071321934,60.81553161292382,14473300,KO
2024-11-27,60.929019927978516,61.56261191298583,60.75880043194948,61.43021977327775,13263400,KO
2024-11-29,61.057647705078125,61.21962785509961,60.76226764737469,61.00047268129575,10648400,KO
2024-12-02,60.64793014526367,61.16246175591831,60.362076827271586,61.0290654794025,16500100,KO
2024-12-03,60.52406692504883,61.05765572150549,60.05717627380221,60.71463461198166,24874500,KO
2024-12-04,59.27584457397461,60.362075527674996,58.98046814941361,60.295377390853105,28137700,KO
2024-12-05,59.952362060546875,60.14292974174636,59.17103783892756,59.523589321318276,21040400,KO
2024-12-06,59.58075714111328,60.37161174671295,59.56170000949659,59.866610480587404,15581100,KO
2024-12-09,59.6474494934082,59.96188668239159,58.98046812546015,59.7332047599695,22348300,KO
2024-12-10,59.94282913208008,60.066698657305324,58.87565531607438,59.742734723099474,14949400,KO
2024-12-11,59.68556594848633,60.6288739153604,59.45688765242812,60.02858702734963,32819000,KO
2024-12-12,60.8289680480957,60.905192934832634,60.23821154547463,60.552645109775405,17542100,KO
2024-12-13,60.142921447753906,60.82896355155313,60.13339470065701,60.571697762628425,13429000,KO
2024-12-16,59.59980773925781,60.84802246249715,59.409240078757605,60.24773560409303,24559700,KO
2024-12-17,60.409725189208984,60.55264822222807,59.380661904546045,59.504531440983506,21902400,KO
2024-12-18,59.885658264160156,60.63839853471282,59.828490509540266,59.84754763933885,20946100,KO
2024-12-19,59.5045280456543,60.19056656150807,59.45688703736633,59.74273672187007,21300600,KO
2024-12-20,59.59980773925781,60.08575545527213,59.3425419427989,59.52358285592321,42458100,KO
2024-12-23,59.43783187866211,59.79990646148149,58.627920171797975,59.55217102930107,13010800,KO
2024-12-24,59.87613296508789,59.87613296508789,59.08527841580683,59.26631933588492,5019100,KO
2024-12-26,59.61886215209961,59.78084592831511,59.45688201065974,59.66650315635982,7943800,KO
2024-12-27,59.5045280456543,59.98094539808584,59.27584611718574,59.5045280456543,8542800,KO
2024-12-30,59.10433578491211,59.39971585296543,58.77084509096155,59.39971585296543,8972200,KO
2024-12-31,59.323486328125,59.485470115858035,58.88518324212531,59.094808037505985,9256700,KO
2025-01-02,58.92329025268555,59.79036957038699,58.71366548309549,59.40923428654606,12991000,KO
2025-01-03,58.83753967285156,59.15197685223284,58.71367015053993,58.98046632434773,10403200,KO
2025-01-06,57.94187545776367,58.666028180998566,57.798948808616,58.599330047336494,17924200,KO
2025-01-07,57.970462799072266,58.808958345659605,57.76083800373146,58.22772860205165,17799600,KO
2025-01-08,58.7994270324707,58.8565984215975,58.05621714770143,58.11338853682823,14412400,KO
2025-01-10,58.18961715698242,58.74226304969694,57.86565320068193,58.675564908821194,22425000,KO
2025-01-13,58.74226379394531,58.932827836132645,57.84659680264995,58.2467892877508,18016200,KO
2025-01-14,59.11386489868164,59.14244877618505,58.408765630465226,58.751786699609646,16658300,KO
2025-01-15,58.85660171508789,59.666509781771246,58.77084644398692,59.390190472469044,16187200,KO
2025-01-16,59.3139533996582,59.36159440234138,58.42781693760416,58.52309894297051,12585500,KO
2025-01-17,59.752262115478516,59.80943350499399,59.23773051416683,59.37113042303627,17948900,KO
2025-01-21,59.4759407043457,60.24773812602943,59.36160155716973,59.93330456260151,19817100,KO
2025-01-22,58.866127014160156,59.352074750029914,58.75178786709854,59.190090959814675,18191900,KO
2025-01-23,58.62791442871094,59.056690745074945,58.475461031201036,58.88518021852934,16528400,KO
2025-01-24,58.9995231628418,59.08527843164495,58.54216294081697,58.808959129746746,19244600,KO
2025-01-27,60.85755157470703,61.15293164169917,59.523585168921244,59.90471686995607,20742900,KO
2025-01-28,59.41877746582031,61.01954018709552,59.34254893872329,60.51453528201831,14956000,KO
2025-01-29,59.866607666015625,60.37160890839901,59.599811470701354,59.609341853449735,11325600,KO
2025-01-30,61.02906036376953,61.25773863726361,60.2477326308005,60.83848907789843,13201000,KO
2025-01-31,60.48594665527344,60.91472299960655,60.40019138640681,60.695571453564284,12096800,KO
2025-02-03,60.36207580566406,60.62887198895618,59.48546964066732,60.200095654000876,12067900,KO
2025-02-04,59.71415328979492,60.62887743140319,59.40924645418423,60.609820299830496,15678000,KO
2025-02-05,60.142921447753906,60.30490522660681,59.63792025177709,59.76178977269099,10686800,KO
2025-02-06,60.37160873413086,60.7336869472276,59.94283238109208,60.61934416323325,13423400,KO
2025-02-07,60.8289680480957,60.905192934832634,60.2858525540322,60.43830596228203,13184700,KO
2025-02-10,61.50547790527344,61.600759913791464,60.65745203645024,61.076697962615434,16154300,KO
2025-02-11,64.41162109375,64.47831922868296,63.277752799889456,64.31633908235311,30589100,KO
2025-02-12,65.46925354003906,65.57406591006706,63.71604165875223,63.71604165875223,26033800,KO
2025-02-13,66.22200012207031,66.32681250238872,65.5169046022879,65.74558285500505,24393100,KO
2025-02-14,65.6217269897461,66.72701143772413,65.51691459344407,66.0886139471949,20779100,KO
2025-02-18,65.7932357788086,66.09814257736348,65.19294529416352,65.31681845171961,15569100,KO
2025-02-19,66.76513671875,66.82230448269675,65.9075839117842,65.94569817759968,16032300,KO
2025-02-20,66.73654174804688,66.76512562527084,66.14578163039526,66.4221045594798,13398000,KO
2025-02-21,67.98475646972656,68.2229651520098,66.82229693705602,67.00333786184794,21662300,KO
2025-02-24,67.26058959960938,68.34682771019793,67.01285784256636,67.49879824491676,21418400,KO
2025-02-25,68.11815643310547,68.38494900855872,67.39400723389018,67.51787313833563,21555600,KO
2025-02-26,67.46070098876953,67.918057582776,67.2034315437829,67.90852720011488,14531200,KO
2025-02-27,67.52739715576172,68.16579465392162,67.09861718315969,67.38447049822771,16789500,KO
2025-02-28,67.85134887695312,68.19436990381628,67.23200495236405,68.08002713834495,22167400,KO
2025-03-03,68.90899658203125,68.94711083760347,66.44115850752485,66.92709890958112,21717600,KO
2025-03-04,66.87947845458984,69.22345124338753,66.58409471659695,68.67080530216498,25411900,KO
2025-03-05,66.77466583251953,67.40353303263129,66.54598024197638,66.60315527438854,23933600,KO
2025-03-06,67.13673400878906,67.20343214891359,66.17436889880489,67.08909663415844,21694000,KO
2025-03-07,68.06098937988281,68.43259436663374,66.36494461582937,66.36494461582937,28393300,KO
2025-03-10,68.08003234863281,69.76655373804098,67.95616646205566,68.56598005213787,25251200,KO
2025-03-11,67.68936920166016,68.64220377836784,67.27965004289382,68.48974675671018,28076400,KO
2025-03-12,66.64125061035156,67.39399077558348,66.45067933902979,67.050969756755,18923300,KO
2025-03-13,66.33634948730469,66.93663268652976,66.01238193328149,66.93663268652976,15746600,KO
2025-03-14,66.38434600830078,66.48033115802387,65.63564426478669,65.76043155030446,14205100,KO
2025-03-17,67.30582427978516,67.35381319850408,66.3075624981324,66.46113729051064,15634800,KO
2025-03-18,66.59551239013672,67.37300896938443,66.51872866199184,67.29621791804185,12657600,KO
2025-03-19,66.4995346069336,66.59551977014989,65.78923561129469,65.79883632457589,14780000,KO
2025-03-20,66.91226196289062,67.00824710396303,66.31714237112679,66.52831407540418,16295300,KO
2025-03-21,65.91400909423828,67.16183806265164,65.44367671459847,66.91227080432941,47479500,KO
2025-03-24,66.18276977539062,66.30755706487108,65.5876574342909,66.03879570783279,12575400,KO
2025-03-25,66.04838562011719,66.30755357447431,65.84681461294907,66.1827662915626,12513900,KO
2025-03-26,67.2098388671875,67.52659652149194,66.13479323783781,66.15398734270515,14478200,KO
2025-03-27,67.90092468261719,68.14089120344384,67.25781616436902,67.36340201938852,11663400,KO
2025-03-28,67.54578399658203,68.45765391499688,66.73949261792679,67.96812012521326,17412900,KO
2025-03-31,68.74562072753906,69.05277762239639,67.66096722132563,67.89134038486716,24016900,KO
2025-04-01,68.98558044433594,69.02397596778803,68.33287119204489,68.8032035387378,15309100,KO
2025-04-02,68.46725463867188,69.4559156072594,68.19849328680702,69.07196768036779,14606500,KO
2025-04-03,70.24300384521484,70.98209754477979,69.41751838569184,69.57110048197399,24959600,KO
2025-04-04,67.1234359741211,70.07982528921842,66.98905530736185,69.51350048799272,26517300,KO
2025-04-07,65.62606048583984,66.59552016016018,63.39917099946673,63.57194722354735,34258400,KO
2025-04-08,65.6740493774414,67.17144575988546,65.04054143822162,66.19237804945682,22774400,KO
2025-04-09,67.14263916015625,67.64177369555041,64.57979811030717,65.19411190525531,27918700,KO
2025-04-10,67.92012786865234,68.35206468807569,66.21156736771948,67.37300447989072,22450200,KO
2025-04-11,68.56324005126953,68.96638208060541,67.70895975535404,68.06411287064381,19988200,KO
2025-04-14,69.54229736328125,69.74387569260085,68.08330408521627,68.43845718544925,13930200,KO
2025-04-15,68.97599029541016,69.71508409625262,68.8416096043479,69.70549070631849,14965500,KO
2025-04-16,68.80321502685547,69.75348059057009,68.52485292774743,69.45592438812982,15276200,KO
2025-04-17,70.07022857666016,70.48297131188893,68.84160108291799,69.01437728192533,20754500,KO
2025-04-21,69.8494644165039,70.52137519144668,68.93759440010818,70.43498342010903,16037200,KO
2025-04-22,70.93411254882812,71.39484421671976,69.99344046515282,70.07023151753403,15613500,KO
2025-04-23,70.35819244384766,70.98209958917045,69.47511001118603,70.34859173175415,16353900,KO
2025-04-24,69.6094970703125,70.48297887097158,69.39833264727682,70.08943019422674,16893900,KO
2025-04-25,69.02398681640625,69.99344647395345,68.27528497621157,69.7342858039157,16316000,KO
2025-04-28,68.9087905883789,69.35992884274141,68.44805162218812,69.18715264581955,15997500,KO
2025-04-29,69.44631958007812,69.79187200527188,67.45939679681301,68.33287857249672,16244100,KO
2025-04-30,69.63829040527344,70.53096619582608,68.81280495064638,70.40617891253758,21074700,KO
2025-05-01,68.4288558959961,69.1487554788676,68.3712662727895,69.11035995566411,18034200,KO
2025-05-02,68.7744140625,68.93758955743267,68.24648472807328,68.63043266918382,12629600,KO
2025-05-05,68.82239532470703,68.91838779170817,68.16009270622091,68.79360051388551,11932700,KO
2025-05-06,68.84159851074219,69.01437470329397,68.3040758331132,68.80320298759766,12705500,KO
2025-05-07,69.49430847167969,69.77267052493909,68.79360298268918,68.84159921791219,15018200,KO
2025-05-08,68.31367492675781,69.56150390197799,68.27527940040666,69.30233592990713,14371100,KO
2025-05-09,67.68975830078125,68.29447866771115,67.63216867467273,68.14089656715828,11228900,KO
2025-05-12,66.73948669433594,67.50738247983273,65.94279609844249,67.33460629425579,21539000,KO
2025-05-13,66.1923599243164,66.89306534179934,66.10597549756737,66.79707288114942,14389100,KO
2025-05-14,66.38434600830078,66.55711488388384,65.82762188743037,66.11557733659963,16286800,KO
2025-05-15,68.73602294921875,68.85120953590675,66.80668973058525,66.90267489122608,19817100,KO
2025-05-16,69.1103744506836,69.35994174225117,68.56325094587696,68.97599375288539,18441200,KO
2025-05-19,69.04317474365234,69.27354057676844,68.7648126721714,69.13915989718423,13282800,KO
2025-05-20,68.81281280517578,69.23514896925887,68.56324553330973,68.9183986769961,12137800,KO
2025-05-21,68.96638488769531,69.18715733552574,68.70722423634456,68.81281010402026,12094400,KO
2025-05-22,68.28487396240234,69.10075868508395,68.11209777098294,68.95677730503492,11101800,KO
2025-05-23,68.88959503173828,69.0911733813125,67.85294508511771,68.66882990326832,12822100,KO
2025-05-27,68.89918518066406,69.32152859395397,68.6880134740191,68.86078965916526,10666100,KO
2025-05-28,68.29447937011719,69.01437899666826,68.19849421788325,68.82240136900268,8710900,KO
2025-05-29,68.6208267211914,68.78400952687154,67.63216579142254,68.15049437389499,10291100,KO
2025-05-30,69.20635986328125,69.5615130362671,68.73602741931532,68.73602741931532,28019500,KO
2025-06-02,69.1103744506836,69.14876998194005,68.49606059697787,69.13916926832624,10202700,KO
2025-06-03,68.3040771484375,68.89918946064469,67.64176717703543,68.83199912464718,20139800,KO
2025-06-04,68.50564575195312,68.9663773759941,67.84333580379744,68.40005989577766,13565900,KO
2025-06-05,68.0641098022461,68.59203177213975,67.987318755397,68.51524072529065,13531400,KO
2025-06-06,68.48645782470703,68.61124512833919,68.09291645675582,68.22729715051463,9524000,KO
2025-06-09,68.88959503173828,68.9471919844158,68.23688571257819,68.48645297898595,12281300,KO
2025-06-10,69.44631958007812,69.77267790307138,68.88000202518718,69.01438271018496,12265000,KO
2025-06-11,69.17755889892578,69.45592098439248,68.88000271106746,69.36952921563473,12718500,KO
2025-06-12,69.34072875976562,69.49431085919782,68.72641500843196,69.35032947177953,12806900,KO
2025-06-13,68.65438079833984,69.4857355178651,68.37404694257829,69.37939893453517,17467200,KO
2025-06-16,68.17103576660156,69.23440160602148,67.90036350757319,68.828385842213,15045900,KO
2025-06-17,67.30101776123047,68.11303451253002,67.26234924327349,68.03569747661606,15437000,KO
2025-06-18,66.90467834472656,67.66836506405285,66.78867277809225,67.66836506405285,16227600,KO
2025-06-20,66.5469970703125,67.24301568846545,66.48899797722181,66.7886697918786,40859400,KO
2025-06-23,67.4170150756836,67.48468313742453,66.6726663965334,66.83700206429486,21822800,KO
2025-06-24,67.8713607788086,68.00669690197547,67.36868480351244,67.61035750563408,15216100,KO
2025-06-25,67.31068420410156,67.68769306223604,67.11734897566662,67.60069442202018,12540400,KO
2025-06-26,67.156005859375,67.591013735607,66.84666512232303,67.37834059602162,14454100,KO
2025-06-27,67.98735809326172,68.20969282212582,67.1560035086728,67.27200167146634,23470700,KO
2025-06-30,68.39337158203125,68.43204009763949,67.75535213739312,67.79402065300135,15429000,KO
2025-07-01,69.28273010253906,70.03674777083798,68.53838140762663,68.6253800423077,21729300,KO
2025-07-02,68.54805755615234,69.43741144389041,68.38371449244289,69.30207530337664,13050200,KO
2025-07-03,68.973388671875,69.02172616307934,68.10336545705684,68.67371687715206,9440500,KO
2025-07-07,68.64471435546875,68.99272362630313,68.44171017669292,68.99272362630313,16984700,KO
2025-07-08,67.90036010742188,68.32570642189037,67.55235082745048,68.32570642189037,17115500,KO
2025-07-09,67.16567993164062,67.91002860144354,66.6726655592818,67.82302996969725,33704100,KO
2025-07-10,67.44601440429688,67.52335143897223,66.85633979687755,66.98200694677584,14608400,KO
2025-07-11,67.54269409179688,67.82303533058068,66.94334309419709,67.25268387918851,12916700,KO
2025-07-14,67.156005859375,67.74568779176546,66.96266328917694,67.47501556875311,13983200,KO
2025-07-15,67.0496826171875,67.23335625156862,66.84667840957667,67.19468772984278,12639800,KO
2025-07-16,66.96267700195312,67.18501915939642,66.49866948898708,67.04001404586961,13178300,KO
2025-07-17,68.23870086669922,68.33537584809433,67.19468039512854,67.4846832135171,20464700,KO
2025-07-18,67.52335357666016,68.34503931411889,67.50402300501212,68.09370500636545,14928000,KO
2025-07-21,67.73602294921875,68.26770583059829,67.6006868294613,67.85202849841029,17811700,KO
2025-07-22,67.33968353271484,67.91969652788217,66.40199229248275,67.13667197790417,22339900,KO
2025-07-23,66.85633850097656,67.41701355334125,66.31498664400783,67.33968389543035,21030000,KO
2025-07-24,66.79833984375,67.23335517474858,66.69200325452366,66.95301392817606,12511400,KO
2025-07-25,66.86600494384766,66.9240114105658,66.45999655315042,66.82733642445754,12574800,KO
2025-07-28,65.82197570800781,66.60500030302391,65.79297616287126,66.45032622860786,13668800,KO
2025-07-29,67.06900024414062,67.10766875840231,65.87997477547003,66.0636409991318,16223400,KO
2025-07-30,66.45999908447266,67.02068157408556,66.24732590735974,66.80800839697264,10448200,KO
2025-07-31,65.6286392211914,66.36332630992939,65.48363412304677,65.87998089962439,17193400,KO
2025-08-01,66.56633758544922,66.74034224669829,65.9959861054181,66.31499588025247,16107500,KO
2025-08-04,66.66299438476562,66.77899993186192,66.03464391137487,66.43099066583828,10701500,KO
2025-08-05,66.75,67.17533891967778,66.45998982158156,66.60499491079078,11993400,KO
2025-08-06,67.19468688964844,67.4750281372056,66.34399417284982,66.81767802661862,10783000,KO
2025-08-07,68.08403015136719,68.36437135527369,67.02067179620593,67.14633893922671,15790800,KO
2025-08-08,67.99702453613281,68.50937683429015,67.74569024865774,68.0163624814864,9232700,KO
2025-08-11,68.39337158203125,68.4997081561376,67.62968499311525,67.95836368815269,10909400,KO
2025-08-12,68.35470581054688,68.69304611662024,67.88102938204416,68.46104238892215,11061100,KO
2025-08-13,68.11304473876953,68.41271657884565,67.89070994621848,68.33538690658737,10356500,KO
2025-08-14,67.23335266113281,68.11303751380231,67.07867858248947,68.03570047448063,10722400,KO
2025-08-15,67.59101104736328,68.04535685017723,67.25267078205438,67.41700642873803,12381100,KO
2025-08-18,66.82733917236328,67.716700404374,66.75000950566925,67.64903233647532,14094900,KO
2025-08-19,67.79402923583984,67.88103525078981,66.93367493661356,66.99168140500225,13862200,KO
2025-08-20,68.34504699707031,69.32140691853321,68.06471311269841,68.38371551997906,17530800,KO
2025-08-21,68.30636596679688,68.54803863318051,67.98735627710701,68.24835951168497,8840400,KO
2025-08-22,67.79402923583984,68.65438353506613,67.59102503464483,68.5963844419436,12999600,KO
2025-08-25,66.63400268554688,67.8907037802594,66.4309984856809,67.77469821950766,13634600,KO
2025-08-26,66.44065856933594,66.77899885717359,66.29565348161547,66.74033034209712,17964200,KO
2025-08-27,66.53733825683594,66.57600677893709,66.1893289331921,66.52766928249403,11562700,KO
2025-08-28,66.08299255371094,66.60500654085516,66.00565550925998,66.58566859210917,16209900,KO
2025-08-29,66.6919937133789,66.83699880296693,66.15064924586653,66.38265296404823,14601100,KO
2025-09-02,66.75965881347656,67.03033103523836,65.9863106620521,66.66299121645662,24770100,KO
2025-09-03,66.6919937133789,66.79833028739245,65.1259593965709,66.37299136660353,33581500,KO
2025-09-04,65.97664642333984,67.14634139431152,65.8413103027491,66.80800109283466,16736000,KO
2025-09-05,65.69630432128906,66.29565525813736,65.60930569148456,65.74464181024622,23978000,KO
2025-09-08,65.18396759033203,65.6189755446137,64.92296429281627,65.59964497175805,21671700,KO
2025-09-09,65.5996322631836,65.8413049410246,65.0389498805289,65.0389498805289,14120600,KO
2025-09-10,65.56097412109375,65.82197740933483,64.97129210385596,65.53197457520763,16041900,KO
2025-09-11,65.36763000488281,65.89930548274634,65.32896149054028,65.65763279955428,15128700,KO
2025-09-12,64.77794647216797,65.46429599049445,64.71027841755169,65.34829045032448,18712400,KO
2025-09-15,64.4954605102539,65.05069979913367,64.38830841662555,64.95329083178821,15986100,KO
2025-09-16,64.5246810913086,64.78769347258408,64.3493419810675,64.63183318266859,18555900,KO
2025-09-17,65.30396270751953,65.39162854005477,64.69027958429156,64.69027958429156,17372300,KO
2025-09-18,64.73898315429688,65.30396553899996,64.63183106644534,65.07018254360909,17722900,KO
2025-09-19,64.70976257324219,65.00199689751305,64.33960553674967,64.76820646536532,31192900,KO
2025-09-22,64.4954605102539,64.86561755889781,64.36882959588759,64.44675974249509,13298700,KO
2025-09-23,64.98250579833984,65.03121399269422,64.19348358622275,64.63182760810402,15072800,KO
2025-09-24,64.72924041748047,65.05069668296662,64.25193129807307,64.69028277787076,14759300,KO
2025-09-25,64.27142333984375,65.18707658971151,64.24219395976202,65.02148059505573,14395000,KO
2025-09-26,63.96944046020508,64.61235299475709,63.803844479545624,64.35908374491895,17821600,KO
2025-09-29,64.32986450195312,64.3883083959761,63.657729993377664,63.96944314787988,14818500,KO
2025-09-30,64.60260772705078,64.91432085812184,64.25192952561744,64.35908161115692,13815000,KO
2025-10-01,65.05069732666016,65.09940552439548,64.57338820252966,64.78769238164102,14877500,KO
2025-10-02,64.3883056640625,64.92406610930084,64.15452266606191,64.8071708943868,14350700,KO
2025-10-03,64.924072265625,65.25526425821164,64.32986787249888,64.38831176958399,12249200,KO
2025-10-06,64.3883056640625,64.77794894861516,64.13503641432914,64.76820582274878,14333300,KO
2025-10-07,65.06044006347656,65.51827036487138,64.16426571239552,64.5052007990212,13328300,KO
2025-10-08,64.40779113769531,65.13836950047023,64.34933981503067,64.9435441446338,12606700,KO
2025-10-09,64.65132141113281,65.07018666330032,64.40779527456631,64.57339126379284,12705200,KO
2025-10-10,65.30396270751953,65.65464090131469,64.66105020828604,64.79742423567004,17991700,KO
2025-10-13,65.0701904296875,65.0701904296875,64.29090377483693,64.51495110345067,13690000,KO
2025-10-14,65.76179504394531,65.82023893413239,65.02147356365718,65.13836877585868,14245600,KO
2025-10-15,65.34293365478516,65.96635995942698,65.18707336271082,65.52800846183872,11193700,KO
2025-10-16,65.83972930908203,66.34626788569682,65.42087144679132,65.44035026966328,15707200,KO
2025-10-17,66.66771697998047,66.72616087409403,66.04429067000962,66.23910860494007,15541800,KO
2025-10-20,66.66771697998047,66.86253491491092,66.16117845823675,66.6579738536856,17786800,KO
2025-10-21,69.37572479248047,69.54132077649946,68.41136340291547,68.74255537095344,33651300,KO
2025-10-22,68.97633361816406,69.76536327506938,68.68410674271855,69.51209403755489,18293000,KO
2025-10-23,68.12887573242188,69.09323717196605,67.9145715387836,68.97634194857389,13989400,KO
2025-10-24,67.90483093261719,68.23603036194066,67.84638703466588,68.09965631216875,15688200,KO
2025-10-27,68.24576568603516,68.30421701549703,67.45674334066871,67.97301758797408,13800000,KO
2025-10-28,68.34317016601562,69.06400536108848,68.13860169633662,68.23601808449881,12730500,KO
2025-10-29,66.58003997802734,68.2165358080024,66.39496517975726,68.10938372024359,19789600,KO
2025-10-30,67.1937255859375,67.49569557536583,66.61900011851132,66.67744400502599,14751700,KO
2025-10-31,67.11580657958984,67.28140257339447,66.14170200639356,66.77487146533677,16742700,KO
2025-11-03,66.20987701416016,67.10605127523355,65.90790702945269,67.01838544683207,15660400,KO
2025-11-04,66.88201904296875,66.9502060612112,66.39496678928617,66.69693680838454,12743800,KO
2025-11-05,66.73590087890625,67.04761401931171,66.41444461266163,66.88201803918358,12850100,KO
2025-11-06,67.27165985107422,67.34959000103704,66.16118122550238,66.53134572191175,15906700,KO
2025-11-07,68.72307586669922,69.03478901132647,67.61259732447542,68.00223318138879,25108300,KO
2025-11-10,68.69384002685547,68.83022148213905,67.64181290759342,68.19705212647477,15318000,KO
2025-11-11,69.75563049316406,69.89200454162585,68.83023410262645,69.14194727508601,16160200,KO
2025-11-12,69.65821838378906,70.02837543697167,69.4926149622606,69.63873213098434,13612600,KO
2025-11-13,69.2296142578125,69.81407553679158,69.16142723246207,69.5705493845646,14002800,KO
2025-11-14,69.3172836303711,69.78484965447049,68.7717800264845,69.56080976887269,13172000,KO
2025-11-17,68.84971618652344,69.6777036433646,68.79127228636457,69.35624732883365,14772300,KO
2025-11-18,69.37572479248047,69.49261257798673,68.74255537095344,69.15167748388069,12838900,KO
2025-11-19,69.2685775756836,69.59976956702774,68.97634322769791,69.3562434209824,12401500,KO
2025-11-20,69.36598205566406,69.62899443818439,68.78152082937,69.11271279926648,15396500,KO
2025-11-21,71.06092071533203,71.29471114760685,69.63872902888441,69.82381126314507,26492500,KO
2025-11-24,70.71024322509766,71.26548993358325,69.71665988911998,71.26548993358325,39818600,KO
2025-11-25,70.72972869873047,71.04144184304033,70.27189839231308,70.91481093285518,17451200,KO
2025-11-26,70.99273681640625,71.1972978797638,70.515427668572,70.71998873192953,11795100,KO
2025-11-28,71.22653198242188,71.33368408440478,70.87585372717392,71.10963675339643,7423000,KO
2025-12-01,70.57909393310547,71.52080910903778,70.55947829711947,71.21671062104878,14388100,KO
2025-12-02,69.323486328125,70.43196064642193,69.08806126715312,70.43196064642193,19871300,KO
2025-12-03,69.46080780029297,70.03957003141849,69.26462152629966,69.52947374459329,17001700,KO
2025-12-04,69.10767364501953,69.98071537714732,69.02920361774777,69.48043808167684,17710000,KO
2025-12-05,68.66625213623047,69.36272322410035,68.53873179079882,68.98015470377784,13978200,KO
2025-12-08,68.91149139404297,69.03901174436555,68.16596996101379,68.50929973805755,17775100,KO
2025-12-09,68.75453186035156,69.28424383197529,68.49949117640585,69.02920314802958,13010600,KO
2025-12-10,68.87224578857422,69.18614833695179,68.45043853756432,69.0488164397883,29789400,KO
2025-12-11,67.793212890625,69.34311014940499,67.47931031148215,69.20577823878173,23124200,KO
2025-12-12,69.17633819580078,69.2744388249522,67.72454168629756,67.7932076362872,18444500,KO
2025-12-15,69.6177749633789,69.96110474483282,68.98015823551995,69.0880629502666,18660100,KO
2025-12-16,69.02920532226562,69.94148583256967,68.98015500548561,69.94148583256967,17370000,KO
2025-12-17,69.323486328125,69.5687229494788,68.97034499465332,69.22539317638903,13672700,KO
2025-12-18,69.01939392089844,69.45101276066728,68.8330116975387,68.93110484729681,15524800,KO
2025-12-19,68.72510528564453,69.42157636091521,68.69567808984861,68.72510528564453,36911100,KO
2025-12-22,68.87224578857422,68.88205734809364,68.33272975943967,68.59758199424724,12828500,KO
2025-12-23,68.53873443603516,68.9213029711228,68.36216376722332,68.86244109216697,9471000,KO
2025-12-24,68.77415466308594,68.82320497809492,68.4210133502977,68.56815681129734,4515300,KO
2025-12-26,68.53873443603516,68.82320981823354,68.40140252518461,68.61720446792987,5711400,KO
2025-12-29,68.82320404052734,69.07824471982322,68.51910556286346,68.6662490218586,9686900,KO
2025-12-30,68.73492431640625,68.90168343339319,68.47007204142865,68.66625835740997,8610900,KO
2025-12-31,68.57797241210938,68.82320903355043,68.54853773095313,68.73491995813721,8127800,KO
2026-01-02,67.80301666259766,68.5387264495806,67.66568476774967,68.51910333087262,12151300,KO
2026-01-05,66.64550018310547,67.60682345499488,66.62587706423514,67.60682345499488,21186600,KO
2026-01-06,66.54740905761719,66.94960072758157,66.30217242491543,66.71417565571575,21019900,KO
2026-01-07,66.25312042236328,66.77302081431588,65.98826070463423,66.6945433065423,20223400,KO
2026-01-08,68.04825592041016,68.13653750596887,66.16483310419095,66.25312217377693,19237000,KO
2026-01-09,69.16653442382812,69.31367788417414,67.80301949374109,68.10711049016953,19638600,KO
2026-01-12,69.15673065185547,69.61777672031234,68.90168245746969,69.54911076228863,20582500,KO
2026-01-13,69.88262176513672,69.88262176513672,68.93110252803984,69.07824598974003,18324800,KO
2026-01-14,70.07881927490234,70.34367153284843,69.46081819964854,69.81395953292851,16739100,KO
2026-01-15,69.1371078491211,70.23576306364107,69.02920314283398,70.22595150378933,15464100,KO
2026-01-16,69.0978775024414,69.39215697755917,68.7054973849228,68.95073402286839,20027500,KO
2026-01-20,70.38290405273438,70.41233124722847,68.46025001084048,68.66624785632622,22152200,KO
2026-01-21,70.63795471191406,70.86356820037227,69.48043762200533,70.60852751637842,21660600,KO
2026-01-22,70.50062561035156,70.66738471436216,70.07881832818924,70.46138685340301,13962800,KO
2026-01-23,71.49137878417969,71.66794945492002,70.41233912255672,70.64776418886787,18307100,KO
2026-01-26,71.17747497558594,71.90338076725783,71.15785933874271,71.47176191642889,14017400,KO
2026-01-27,72.14862060546875,72.15842468231341,70.89300275473586,71.05976935346081,13239200,KO
2026-01-28,71.6679458618164,72.21728096770514,71.18728419268787,71.81508932739423,14633700,KO
2026-01-29,72.03089904785156,72.67831982147118,71.74642367561515,71.78566243220233,20862100,KO
2026-01-30,73.38460540771484,73.47289448457488,72.1388066433511,72.3055657524971,26420500,KO
2026-02-02,73.89469909667969,74.25764449940421,72.982418583732,73.58079652684971,19301500,KO
2026-02-03,75.42496490478516,76.02334278217994,73.69849721833332,73.83582910979834,27007100,KO
2026-02-04,75.8761978149414,76.62171912801156,75.61134559641769,75.79772031166526,28607300,KO
2026-02-05,77.01410675048828,77.357436506125,76.1116303419223,76.33725131507063,21633500,KO
2026-02-06,77.52420043945312,77.69095954773124,76.7688749299401,77.00429999362849,18512400,KO
2026-02-09,76.48440551757812,77.60268401241686,76.06259819169836,77.17106512527614,23415600,KO
2026-02-10,75.34649658203125,76.03316360706373,74.56174389002975,75.16992591662607,28848200,KO
2026-02-11,77.1023941040039,77.54382452343293,75.12088544896557,75.41516491122366,22649700,KO
2026-02-12,77.4947738647461,78.8779120285895,77.28877599685985,77.47515822762603,26043500,KO
2026-02-13,77.18086242675781,77.88714502648641,76.6413389175132,76.95524146361178,16711900,KO
2026-02-17,78.04409790039062,78.12257541329457,77.23972210319404,77.48495871799821,16260200,KO
2026-02-18,77.97543334960938,78.3187631197028,77.41629415716362,77.98524490990567,16304900,KO
2026-02-19,77.40648651123047,78.15200041075971,77.09257646844678,77.94600255820342,14924700,KO
2026-02-20,78.31876373291016,78.31876373291016,77.38686756621337,77.81848641429748,17175100,KO
2026-02-23,79.0250473022461,79.30952268409519,77.98524641164639,78.00486204858902,17157700,KO
2026-02-24,79.18199920654297,79.5449446058556,78.32857309470242,79.00542854492173,16448500,KO
2026-02-25,78.93675994873047,79.15256935948766,78.0440951104216,78.86809399840112,18086900,KO
2026-02-26,78.96619415283203,79.34876269348376,78.4953365344764,79.21143078063585,12843200,KO
2026-02-27,80.00598907470703,80.43760790224196,79.28009080623886,79.39780707302857,28483500,KO
2026-03-02,78.6915283203125,79.8490454733882,78.62286236563969,79.70190200365282,18137200,KO
2026-03-03,77.82829284667969,78.55419865571008,77.06315576302471,78.33838922513499,20549300,KO
2026-03-04,76.6119155883789,77.95581490755454,76.2685858306413,77.77924424871415,21011800,KO
2026-03-05,75.56230163574219,76.23915706133192,75.04240122989448,76.19991830639643,23165700,KO
2026-03-06,75.5721206665039,75.71926414105175,74.89526517400058,75.33669559764414,15516000,KO
2026-03-09,76.31764221191406,76.58249447921091,75.07183594107374,75.1601250195247,18554100,KO
2026-03-10,76.39610290527344,76.91601078363519,75.63096591104305,76.00373033266192,17243900,KO
2026-03-11,76.15087127685547,76.22934879011198,75.1404976167675,76.22934879011198,11546800,KO
2026-03-12,76.13126373291016,76.67078733886274,75.43479256778942,75.94488149012138,16842200,KO
2026-03-13,76.38804626464844,77.08931376238849,76.23989858884553,76.51645096432705,11974500,KO
2026-03-16,76.86214447021484,77.46463682723909,76.78312734967358,77.039929223689,11761200,KO
2026-03-17,76.62510681152344,77.33624588265866,76.49670209643693,77.039935424523,14900100,KO
2026-03-18,75.03491973876953,76.18063788821625,74.91639405345256,76.1312578376166,13134600,KO
2026-03-19,74.62008666992188,75.50900288230186,74.60032862247638,75.06454477611187,13023300,KO
2026-03-20,73.8299331665039,75.11393501837722,73.47436365476938,74.63983982423535,33298700,KO
2026-03-23,74.18550109863281,74.52131255507207,73.63239633015058,74.4126658990506,15054900,KO
2026-03-24,73.75091552734375,74.75836498201754,73.71140696681856,73.93857930596654,15653700,KO
2026-03-25,74.32377624511719,74.71885430368368,73.15830011686397,73.67189631815938,14787900,KO
2026-03-26,73.77067565917969,74.81762616846487,73.73116709753849,74.26452137646328,11202100,KO
2026-03-27,74.77812194824219,75.11394097394536,73.7805514314765,73.8990771232814,17461000,KO
2026-03-30,75.33122253417969,76.05224059832382,74.78799676548425,74.99541106285753,18502800,KO
2026-03-31,75.11393737792969,76.07199174940631,74.58058309357364,75.58802505147659,18301800,KO
2026-04-01,75.14356231689453,75.42011469878683,74.33365568328682,75.21270041236761,15834300,KO
2026-04-02,75.77568817138672,76.012732006077,75.18307481691718,75.63741197319341,14573400,KO
2026-04-06,76.26953887939453,76.3287979580723,75.2818473788284,75.69667600054902,8259900,KO
2026-04-07,74.97566223144531,76.64485567217139,74.69910229325674,76.24977758167553,12769200,KO
2026-04-08,76.33866882324219,76.41768594335856,74.39291556942865,74.87688224303861,12331300,KO
2026-04-09,77.21771240234375,77.32635905700035,75.4299934156097,75.7065457963766,14311000,KO
2026-04-10,76.5164566040039,77.2078375936662,76.35842235751673,77.02018134532221,11081400,KO
2026-04-13,75.4695053100586,76.4966977595879,74.89664247573404,76.36830058726864,12696200,KO
2026-04-14,74.96578216552734,75.67692121144344,74.86701452814738,75.03492026524209,12397600,KO
2026-04-15,74.38304138183594,74.80774901071625,73.80030703793551,74.80774901071625,16212100,KO
2026-04-16,74.25464630126953,74.90651876429888,73.97809389056084,74.10649107110758,11501900,KO
2026-04-17,74.80774688720703,75.12380784376332,73.87932206603473,74.0274697523208,15033900,KO
2026-04-20,74.55094909667969,75.28183861204782,74.43242341763867,74.88676055073168,10141800,KO
2026-04-21,73.78054809570312,74.60033380544128,73.70153850689346,74.55095375437119,11806900,KO
2026-04-22,73.7114028930664,74.45217140712752,73.63239331187,73.97808377800114,9352300,KO
2026-04-23,75.34109497070312,75.71642250640673,74.23488548143857,74.51143785375471,12060300,KO
2026-04-24,75.6867904663086,76.0621180269568,75.23245331938115,75.76580758807532,12008700,KO
2026-04-27,74.51144409179688,75.76580889567012,74.47193553023166,75.76580889567012,15812200,KO
2026-04-28,77.3856201171875,79.33137339178496,77.11894675330538,78.5412172531557,30710700,KO
2026-04-29,77.89922332763672,78.30417288264714,77.22759287510647,77.40537762829057,18294700,KO
2026-04-30,77.79057312011719,78.1461426102551,77.36586553664618,77.83008167851996,15142200,KO
2026-05-01,77.61279296875,78.65974345418515,77.07943870197528,78.31405296705915,12610400,KO
2026-05-04,77.22759246826172,77.80044774951499,76.77325533151526,77.09918776439626,12672400,KO
2026-05-05,77.51402282714844,77.81032571989103,76.78312578031152,77.22759142265622,11637500,KO
2026-05-06,78.25479888916016,78.3535665295743,77.60291889854851,77.81033320406459,14060300,KO
2026-05-07,77.46463775634766,78.17577677877368,77.13869778182115,77.82020726756068,16531400,KO
2026-05-08,77.45476531982422,78.22516348114569,77.15846239227109,77.60292055134482,12447200,KO
2026-05-11,77.69181060791016,77.76094870579604,76.88189641055054,77.197964898586,10967900,KO
2026-05-12,79.0449447631836,79.3313761851351,77.31648474262246,78.02762378533136,19883100,KO
2026-05-13,79.2721176147461,80.03263671302015,78.8572814801998,78.88691855340774,12357000,KO
2026-05-14,79.45977020263672,79.92398636682198,78.92642347728277,79.73633012474832,10642000,KO
2026-05-15,79.82522583007812,80.35858013833334,79.45977726641584,80.35858013833334,17527200,KO
2026-05-18,80.2005386352539,80.38820241253838,79.40051101291462,79.87460620034847,12375500,KO
2026-05-19,80.91167449951172,81.64257153233709,80.25980211958489,80.4079573308596,16595200,KO
2026-05-20,80.54623413085938,81.3857702871484,80.5165970599895,81.15859795673538,16999700,KO
2026-05-21,80.17091369628906,80.79316413644646,79.72645555516617,80.78328511194727,15708400,KO
2026-05-22,80.47710418701172,80.67463946656079,79.92399184039613,80.18079373220023,8240200,KO
2026-05-26,79.46965789794922,80.5956256152011,79.25236456032373,79.84497795853711,13004200,KO
2026-05-27,80.6153793334961,81.4944241263008,79.80547264117644,80.10177555661761,13209600,KO
2026-05-28,79.4202651977539,80.7536470152924,79.35111956907564,80.31906040924042,14691400,KO
2026-05-29,78.0374984741211,79.34125080149192,77.93873084267382,79.05481939545376,32477000,KO
2026-06-01,77.67205810546875,78.22516292804762,77.46464379700167,77.61279902747475,12776300,KO
2026-06-02,77.44488525390625,78.22515481822813,77.28685101498868,77.90909387588026,12533200,KO
2026-06-03,77.79057312011719,78.05724646997712,77.14857223317446,77.32635697824341,14964300,KO
2026-06-04,75.87445831298828,79.05482604741398,75.86457928836613,78.79802415565302,19361600,KO
2026-06-05,78.50172424316406,79.74621011565878,76.52634123039232,76.55597076990578,25708100,KO
2026-06-08,78.56097412109375,78.9461731606305,78.12638749782673,78.33380178561673,12828900,KO
2026-06-09,80.33881378173828,80.75364989114632,78.40293956795405,78.57085283067298,20591600,KO
2026-06-10,82.56111907958984,82.8179209490803,81.1092190765359,81.66232383960407,20880500,KO
2026-06-11,81.51416778564453,83.00558386840169,81.4746592264769,82.88705819089883,14264500,KO
2026-06-12,81.60306549072266,81.86973885085317,80.86229694698676,81.69195409893706,11757700,KO
2026-06-15,80.43006896972656,80.7183420997319,79.77398025805853,80.59905875880257,20055200,KO
2026-06-16,79.80380249023438,80.90721891798076,79.36641000813258,80.66864464780673,17565100,KO
2026-06-17,79.45587921142578,79.85350804669757,78.52145258615798,79.47575724032673,17055400,KO
2026-06-18,78.91908264160156,79.53540772500882,78.27293672231222,79.39623876813289,46857900,KO
2026-06-22,79.0582504272461,79.58510541106253,78.59103711431025,78.77991251761773,21205900,KO
2026-06-23,79.8336181640625,80.84757201898508,79.3564696545662,80.84757201898508,16854000,KO
2026-06-24,80.12190246582031,81.09609272471494,80.08213882421857,80.41018317932853,20632600,KO
2026-06-25,79.9429702758789,80.89727492674004,79.4956425778356,80.05231839480312,16021400,KO
2026-06-26,82.13985443115234,82.31878701442906,80.22130245985042,80.4797623210587,53357500,KO
2026-06-29,82.15974426269531,83.12399170076121,81.72235179574442,82.33867685516257,15015800,KO
2026-06-30,80.78792572021484,82.05039668202069,80.5294734281817,82.01063304075272,16422100,KO
2026-07-01,80.80780792236328,81.49371743304293,80.47976358385225,81.21537195591496,21734800,KO
2026-07-02,83.64089965820312,83.64089965820312,80.91715485133743,81.14578629545979,18308400,KO
2026-07-06,82.46790313720703,84.05841085947863,81.8317000482984,83.60114036333422,18992600,KO
2026-07-07,83.55143737792969,85.1717658550302,83.14386576513202,84.09817035141258,17835200,KO
2026-07-08,82.9052963256836,84.32681427385329,82.77606259503419,83.67072556663383,14160000,KO
2026-07-09,82.13985443115234,82.32872982020517,81.22531348735522,81.60305668132222,15782500,KO
2026-07-10,82.99475860595703,83.2432756760538,81.92117062708472,82.23927217344301,10694600,KO
2026-07-13,83.75025177001953,84.17770142960003,83.17369035307114,83.40232939225379,12085800,KO
2026-07-14,82.58719635009766,84.12799766770932,82.58719635009766,83.67072715888746,13775400,KO
2026-07-15,81.96092224121094,82.74623705024202,81.7422336020576,82.43807832695161,18383800,KO
2026-07-16,84.41627502441406,84.44609585882439,82.7860036807783,83.00469991197266,17889900,KO
2026-07-17,81.07620239257812,85.05247531163171,80.35053683196853,84.86360750519098,32903000,KO
2026-07-20,81.63288879394531,81.88140586062717,80.8177531185944,81.06627018527625,14967200,KO
2026-07-21,81.48377990722656,81.91122958034106,80.83763399426662,81.48377990722656,12949400,KO
2026-07-22,81.71240997314453,82.42814035162986,81.47383570836246,82.35855587506262,11701300,KO
2026-07-23,80.68852233886719,81.38437470149,80.40024162088422,81.18555649039521,13755600,KO
2026-07-24,81.76211547851562,81.8416427605726,80.42012482639515,81.08614874930944,11980400,KO
2026-07-27,83.57131958007812,83.64090405596605,82.01063269161537,82.58719411133768,19937600,KO
2026-07-28,87.74639892578125,89.68483651594346,85.73838444733994,87.77622734322203,34982900,KO
2026-07-29,88.55160522460938,90.38068724053291,88.1142127494367,88.1241555559104,21711700,KO
2026-07-30,87.96509552001953,88.11420727129791,86.69268939950297,87.11019623577145,17616100,KO
2026-07-31,87.0704345703125,87.47800619410351,86.3050053531352,87.14002662874023,14725900,KO
2026-08-03,86.34477233886719,87.95516570012737,86.11613329497983,87.95516570012737,23197100,KO
2026-08-04,86.04654693603516,86.16583785860287,84.65485742677355,85.28111770594127,17085700,KO
2026-08-05,86.31494903564453,86.63305057621476,85.67874595450408,86.53364526681261,15868600,KO
2026-08-06,86.33482360839844,87.44818274790256,85.90737396935245,87.33883463669507,13568500,KO
2026-08-07,86.53364562988281,86.65292896801027,85.67874631398736,85.99684785589226,11221700,KO
2026-08-10,86.3547134399414,87.01079455510899,85.91732097373699,86.59328770144425,13710800,KO
2026-08-11,85.96702575683594,86.53364435702373,85.59921777336217,86.10619470536355,16018000,KO
2026-08-12,86.1956558227539,86.77221721975558,85.15188872556685,85.27117206002322,12651900,KO
2026-08-13,86.90144348144531,87.22948781993581,86.39447414102047,86.62310558847354,10140600,KO
2026-08-14,87.18972778320312,87.44818765913077,86.68275083769021,86.7821637328356,9166400,KO
2026-08-17,86.46405792236328,87.49788220680313,86.33482419870427,86.78215945237679,12056400,KO
2026-08-18,88.29314422607422,88.43231317838521,87.35871761700973,87.87563736914123,12524500,KO
2026-08-19,89.8140640258789,90.22163564493194,88.06450179877645,88.06450179877645,15993900,KO
2026-08-20,89.96318054199219,91.32505683407821,89.19775129318654,89.64507899150762,14928000,KO
2026-08-21,90.55961608886719,90.6590213970731,89.7842440670666,90.31109902628296,15595800,KO
2026-08-24,91.4443359375,91.94137006110614,90.9075381739087,91.57356966348647,14787700,KO
2026-08-25,91.0964126586914,91.53380511002422,90.7584330983988,91.02682818544653,11940100,KO
2026-08-26,89.54566955566406,91.66303219256494,89.46614227567014,91.66303219256494,17133900,KO
2026-08-27,88.5317153930664,89.49596280331046,88.43231008548368,88.87964534581421,13452600,KO
2026-08-28,89.12816619873047,89.50590941727118,88.54166196600396,88.68083091936839,9887200,KO
2026-08-31,88.14402770996094,88.99892699038024,88.07444323756117,88.97904896289688,23764800,KO
2026-09-01,87.4780044555664,89.24744469586453,87.28912906447658,89.05856930477471,14824100,KO
2026-09-02,87.71658325195312,88.42237082345903,87.20961388772017,87.37860367579782,18492800,KO
2026-09-03,88.283203125,88.70071757413677,87.4879530370246,87.58735835000411,13763000,KO
2026-09-04,87.54759216308594,88.38261345294723,87.32889593040467,88.064504326037,17290700,KO
2026-09-08,87.83586883544922,88.02474422483915,87.03067600133623,87.03067600133623,19426900,KO
2026-09-09,87.03067779541016,87.87563428597807,86.89150884798197,87.78616420026633,12337500,KO
2026-09-10,87.30902099609375,88.43231544978137,87.27920016042388,88.05457222439757,12019900,KO
2026-09-11,87.76628875732422,88.12415394243344,87.28913264913226,87.9154005151429,9988700,KO
2026-09-14,88.81999969482422,89.82401078563296,88.34285116542739,89.46614559651577,14066100,KO
2026-09-15,88.70999908447266,88.9000015258789,87.80000305175781,88.52999877929688,13148900,KO
2026-09-16,87.87000274658203,88.66000366210938,87.73999786376953,88.4800033569336,17074800,KO
2026-09-17,88.05999755859375,88.33000183105469,87.51000213623047,88.08000183105469,16563600,KO
2026-09-18,88.25,88.29000091552734,87.5199966430664,87.80000305175781,28048200,KO
2026-09-21,87.12000274658203,88.5,87.12000274658203,88.31999969482422,18100400,KO
2026-09-22,88.61000061035156,88.97000122070312,87.45999908447266,87.5999984741211,17266800,KO
2026-09-23,88.08999633789062,89.0,87.61000061035156,88.94999694824219,13016400,KO
2026-09-24,88.0999984741211,89.36000061035156,88.0999984741211,88.81999969482422,13163300,KO
2026-09-25,87.80999755859375,88.31999969482422,87.55999755859375,88.16000366210938,12123400,KO
