Price,Close,High,Low,Open,Volume,ticker
Ticker,MSFT,MSFT,MSFT,MSFT,MSFT,
Date,,,,,,
2021-09-27,282.3229675292969,284.5303284068583,281.14249251178086,284.21363131308823,23571700,MSFT
2021-09-28,272.101806640625,279.06943449757966,271.36282734522354,278.1288914309859,43186200,MSFT
2021-09-29,272.5624694824219,275.22090274300496,271.6123491195883,273.6181750458724,26353700,MSFT
2021-09-30,270.5663757324219,276.2383391909567,270.2784399241369,274.20372168206217,32343600,MSFT
2021-10-01,277.4571838378906,278.301748595393,269.96171554788884,270.7582763645691,30086300,MSFT
2021-10-04,271.7084045410156,276.1615536435043,268.9635982922401,275.8256432027342,31350700,MSFT
2021-10-05,277.1308898925781,278.7048275786298,272.6105528079684,272.6105528079684,24993000,MSFT
2021-10-06,281.30572509765625,281.80480216296934,274.0118192269219,274.2709351187543,28002600,MSFT
2021-10-07,282.9755554199219,284.69347521548,282.08301620161416,283.29225249177205,20430500,MSFT
2021-10-08,282.9755554199219,284.69347521548,281.9294563433223,284.29037692639525,17685700,MSFT
2021-10-11,282.38055419921875,285.9699246769011,280.960147351055,281.1233138675637,19298600,MSFT
2021-10-12,281.0849609375,283.5418606976777,280.57630659547624,283.4458821015579,17974100,MSFT
2021-10-13,284.3768005371094,285.30773721131357,281.6703624588803,283.0331881435553,23416300,MSFT
2021-10-14,290.55743408203125,291.05648172385895,285.83556297646015,287.1599913093113,27262900,MSFT
2021-10-15,291.9586486816406,292.1890031616516,288.4172524202229,290.1639632249141,25384800,MSFT
2021-10-18,294.9145812988281,295.79751392665924,290.4998302940227,291.34439492137415,22729300,MSFT
2021-10-19,295.8167724609375,296.84365846900545,294.8474384623916,295.9319350570906,17682100,MSFT
2021-10-20,295.0297546386719,297.2275382211196,293.7820916523756,296.75725195686545,16537100,MSFT
2021-10-21,298.2449035644531,298.49441277839924,294.0220794692839,294.7994856279611,16918100,MSFT
2021-10-22,296.70928955078125,298.56155617287357,295.40404521926826,297.8993420062516,17449300,MSFT
2021-10-25,295.7208251953125,296.93966851845744,294.1180674595812,296.9012712194873,17554500,MSFT
2021-10-26,297.6210632324219,299.81884727726106,296.1718947099922,298.4752347150335,28107300,MSFT
2021-10-27,310.1550598144531,312.9670535510442,303.2738027325777,303.2738027325777,52588700,MSFT
2021-10-28,311.2875671386719,311.78661480927093,308.41796248920383,311.2683538472866,26297900,MSFT
2021-10-29,318.2647705078125,318.62947157711153,310.8556743947785,311.0764222231841,34766000,MSFT
2021-11-01,316.1053466796875,318.1399636800593,313.2261650477916,318.0151944565091,27073200,MSFT
2021-11-02,319.7138977050781,320.02101741036,316.7099471564869,317.00746021830776,26487100,MSFT
2021-11-03,320.54888916015625,321.4126377941951,317.3337971387141,320.45291058114077,21500100,MSFT
2021-11-04,322.8906555175781,322.98663410539643,316.2397523503642,319.48363531417436,23992200,MSFT
2021-11-05,322.5259094238281,325.1459751338179,320.951972099872,324.8772526985791,22570100,MSFT
2021-11-08,323.4185791015625,324.05200280193054,320.9712855538975,323.71609230026496,20897000,MSFT
2021-11-09,322.42034912109375,325.07878279395607,321.0575236753706,323.53360684587807,21307400,MSFT
2021-11-10,317.47772216796875,321.15349346911216,316.63318689786576,321.0959121845267,25500900,MSFT
2021-11-11,319.0421447753906,320.3281758647958,317.19948472941286,317.9096735712425,16849800,MSFT
2021-11-12,323.1593933105469,323.6488636296379,320.34739921433277,320.47216845555636,23831000,MSFT
2021-11-15,322.5355529785156,324.27265700662844,320.57770113283607,323.9463532471072,16723000,MSFT
2021-11-16,325.8370361328125,326.95032335349225,321.99812680159425,322.16126404658087,20886800,MSFT
2021-11-17,326.0581359863281,329.0098960712893,324.9812796361216,325.8850760747881,19053400,MSFT
2021-11-18,328.12530517578125,329.2598774584323,324.1351564442823,325.1543261152059,22463500,MSFT
2021-11-19,329.89447021484375,331.8078416400719,329.01954636756113,329.44260130183307,21963400,MSFT
2021-11-22,326.7407531738281,336.20177166262135,326.4715391090011,331.34626493417426,31031100,MSFT
2021-11-23,324.6736755371094,326.3755197666998,320.7123690134607,324.0679363599428,30427600,MSFT
2021-11-24,324.8947448730469,325.13511563845185,321.04881262656716,323.3275227878649,21661300,MSFT
2021-11-26,316.98175048828125,324.9139862915625,315.4818391564863,321.4718896050423,24217200,MSFT
2021-11-29,323.66400146484375,325.97155461447386,321.84678465390203,322.0390929755921,28563500,MSFT
2021-11-30,317.8566589355469,324.7697239982536,316.31828027928486,322.40448405275345,42885600,MSFT
2021-12-01,317.3663024902344,326.21195801552415,316.70290620086416,322.22180934894953,33337600,MSFT
2021-12-02,316.799072265625,320.64500484816296,315.17416340213174,317.577871266218,30766000,MSFT
2021-12-03,310.56866455078125,319.8854381080619,305.7804681645628,319.20276398285586,41779300,MSFT
2021-12-06,313.62615966796875,314.83763770524575,306.9342458292847,311.47244701692887,30032600,MSFT
2021-12-07,322.0198974609375,322.8659778487916,317.3855423848686,318.8662344123449,31021900,MSFT
2021-12-08,322.0680236816406,322.5776085960502,318.05862588929494,322.394924443513,24761000,MSFT
2021-12-09,320.26995849609375,323.52937025532185,319.32769469493525,321.52949874236566,22214200,MSFT
2021-12-10,329.3464660644531,329.78874012403924,321.89497120742305,322.0776553641923,38095700,MSFT
2021-12-13,326.327392578125,330.5483179150928,326.0197109116661,327.55808990182186,28899400,MSFT
2021-12-14,315.6933898925781,321.75075164875943,311.6263053995195,320.38543259627,44438700,MSFT
2021-12-15,321.76031494140625,322.279524033455,312.0012673025278,315.95294877643335,35381100,MSFT
2021-12-16,312.38580322265625,323.7890062177765,310.57821058980744,322.7794315194058,35034800,MSFT
2021-12-17,311.32818603515625,312.4050716507524,305.0304840740271,308.52067208536005,47750300,MSFT
2021-12-20,307.5879821777344,310.36665235735023,305.33811582896186,307.7225745188773,28326500,MSFT
2021-12-21,314.683837890625,315.10689283678283,307.4823089268054,310.8379051743816,24740600,MSFT
2021-12-22,320.3661193847656,320.7603015592964,313.20305992289275,315.6548296221217,24831500,MSFT
2021-12-23,321.7987976074219,323.43333069819255,319.91429885047023,319.93351795028815,19617800,MSFT
2021-12-27,329.2599182128906,329.2887615338592,322.5102876848739,322.5391310058425,19947000,MSFT
2021-12-28,328.1061096191406,330.567504020854,327.21193737349995,329.9329216504245,15661500,MSFT
2021-12-29,328.7790832519531,331.03854455105443,326.5964983307497,328.15409590492106,15042000,MSFT
2021-12-30,326.2503967285156,329.913644365541,325.76965526074713,328.7406340105007,15994500,MSFT
2021-12-31,323.365966796875,326.28885396518314,322.91406861710993,325.47161689597885,18000800,MSFT
2022-01-03,321.8564147949219,324.9812343560376,317.07784340008425,322.4333104284771,28865100,MSFT
2022-01-04,316.3375244140625,322.28910640339575,313.5588245196175,321.9333330536582,32674300,MSFT
2022-01-05,304.19403076171875,313.5108044365724,303.8094433864934,313.308871857317,40054300,MSFT
2022-01-06,301.7903137207031,306.42466920650463,299.49235507622586,301.08842050942394,39646100,MSFT
2022-01-07,301.944091796875,304.30933146545493,298.1462226847042,302.0498408294342,32720000,MSFT
2022-01-10,302.165283203125,302.597962334878,292.95428801782003,297.56939515988586,44289500,MSFT
2022-01-11,302.84796142578125,304.4151542522141,297.95401590280085,301.30958257691026,29386800,MSFT
2022-01-12,306.01123046875,310.9532679259109,304.86706317706137,307.35733034753923,34372200,MSFT
2022-01-13,293.0600280761719,308.5206922774309,292.2908533568236,308.1264806975711,45366000,MSFT
2022-01-14,298.2521057128906,298.8482206128136,292.0505272250826,292.53126883368355,39846400,MSFT
2022-01-18,290.9927673339844,297.8673635749171,290.1178144535563,292.35808583826685,42333200,MSFT
2022-01-19,291.6466979980469,301.8192070990576,291.0409882048272,294.49270951204926,45933900,MSFT
2022-01-20,289.98333740234375,299.64623177263644,289.54106334856164,297.1656180407453,35380700,MSFT
2022-01-21,284.62786865234375,292.39663994676283,284.22403280045586,291.0313502433303,57984400,MSFT
2022-01-24,284.9547424316406,285.6662305381032,265.4173987440913,280.9453743252705,85731500,MSFT
2022-01-25,277.3782958984375,283.6279370796621,274.1861937797464,280.2915889984612,72848600,MSFT
2022-01-26,285.2816162109375,296.61750913568017,281.7433657696805,296.1271434101873,90428900,MSFT
2022-01-27,288.2911071777344,295.4637633356451,286.45467082104994,291.0024967310887,53481300,MSFT
2022-01-28,296.3868408203125,296.5983683124137,283.10875927077944,288.66613137183003,49743700,MSFT
2022-01-31,299.001953125,300.3480232729952,294.5695018415929,297.0501440748749,46444500,MSFT
2022-02-01,296.8675537109375,298.6655225486515,293.37736510025144,298.45399507702996,40950400,MSFT
2022-02-02,301.3865051269531,302.98257070424955,296.9829251353378,297.70403751014493,36636000,MSFT
2022-02-03,289.64678955078125,299.24240163998115,288.4064681116785,297.5694010605456,43730000,MSFT
2022-02-04,294.1561584472656,296.9059861831538,288.41610284488047,288.6468494123292,35096500,MSFT
2022-02-07,289.3583984375,295.9830028319127,288.3488234105986,294.3773422215108,28533300,MSFT
2022-02-08,292.82928466796875,293.7907677485287,288.3968617508122,289.6467780186861,32421200,MSFT
2022-02-09,299.22314453125,299.9154135304483,295.5503014236904,297.9347607103794,31284700,MSFT
2022-02-10,290.73321533203125,297.2136009412112,289.1179310391646,292.3292805293152,45386200,MSFT
2022-02-11,283.6759948730469,292.5697139503908,282.8875716532668,291.5120766241171,39175600,MSFT
2022-02-14,283.637451171875,285.3296704395343,280.1280445088522,282.4548166597546,36359500,MSFT
2022-02-15,288.8967590332031,289.2140354696684,285.579631395878,288.45448512893597,27058300,MSFT
2022-02-16,288.55963134765625,289.8795822189875,282.9522217719727,287.4709041609937,29982100,MSFT
2022-02-17,280.1099853515625,285.958233038907,279.40664080865434,285.53430336959343,32461600,MSFT
2022-02-18,277.4122619628906,283.12563925409984,275.85144328731116,282.34522991631013,34264000,MSFT
2022-02-22,277.2099304199219,280.8903974019096,274.1075520292779,274.58928762159644,41736100,MSFT
2022-02-23,270.03204345703125,281.04454083688285,269.8682698302373,279.58004589911764,37811200,MSFT
2022-02-24,283.82891845703125,284.37810398388814,261.60163542289047,262.55549170711595,56989700,MSFT
2022-02-25,286.44964599609375,286.75796386461934,280.9963949831395,284.35892976880194,32546700,MSFT
2022-02-28,287.8756103515625,288.2128312016405,282.29710305164537,283.5592481567503,34627500,MSFT
2022-03-01,284.17584228515625,289.01245712557574,281.47810528267394,285.5728578838848,31217800,MSFT
2022-03-02,289.22442626953125,290.4576682481348,282.9715074955346,284.57084383733564,31873000,MSFT
2022-03-03,285.1104431152344,292.0570630305392,283.3087270663971,291.8258393249391,27314500,MSFT
2022-03-04,279.271728515625,284.8598787290603,276.68001821827283,283.53992798121607,32356500,MSFT
2022-03-07,268.7217102050781,279.10792679805024,268.35558650691434,277.99029686784587,43157200,MSFT
2022-03-08,265.7735290527344,273.58726615536074,260.1372168079997,267.6522801991081,48159500,MSFT
2022-03-09,277.9614562988281,279.0212805569592,270.52345705468474,273.0862941142346,35204500,MSFT
2022-03-10,275.1577453613281,276.1308607136372,270.33074508462164,272.6816172407287,30628000,MSFT
2022-03-11,269.83935546875,278.9345249185214,269.22271985726513,277.441127086034,27209300,MSFT
2022-03-14,266.342041015625,274.9747366839514,265.74469344120354,270.099573663449,30660700,MSFT
2022-03-15,276.6607360839844,277.3062746946172,268.5483254301358,270.10914399569396,34245100,MSFT
2022-03-16,283.63629150390625,283.80970925762125,272.8550467725236,278.54913550581284,37826300,MSFT
2022-03-17,284.4359130859375,284.81165149082653,278.79960179018684,282.5764210911027,30816600,MSFT
2022-03-18,289.45562744140625,290.00481304770483,282.0369173074508,284.58046582678224,43390600,MSFT
2022-03-21,288.2320556640625,289.17626805109586,284.1276588300462,287.9719290179041,28351200,MSFT
2022-03-22,292.9530029296875,293.85866806216893,287.856232880349,288.8486068783485,27599700,MSFT
2022-03-23,288.54998779296875,292.1533901687108,286.84465430957243,289.53274726035676,25715400,MSFT
2022-03-24,292.9916687011719,293.0880217250497,287.42280499368326,288.212858625541,24484500,MSFT
2022-03-25,292.5869445800781,294.3404693263562,288.3573210468133,294.0803426717011,22566500,MSFT
2022-03-28,299.3505859375,299.44690955852997,293.2132482120886,293.2132482120886,29578200,MSFT
2022-03-29,303.8883972167969,304.28342386238455,297.7607062548544,302.44319069026733,30393400,MSFT
2022-03-30,302.39508056640625,304.40876140768165,300.1983672332794,302.298756961056,28163600,MSFT
2022-03-31,297.0477600097656,303.6282838118876,296.6431186303352,302.43355970417105,33422100,MSFT
2022-04-01,298.11724853515625,298.8013048013512,294.37897586444814,298.0690573372068,27110500,MSFT
2022-04-04,303.4645080566406,303.5993787276326,298.39664041936675,298.76276415932574,24289600,MSFT
2022-04-05,299.5238342285156,303.36807366097713,298.55071922318655,301.82651436032455,23156700,MSFT
2022-04-06,288.55963134765625,295.7856655216376,285.8715384021488,294.04178495987475,40110400,MSFT
2022-04-07,290.3612976074219,292.5580106672026,285.5246829888432,285.8233566950077,31411200,MSFT
2022-04-08,286.1221008300781,290.1205012315101,285.45730321650933,289.4653477407742,24361900,MSFT
2022-04-11,274.8398132324219,281.9213032700954,274.58930130303617,281.13127920546333,34569300,MSFT
2022-04-12,271.7567138671875,280.119637735793,270.24405686204636,278.6744307786593,30966700,MSFT
2022-04-13,277.1136169433594,278.03854117973947,271.0244711313333,272.40225746800036,21907200,MSFT
2022-04-14,269.6081237792969,277.7783698621316,269.1167734779353,277.56640502923614,28221600,MSFT
2022-04-18,270.2729187011719,272.14205510022083,268.17255863306326,268.7217442498862,20778000,MSFT
2022-04-19,274.87823486328125,275.7164792411384,268.2399356794026,269.1745036246196,22297700,MSFT
2022-04-20,275.8996276855469,279.11764770587973,274.94580050630236,278.8285886738467,22906700,MSFT
2022-04-21,270.55230712890625,282.5860513093376,269.82970383090816,278.03846671115735,29454600,MSFT
2022-04-22,264.02001953125,272.8550636325426,263.393769113378,271.39056854763874,29405800,MSFT
2022-04-25,270.4656066894531,270.8413451266627,260.8790575428307,263.30702351755633,35678900,MSFT
2022-04-26,260.3492431640625,268.19188507903243,260.137278279722,267.3633137874921,46518400,MSFT
2022-04-27,272.874267578125,280.3411680957989,268.96257753012264,271.7951847238902,63477700,MSFT
2022-04-28,279.0501708984375,280.35086291082894,271.1785981856094,274.77235637930573,33646600,MSFT
2022-04-29,267.3824768066406,279.2909943451643,266.3997469147851,278.0673672865681,37073900,MSFT
2022-05-02,274.0785827636719,274.5314152870126,266.12994741338053,267.56550972229473,35151100,MSFT
2022-05-03,271.48687744140625,273.7510403407447,269.91641488989063,273.5872373213016,25978600,MSFT
2022-05-04,279.38739013671875,280.25450833918546,266.62139669213593,272.26732383050563,33599300,MSFT
2022-05-05,267.2186584472656,275.8898964970235,264.31860164617336,275.10948742476916,43260400,MSFT
2022-05-06,264.69439697265625,269.04927528391744,261.36076616080453,264.7714617150036,37780300,MSFT
2022-05-09,254.9151611328125,262.4109648333538,253.701207586284,260.1949931476496,47726000,MSFT
2022-05-10,259.655517578125,263.7502706382624,255.38734673917406,261.765522095456,39336400,MSFT
2022-05-11,251.0323944091797,261.44751510704526,249.82805548109343,255.97500607449467,48975900,MSFT
2022-05-12,246.02236938476562,250.3868926130945,240.88706627938942,248.27688839647124,51033800,MSFT
2022-05-13,251.5815887451172,253.43146634006962,246.0223706452165,247.94931299700548,34925100,MSFT
2022-05-16,251.94772338867188,256.10992610515103,246.43666684818785,250.46396948086246,32550900,MSFT
2022-05-17,257.0733337402344,258.52815492499775,252.87258498124666,256.38924817495007,28828800,MSFT
2022-05-18,245.36892700195312,254.56254010236933,244.10384241044304,253.98310507106706,31356000,MSFT
2022-05-19,244.46112060546875,248.83582357923467,243.24432488041336,245.19505877898175,32692300,MSFT
2022-05-20,243.90101623535156,249.67600344933274,237.9908442252686,248.4205560699694,39199300,MSFT
2022-05-23,251.71365356445312,252.53451735450935,244.74118884717117,246.73057447845937,33175400,MSFT
2022-05-24,250.71902465820312,252.37038972196692,244.80885119101075,249.0483558963192,29043900,MSFT
2022-05-25,253.51959228515625,255.5089636207459,248.31440168457397,249.289783654333,28547900,MSFT
2022-05-26,256.7836608886719,257.9521680064266,252.46691284814418,253.2781100641193,25002100,MSFT
2022-05-27,263.87200927734375,263.96858669067194,258.38675406725025,259.27522501006564,26910800,MSFT
2022-05-31,262.54888916015625,265.3494563053648,259.70968516934204,263.18626449189804,37827700,MSFT
2022-06-01,263.0801696777344,268.1694785962378,260.7817625947678,265.76485697863757,25292200,MSFT
2022-06-02,265.1660461425781,265.23365327445924,252.63108267756797,255.38337667898296,44008200,MSFT
2022-06-03,260.762451171875,264.0748772583433,259.20766358686035,261.04251687853196,28059000,MSFT
2022-06-06,259.5360107421875,264.77983823030496,258.05846737616287,262.73252632143885,22400300,MSFT
2022-06-07,263.1573791503906,263.76578441208926,256.8222901054273,257.49830250093424,22860700,MSFT
2022-06-08,261.1390075683594,263.64020598603173,260.3664178533954,262.39442533216015,17372300,MSFT
2022-06-09,255.71170043945312,263.36014725410655,255.5571824924227,258.5991790544163,26439700,MSFT
2022-06-10,244.31631469726562,251.6460754214227,243.8720791834992,251.6460754214227,31422800,MSFT
2022-06-13,233.9541473388672,240.48239119497188,233.24917940412797,236.70644141538565,46135800,MSFT
2022-06-14,236.1077117919922,237.3148557778769,233.2298699199791,235.49930650770008,28651500,MSFT
2022-06-15,243.12841796875,246.54705752984734,237.97150308982546,239.79670396205796,33111700,MSFT
2022-06-16,236.5712432861328,238.93724247462407,234.68810167633953,237.5466102902709,33169200,MSFT
2022-06-17,239.15936279296875,241.91165700040483,235.6634784930398,236.31050590715876,43084800,MSFT
2022-06-21,245.04058837890625,246.01595545881753,240.95560233610817,241.67988876042264,29928300,MSFT
2022-06-22,244.4514923095703,248.35298995386094,241.7861089374633,243.254000161548,25939900,MSFT
2022-06-23,249.9850616455078,250.4775859053946,244.9343892207619,246.80787935964423,25861400,MSFT
2022-06-24,258.52203369140625,258.79243283430566,252.74704478148087,252.83395563405963,33923200,MSFT
2022-06-27,255.8082733154297,259.1013356957246,254.25345676244666,259.01442487792315,24615100,MSFT
2022-06-28,247.68666076660156,257.7590638663584,247.53214278827687,254.9295252245594,27295500,MSFT
2022-06-29,251.33702087402344,252.98838543989126,246.99128819672805,248.75854859461052,20069800,MSFT
2022-06-30,248.02462768554688,250.63207057542505,244.22937393334024,248.23708621339836,31730900,MSFT
2022-07-01,250.68032836914062,250.86381660731956,245.88073757874744,247.599724121051,22837700,MSFT
2022-07-05,253.83822631835938,253.96377399992517,246.00627607080364,247.3775897790424,22941000,MSFT
2022-07-06,257.0830383300781,258.8020102285566,253.4036657301254,254.70738716056056,23824400,MSFT
2022-07-07,259.1979675292969,259.8353431316474,255.9338452648158,256.0304226841945,20859900,MSFT
2022-07-08,258.48333740234375,258.9082544536916,254.26316663768768,255.71173945693104,19658800,MSFT
2022-07-11,255.4413604736328,257.39209474736157,253.19122734678487,256.5422605778031,19455200,MSFT
2022-07-12,244.9729461669922,256.822274498301,243.39882584810758,256.76433395035434,35868500,MSFT
2022-07-13,244.05555725097656,244.85710267048802,239.60360939385333,241.61229886642806,29497400,MSFT
2022-07-14,245.36892700195312,246.39258278636146,237.50800563214514,241.9792718550764,25102800,MSFT
2022-07-15,247.9184112548828,251.44326589652985,246.03526953214475,246.9526960395664,29774100,MSFT
2022-07-18,245.5330810546875,251.89714046464383,244.6156545937457,250.84451446983314,20975000,MSFT
2022-07-19,250.63206481933594,250.81555306514318,244.98262500187312,248.748908389752,25012600,MSFT
2022-07-20,253.27816772460938,255.78903366259863,250.03337812201053,250.98942693861642,22788300,MSFT
2022-07-21,255.75999450683594,255.80829794667736,248.21776161035194,250.88314483137592,22404700,MSFT
2022-07-22,251.43359375,256.23319944277154,250.1878423691355,256.1462886118709,21881300,MSFT
2022-07-25,249.95608520507812,252.53455809641423,248.00535085353994,252.05170043274995,21056000,MSFT
2022-07-26,243.26365661621094,250.97007463688564,241.01355313399756,250.9507414709721,39348000,MSFT
2022-07-27,259.5262756347656,260.79136010238045,249.97536828625238,252.2061678876976,45994000,MSFT
2022-07-28,266.9333801269531,268.3143459872542,258.68616288804407,260.50171243898495,33459300,MSFT
2022-07-29,271.11480712890625,272.3316174034338,267.1457328087097,268.17905488402175,32152800,MSFT
2022-08-01,268.478515625,271.63639399506593,266.38290049065427,268.2950273632756,21539600,MSFT
2022-08-02,265.3978271484375,268.362579537139,263.04147997964446,266.53736387741355,22754200,MSFT
2022-08-03,272.78558349609375,273.7802690088794,267.12647689627147,267.2713577584934,23518900,MSFT
2022-08-04,273.9251708984375,274.070022316073,270.5645001241118,272.1385914908116,18098700,MSFT
2022-08-05,273.21044921875,273.9250689272582,269.1254639343299,269.57935118815436,16774600,MSFT
2022-08-08,270.70928955078125,276.11730051736697,269.74357435929414,274.3113883534034,18739200,MSFT
2022-08-09,272.62139892578125,273.3746556298809,268.09219211802474,270.05262233660574,23405200,MSFT
2022-08-10,279.2462158203125,279.8739248174104,277.1023268586765,278.29016718582943,24687800,MSFT
2022-08-11,277.1795349121094,281.22588350260514,276.6870402559907,280.8782402159332,20065900,MSFT
2022-08-12,281.90191650390625,281.90191650390625,277.10231096943915,278.58952057102715,22619700,MSFT
2022-08-15,283.40838623046875,284.09403563819063,280.16356845958603,281.02306896793766,18085700,MSFT
2022-08-16,282.6744689941406,283.958886627976,280.4630025536895,281.9791529178918,18102900,MSFT
2022-08-17,281.9293518066406,283.8939138882916,280.1389803646201,280.4002663240658,18253400,MSFT
2022-08-18,280.8163757324219,282.50027733774294,279.76148592010856,280.8357203997343,17186200,MSFT
2022-08-19,276.9259338378906,279.9260110820991,276.35495606289055,279.58728744368415,20570000,MSFT
2022-08-22,268.7967834472656,273.3549492553272,268.2838690742468,272.98719375507784,25061100,MSFT
2022-08-23,267.5289306640625,269.87090517738073,266.5224469010499,267.5289306640625,17527400,MSFT
2022-08-24,266.89990234375,268.29348622669727,266.24179973569437,266.53214693938304,18137000,MSFT
2022-08-25,269.8612976074219,270.0258011315452,265.67085828538086,268.39027578883355,16583400,MSFT
2022-08-26,259.4480895996094,271.3032096749944,259.34164963640063,270.08381644498274,27549300,MSFT
2022-08-29,256.6802978515625,258.78033116845745,255.34477754961907,257.28030737067536,20338500,MSFT
2022-08-30,254.4932098388672,258.44167876709264,252.25767464216207,258.0739528081768,22767100,MSFT
2022-08-31,253.04150390625,258.4996828935802,252.9060026363371,256.8351555238569,24791800,MSFT
2022-09-01,252.00607299804688,252.4802980682531,247.17693370181735,250.52539330104318,23263400,MSFT
2022-09-02,247.80592346191406,256.20611724920184,246.26718053225406,253.2641326770218,22855400,MSFT
2022-09-06,245.0865020751953,249.51885306650013,243.81873220604314,247.94142082307454,21328200,MSFT
2022-09-07,249.77044677734375,250.4865833733889,245.0574363023817,246.48972426139284,24126700,MSFT
2022-09-08,250.18661499023438,252.0350498159717,246.57685541782593,249.20919235362013,20319900,MSFT
2022-09-09,255.93521118164062,256.68040938822054,251.8996462900946,252.10286874013727,22084700,MSFT
2022-09-12,258.0545349121094,258.82876464312335,256.6125744929972,257.2125840758803,18747700,MSFT
2022-09-13,243.86709594726562,252.00598798329736,243.47998110571493,250.49627701855277,33353300,MSFT
2022-09-14,244.08969116210938,246.03489350941175,241.8057651557058,245.35746095813147,23913000,MSFT
2022-09-15,237.4701690673828,243.29610345654862,236.15400813965698,241.71865662350373,31530900,MSFT
2022-09-16,236.850830078125,237.3927761581187,234.2572119949683,236.38629220933913,39791800,MSFT
2022-09-19,236.63790893554688,237.2379185278828,233.08621305250247,234.6539876734692,26826900,MSFT
2022-09-20,234.63461303710938,235.66044153829108,231.91519584554464,234.26687239156138,26660300,MSFT
2022-09-21,231.24745178222656,239.6766917207571,231.19906057717108,236.3959688481416,28625600,MSFT
2022-09-22,233.2120361328125,235.99920442354707,229.91196827312697,230.2022859976419,31061200,MSFT
2022-09-23,230.25067138671875,233.35720386281167,227.61834912688556,231.81844612716222,34176000,MSFT
2022-09-26,229.7958221435547,233.66688257896323,229.26354838030127,229.4087220067833,27694200,MSFT
2022-09-27,228.78932189941406,234.00557453802256,226.9408872481293,232.24423519066093,27018700,MSFT
2022-09-28,233.2991485595703,234.51852731554808,227.16350637089323,229.1764596269769,29029700,MSFT
2022-09-29,229.84417724609375,232.21519843693235,226.85378707356358,231.18936994540456,27484200,MSFT
2022-09-30,225.3925018310547,232.78622712752662,225.22798352444488,230.6087554984579,35694800,MSFT
2022-10-03,232.979736328125,233.8216870981845,227.09572373714803,227.82154744014306,28880400,MSFT
2022-10-04,240.85736083984375,242.2896489224366,237.08306843402076,237.18952317598578,34888400,MSFT
2022-10-05,241.16702270507812,242.50254306214893,236.23143031780648,238.0605054835281,20347100,MSFT
2022-10-06,238.83473205566406,242.2703009633561,238.1476271342794,239.93798363059574,20239900,MSFT
2022-10-07,226.6892852783203,233.54106344265196,225.65376961113512,233.13458913635256,37769600,MSFT
2022-10-10,221.86012268066406,226.99895238528188,219.42135078516142,225.53763257488384,29743600,MSFT
2022-10-11,218.1439208984375,221.67625738261597,216.8858233948525,220.28267336430167,30474000,MSFT
2022-10-12,218.4729766845703,220.51496168634117,216.74068361052014,218.13425298449135,21903900,MSFT
2022-10-13,226.6892852783203,228.48932881951694,212.0663551272384,212.76314712814823,42551800,MSFT
2022-10-14,221.19236755371094,229.5925754900993,220.97945807089755,227.9473631652827,30198600,MSFT
2022-10-17,229.8732147216797,231.2571263231049,227.5602570081076,228.21834487388986,28142300,MSFT
2022-10-18,230.8119354248047,236.06689189792664,227.78282647347956,235.39914650154014,26329600,MSFT
2022-10-19,228.85708618164062,231.88619566301972,226.73767825485612,229.39903227367395,19985700,MSFT
2022-10-20,228.53768920898438,233.5313599425322,227.29895124255845,228.16994856599382,21811000,MSFT
2022-10-21,234.31527709960938,235.166915097807,226.9409118947973,227.17318083073934,26299700,MSFT
2022-10-24,239.27992248535156,239.850900353894,233.52172305739012,235.90241694894004,24911200,MSFT
2022-10-25,242.57998657226562,242.9477272430807,237.90567969361152,239.28957660185964,34775500,MSFT
2022-10-26,223.86343383789062,230.61843021635175,222.64404034026404,223.71826021026072,82543200,MSFT
2022-10-27,219.4407501220703,226.1570426979962,218.5020167351225,223.5924561627655,40424600,MSFT
2022-10-28,228.26675415039062,228.97323332024203,218.7633083498998,218.94718608542487,40647700,MSFT
2022-10-31,224.64727783203125,227.34733548815285,223.69885756884622,226.22472462576297,28357300,MSFT
2022-11-01,220.81491088867188,228.14089811809833,220.00199193356548,227.0376467456196,30592300,MSFT
2022-11-02,213.0050811767578,223.84404616078317,212.94700287287873,222.0633621151271,38407000,MSFT
2022-11-03,207.34368896484375,213.30512599326244,207.0823882325762,212.99543404880836,36633900,MSFT
2022-11-04,214.25350952148438,214.4470595832424,206.55009302136054,210.53729517480699,36789100,MSFT
2022-11-07,220.5246124267578,221.04721381188003,214.14704442988435,214.83416409790135,33498000,MSFT
2022-11-08,221.4923858642578,224.18277156558537,218.56005889650208,221.3278675751174,28192500,MSFT
2022-11-09,217.27291870117188,221.26012061364744,217.098728086194,220.04072724111327,27852900,MSFT
2022-11-10,235.14755249023438,235.48627617138314,227.42479136911933,227.84092326094827,46268000,MSFT
2022-11-11,239.14442443847656,239.99606241623323,234.1313937515766,235.15723711883936,34620200,MSFT
2022-11-14,233.76364135742188,236.0475673740293,231.49907477577239,234.18946032496393,31123300,MSFT
2022-11-15,234.17010498046875,239.03796188941354,232.29263846364998,237.74116029609917,31390100,MSFT
2022-11-16,234.59710693359375,236.60603316606853,233.32576434985185,235.62582643468144,24093300,MSFT
2022-11-17,234.548583984375,236.07226408161256,230.61810181463593,230.76366974368625,23123500,MSFT
2022-11-18,234.10215759277344,236.547802374884,231.97677705188883,236.32457848011174,27613500,MSFT
2022-11-21,234.9076690673828,237.45035420758848,234.0730450796648,234.30595375905,26394700,MSFT
2022-11-22,237.7997283935547,238.0714650543678,233.6072093349116,236.40221710449453,19665700,MSFT
2022-11-23,240.27452087402344,240.9538626225825,237.06219325627018,237.87740335454106,19508500,MSFT
2022-11-25,240.18711853027344,241.3614057927524,239.44953498504466,240.0124222348377,9200800,MSFT
2022-11-28,234.62625122070312,239.3719587460741,233.69458675417982,238.8187857456771,24778200,MSFT
2022-11-29,233.23838806152344,235.62579053835145,231.1809493727878,234.27680699664614,17956300,MSFT
2022-11-30,247.61141967773438,247.7958155951577,232.78229762918565,233.47135371926146,47594200,MSFT
2022-12-01,247.17471313476562,248.56251016658027,243.51595261951238,246.37890225412923,26041500,MSFT
2022-12-02,247.49496459960938,248.50427013338341,242.3222385687394,242.44840731366295,21528500,MSFT
2022-12-05,242.8171844482422,246.33037684588194,240.7403313992676,244.57377324279298,23435300,MSFT
2022-12-06,237.8870849609375,244.42820886485632,236.58662873937655,243.41890331596056,22463700,MSFT
2022-12-07,237.15919494628906,238.89638442921668,235.06294286518101,237.60562791314456,20481500,MSFT
2022-12-08,240.0997772216797,241.40024809384906,235.8878444020433,237.61531942592248,22611800,MSFT
2022-12-09,238.17823791503906,240.98296029845363,236.95542284837845,237.47948221736485,20609700,MSFT
2022-12-12,245.0590362548828,245.08814984287235,239.87661027319498,240.1483469667902,30665100,MSFT
2022-12-13,249.3389129638672,256.13235956018696,245.60251141247596,253.96815091092603,42196900,MSFT
2022-12-14,249.63006591796875,254.84160556776638,246.8059293712521,249.54272515265737,35410900,MSFT
2022-12-15,241.6622772216797,246.6991345223688,240.04155689170804,246.23330237453274,35560400,MSFT
2022-12-16,237.4697723388672,242.4678019516118,236.3245836806278,241.21587335248572,86102000,MSFT
2022-12-19,233.35488891601562,237.97444210459676,231.66624165874438,237.63476384948163,29696400,MSFT
2022-12-20,234.66505432128906,235.74230142731602,231.38478542376703,232.33586378495446,25150800,MSFT
2022-12-21,237.21743774414062,238.37232600874938,233.02491849714485,234.55829818550004,23690600,MSFT
2022-12-22,231.16156005859375,234.84943370848737,226.9690262734001,234.14096367729437,28651700,MSFT
2022-12-23,231.6856231689453,231.82149149891836,227.03697155694044,229.1429380757911,21207000,MSFT
2022-12-27,229.9678955078125,231.87975199416192,228.87123430992634,231.65654287895535,16688600,MSFT
2022-12-28,227.6095428466797,232.64639991916565,227.26016504949752,229.8999051151991,17457100,MSFT
2022-12-29,233.8983154296875,234.78146686926897,228.69647674233894,228.69647674233894,19770700,MSFT
2022-12-30,232.74349975585938,232.87936810259998,229.67674014824095,231.18100636407286,21938500,MSFT
2023-01-03,232.5105438232422,238.4984794551215,230.39486293780934,235.90726682667218,25740000,MSFT
2023-01-04,222.3397979736328,225.99854338319813,219.2924526600918,225.4259564644858,50623400,MSFT
2023-01-05,215.75015258789062,220.83553784778456,215.21637883212745,220.4958596008794,39585600,MSFT
2023-01-06,218.2928466796875,219.09835714227594,212.87751216247153,216.4198034707522,43613600,MSFT
2023-01-09,220.41824340820312,224.41668242466997,219.72920205241053,219.76801523516428,27369800,MSFT
2023-01-10,222.09718322753906,224.48458614807703,220.62203068917864,221.0393352972296,27033900,MSFT
2023-01-11,228.81298828125,228.98766979827053,224.2904903213458,224.4651718383663,28669300,MSFT
2023-01-12,231.47213745117188,232.8211212975009,226.66820302336927,228.3180371449277,27269500,MSFT
2023-01-13,232.17088317871094,232.30675151679418,227.98806347571494,230.00668936190732,21333300,MSFT
2023-01-17,233.25784301757812,233.80131636600996,230.09402846864725,230.94806647820474,29831300,MSFT
2023-01-18,228.851806640625,235.22794870990262,228.57037036509706,234.4418522484385,30028700,MSFT
2023-01-19,225.0863037109375,228.57038281279662,223.87318816519613,226.88172064205048,28623000,MSFT
2023-01-20,233.13168334960938,233.63634353931783,227.59016528126836,227.92984354153225,35389800,MSFT
2023-01-23,235.42202758789062,237.93559913009912,232.57847740404011,233.98570310784828,31934000,MSFT
2023-01-24,234.8979949951172,236.7516391990006,233.3452159013229,235.34442805481387,40234400,MSFT
2023-01-25,233.51016235351562,236.1207891156233,224.08667522306712,227.5610395748184,66526600,MSFT
2023-01-26,240.68206787109375,240.98291808656688,234.85911461614793,236.46042083784369,33454500,MSFT
2023-01-27,240.83737182617188,242.45809218411858,239.54661529494882,241.6428822092,26498900,MSFT
2023-01-30,235.54820251464844,238.35292478678218,235.05324194345323,237.2950768809861,25867400,MSFT
2023-01-31,240.4977264404297,240.63359478813643,235.78113264355397,236.26637885801222,26541100,MSFT
2023-02-01,245.29193115234375,247.65022035562143,238.22674832599188,240.68209268360533,31259900,MSFT
2023-02-02,256.792236328125,256.87957707013254,249.65911289346886,251.1827927216543,39940400,MSFT
2023-02-03,250.7267608642578,256.40414831043,249.51364515426727,251.8816493895354,29077300,MSFT
2023-02-06,249.19329833984375,250.67815038089995,247.26202813154237,249.84354121530777,22518000,MSFT
2023-02-07,259.6649169921875,260.83920438047807,252.40562393796253,252.84235731907512,50841400,MSFT
2023-02-08,258.8594055175781,268.5934414880708,258.354730598475,265.1384914873045,54686000,MSFT
2023-02-09,255.84120178222656,265.8955184484022,255.0453909060254,265.72080730740066,42375100,MSFT
2023-02-10,255.3365020751953,256.2972798694553,252.96849875330074,253.81282222305296,25818500,MSFT
2023-02-13,263.31396484375,266.4971782446964,259.26699912258107,259.74256046553177,44630900,MSFT
2023-02-14,264.138916015625,266.856282749665,261.33417890703004,264.62416219078045,37047900,MSFT
2023-02-15,262.02764892578125,263.3994740205076,258.972656227329,261.0547258535999,28922400,MSFT
2023-02-16,255.05178833007812,259.5175018592182,254.80855755164183,256.8711498021807,29603600,MSFT
2023-02-17,251.0725555419922,253.047588426155,249.06833614983722,252.36656000925092,30000100,MSFT
2023-02-21,245.82847595214844,248.57212619836037,244.77771723097973,247.58946437392655,28397400,MSFT
2023-02-22,244.6999053955078,247.45327979594094,243.56158704829775,247.21004899921323,22491100,MSFT
2023-02-23,247.87159729003906,249.88554018375208,243.6977492993608,248.6401999292757,29219100,MSFT
2023-02-24,242.47190856933594,244.2037105882477,241.38223939221282,243.19187704458037,24990900,MSFT
2023-02-27,243.38645935058594,245.97443849874284,242.63730436651332,245.62418557007777,21190000,MSFT
2023-02-28,242.66650390625,244.68046206564443,241.99518451978517,242.32598969202303,22491000,MSFT
2023-03-01,239.60179138183594,244.13560203633548,239.1347775749903,243.97020688018864,27565300,MSFT
2023-03-02,244.31072998046875,244.592871158647,238.95965271701235,239.8742028427946,24808200,MSFT
2023-03-03,248.3775634765625,248.69862992215678,244.58316883886687,245.3615103876745,30760100,MSFT
2023-03-06,249.91477966308594,253.07678008876618,249.0488786018787,249.48669107630843,24109800,MSFT
2023-03-07,247.26837158203125,250.71252727477477,246.52895545521775,249.36015006899643,21473200,MSFT
2023-03-08,246.8306121826172,247.6478641053872,244.01886473628258,247.16140250674363,17340200,MSFT
2023-03-09,245.48800659179688,252.53196156480467,244.76803802762987,248.89323803651243,26653400,MSFT
2023-03-10,241.8589630126953,245.9452372856859,240.89577859254197,244.2815470078051,28333900,MSFT
2023-03-13,247.04464721679688,250.92661597294014,239.0764041542882,240.7011840514009,33339700,MSFT
2023-03-14,253.72865295410156,254.00107026600773,248.93213379575317,249.79803486123274,33620300,MSFT
2023-03-15,258.252685546875,259.2645337884642,252.19136451987217,252.94053423822598,46028000,MSFT
2023-03-16,268.7214050292969,269.07164313641664,256.1512239726221,258.0289586598438,54768800,MSFT
2023-03-17,271.8638916015625,275.6582857099673,268.83811504692954,270.72558821466924,69527400,MSFT
2023-03-20,264.85888671875,269.96673338942173,262.5433248107774,269.4802718017387,43466600,MSFT
2023-03-21,266.36688232421875,267.5538496813645,262.2222204606799,267.43710366119547,34558700,MSFT
2023-03-22,264.91729736328125,273.4303763569465,264.8102603593326,265.9972279895284,34873300,MSFT
2023-03-23,270.14178466796875,273.44971669614165,267.74840257051886,270.41420190108295,36610900,MSFT
2023-03-24,272.97308349609375,273.03145651581804,267.8263111878216,269.7332324450906,28172000,MSFT
2023-03-27,268.8965148925781,273.83895161321755,268.05978551317787,272.90495366822654,26840200,MSFT
2023-03-28,267.777587890625,268.66295131715697,264.6836704173727,268.32242235445216,21878600,MSFT
2023-03-29,272.9146728515625,273.527619165426,270.8715283691032,271.4066242065595,25087000,MSFT
2023-03-30,276.3587951660156,276.7576972006701,273.8584053599599,276.53394388967973,25053400,MSFT
2023-03-31,280.4936828613281,281.4374193382453,275.3372029511124,276.0474474143603,32766000,MSFT
2023-04-03,279.4527893066406,280.4646082302999,276.261601851509,278.7619923385716,24883300,MSFT
2023-04-04,279.40411376953125,282.5855920494944,277.93501973662194,279.4527777506129,25824300,MSFT
2023-04-05,276.6409606933594,279.3748723279069,275.25942646851195,278.11008412867955,22064800,MSFT
2023-04-06,283.7044372558594,284.171421432575,274.39355424617895,275.5415966022882,29770300,MSFT
2023-04-10,281.55419921875,281.7585047337455,277.0008970457906,281.37905051464327,23103000,MSFT
2023-04-11,275.17181396484375,278.23654533423,274.01406284794314,278.0127623432296,27276600,MSFT
2023-04-12,275.81396484375,279.2386732168352,274.32539366289427,277.07878271017614,27403400,MSFT
2023-04-13,281.9920654296875,282.05043844818863,275.5026841124763,275.91129524198396,24222700,MSFT
2023-04-14,278.3922424316406,280.66887902365164,276.00856885442937,279.22894208294247,20987900,MSFT
2023-04-17,280.9802551269531,283.70445835587293,278.41175289020185,282.07966327684187,23836200,MSFT
2023-04-18,280.5618591308594,283.86008303886325,279.2386978273748,283.67522525510293,20161800,MSFT
2023-04-19,280.63970947265625,281.2234396408052,276.8355761901663,278.2462970182061,17150300,MSFT
2023-04-20,278.36297607421875,281.20392420443534,277.3608666050033,277.5262765736857,23244400,MSFT
2023-04-21,278.02252197265625,278.51869257683563,275.3956176560884,277.2928296281938,21676400,MSFT
2023-04-24,274.1405334472656,277.234451496004,271.173129844423,274.45187596772155,26611000,MSFT
2023-04-25,267.9624938964844,273.9751515427264,267.91382992661585,271.941745821894,45772200,MSFT
2023-04-26,287.3723449707031,291.4586346304273,284.80384294642164,288.6663495624961,64599200,MSFT
2023-04-27,296.576171875,296.9361784067996,287.2555804982626,287.95608640380885,46462600,MSFT
2023-04-28,298.9403381347656,300.5651029592613,295.097280309873,295.7783383038111,36469600,MSFT
2023-05-01,297.286376953125,300.2440714597597,296.887474923344,298.65820207273595,21294100,MSFT
2023-05-02,297.14044189453125,300.8083512230657,295.6810572722288,299.42681707438953,26404400,MSFT
2023-05-03,296.1578063964844,300.25380462015016,295.8562025897096,298.3176970170622,22360800,MSFT
2023-05-04,297.14044189453125,299.42681707438953,295.1848569994441,297.9479549880525,22519900,MSFT
2023-05-05,302.23858642578125,303.5228521768905,296.03133165334634,297.442082171176,28197100,MSFT
2023-05-08,300.292724609375,301.8007733081372,297.8020437181864,301.7326615616671,21318600,MSFT
2023-05-09,298.68743896484375,301.6451339704267,298.0161195443124,299.6603622188009,21340800,MSFT
2023-05-10,303.8536071777344,304.5249264836218,299.33925948976275,300.26351860842567,30078000,MSFT
2023-05-11,301.7132568359375,302.6959189565311,297.96752555464644,301.7035477921427,31680200,MSFT
2023-05-12,300.6040954589844,302.23859938067807,298.2982721245842,302.14130111816417,19774700,MSFT
2023-05-15,301.080810546875,301.50889913783726,299.26144888091557,300.7305724404115,16336500,MSFT
2023-05-16,303.2991027832031,305.21576288918396,301.4408157004491,301.4408157004491,26730300,MSFT
2023-05-17,306.16571044921875,306.5849748220485,302.98703781876026,304.49838322404014,24315000,MSFT
2023-05-18,310.5729064941406,311.07995152372933,305.8926785291236,306.6824666262682,27276000,MSFT
2023-05-19,310.3973693847656,310.7971433987786,308.476519967082,308.8372836549044,27546700,MSFT
2023-05-22,313.16656494140625,314.5413890695808,310.0756729757329,310.65094892902596,24115700,MSFT
2023-05-23,307.3943176269531,314.66818336254534,307.38455760354833,312.04529609718725,30797200,MSFT
2023-05-24,306.0194396972656,308.6033161721185,304.8103574976606,306.8774884337067,23384900,MSFT
2023-05-25,317.78826904296875,318.74379887860135,312.01596067772016,315.17511275761063,43301700,MSFT
2023-05-26,324.5843811035156,325.0816363269195,315.7991718307155,315.9356633458704,36630600,MSFT
2023-05-30,322.9463195800781,327.3632951279749,322.2735326633113,326.866039835357,29503100,MSFT
2023-05-31,320.1966552734375,327.55827021551164,319.1630749897936,323.99934398362257,45950600,MSFT
2023-06-01,324.28204345703125,325.20835265254345,316.6181664522338,317.79796835691945,26773900,MSFT
2023-06-02,327.0317687988281,329.0793797798021,324.25287030723234,325.9104672337744,25873800,MSFT
2023-06-05,327.5582275390625,330.1128532177851,326.31016500303934,326.8561905027896,21307100,MSFT
2023-06-06,325.354736328125,327.0025735098163,323.8824307932031,326.96356317095973,20396200,MSFT
2023-06-07,315.3116760253906,326.1444673202271,314.45362725824225,323.37532887108034,40717100,MSFT
2023-06-08,317.1447448730469,318.49031851672504,315.2823959646681,315.8576718437754,23277700,MSFT
2023-06-09,318.6366271972656,321.7567696311191,316.3160032224107,316.8815191818162,22529000,MSFT
2023-06-12,323.57037353515625,323.8141360540533,317.0472861489783,320.3819407440362,24260300,MSFT
2023-06-13,325.94952392578125,328.5724112174238,322.1468342809254,326.12502581181246,22951300,MSFT
2023-06-14,328.92333984375,330.5809366273575,324.5063648507166,325.99819005349843,26003800,MSFT
2023-06-15,339.4148864746094,341.11146383028944,328.7868481922745,329.0598609823398,38899100,MSFT
2023-06-16,333.788818359375,342.70078870657477,333.4183243934552,342.55453717316414,46552000,MSFT
2023-06-20,329.61566162109375,333.54511218147553,327.48029960440283,330.84423422142726,26375400,MSFT
2023-06-21,325.2376403808594,329.3036115330344,323.78482556024073,327.97752820350655,25117800,MSFT
2023-06-22,331.2342529296875,331.6340270315193,325.0231887076145,325.783726576518,23556800,MSFT
2023-06-23,326.6612854003906,329.5279351767741,325.13047930366815,326.0177487407771,23146900,MSFT
2023-06-26,320.40142822265625,327.7240333118318,320.29415725203825,325.39367934124914,21520600,MSFT
2023-06-27,326.2225341796875,327.76310031619386,321.0840008711868,323.58012686208883,24354100,MSFT
2023-06-28,327.4705505371094,329.5474118113246,325.48144019271336,326.3102386492254,20259500,MSFT
2023-06-29,326.6904602050781,327.72401072843235,324.32109606698276,326.358946806659,16997000,MSFT
2023-06-30,332.0435485839844,334.17891054970244,328.78688502474677,329.32315064368396,26832800,MSFT
2023-07-03,329.5570983886719,332.3944971013384,328.17254422685164,330.72717014347734,12508700,MSFT
2023-07-05,329.71319580078125,333.1258712588089,326.37854101667716,326.7295447808277,18172400,MSFT
2023-07-06,332.7552795410156,334.43236661409844,327.1292521462773,328.8843301211992,28161200,MSFT
2023-07-07,328.8063659667969,333.26235165945616,328.5918537740865,330.8539769415479,21214800,MSFT
2023-07-10,323.5508117675781,326.86600540201454,319.4166095021663,326.25171917261997,32791400,MSFT
2023-07-11,324.1748962402344,324.55515029230673,318.84137119543414,322.80007207810127,26698200,MSFT
2023-07-12,328.7868347167969,333.12578887236407,327.29500957576835,328.2017988317313,29995300,MSFT
2023-07-13,334.11065673828125,335.16369770913235,330.56146024108614,331.0879956045949,20567200,MSFT
2023-07-14,336.62628173828125,342.661844143398,335.7194923009407,338.91765538868515,28352700,MSFT
2023-07-17,337.10400390625,338.33254651423374,333.66207903866245,337.05523355881655,20363900,MSFT
2023-07-18,350.52069091796875,357.62881326178683,333.63284869185065,337.20150526147,64738600,MSFT
2023-07-19,346.220703125,353.41657610071684,343.6465868791131,352.7242990079896,39732900,MSFT
2023-07-20,338.21563720703125,349.03869970926394,336.75306199743676,344.7484850456873,33778400,MSFT
2023-07-21,335.19287109375,341.5599453265858,331.3511723630361,340.438643967474,69405400,MSFT
2023-07-24,336.4994812011719,338.2643490243122,333.76935318489967,337.2210384138867,26678100,MSFT
2023-07-25,342.2231140136719,343.11041322520174,336.460564028573,338.4496449197473,41637700,MSFT
2023-07-26,329.3426513671875,336.0705206538034,324.79891447113727,332.92109821610006,58383700,MSFT
2023-07-27,322.4685363769531,332.8138025679025,320.8401897883476,331.9850338749244,39635300,MSFT
2023-07-28,329.9277038574219,331.5268003348271,324.8574610945914,325.34498615387326,28484900,MSFT
2023-07-31,327.5387878417969,329.2743755389443,325.04263262807757,328.51383777853505,25446000,MSFT
2023-08-01,327.94830322265625,330.0934250583603,325.37418677597503,326.827001708787,18311900,MSFT
2023-08-02,319.328857421875,325.3059183538415,318.2172862001048,325.3059183538415,27761300,MSFT
2023-08-03,318.5098571777344,321.6495195711113,317.81757996467144,317.86632056535905,18253700,MSFT
2023-08-04,319.6018981933594,326.7782818997198,319.0753628445266,323.5996092744747,23741500,MSFT
2023-08-07,321.87371826171875,322.84876819218033,319.3483425125627,320.1771409046875,17741500,MSFT
2023-08-08,317.9150390625,320.54768595225426,314.9411484793251,318.80233812895545,22327600,MSFT
2023-08-09,314.19036865234375,318.94858760325343,313.03978705069517,318.3245710835293,22373300,MSFT
2023-08-10,314.87286376953125,320.0698965106326,313.1665264082013,317.88576445394,20113700,MSFT
2023-08-11,313.0008239746094,314.3658880842269,311.2457160426732,312.26953644201075,24355500,MSFT
2023-08-14,315.9551696777344,315.97465996300735,312.09395075011946,313.37129346143496,18836100,MSFT
2023-08-15,313.8295593261719,316.97898134379494,312.8935197157339,314.9411305404492,16966300,MSFT
2023-08-16,313.06744384765625,316.9954627703804,312.4811692512175,313.4582836388938,20698900,MSFT
2023-08-17,309.62799072265625,314.50378164094593,308.9733110073384,313.2042327148122,21257200,MSFT
2023-08-18,309.2371520996094,311.0936633520083,304.4199558180871,307.29267431715726,24755000,MSFT
2023-08-21,314.51361083984375,315.383227213463,309.7843803763491,310.65399674996837,24040000,MSFT
2023-08-22,315.0802917480469,318.61744100027846,314.1031773769701,318.0507277854862,16084600,MSFT
2023-08-23,319.51641845703125,321.66608212966844,316.05742502712076,316.40920172771865,21166400,MSFT
2023-08-24,312.64727783203125,325.35954498918005,312.63749714645934,325.2325153533981,23281400,MSFT
2023-08-25,315.5884094238281,317.91391657239774,311.5040487015702,314.11295718549064,21684100,MSFT
2023-08-28,316.29193115234375,318.68584344960186,314.3572339791844,318.207066953983,14808500,MSFT
2023-08-29,320.8941955566406,321.45115801127633,314.51363868595456,314.51363868595456,19284600,MSFT
2023-08-30,321.2655029296875,322.26214904101624,318.97905844898986,321.14825395413936,15222100,MSFT
2023-08-31,320.2590026855469,323.33690686450706,319.30141990622377,321.6660497077852,26411000,MSFT
2023-09-01,321.1384582519531,324.3922364479654,319.30147820313266,323.7278057381443,14942000,MSFT
2023-09-05,325.91650390625,327.18677054781415,321.13842988312655,321.47064520868975,18553900,MSFT
2023-09-06,325.2618713378906,326.8056990885685,322.6236503266788,325.7504285755841,17535800,MSFT
2023-09-07,322.3598327636719,325.4572688809115,321.4999672739755,323.70825547986243,18381000,MSFT
2023-09-08,326.6200256347656,328.4667861972207,321.92010767166425,322.5356945258159,19530100,MSFT
2023-09-11,330.2060546875,330.67508035139593,327.7534879124914,329.5220626550476,16583300,MSFT
2023-09-12,324.1772155761719,329.08234867340195,323.89387388585794,328.13454656577954,17565500,MSFT
2023-09-13,328.3690490722656,329.1409777651763,323.59097536312447,323.7277558674077,16544400,MSFT
2023-09-14,330.9486389160156,333.05917964974554,328.86738060055865,331.388322477558,20267000,MSFT
2023-09-15,322.6627502441406,329.6784251727831,322.10578782450574,329.2094292987057,37679800,MSFT
2023-09-18,321.5292663574219,322.8385960925468,318.89104551464607,320.29809265490445,16834200,MSFT
2023-09-19,321.1286315917969,321.8517165023023,317.0833936077872,318.7054070395551,16505900,MSFT
2023-09-20,313.4289855957031,322.04714204193704,313.1749561204339,321.96898600781554,21436500,MSFT
2023-09-21,312.2173767089844,317.9041899225686,307.79104947595397,311.95356654433346,35560400,MSFT
2023-09-22,309.7550354003906,314.0934255806642,308.9147015377864,313.96639594173394,21447900,MSFT
2023-09-25,310.2729187011719,310.39994834578414,307.7910397456029,309.34464808220946,17836000,MSFT
2023-09-26,304.9964599609375,308.65085775757245,302.92495267803366,307.9180220612958,26297600,MSFT
2023-09-27,305.631591796875,307.10701412032984,302.6025314876758,305.1527855104158,19410100,MSFT
2023-09-28,306.4621887207031,308.2600757204857,302.3680768122536,303.8728115871533,19683600,MSFT
2023-09-29,308.52386474609375,312.1587314237549,307.77149741019485,310.4780935014134,24147300,MSFT
2023-10-02,314.4353942871094,314.523360821819,307.96690188868587,309.04173366618016,20570000,MSFT
2023-10-03,306.21795654296875,314.034873285169,304.0878240681493,313.48766167957774,21033500,MSFT
2023-10-04,311.660400390625,312.71570064039577,306.8139213204077,306.84323355961436,20720100,MSFT
2023-10-05,312.05126953125,312.6571055637684,307.6933472507753,311.78745935358154,16965600,MSFT
2023-10-06,319.7704772949219,321.65630098463043,309.06128169271835,309.3055602997531,25673600,MSFT
2023-10-09,322.2718811035156,322.7408769349448,315.78382712320234,317.3179038998877,19891200,MSFT
2023-10-10,320.8746032714844,323.52257487302114,320.1710797301385,323.38576454759857,20557100,MSFT
2023-10-11,324.8124694824219,325.2033093838926,321.6075345796852,323.6301392700687,20063200,MSFT
2023-10-12,323.5812072753906,325.99468102864705,321.1970457612764,323.00471335948436,19313100,MSFT
2023-10-13,320.229736328125,326.19011074612195,318.8910644547027,324.7733126546174,21072400,MSFT
2023-10-16,325.02734375,328.4472441018182,323.03402205271703,323.47370563502346,22158000,MSFT
2023-10-17,324.4606628417969,325.82861728065586,319.9170860395432,322.04718865285014,18338500,MSFT
2023-10-18,322.55523681640625,327.909834737972,320.7866620472197,324.8807739787621,23153600,MSFT
2023-10-19,323.7375793457031,329.1703335138683,323.33695882729216,324.5485712503718,25052100,MSFT
2023-10-20,319.1939697265625,324.32382025517603,318.0018889823848,324.1283854502297,25027700,MSFT
2023-10-23,321.78326416015625,325.1152272501223,316.9660981811189,318.02136842508753,24374700,MSFT
2023-10-24,322.9656066894531,324.24562410946174,320.1026687848026,323.7179740081932,31153600,MSFT
2023-10-25,332.87359619140625,338.2770379621599,329.89337919706037,337.1240202368528,55053800,MSFT
2023-10-26,320.3860168457031,333.81155756370936,319.45774634837835,332.7465065726092,37828500,MSFT
2023-10-27,322.2620849609375,329.0139487725961,320.8843501338627,322.867891093588,29856500,MSFT
2023-10-30,329.5904235839844,331.6814625082959,324.2358264617481,325.7796837612077,22828100,MSFT
2023-10-31,330.3721618652344,331.24180806391223,327.03044704898707,331.09524685603606,20265300,MSFT
2023-11-01,338.1500244140625,339.4691349616439,331.8769361620282,332.01374650613616,28158800,MSFT
2023-11-02,340.3485412597656,340.84684939451466,336.87976677643417,339.29324086548826,24348100,MSFT
2023-11-03,344.7259216308594,346.2795596471139,339.3811050850171,341.6284859220493,23637700,MSFT
2023-11-06,348.3705139160156,349.35740877006907,345.26329801131175,345.3610153921654,23828300,MSFT
2023-11-07,352.2790222167969,354.164845685057,349.44539667177366,351.17487827159056,25833900,MSFT
2023-11-08,354.8879699707031,355.54261993465985,352.2985928972702,353.4027369651116,26767800,MSFT
2023-11-09,352.4354248046875,356.441600143659,352.11296032697913,354.00856480709007,24847300,MSFT
2023-11-10,361.20989990234375,361.6300519453443,352.8067099465058,353.21708130319655,28042100,MSFT
2023-11-13,358.2882995605469,360.03734267871334,357.52615152445077,359.79306407971893,19986500,MSFT
2023-11-14,361.7961730957031,363.43774810881337,358.94301547087497,362.5192580985715,27683900,MSFT
2023-11-15,361.9430236816406,365.3306930182784,359.4365063311856,363.5193564786247,26860100,MSFT
2023-11-16,368.30718994140625,368.48342035388106,362.4423744800686,363.20606948048294,27182300,MSFT
2023-11-17,362.1192321777344,366.5447423144695,359.3287982048387,365.8006186204478,40157000,MSFT
2023-11-20,369.550537109375,370.9506392659541,363.24514725717773,363.4605498873962,52465100,MSFT
2023-11-21,365.27197265625,368.3561243217149,363.3627202596963,367.8176325584251,28423100,MSFT
2023-11-22,369.95196533203125,371.85141671314506,367.13215998771045,370.0988239687809,23345300,MSFT
2023-11-24,369.5408020019531,370.0695230751344,367.2986899991627,369.44288626548433,10176600,MSFT
2023-11-27,370.6961669921875,372.68376401378913,368.33656782207504,368.90443134275364,22179200,MSFT
2023-11-28,374.7007141113281,374.994431479148,370.2556020402747,370.4416329997911,20453100,MSFT
2023-11-29,370.93115234375,376.26721663239306,369.55062106548934,375.7385254123956,28963400,MSFT
2023-11-30,370.9898986816406,372.1452267516367,367.6218003340975,370.578664516551,30554400,MSFT
2023-12-01,366.6818542480469,370.25555453657734,363.54872995472044,368.8848238631299,33040500,MSFT
2023-12-04,361.424072265625,361.7961042236622,355.31448343294096,361.3848999985792,32063300,MSFT
2023-12-05,364.7333984375,365.2816906598943,357.9776315061035,358.7902991826528,23065000,MSFT
2023-12-06,361.0911560058594,366.35870548187097,360.33726166675575,365.73209860202707,21182100,MSFT
2023-12-07,363.1962890625,363.68583789268007,358.66306211428184,360.5331422311326,23118900,MSFT
2023-12-08,366.40771484375,366.6328881744278,360.53312909562084,361.4828549867559,20154400,MSFT
2023-12-11,363.5389099121094,363.8326571061726,358.44762055822775,360.7778775179064,27708800,MSFT
2023-12-12,366.5545654296875,366.59373770012405,362.7164896784692,363.0983520859286,24838300,MSFT
2023-12-13,366.5447998046875,369.74646839477913,363.02004212186165,368.16030502773964,30955500,MSFT
2023-12-14,358.2811584472656,365.94750897813526,356.5187948133364,365.50690312981,43277500,MSFT
2023-12-15,362.9808654785156,364.6159417445296,358.6238691889497,359.1819619943408,78502300,MSFT
2023-12-18,364.8606872558594,365.20337736605416,360.9736688806633,361.7275930990288,21802900,MSFT
2023-12-19,365.4579772949219,365.4579772949219,362.1094503782396,363.7249554315047,20603700,MSFT
2023-12-20,362.8731384277344,368.1700598934919,362.785023231556,367.161590586535,26316700,MSFT
2023-12-21,365.732177734375,366.58398798641923,362.3053356484184,364.7726511936181,17708000,MSFT
2023-12-22,366.7503356933594,367.3378001809741,364.9194281127133,365.8691539017797,17107500,MSFT
2023-12-26,366.8287048339844,369.0610461329153,365.69294804965995,367.1615944273694,12673100,MSFT
2023-12-27,366.2510681152344,367.2203652351963,365.01739550459973,365.87900622442777,14905400,MSFT
2023-12-28,367.4357604980469,368.5910885400905,366.33917592392487,367.5238756999293,14327000,MSFT
2023-12-29,368.1799011230469,369.2764857473798,365.6734134446601,368.14072884940924,18730800,MSFT
2024-01-02,363.117919921875,368.0427796247224,359.1036138103624,366.0454121665628,25258600,MSFT
2024-01-03,362.8535461425781,365.45794912599047,360.8072359155438,361.2967846745382,23083500,MSFT
2024-01-04,360.2491760253906,365.30132326469203,359.49528162444665,362.9221232500447,20901500,MSFT
2024-01-05,360.0630798339844,364.2829873663412,358.8392080466493,361.25757989361074,21004600,MSFT
2024-01-08,366.85809326171875,367.35744261436474,361.2968258961624,361.58074269539895,23134000,MSFT
2024-01-09,367.93511962890625,368.13092123395006,363.4312643972459,364.23413165308716,20830000,MSFT
2024-01-10,374.7691345214844,376.139894907687,368.4539736551255,368.50291657762523,25514200,MSFT
2024-01-11,376.5903015136719,382.5138298348758,372.42913685903,377.93166039806545,27850800,MSFT
2024-01-12,380.3500061035156,380.55560821170843,376.6098464914054,377.43228480386114,21661200,MSFT
2024-01-16,382.1124267578125,385.7938434606626,379.51782397721394,385.43158211314164,27202300,MSFT
2024-01-17,381.3291320800781,381.9557389879291,376.7665338147622,379.87028626114164,22234100,MSFT
2024-01-18,385.63714599609375,385.7546329209657,381.96553019541545,383.5320922463087,23392100,MSFT
2024-01-19,390.3368835449219,390.3368835449219,385.27493541414515,387.4877057228784,29331100,MSFT
2024-01-22,388.2220458984375,392.24612317895645,385.36306741354116,391.65865857195683,27016900,MSFT
2024-01-23,390.56201171875,391.0319893054533,385.69589563777015,387.4778603727062,20525900,MSFT
2024-01-24,394.1455078125,397.1513444657461,392.07962632176026,393.1468390669837,24867000,MSFT
2024-01-25,396.4072570800781,398.5025403738,394.1161721859946,395.8687653294727,21021200,MSFT
2024-01-26,395.4869689941406,397.6801683943768,394.0183222874145,395.91777441848916,17803300,MSFT
2024-01-29,401.1558837890625,401.41045873539736,395.8785331996652,397.57238286313674,24510200,MSFT
2024-01-30,400.0494689941406,404.41623575131524,397.9542157503529,403.64277019124665,33477600,MSFT
2024-01-31,389.2696533203125,406.6388669659615,388.9073919493629,398.4535945955144,47871100,MSFT
2024-02-01,395.3400573730469,399.4718507500115,393.40143322301293,393.4308049580275,30657700,MSFT
2024-02-02,402.6245422363281,404.02464472350925,395.12465055102524,395.36942496681314,28256700,MSFT
2024-02-05,397.17095947265625,402.5657971362689,395.5456537728456,401.33212452419457,25352300,MSFT
2024-02-06,397.0142822265625,399.4424550677267,394.4882235276778,397.39614463854895,18382600,MSFT
2024-02-07,405.3954162597656,405.6401907001784,398.8844221207242,398.92359439750413,22340500,MSFT
2024-02-08,405.4541015625,406.8738050650789,403.90714046810643,405.3953580956046,21225300,MSFT
2024-02-09,411.7594909667969,412.0238664464446,406.41362634312986,406.5702855474464,22032800,MSFT
2024-02-12,406.58001708984375,411.9454519986709,406.08066782830315,411.7692216286035,21202900,MSFT
2024-02-13,397.826904296875,401.4985199304189,394.95815578632363,396.4757449629813,27824900,MSFT
2024-02-14,401.672119140625,402.01544302317166,396.8460672009255,400.2792461565028,20401200,MSFT
2024-02-15,398.7980041503906,401.31894521125486,396.5713534874336,400.3478557485238,21825500,MSFT
2024-02-16,396.34576416015625,400.4950166150196,395.737605866878,400.17130014605374,22296500,MSFT
2024-02-20,395.10003662109375,396.76756266074034,390.4112964520626,395.5414273661721,24307900,MSFT
2024-02-21,394.5016784667969,394.60959394201785,389.63638185870155,392.53007321174096,18518900,MSFT
2024-02-22,403.79083251953125,404.9482969480148,400.76964859968683,402.3587150074255,27009900,MSFT
2024-02-23,402.505859375,407.92046175721333,401.162019956702,407.73411674298126,16295900,MSFT
2024-02-26,399.7593688964844,404.2911603614398,399.58278265548927,403.6045125913183,16193500,MSFT
2024-02-27,399.7005310058594,400.524490398334,396.13982903252327,400.2007738907874,14835800,MSFT
2024-02-28,399.93585205078125,401.48567367865326,397.58167859587735,400.3870613953607,13183100,MSFT
2024-02-29,405.74285888671875,406.2921650523384,398.1702468207432,400.8383181687279,31947300,MSFT
2024-03-01,407.5673828125,407.93031407980567,403.0355914321904,403.41813008815376,17823400,MSFT
2024-03-04,406.9984130859375,409.38201264934025,404.4480459696284,405.54665828189934,17596000,MSFT
2024-03-05,394.9626770019531,406.3412180011649,392.991071894389,406.0567462440755,26919200,MSFT
2024-03-06,394.4133605957031,397.4247558475786,390.7840183450358,395.27656457076307,22344100,MSFT
2024-03-07,401.3288269042969,401.9565926355365,394.5605358436286,398.3664647487739,18718500,MSFT
2024-03-08,398.4645690917969,402.5843959078717,396.61063804407956,400.17133994719717,18002200,MSFT
2024-03-11,396.7969970703125,397.93485423983793,393.5992565104688,396.0515271512708,16120800,MSFT
2024-03-12,407.3515930175781,407.6360648031442,399.02369122398767,399.8378319323999,22457000,MSFT
2024-03-13,407.17498779296875,410.1961717884516,403.5946789555971,410.11771230614136,17115900,MSFT
2024-03-14,417.1017761230469,419.6521433696343,410.009799228429,412.21684262615895,34157300,MSFT
2024-03-15,408.4697570800781,414.53176184842266,404.90905594932127,411.2849584886003,45079900,MSFT
2024-03-18,409.3526611328125,412.6975620459207,405.88023735043,406.341265451297,20106000,MSFT
2024-03-19,413.3645324707031,413.61957818454806,407.61639479250874,409.8528643144651,19837900,MSFT
2024-03-20,417.1116027832031,417.8276466076136,412.62884514501485,413.94325853489937,17860100,MSFT
2024-03-21,421.1725769042969,422.5949058623587,419.0047780206844,421.62378632435974,21296200,MSFT
2024-03-22,420.5545959472656,421.65320840400005,417.93558766825475,421.4962894258474,17648500,MSFT
2024-03-25,414.7868347167969,419.2499850699005,413.5606994442316,417.12140106535213,18060500,MSFT
2024-03-26,413.59991455078125,417.85705232022457,413.3056540804049,417.48430243445387,16725600,MSFT
2024-03-27,413.3841552734375,416.3465173372015,411.0103740796991,416.3366986755512,16705000,MSFT
2024-03-28,412.687744140625,413.81578270674646,411.1182848623514,412.92315255513495,21871200,MSFT
2024-04-01,416.4642333984375,419.7208560550212,414.15909296576694,415.85607505767865,16316000,MSFT
2024-04-02,413.3939514160156,414.31600751259526,409.8626759328322,412.08932675524255,17912000,MSFT
2024-04-03,412.4228820800781,415.17923184367993,411.0888313055727,411.7166269488562,16502300,MSFT
2024-04-04,409.9019470214844,420.4859554910503,409.59786785676073,416.8761903565226,19370900,MSFT
2024-04-05,417.39605712890625,418.36717662742586,410.33353586981326,411.9912731648726,16554800,MSFT
2024-04-08,416.48382568359375,419.12247124179834,415.21844567326013,417.0527692258899,14272400,MSFT
2024-04-09,418.14154052734375,419.5736580977935,413.57050478624086,418.29848942937065,12496900,MSFT
2024-04-10,415.17919921875,415.9344877287147,411.68716854848634,414.12962029851764,16216600,MSFT
2024-04-11,419.7600402832031,421.1725504908495,414.2963744060529,417.69033834286756,17966400,MSFT
2024-04-12,413.8451843261719,417.06256218596104,411.75584496590756,415.9541310748391,19253800,MSFT
2024-04-15,405.74285888671875,418.6712210349568,405.53684662340567,418.45542004596757,20273500,MSFT
2024-04-16,406.6648864746094,410.4119627811132,405.8311384974836,406.6550977488978,16765600,MSFT
2024-04-17,403.97723388671875,410.8828360715611,402.4960529094379,409.2839508985917,15855500,MSFT
2024-04-18,396.5517578125,404.02630364117994,396.23788993068626,402.7903496970384,21029900,MSFT
2024-04-19,391.5000915527344,397.738683518828,390.1758594431205,396.31635459832717,30565800,MSFT
2024-04-22,393.304931640625,395.1588624515417,388.1944084543801,392.441727661041,20286900,MSFT
2024-04-23,399.7887268066406,400.4067037074316,395.36482163775406,396.5222860267283,15734500,MSFT
2024-04-24,401.2503356933594,404.595236495939,399.0138660286807,401.74078982977966,15065300,MSFT
2024-04-25,391.4216003417969,392.2553782643455,380.62179192671005,386.5072408836068,40586500,MSFT
2024-04-26,398.5625915527344,405.1150505614492,398.0132854043954,404.3009099992489,29694700,MSFT
2024-04-29,394.5702819824219,398.56258512123486,391.5687056006696,397.5130062731547,19582100,MSFT
2024-04-30,381.8969421386719,394.4820099813431,381.7400231834723,393.8247883748175,28781400,MSFT
2024-05-01,387.3998718261719,394.05042796595137,382.85826224732904,385.11433904555116,23562500,MSFT
2024-05-02,390.2445068359375,392.29460134045365,387.11540734616494,390.0679505478797,17709400,MSFT
2024-05-03,398.89605712890625,399.37669247726535,394.1876806940931,394.59967523192734,17446700,MSFT
2024-05-06,405.6448059082031,406.02734455936377,398.61168058742396,400.9560656726651,16996600,MSFT
2024-05-07,401.52496337890625,406.75322090554647,401.27973632622934,406.74340224425765,20018200,MSFT
2024-05-08,402.7020568847656,404.3597941214035,398.9451617518151,400.3773092630151,11792300,MSFT
2024-05-09,404.44805908203125,404.84041635842834,401.2895336143813,402.73146980472023,14689700,MSFT
2024-05-10,406.8218688964844,407.44966453116945,403.93799631140473,405.0562460600837,13402300,MSFT
2024-05-13,405.8213195800781,410.36292908810583,402.9766919421273,410.0294239104783,15440200,MSFT
2024-05-14,408.60711669921875,409.51935413927424,403.69275704643184,404.15378509704203,15109300,MSFT
2024-05-15,415.75115966796875,416.46852499785643,410.0418061194269,410.6608977071615,22239500,MSFT
2024-05-16,413.6973571777344,418.0506409370668,413.06845922359344,414.493323488297,17530100,MSFT
2024-05-17,412.930908203125,415.5939858480529,410.7886784280323,415.2205635959117,15352200,MSFT
2024-05-20,417.9720458984375,419.37726753163014,412.7147152549324,412.9309055053418,16272100,MSFT
2024-05-21,421.6080017089844,425.46991744124085,417.4905802068074,419.4362626425402,21453300,MSFT
2024-05-22,423.062255859375,424.91953050673135,419.7309951274063,422.6397117823025,18073700,MSFT
2024-05-23,419.6032409667969,426.0889176680517,418.05062390261264,425.46982612085486,17211700,MSFT
2024-05-24,422.70855712890625,423.59296088139126,417.05816150216543,419.7900037534496,11855300,MSFT
2024-05-28,422.8657531738281,423.3570918822038,419.2101919839553,422.1877033571548,15718000,MSFT
2024-05-29,421.7357482910156,423.4750768037088,418.3160195321069,418.3160195321069,15517100,MSFT
2024-05-30,407.48687744140625,416.95003623481153,407.0643033400361,416.95003623481153,28394500,MSFT
2024-05-31,407.9389343261719,409.5308671519035,397.50290358954135,409.5308671519035,47995300,MSFT
2024-06-03,406.3567810058594,409.21637607324783,401.83648858598,408.3319723384426,17484700,MSFT
2024-06-04,408.8626708984375,409.2262568074665,402.58334672161834,405.28571008638386,14348900,MSFT
2024-06-05,416.66510009765625,416.7338647316788,409.0886349128657,410.57248754759564,16988000,MSFT
2024-06-06,417.1662292480469,417.9425528471417,413.29447761268017,416.66508413024746,14861300,MSFT
2024-06-07,416.50787353515625,418.89577271534046,415.67259164399417,418.8171717087438,13621700,MSFT
2024-06-10,420.45819091796875,420.66454478320344,416.5471539046789,417.3431202309482,13982900,MSFT
2024-06-11,425.1849060058594,425.3224952545953,417.88361916349896,418.1096457911631,14551100,MSFT
2024-06-12,433.41973876953125,435.71920053687387,425.7450298401941,427.7791794767063,22366200,MSFT
2024-06-13,433.93072509765625,435.7093989946261,431.75901618030764,433.21338970261115,15960600,MSFT
2024-06-14,434.9035949707031,435.4637283515464,429.15492551069684,430.68790003484014,13582000,MSFT
2024-06-17,440.6031494140625,443.12863803595843,433.0856717940259,434.9232741023748,20790000,MSFT
2024-06-18,438.6082763671875,442.34246889984814,437.18341197055486,441.9198947788086,17112500,MSFT
2024-06-20,437.97943115234375,438.7950403891147,433.62614646515834,438.56901373847154,19877400,MSFT
2024-06-21,441.98870849609375,442.77483854275334,438.7753636944757,439.63028836717615,34187100,MSFT
2024-06-24,439.9152526855469,444.9072412251996,438.677069430459,442.00833058442447,15913700,MSFT
2024-06-25,443.138427734375,443.60028735592437,439.01117026568124,440.4851865060809,16413400,MSFT
2024-06-26,444.3274841308594,445.7425422004591,440.4262530619795,441.222219477512,16507000,MSFT
2024-06-27,445.00555419921875,448.2680510068741,443.9442456044681,444.3471470164623,14806300,MSFT
2024-06-28,439.20770263671875,447.49166642517747,438.6770484115445,445.22168389223947,28362300,MSFT
2024-07-01,448.8182678222656,449.44716577540373,437.9400216100097,440.8880538633733,17662800,MSFT
2024-07-02,451.3240966796875,451.6287242891569,445.2609636362825,445.3494309967801,13979800,MSFT
2024-07-03,452.7883605957031,453.0340300031036,449.9484378404028,450.25306550646405,9932800,MSFT
2024-07-05,459.4607238769531,460.2370475569388,451.01952711906966,451.6484251718753,16000300,MSFT
2024-07-08,458.16357421875,459.59830504287737,456.41440936822374,458.4682018620652,12962300,MSFT
2024-07-09,451.5796203613281,459.23465638604694,450.06628863582495,458.91038601076474,17207200,MSFT
2024-07-10,458.17333984375,458.3796937017914,450.9113394298758,453.23047369871955,18196100,MSFT
2024-07-11,446.8235168457031,456.7288938614541,443.7280584136493,454.9600861765151,23111200,MSFT
2024-07-12,445.6933898925781,448.4547114032981,442.8436310012122,446.45987718044813,16324300,MSFT
2024-07-15,446.09625244140625,449.33910606074033,443.61007966105154,445.4476817175394,14429400,MSFT
2024-07-16,441.7331848144531,446.43038212668165,438.92274152217504,446.3517811207802,17175700,MSFT
2024-07-17,435.8371276855469,437.14410559537976,431.5723108003405,434.92324477920374,21778000,MSFT
2024-07-18,432.7416687011719,436.94752703468305,426.8750830594602,436.6428994208888,20794800,MSFT
2024-07-19,429.5381774902344,433.49839687991425,424.5167095108502,425.59766083378145,20940400,MSFT
2024-07-22,435.2672119140625,436.8984603038917,431.30702244593317,434.13713868906143,15808800,MSFT
2024-07-23,437.1440734863281,440.6227600869156,435.4243879336588,436.21051790501895,13107100,MSFT
2024-07-24,421.47039794921875,433.83249840274334,420.18309274942834,432.82034171919196,26805800,MSFT
2024-07-25,411.15228271484375,422.35480083589914,410.2777152857788,421.3721232816147,29943800,MSFT
2024-07-26,417.9032287597656,421.49002544679837,410.04180915234855,410.95572197330205,23583800,MSFT
2024-07-29,419.3379821777344,424.66407745687695,417.34314804369717,424.10394408211863,15125800,MSFT
2024-07-30,415.5939636230469,421.6177512482942,410.13024936818454,420.3108034246303,32687600,MSFT
2024-07-31,411.1031188964844,414.47369536650564,405.0694649339739,413.21586942488864,42891400,MSFT
2024-08-01,409.8846435546875,420.05536281702473,405.9342903580987,413.5009199514555,30296400,MSFT
2024-08-02,401.4139099121094,407.81114983489476,397.3358044115477,405.3446197900361,29437900,MSFT
2024-08-05,388.3049621582031,394.09294634268963,378.90073239916643,382.4285705967925,40709200,MSFT
2024-08-06,392.687744140625,398.6427974223072,391.59698650264767,393.07100276300895,24946500,MSFT
2024-08-07,391.5281982421875,402.97638538590667,390.58483621712907,401.5613573427881,20650900,MSFT
2024-08-08,395.7144470214844,398.8295182344643,393.01208360865684,395.46877762031824,20203000,MSFT
2024-08-09,398.9867248535156,400.9815590644515,395.2918776876415,397.0312061411671,19276700,MSFT
2024-08-12,399.7630615234375,401.6792947885224,397.23757296063644,400.0087309169643,16762900,MSFT
2024-08-13,406.8383483886719,407.762067699129,402.4752575998139,402.49490035510087,19414300,MSFT
2024-08-14,409.6389465332031,410.48406481515934,405.3053649551057,407.61463319199424,18267000,MSFT
2024-08-15,414.482421875,414.56116454959863,411.16483466760724,413.27153919674845,20752100,MSFT
2024-08-16,411.96221923828125,414.787581998409,410.81040112271256,414.05909962624725,22775600,MSFT
2024-08-19,414.9746398925781,415.19121979816396,409.98347800679744,412.44459964164133,15234000,MSFT
2024-08-20,418.1938171386719,419.2373304106215,415.08298552534507,415.14205004692775,16387600,MSFT
2024-08-21,417.5440673828125,419.7689009161739,415.1616884163413,417.48497282390196,16067300,MSFT
2024-08-22,409.0876770019531,420.1529016775488,408.1622927487291,417.76066831830366,19361900,MSFT
2024-08-23,410.3083801269531,412.73996960606866,405.6814592418378,410.4954277824997,18493800,MSFT
2024-08-26,407.0596618652344,410.7907306533513,404.94310328054127,409.89487877847426,13152800,MSFT
2024-08-27,407.4042663574219,407.9161688910183,403.8700989564779,406.43949576869113,13492900,MSFT
2024-08-28,404.2146911621094,408.54625995788336,400.9758461349833,408.42813090646126,14882700,MSFT
2024-08-29,406.6954650878906,415.4865852646763,404.2146650393698,408.48716903331825,17045200,MSFT
2024-08-30,410.6529235839844,410.99745657650817,405.7208262421071,409.1368642535232,24308300,MSFT
2024-09-03,403.0726623535156,413.3503087826454,400.7001374742272,411.41094371784055,20313600,MSFT
2024-09-04,402.54107666015625,404.8446830658677,398.0815251485243,399.59758459335677,15135800,MSFT
2024-09-05,402.0390319824219,406.67577709695456,399.8141682348964,401.2809872314555,14195500,MSFT
2024-09-06,395.4530334472656,404.26383081056673,394.5670056307313,402.6985610672717,19609500,MSFT
2024-09-09,399.41058349609375,402.2950113792448,395.896093936394,400.9069349134055,15295100,MSFT
2024-09-10,407.7586669921875,409.85551750473985,401.3597503882825,401.8519747424291,19594300,MSFT
2024-09-11,416.461181640625,417.39638986900843,403.21048066101315,409.03843011648604,19266900,MSFT
2024-09-12,420.35955810546875,420.7237992857079,413.2223056552003,416.72694031699655,17395700,MSFT
2024-09-13,423.89373779296875,425.1144444971336,418.84351144501346,419.2077526362247,15874600,MSFT
2024-09-16,424.6320495605469,426.7879943677343,421.5605747785227,423.90356722052456,13834700,MSFT
2024-09-17,428.3828430175781,434.9786612819886,425.54762597309116,433.3838592052121,18874200,MSFT
2024-09-18,424.1103820800781,429.2492059809087,423.71660857150346,428.2352249259073,18898000,MSFT
2024-09-19,431.8677978515625,434.63409626466625,430.1056262859268,434.36830593406904,21706600,MSFT
2024-09-20,428.5009765625,432.4092391189892,427.4673174405253,430.42066355244185,55167100,MSFT
2024-09-23,426.76837158203125,429.67247726227924,423.6968964015023,427.52638627626743,15128900,MSFT
2024-09-24,422.495849609375,426.61083784634445,419.4735849772464,426.2662748026867,17015800,MSFT
2024-09-25,425.3901062011719,426.384408985251,421.9051794925785,423.14556440453987,13396400,MSFT
2024-09-26,424.6025085449219,428.53044870901516,422.4564178816269,428.3237229222171,14492000,MSFT
2024-09-27,421.36370849609375,425.1341637224931,420.8222737453315,424.80927883764434,14896100,MSFT
2024-09-30,423.6082763671875,423.7264354508624,418.75495134014767,421.55078212730024,16807300,MSFT
2024-10-01,414.1476745605469,421.8165373929493,412.29690642757294,421.7870051373374,19092900,MSFT
2024-10-02,410.6430969238281,416.24461251055664,410.22961524498584,416.00832438993655,16582300,MSFT
2024-10-03,410.0622863769531,413.0254566537122,407.84727671300476,411.1353318978847,13686400,MSFT
2024-10-04,409.5897521972656,413.22237055628017,408.51670664481577,411.73584330216534,19169700,MSFT
2024-10-07,403.171142578125,410.6233966552464,402.6395318501973,409.5306729821077,20919800,MSFT
2024-10-08,408.26068115234375,409.19591936395466,401.82240877121177,404.50993429186275,19229300,MSFT
2024-10-09,410.9679870605469,413.842590771439,407.85712525174335,409.3928629741536,14974300,MSFT
2024-10-10,409.37310791015625,410.8596349305785,406.72493873590105,408.77260867644156,13848400,MSFT
2024-10-11,409.8456726074219,410.6430736171545,406.8234080163179,409.6684790592566,14144900,MSFT
2024-10-14,412.6218566894531,417.4456494762865,411.0270245046469,411.2731366880873,16653100,MSFT
2024-10-15,412.22802734375,415.9098858066577,408.80216519233556,415.61453317923247,18900200,MSFT
2024-10-16,409.64874267578125,409.8850007237477,404.09646824766287,408.71353454058965,15508900,MSFT
2024-10-17,410.23944091796875,415.9295528895068,409.12700914123224,415.79171565844746,14820000,MSFT
2024-10-18,411.6570739746094,413.12389293089865,409.78662744422246,410.6529471112624,17145300,MSFT
2024-10-21,412.26739501953125,412.4445885621628,407.3156196249642,409.64875806524304,14206100,MSFT
2024-10-22,420.8616638183594,423.8838984262341,411.53893363879695,411.9819175179694,25482200,MSFT
2024-10-23,417.9969482421875,424.3761569602065,415.95913210482394,424.15957703194096,19654400,MSFT
2024-10-24,418.1249084472656,419.35546932603506,415.83112614516494,418.7155536346828,13581600,MSFT
2024-10-25,421.49169921875,425.7937351729216,419.9362835126177,420.1233311665373,16899100,MSFT
2024-10-28,419.9559326171875,425.2227387354677,419.6704341057476,424.9470943239702,14882400,MSFT
2024-10-29,425.2326354980469,426.4336641349943,419.1782518516455,421.34405104712135,17644100,MSFT
2024-10-30,425.8035888671875,431.68074872313076,425.3802831426112,430.6372355196224,29749100,MSFT
2024-10-31,400.0307312011719,409.6881704469,399.9814907408766,408.9005934690843,53971000,MSFT
2024-11-01,403.9881896972656,409.0384161036912,401.162826864631,402.64935394725995,24230400,MSFT
2024-11-04,402.1079406738281,404.0374819155361,399.2628993191041,403.4270984352044,19672300,MSFT
2024-11-05,405.0612487792969,408.4477546696806,401.73380740675793,402.019305938334,17626000,MSFT
2024-11-06,413.6456298828125,413.91145024796907,404.1358522419557,406.00632872643234,26681800,MSFT
2024-11-07,418.81402587890625,420.21195632741785,413.3503473156427,414.7285695615749,19901800,MSFT
2024-11-08,415.968994140625,419.8674028807744,415.2208034572557,418.70576053564287,16891400,MSFT
2024-11-11,411.5093994140625,418.2036383732599,409.530647967578,415.9492425000552,24503300,MSFT
2024-11-12,416.4513244628906,417.8394007087299,410.71200186963034,411.7456609678349,19401200,MSFT
2024-11-13,418.58758544921875,422.65333320998997,411.70626883397995,415.0829505962656,21502200,MSFT
2024-11-14,420.2513122558594,421.51140536702854,413.4684464166278,418.39068982634956,30246900,MSFT
2024-11-15,408.54620361328125,416.2248913266483,407.2073678244848,413.2912534776132,28247600,MSFT
2024-11-18,409.29437255859375,411.89330132284374,405.69128696291637,408.41819885611204,24727000,MSFT
2024-11-19,411.2928161621094,411.4404774532615,405.149836063281,406.6855735772408,18133500,MSFT
2024-11-20,409.028564453125,410.8005900683197,404.19491792354364,410.3871084118776,19191700,MSFT
2024-11-21,407.26287841796875,414.0790385036892,404.71793020151534,413.80284233986384,20780200,MSFT
2024-11-22,411.3368225097656,411.73138418459337,405.4774898240383,405.7832773797643,24814600,MSFT
2024-11-25,413.1025390625,415.36141754143,409.2160446876401,412.69810354496985,27691100,MSFT
2024-11-26,422.17755126953125,423.21330950979313,413.161695275106,413.891635863064,23458900,MSFT
2024-11-27,417.2454833984375,421.4279216336492,416.28865548862075,419.33668746447955,18332400,MSFT
2024-11-29,417.70904541015625,419.1097738504757,412.1259094010287,414.38481768654003,16271900,MSFT
2024-12-02,425.126953125,427.1195090506518,415.58826631722377,415.84474493949193,20207200,MSFT
2024-12-03,425.343994140625,426.59673575541547,421.9309618493427,424.0024483022702,18302000,MSFT
2024-12-04,431.4794616699219,433.69890467425466,426.75450568960144,427.1490673141917,26009400,MSFT
2024-12-05,436.6088562011719,438.6211597736825,430.2464705000807,431.97270407918,21697800,MSFT
2024-12-06,437.54595947265625,440.04159877439776,435.7703869006791,436.2931878578621,18821000,MSFT
2024-12-09,439.96270751953125,442.2413336019405,434.51768404131514,436.5891705079944,19144400,MSFT
2024-12-10,437.3092346191406,443.5138201555157,435.60274857576576,438.3548667232301,18469500,MSFT
2024-12-11,442.892333984375,444.2338797106506,438.019420871054,438.019420871054,19200200,MSFT
2024-12-12,443.45458984375,449.96496224230685,443.0106891858234,443.0106891858234,20834800,MSFT
2024-12-13,441.1957092285156,445.2992167545738,439.5286583553318,442.34983294961415,20177800,MSFT
2024-12-16,445.4570617675781,446.03904550783295,439.2327587604127,441.1957234184863,23598800,MSFT
2024-12-17,448.2880859375,449.1068307764244,443.4645114369834,444.8849575716068,22733500,MSFT
2024-12-18,431.44989013671875,446.50262602359174,431.08488976149135,445.19070178831043,24444500,MSFT
2024-12-19,431.0948181152344,437.1612906860421,430.39446885306654,435.62247901256285,22963700,MSFT
2024-12-20,430.670654296875,437.71367214918683,422.80889160222836,427.2280306144627,64263700,MSFT
2024-12-23,429.3389587402344,431.70635881030796,426.9518110200716,430.80871372187636,19152500,MSFT
2024-12-24,433.3634948730469,433.629847299066,428.29331629516184,428.7470606574343,7164500,MSFT
2024-12-26,432.1601257324219,434.9517090842379,430.70024449975995,433.1169536147247,8194200,MSFT
2024-12-27,424.6830749511719,429.3093836032803,420.5598497453618,428.6978084898888,18117700,MSFT
2024-12-30,419.0604553222656,421.7435167493127,416.17025429217676,420.27376177490316,13158700,MSFT
2024-12-31,415.7757263183594,420.93470998738326,414.9471377359365,420.31326102478425,13246500,MSFT
2025-01-02,412.8953552246094,420.2836558558519,409.21603069875914,419.7509810335182,16896500,MSFT
2025-01-03,417.6005554199219,418.2713132207811,413.8423008464514,415.36136467137544,16662900,MSFT
2025-01-06,422.0394592285156,428.4215926337743,419.7016505493917,422.1874160873605,20573600,MSFT
2025-01-07,416.63385009765625,424.80139942668757,415.0851648128758,423.1738138555601,18139100,MSFT
2025-01-08,418.79412841796875,421.171402275518,415.81515330470927,417.70906128958796,15054600,MSFT
2025-01-10,413.26031494140625,418.94206877538755,409.3836648034606,418.86316848876044,20201100,MSFT
2025-01-13,411.5242614746094,412.81646832203865,406.69081302742603,409.6007318390263,17604800,MSFT
2025-01-14,410.0248718261719,414.03957499111027,405.14208486737954,412.1357932076061,16935900,MSFT
2025-01-15,420.5203857421875,422.3353935398116,412.5895665870108,413.43790279096226,19637800,MSFT
2025-01-16,418.8138427734375,423.6571645662551,418.6264508238549,422.8779150872359,15300000,MSFT
2025-01-17,423.20343017578125,428.57942688248704,422.3551241092644,428.1947089431654,26197500,MSFT
2025-01-21,422.6806335449219,425.0480336398343,419.82002384260585,424.3575582513444,26085700,MSFT
2025-01-22,440.1402893066406,441.1957350447454,430.0788007344463,431.61761238386987,27803800,MSFT
2025-01-23,440.6433410644531,440.6828062638951,435.50410512705025,435.9973147591307,18389300,MSFT
2025-01-24,438.0293273925781,440.5841496239721,435.40544858930485,439.11439458237174,15549500,MSFT
2025-01-27,428.6583557128906,429.2896784954125,417.74856099112463,418.2516444520013,35647800,MSFT
2025-01-28,441.1266784667969,442.29064589853647,425.52151949148305,428.69779052094407,23491700,MSFT
2025-01-29,436.32281494140625,440.81104060450724,434.41903300783486,440.62361853818396,23581400,MSFT
2025-01-30,409.3540954589844,417.1172097708342,407.54896156269734,413.0827588425547,54586300,MSFT
2025-01-31,409.42315673828125,414.976701732093,409.27519987674,413.2899333042713,34161900,MSFT
2025-02-03,405.3393859863281,409.7683985075356,403.1100689884043,406.01014380943144,25679100,MSFT
2025-02-04,406.76971435546875,408.2986823038951,404.1754268282418,407.08537575034575,20532100,MSFT
2025-02-05,407.6772155761719,408.2098602907994,404.8264495269334,406.74997908357795,16316700,MSFT
2025-02-06,410.1728515625,412.5205341470821,408.3775613386283,408.3775613386283,16309800,MSFT
2025-02-07,404.18524169921875,412.96436600470287,402.5576561425311,410.8238533335017,22886800,MSFT
2025-02-10,406.6217041015625,409.8176925215145,405.33937124502273,408.0914590052598,20817900,MSFT
2025-02-11,405.852294921875,406.88802298158646,403.74134350470337,404.0767525043344,18140600,MSFT
2025-02-12,403.48492431640625,405.17169274595005,398.8783333348811,401.67976029438313,19121700,MSFT
2025-02-13,404.96453857421875,405.4182829681306,400.8412835235649,401.4726062482461,23891700,MSFT
2025-02-14,402.8831787109375,403.3566707547541,400.3678218416371,402.25188608897315,22758500,MSFT
2025-02-18,404.0768127441406,405.02376683445937,400.9794417214404,402.45907065768193,21423100,MSFT
2025-02-19,409.1370849609375,409.8473079963777,402.11378500109834,402.34067225656025,24114200,MSFT
2025-02-20,411.30169677734375,414.4447923675228,407.75335474991726,410.47144681938056,23508700,MSFT
2025-02-21,403.4736022949219,413.1994268757111,403.1573381232245,412.49767332735263,27524800,MSFT
2025-02-24,399.31243896484375,404.62012670611466,394.6867476536957,403.77011965609864,26443700,MSFT
2025-02-25,393.283203125,397.25657880262406,392.09714469383994,396.44608593506547,29387400,MSFT
2025-02-26,395.0920104980469,398.91710270889797,389.6755831630129,393.3919661639477,19619000,MSFT
2025-02-27,387.9754943847656,401.0322110218146,387.61968592381214,396.61407498406965,21127400,MSFT
2025-02-28,392.38372802734375,393.01631660620876,382.0846478468725,388.10398215130573,32845700,MSFT
2025-03-03,383.98236083984375,394.1925192721913,381.67940898205217,394.1925192721913,23007700,MSFT
2025-03-04,384.10101318359375,388.02495119005715,376.57932513123166,378.9514723277071,29342900,MSFT
2025-03-05,396.36700439453125,397.00948665687173,384.29868393839774,384.82253320835395,23433100,MSFT
2025-03-06,392.284912109375,397.4838599812305,388.12373889118527,389.7051801734712,23304600,MSFT
2025-03-07,388.7464599609375,390.2191619837315,381.0666253730808,387.76795648683793,22034100,MSFT
2025-03-10,375.7490234375,381.9166113327009,372.8431337183802,381.3631114017718,32840100,MSFT
2025-03-11,376.03570556640625,381.5212976511773,372.53677123025375,374.6025176419591,30380200,MSFT
2025-03-12,378.82293701171875,380.7503233781215,374.55308456142495,378.5066728711865,24253600,MSFT
2025-03-13,374.3751525878906,380.8491715851453,373.07049136146827,378.71423026442886,20473000,MSFT
2025-03-14,384.05157470703125,385.7022111357248,375.10659301872727,375.3734493768336,19952800,MSFT
2025-03-17,384.1899719238281,388.15342385678485,381.0962841175908,382.2131776873556,22474300,MSFT
2025-03-18,379.0700378417969,382.87537263830677,376.67813379609476,382.57886557924786,19486900,MSFT
2025-03-19,383.3201904296875,385.1585946525035,379.5445060727477,381.0567525075918,19185500,MSFT
2025-03-20,382.3515319824219,387.24410971121733,378.8328407062668,381.2642891356356,18470500,MSFT
2025-03-21,386.72027587890625,387.19468720298374,378.35841433019584,378.7735544022507,39675900,MSFT
2025-03-24,388.51910400390625,390.81219242783766,385.2870564688155,390.81219242783766,21004500,MSFT
2025-03-25,390.5749816894531,391.7610400507305,388.08423198363494,389.3493790004213,15775000,MSFT
2025-03-26,385.4452209472656,390.72325787798576,384.0614710304359,390.4168571879551,16108400,MSFT
2025-03-27,386.0481262207031,387.6888690270636,382.9050306805178,385.60336562359333,13766800,MSFT
2025-03-28,374.4048156738281,384.6149747790714,372.5565178920864,383.5771397086297,21632000,MSFT
2025-03-31,371.034423828125,372.694923815259,362.9789628551185,368.2174858935481,35184700,MSFT
2025-04-01,377.7554931640625,378.4078388750376,368.89946352111616,370.30297052308924,19689500,MSFT
2025-04-02,377.70611572265625,380.61197570359644,372.25014394283687,373.5844861787052,16092600,MSFT
2025-04-03,368.7807922363281,373.10011248760316,365.06444000689004,370.4413221297822,30198000,MSFT
2025-04-04,355.664794921875,370.2436515761853,355.30898645827625,359.90502676066706,49209900,MSFT
2025-04-07,353.7077941894531,366.6953473866903,340.78946619633433,346.808801297969,50425000,MSFT
2025-04-08,350.44610595703125,369.31460473132455,346.1861164728992,363.98715955184485,35868900,MSFT
2025-04-09,385.9591979980469,388.667426732123,349.0030438091915,349.4379409733939,50199700,MSFT
2025-04-10,376.92523193359375,379.44563241847453,363.5324334212975,377.6269854135807,38024400,MSFT
2025-04-11,383.9428405761719,385.52425170247653,374.49376732812806,376.22346214057205,23839200,MSFT
2025-04-14,383.3102722167969,390.0709046779098,379.75203666792555,388.6575040815548,19251200,MSFT
2025-04-15,381.2544250488281,387.3429548173336,379.702634359307,384.0021677861047,17199900,MSFT
2025-04-16,367.2982177734375,377.1821883945702,363.7301188576812,376.25312290658945,21967800,MSFT
2025-04-17,363.5126647949219,369.9767899290697,362.6330071079686,369.41339637295704,21120200,MSFT
2025-04-21,354.9531555175781,360.25097956592975,351.54320368031085,358.6102367890087,20807300,MSFT
2025-04-22,362.5638427734375,363.5028019496421,355.68457702509073,359.1637542302739,19485000,MSFT
2025-04-23,370.0460205078125,375.9764033603888,368.69189108581185,371.6966268435602,20545500,MSFT
2025-04-24,382.80615234375,383.9428330432701,370.8366789549492,371.34077108557176,22232300,MSFT
2025-04-25,387.30340576171875,387.60980644654984,380.1375268589871,382.5096738423667,18973200,MSFT
2025-04-28,386.6214294433594,388.1830836548117,382.15388522315925,387.4121350910717,16579400,MSFT
2025-04-29,389.468017578125,390.5157161336794,385.8504804253008,386.75978890275064,14974000,MSFT
2025-04-30,390.673828125,392.05757796403765,379.979364791359,385.77135703314644,36461100,MSFT
2025-05-01,420.4640808105469,431.91959850384194,419.96988230696996,426.1078192756201,58938100,MSFT
2025-05-02,430.2294921875,434.3412277785372,425.0008630376841,426.7305579775838,30757400,MSFT
2025-05-05,431.10919189453125,434.40054108405303,427.09627177369964,427.8474632490504,20136100,MSFT
2025-05-06,428.2823486328125,432.65107712392626,426.1671945058241,427.18524232094876,15104200,MSFT
2025-05-07,428.3218688964844,433.0365119798482,426.10783898687293,428.8061738000786,23295300,MSFT
2025-05-08,433.0859375,438.52212113478646,430.6050513161737,432.8487017029497,23491300,MSFT
2025-05-09,433.6394348144531,435.6260923106028,430.82249727884243,434.8946881691784,15324200,MSFT
2025-05-12,444.0472717285156,444.15598092637396,434.6772567640601,440.7657862582039,22821900,MSFT
2025-05-13,443.9286804199219,445.4409267506546,440.192510488539,442.5844447017788,23618800,MSFT
2025-05-14,447.6845703125,448.6334230518337,442.940276452347,442.940276452347,19902800,MSFT
2025-05-15,448.6946105957031,451.7246558325709,446.0210270484144,446.3576953837484,21992300,MSFT
2025-05-16,449.8234558105469,449.9125712368337,444.33770477780746,447.6251846388841,23849800,MSFT
2025-05-19,454.37841796875,455.0913715701619,446.3874026485213,446.46663650360125,21336500,MSFT
2025-05-20,453.68524169921875,453.8535607411002,449.8729211666083,451.13047896335826,15441800,MSFT
2025-05-21,448.14007568359375,453.29906971148773,447.3875051898017,450.12049890400635,19216900,MSFT
2025-05-22,450.40765380859375,455.74490907390424,449.4570590917957,450.4967994491365,18025600,MSFT
2025-05-23,445.77349853515625,449.2491512931012,444.51594054738166,445.5754743252827,16883500,MSFT
2025-05-27,456.18060302734375,456.4380677238799,451.65532857824905,452.0118204825961,20974300,MSFT
2025-05-28,452.8832092285156,457.9927052337918,452.45742544945836,456.70544210957024,17086300,MSFT
2025-05-29,454.19024658203125,457.2004982884002,450.85323834601354,457.0321490211595,13974800,MSFT
2025-05-30,455.85382080078125,457.16090743162863,451.081023612945,455.22010105843367,34770500,MSFT
2025-06-02,457.4480895996094,457.5867035205711,452.41782757710985,452.6653804963421,16626500,MSFT
2025-06-03,458.43829345703125,459.5968543955761,456.3489311405408,456.9529759669727,15743800,MSFT
2025-06-04,459.3294372558594,461.13162957016016,458.48775137554446,459.4581695952893,14162700,MSFT
2025-06-05,463.1021423339844,465.0528603462912,459.48787612751937,460.408765640122,20131700,MSFT
2025-06-06,465.7757568359375,468.7067748339504,464.19141216551986,465.4885869985769,15285600,MSFT
2025-06-09,468.12255859375,468.7958952647425,464.0329796350046,465.10242514198006,16469900,MSFT
2025-06-10,466.3104553222656,468.1720277278758,462.38919566775553,466.5778015728124,15375900,MSFT
2025-06-11,467.99383544921875,470.81594475736864,465.0628173622344,465.4192790589967,16399200,MSFT
2025-06-12,474.1826477050781,475.7174938929388,468.88500933710617,470.37032681118086,18950600,MSFT
2025-06-13,470.3109130859375,474.48960742449077,468.13246560456287,471.74673205457395,16814500,MSFT
2025-06-16,474.45001220703125,475.98482813726486,470.3505215770748,470.5584575569121,15626100,MSFT
2025-06-17,473.3608093261719,474.0539393845567,469.4395492382731,470.74663593423935,15414100,MSFT
2025-06-18,475.53924560546875,476.291816149254,469.8158233270243,473.3211811212961,17526500,MSFT
2025-06-20,472.72705078125,478.72773115460745,472.2022397987241,477.50979012623617,37576200,MSFT
2025-06-23,481.24285888671875,482.97572926336846,467.8849134818946,473.52910172023695,24864000,MSFT
2025-06-24,485.3125915527344,487.0355802812341,482.03499358247046,484.16397269221426,22305600,MSFT
2025-06-25,487.45147705078125,489.71907018583636,484.59969288856837,487.2237477118272,17495100,MSFT
2025-06-26,492.58074951171875,493.16497070218156,487.9861533971619,488.1545026576009,21578900,MSFT
2025-06-27,491.0855712890625,494.4126679494895,488.2040517426954,492.6797975508017,34539200,MSFT
2025-06-30,492.54119873046875,495.85841392483957,490.4815414994746,492.17482524139086,28369000,MSFT
2025-07-01,487.2336120605469,493.1748817381986,486.1741086010328,491.61036068604886,19945400,MSFT
2025-07-02,486.28302001953125,488.66943364597034,483.9164299655294,485.1937811955959,16319600,MSFT
2025-07-03,493.9571838378906,495.2345653483035,488.6100468852986,488.9764203666982,13984800,MSFT
2025-07-07,492.84814453125,493.86806132382594,490.38252718836065,492.51147619590915,13981600,MSFT
2025-07-08,491.7589111328125,493.3234624825612,489.27347018920887,492.37283752871576,11846600,MSFT
2025-07-09,498.5814514160156,501.8194324629264,494.84833435120834,495.4028504286207,18659500,MSFT
2025-07-10,496.57135009765625,499.502368126141,492.8778497571002,498.12595942487985,16492100,MSFT
2025-07-11,498.393310546875,500.0865639242522,492.9273231662245,493.5907782355643,16459500,MSFT
2025-07-14,498.09625244140625,499.0369655948213,496.1257409313552,496.6109349689791,12058800,MSFT
2025-07-15,500.86883544921875,503.3245408608939,497.8684955298327,498.09622485625505,14927200,MSFT
2025-07-16,500.6708068847656,501.7600457375481,496.9773367906475,500.2351113436526,15154400,MSFT
2025-07-17,506.6913146972656,508.34495123446135,500.67081092720053,500.7302212088446,17503100,MSFT
2025-07-18,505.0574035644531,509.60250130270686,502.463054063605,509.4440336050126,21209700,MSFT
2025-07-21,505.0673522949219,507.0775109565722,500.6014880788464,501.75013722027745,14066800,MSFT
2025-07-22,500.32421875,506.19619667447284,500.32421875,505.968437121084,13868600,MSFT
2025-07-23,500.91839599609375,501.82940407121947,495.79901834634256,501.7897871412931,16396600,MSFT
2025-07-24,505.87933349609375,508.6420022469781,502.334358860161,503.7899711970312,16107000,MSFT
2025-07-25,508.68170166015625,513.216827976129,505.364456023215,507.4537883180946,19125700,MSFT
2025-07-28,507.48345947265625,509.9589885432546,505.12675096242896,509.0480107678364,14308000,MSFT
2025-07-29,507.5527648925781,512.5533213636355,506.55264151082275,510.48381297361453,16469200,MSFT
2025-07-30,508.2162170410156,510.89971236727115,504.4534248625209,510.12731827097724,26380400,MSFT
2025-07-31,528.2779541015625,550.0131135040644,526.6936395202101,549.7952354974353,51617300,MSFT
2025-08-01,518.979736328125,530.5553112156109,515.7615489434008,529.7631541007601,28977600,MSFT
2025-08-04,530.39697265625,532.981410508703,522.960473635689,523.0991177691142,25349000,MSFT
2025-08-05,522.584228515625,532.0407382325785,522.0792108748774,531.9219176627233,19171600,MSFT
2025-08-06,519.8017578125,526.495598904166,518.9006917137275,525.7034415927023,21355700,MSFT
2025-08-07,515.7418823242188,522.9209170643583,512.4840471895837,521.6435053063135,16079100,MSFT
2025-08-08,516.9300537109375,519.524403327164,514.3257923084495,517.4845698020915,15531000,MSFT
2025-08-11,516.6627807617188,522.4258201385037,514.6327984158801,517.1875615378566,20194400,MSFT
2025-08-12,524.0595703125,525.7825288027884,517.5836082950698,518.6233183732385,18667000,MSFT
2025-08-13,515.4844360351562,527.4857972911225,514.2862580919234,526.901545781552,19619200,MSFT
2025-08-14,517.3657836914062,520.8018496782777,515.0487221853349,517.445017549053,20269100,MSFT
2025-08-15,515.0783081054688,520.9502551513766,513.9990113965767,517.6528943134479,25213300,MSFT
2025-08-18,512.0383911132812,517.7024328589179,508.9885829187347,516.4844919382945,23760600,MSFT
2025-08-19,504.7801818847656,510.11740696385556,503.5721224631474,509.9589996924715,21481000,MSFT
2025-08-20,500.7698669433594,505.9981835608303,499.50239716393804,504.87923949406314,27723000,MSFT
2025-08-21,500.1251525878906,503.4875031078027,498.61756740599895,499.5796529563519,18443300,MSFT
2025-08-22,503.0907287597656,506.56216679087737,498.310055406757,500.1350363394598,24324200,MSFT
2025-08-25,500.14495849609375,504.0428801746979,500.0060864475961,502.4956130920682,21638600,MSFT
2025-08-26,497.9430847167969,500.8590951140394,494.44189267773186,500.24412923099453,30835700,MSFT
2025-08-27,502.6047058105469,503.1502356611414,495.82052770460996,497.90339657266526,17277900,MSFT
2025-08-28,505.4810485839844,506.919197559233,501.3748189208979,502.9518399416591,18015600,MSFT
2025-08-29,502.55511474609375,505.44137107101903,500.3730559294206,504.5090396010348,20961600,MSFT
2025-09-02,500.9979553222656,501.87077891116434,492.75577163159113,496.3859077753076,18128000,MSFT
2025-09-03,501.2261047363281,503.6461955733364,498.2208322179546,499.67883751509856,16345100,MSFT
2025-09-04,503.8246765136719,504.0032003466391,499.04400319618804,500.18461248708434,15509500,MSFT
2025-09-05,490.9605407714844,507.79205789513924,488.35199810583333,504.9157294675595,31994800,MSFT
2025-09-08,494.1344299316406,497.1099483047291,490.990285532587,494.0451377441344,16771000,MSFT
2025-09-09,494.3426818847656,498.15134157087306,493.6384843818268,497.33802599365555,14410500,MSFT
2025-09-10,496.2867431640625,499.1234199731124,492.6665349159027,498.8754600894228,21611800,MSFT
2025-09-11,496.9215087890625,499.0638857033828,493.8170463660224,498.15138006137016,18881600,MSFT
2025-09-12,505.73895263671875,508.367321245748,499.73833579713096,502.5154742767582,23624900,MSFT
2025-09-15,511.1544189453125,511.26350676755015,502.8626547877709,504.63805606783444,17143800,MSFT
2025-09-16,504.885986328125,513.0091239663263,504.4495745277025,512.6620043570016,19711900,MSFT
2025-09-17,505.8579406738281,507.1175961354426,501.80132099339164,506.4530503919847,15816600,MSFT
2025-09-18,504.30078125,508.883074673213,503.5172196080818,507.31595138937655,18913700,MSFT
2025-09-19,513.7034301757812,515.0622454615835,506.1456179521661,506.39357782967863,52474100,MSFT
2025-09-22,510.2518615722656,513.5149918534414,508.3574141571104,511.38257317258103,20009300,MSFT
2025-09-23,505.07440185546875,510.3906769190661,503.1700568391782,509.6070850287104,19799600,MSFT
2025-09-24,505.9869079589844,508.29788064425674,502.7832857896144,506.215041937542,13533700,MSFT
2025-09-25,502.8923645019531,505.84805701475193,500.9186136455738,504.15198973027213,15786500,MSFT
2025-09-26,507.2861633300781,509.745935901324,502.4856643393456,505.8975942449135,16213100,MSFT
2025-09-29,510.4005126953125,512.6321512651683,504.7272205888506,507.3258348805616,17617800,MSFT
2025-09-30,513.7232666015625,513.9315141469417,505.5009089039439,509.05168089535164,19728200,MSFT
2025-10-01,515.4688720703125,516.2623314762835,507.51430077675985,510.5989067561486,22632300,MSFT
2025-10-02,511.53125,517.3434144406598,506.51254498360566,513.4157691025699,21222900,MSFT
2025-10-03,513.1281127929688,516.2425031799986,510.7973143114264,512.8801529316524,15112300,MSFT
2025-10-06,524.256591796875,526.6965386672223,513.9712214168786,514.377848960065,21388600,MSFT
2025-10-07,519.7039794921875,525.4764919541412,517.1847292577561,523.9788048028778,14615200,MSFT
2025-10-08,520.56689453125,522.6497936321297,518.8213080060119,519.0097599169904,13363400,MSFT
2025-10-09,518.136962890625,520.0512058016051,513.1777655449532,518.07745494396,18343600,MSFT
2025-10-10,506.790283203125,519.3073226434543,505.47115003636685,515.3994727403434,24133800,MSFT
2025-10-13,509.8550720214844,512.1957986627914,507.50441729945595,512.1957986627914,14284200,MSFT
2025-10-14,509.3790283203125,511.07509568876407,501.87079590760095,506.0662879637401,14684300,MSFT
2025-10-15,509.2401123046875,512.9694382549203,505.838110317394,510.75765569343554,14694700,MSFT
2025-10-16,507.4349670410156,512.6321960787722,503.9833851231019,508.3970827878481,15559600,MSFT
2025-10-17,509.3889465332031,511.2734052578957,503.1700935064365,504.8859867353243,19867800,MSFT
2025-10-20,512.5726928710938,514.4671401409408,509.2401268135401,510.41049011219013,14665600,MSFT
2025-10-21,513.4356079101562,514.4572316509175,508.8533142722573,513.2769402267872,15586200,MSFT
2025-10-22,516.2921142578125,520.943843958813,513.4852520447155,516.8971823641815,18962700,MSFT
2025-10-23,516.3118896484375,519.6742395740552,514.3777908083965,518.1964086283891,14023500,MSFT
2025-10-24,519.3369750976562,521.0627658394295,516.4606773737235,518.5236595856693,15532400,MSFT
2025-10-27,527.1824951171875,530.2175212473691,524.6929685473742,527.440383046071,18734700,MSFT
2025-10-28,537.6464233398438,549.2013167264516,536.3570441492753,545.511702993095,29986700,MSFT
2025-10-29,537.130615234375,541.8121286840217,532.3499420595073,540.4929653309738,36023000,MSFT
2025-10-30,521.469482421875,530.6042843733296,517.8591725476514,526.150935240438,41023100,MSFT
2025-10-31,513.5844116210938,525.0004940086545,510.89650476941233,524.5640822050067,34006400,MSFT
2025-11-03,512.810791015625,520.6760707602963,510.3907002836433,515.5680732671589,22374700,MSFT
2025-11-04,510.13275146484375,511.34276641791416,503.6956934801851,507.5837170627558,20958700,MSFT
2025-11-05,503.02130126953125,510.6287232020861,502.4460174356622,509.11117977922714,23024300,MSFT
2025-11-06,493.0434265136719,501.5732523540539,491.7639450704796,501.5335702984596,27406500,MSFT
2025-11-07,492.76568603515625,495.30479262227396,489.2248119110569,492.89463000746537,24019800,MSFT
2025-11-10,501.8707580566406,502.7138276367279,494.72950196106785,495.95940345274505,26101500,MSFT
2025-11-11,504.5289001464844,505.4414057875519,498.2505695472254,500.68055811559174,17980000,MSFT
2025-11-12,506.9688415527344,507.494515261433,495.0469117437556,505.203338237195,26574900,MSFT
2025-11-13,499.1828918457031,509.3095642884979,497.1992129195551,506.1455939798088,25273100,MSFT
2025-11-14,506.0166320800781,507.42505738590404,493.38060745410195,494.16416907736203,28505700,MSFT
2025-11-17,503.34857177734375,507.9407930820625,500.78963942134817,504.3007594029326,19092800,MSFT
2025-11-18,489.76043701171875,498.87544447228873,482.8076324047851,491.3275301094218,33815100,MSFT
2025-11-19,483.14483642578125,491.14898819063853,478.88983663624714,486.1005289347495,23245300,MSFT
2025-11-20,475.41387939453125,490.45844852333465,472.50235794747454,489.60385435710714,26802500,MSFT
2025-11-21,469.1436462402344,475.9007957312625,465.3179114267742,475.4834301610789,31769200,MSFT
2025-11-24,471.0118103027344,473.89352206444323,465.0694984877541,472.0055061050608,34421000,MSFT
2025-11-25,473.9829406738281,476.12932719889915,461.9592459889855,471.08136597664605,28019800,MSFT
2025-11-26,482.4393310546875,485.23161394332453,478.1664510662567,483.244222260298,25709100,MSFT
2025-11-28,488.9082946777344,489.5243812398697,483.5820692635899,484.5260924315005,14386700,MSFT
2025-12-01,483.6715087890625,486.77183499200703,481.59468809959253,485.3608038657598,23964000,MSFT
2025-12-02,486.91094970703125,490.38888506208144,483.2541563831954,483.6516286444489,19562700,MSFT
2025-12-03,474.71832275390625,481.18726202656165,472.20427350128017,473.31720798581483,34615100,MSFT
2025-12-04,477.8087158203125,478.28570075231454,473.48613274494215,476.7355376297969,22318200,MSFT
2025-12-05,480.11407470703125,480.35255199911325,475.86105782216015,479.4780948278929,22608700,MSFT
2025-12-08,487.92449951171875,489.19642891935564,481.3263751862239,481.8331697469475,21965900,MSFT
2025-12-09,488.918212890625,489.0175885389743,485.4204144751398,486.01663804004494,14696100,MSFT
2025-12-10,475.5430603027344,481.19719183884354,472.084987996716,480.97857754952304,35756200,MSFT
2025-12-11,480.422119140625,482.96597801292137,472.86007818396723,473.6252433732215,24669200,MSFT
2025-12-12,475.51324462890625,479.40854546431024,473.3370484252935,476.79512068758515,21248100,MSFT
2025-12-15,471.8266296386719,477.6894285774835,469.5411111878212,477.0733420562278,23727700,MSFT
2025-12-16,473.38677978515625,474.87732355778707,467.911505956298,468.9350114671635,20705600,MSFT
2025-12-17,473.1184387207031,476.9739832708393,472.0055042784347,473.903466892556,24527200,MSFT
2025-12-18,480.9289245605469,486.51349034093164,474.87732052138307,475.1754171439269,28573500,MSFT
2025-12-19,482.8566589355469,484.77448448182145,479.4482594182398,484.2875529363844,70836100,MSFT
2025-12-22,481.8630065917969,485.64898536737695,479.6470539215635,483.0554234208069,16963000,MSFT
2025-12-23,483.7807922363281,484.75459468390824,481.6840783901604,481.922585996358,14683600,MSFT
2025-12-24,484.9433898925781,486.0762176057581,481.77349801821515,482.6181454723109,5855900,MSFT
2025-12-26,484.6353454589844,485.04276435526947,482.8963778974979,483.6416497095635,8842200,MSFT
2025-12-29,484.02923583984375,485.27135560420123,481.1276307272214,481.80333660098637,10893400,MSFT
2025-12-30,484.4068603515625,486.5929730105466,482.43933166580535,482.8666136001516,13944500,MSFT
2025-12-31,480.5711669921875,485.06269150087525,480.25317705215497,484.7645645601486,15601600,MSFT
2026-01-02,469.95849609375,481.6046121327098,467.1960229709088,481.3363251826272,25571600,MSFT
2026-01-05,469.86907958984375,473.0687813775576,466.5401924921144,471.071443053882,25250300,MSFT
2026-01-06,475.493408203125,475.7219388392127,466.7886229022075,470.8130789419108,23037700,MSFT
2026-01-07,480.422119140625,486.6128550141313,474.936929133209,476.73551614076564,25564200,MSFT
2026-01-08,475.09588623046875,479.61722033317443,472.8600706717694,478.20615894860083,18162600,MSFT
2026-01-09,476.2585144042969,476.7951186190047,469.2231615927928,471.0714211959582,18491000,MSFT
2026-01-12,474.1717529296875,477.95773148860775,472.68120923483104,473.6649886945649,23519900,MSFT
2026-01-13,467.70281982421875,472.7805908527595,463.01257439213845,471.68751939768345,28545800,MSFT
2026-01-14,456.4839782714844,465.2483824443871,454.2879190598576,463.51933114332076,28184300,MSFT
2026-01-15,453.7811279296875,461.32327541703046,453.02590941718984,461.1940901109254,23225800,MSFT
2026-01-16,456.9609069824219,460.26993076816973,453.60224086509476,454.94370584966504,34246700,MSFT
2026-01-20,451.6546325683594,453.92025792216236,446.4476759522066,448.3754483517362,26130000,MSFT
2026-01-21,441.31024169921875,449.836168925793,435.9144806057656,449.74673993987386,37980500,MSFT
2026-01-22,448.2959289550781,449.9851935867555,441.89652570286836,444.79810039972057,25349400,MSFT
2026-01-23,463.0125732421875,468.1301005814363,447.6897705604439,449.02131930234236,38000200,MSFT
2026-01-26,467.3152770996094,471.2602507862521,459.0874767807031,462.3766075757791,29291200,MSFT
2026-01-27,477.55029296875,479.8258647405344,470.1770874429818,470.7136916421546,29213900,MSFT
2026-01-28,478.5937194824219,480.69040309270366,474.9865988275796,480.16374552458444,36875400,MSFT
2026-01-29,430.7671203613281,439.71038237575016,418.365786117595,437.21619626544543,128855300,MSFT
2026-01-30,427.577392578125,436.8286984461687,423.7616041817895,436.4014165119217,58566800,MSFT
2026-02-02,420.70098876953125,428.02452201181774,419.58805431821895,427.5276741085398,42219900,MSFT
2026-02-03,408.6176452636719,419.3893041977899,405.9843574339844,419.34957819955315,61424100,MSFT
2026-02-04,411.578857421875,417.15347618992746,406.66005118226167,408.40896545860215,45012400,MSFT
2026-02-05,391.188232421875,405.72597626088844,389.84673704915224,404.87141244319446,66289200,MSFT
2026-02-06,398.61114501953125,399.25704122003975,390.4429643868461,396.6535630940219,53515300,MSFT
2026-02-09,410.99261474609375,412.2744908996196,398.3428555009064,402.2977759502542,45480500,MSFT
2026-02-10,410.6646728515625,421.0090502850332,410.0982892644293,416.97464756162884,44857900,MSFT
2026-02-11,401.8207702636719,413.8345489802859,398.4819668946231,413.5563153661985,42491000,MSFT
2026-02-12,399.30670166015625,403.6392309547976,395.5008602319473,402.4467839094351,40802400,MSFT
2026-02-13,398.7900085449219,402.98340606348665,395.54060384789733,401.90028127287496,34091600,MSFT
2026-02-17,394.35809326171875,397.99502346077054,392.0427954340728,396.70323107498865,32078800,MSFT
2026-02-18,397.08087158203125,400.02220283554806,393.82155037537984,395.62013745533494,23223400,MSFT
2026-02-19,396.8517761230469,402.7976819572589,395.0690225854118,399.07278661262325,28234000,MSFT
2026-02-20,395.6267395019531,398.5050592846536,393.56508699389525,394.51123443489973,34015200,MSFT
2026-02-23,382.918212890625,393.7642431363039,381.55374731391754,393.4057107487328,43238300,MSFT
2026-02-24,387.4299621582031,387.7884945775691,380.16937672197673,382.58959213032324,33884700,MSFT
2026-02-25,398.9831237792969,399.84960746436826,388.5852587696308,388.95376053046306,43625500,MSFT
2026-02-26,400.0986022949219,405.8453028142193,397.1306190557743,403.0765245044552,34405900,MSFT
2026-02-27,391.15484619140625,395.2183958601928,388.30640407164015,389.30236795593413,51367200,MSFT
2026-03-02,396.9413757324219,399.57073485574693,389.0533591512552,391.2743390590049,35474900,MSFT
2026-03-03,402.2996826171875,405.05852201627056,391.0851500003899,391.5532542396072,38199200,MSFT
2026-03-04,403.5645751953125,409.3710312257941,398.69429724653685,399.6504140582061,35808000,MSFT
2026-03-05,409.0224304199219,409.9486695143622,402.7677785996419,402.78771732924594,39001300,MSFT
2026-03-06,407.30938720703125,411.38287590243635,406.8612216895844,407.54843921074234,31123900,MSFT
2026-03-09,407.757568359375,408.55432729115563,401.8714182880504,403.2857003455267,30131900,MSFT
2026-03-10,404.122314453125,408.5443965203919,401.30371964643086,408.37506928692744,31706400,MSFT
2026-03-11,403.245849609375,407.35918518479474,399.96912002302975,403.9330670994013,25512100,MSFT
2026-03-12,400.238037109375,404.4808530373378,400.08864860368743,402.99687655683135,27263900,MSFT
2026-03-13,393.9534912109375,403.16615688192843,392.65875035547907,399.3815063856616,26848000,MSFT
2026-03-16,398.33575439453125,399.01300251860397,393.1965772756644,396.4633374914087,27733700,MSFT
2026-03-17,397.79791259765625,402.7677623283013,396.1446090107731,398.6544268926901,26228300,MSFT
2026-03-18,390.2087097167969,396.39363710184665,389.42188971563326,395.5271533612366,25908500,MSFT
2026-03-19,387.4498596191406,390.90585551603124,385.4977789148814,388.52551763585893,25138800,MSFT
2026-03-20,380.3287353515625,385.43803509853177,378.58579850034175,385.22889118681917,50853200,MSFT
2026-03-23,381.4541931152344,385.64719283721575,380.1395134056624,382.3505545919761,29680100,MSFT
2026-03-24,371.2355651855469,380.9263046350485,370.34917314154325,380.8167328036651,42733600,MSFT
2026-03-25,369.5424499511719,375.5381416220395,368.13813722010167,375.39872248264555,31181200,MSFT
2026-03-26,364.492919921875,373.2076042912997,363.71606927386256,369.3233510512375,36836600,MSFT
2026-03-27,355.33001708984375,360.9871149414508,355.07108715320055,360.43931657918756,37883400,MSFT
2026-03-30,357.51116943359375,363.8853318939423,354.8419936524484,360.4393055378546,44797000,MSFT
2026-03-31,368.67596435546875,371.3949263066763,361.6046146993887,363.07862179545566,45244400,MSFT
2026-04-01,367.8791809082031,372.48052926345224,366.7139201659809,371.98254731341393,29417200,MSFT
2026-04-02,371.9526672363281,372.1319638369453,362.680245817395,365.7278929006101,24099100,MSFT
2026-04-06,371.375,372.22157533941066,368.0086373714944,371.98252335059567,16146600,MSFT
2026-04-07,370.78741455078125,370.9467724245638,365.080530373921,368.8452727581139,21443300,MSFT
2026-04-08,372.81915283203125,383.4461010048471,369.9109552686541,383.426192668859,33064800,MSFT
2026-04-09,371.56427001953125,371.99252721403565,365.5685477188417,370.9965632857518,30435300,MSFT
2026-04-10,369.3731384277344,374.12390583360843,368.5365323725683,371.47463812837884,28111100,MSFT
2026-04-13,382.8186340332031,382.98796126737693,369.5225100750242,372.10205289266787,35745800,MSFT
2026-04-14,391.5233459472656,393.09698589720546,384.95994763093,386.3543213772784,37504500,MSFT
2026-04-15,409.5602722167969,412.69755239260473,395.1287651714373,396.3936283702306,45063400,MSFT
2026-04-16,418.56378173828125,419.12151906860663,410.4765600541581,418.16537187855886,41642400,MSFT
2026-04-17,421.0835876464844,429.83808848207923,418.99205736838906,423.10539315661504,48568200,MSFT
2026-04-20,416.38262939453125,421.6213787702164,414.6197538627068,419.4501847919345,27582200,MSFT
2026-04-21,422.44805908203125,425.4558591722327,415.51615872358184,418.54386715015573,32048500,MSFT
2026-04-22,431.1726989746094,431.9495495900464,421.9600330275293,424.4698510786937,29378200,MSFT
2026-04-23,414.07196044921875,421.9500379562064,409.7494810939023,418.19526527607866,38308000,MSFT
2026-04-24,422.90618896484375,423.23487407473965,414.12178001797366,415.28707116170386,27457400,MSFT
2026-04-27,423.1053771972656,425.38611256831246,415.3866572294081,420.6752229306716,30867300,MSFT
2026-04-28,427.5174865722656,428.1847957314844,420.197146128082,422.8563830057505,30438100,MSFT
2026-04-29,422.7467956542969,425.0972860808559,418.59364353468584,422.866306449911,38288300,MSFT
2026-04-30,406.1341552734375,412.74737011555624,396.4035989759817,409.15192465494977,70909400,MSFT
2026-05-01,412.76727294921875,415.4264794885345,408.7834174283456,411.1338775963461,31372400,MSFT
2026-05-04,411.9505615234375,419.0816663151199,409.14193618030583,409.87897009526375,28066500,MSFT
2026-05-05,409.7196350097656,415.09783400354706,407.1500311208482,413.6437352165572,25700900,MSFT
2026-05-06,412.2891845703125,416.73120520087787,403.4748984673602,406.3532485673598,30285900,MSFT
2026-05-07,419.07171630859375,426.25263786097554,417.06984955189336,418.41437649189606,34942400,MSFT
2026-05-08,413.44451904296875,416.9403619714099,412.32904436576047,415.70537649227293,33383800,MSFT
2026-05-11,410.99444580078125,411.02432350049145,403.86334099070683,406.22377045102496,35657900,MSFT
2026-05-12,406.1241760253906,413.8229876767416,404.9987623844293,412.8071154720842,38594200,MSFT
2026-05-13,403.57452392578125,404.6700902960666,399.41140211310335,401.57265715241186,29667100,MSFT
2026-05-14,407.7774963378906,410.1777730080913,399.2620170659624,402.847493220503,27077500,MSFT
2026-05-15,420.2170715332031,426.4418454559798,411.2434277199191,412.5979239362014,50771200,MSFT
2026-05-18,421.83056640625,423.40417602339767,413.9325494355234,414.93848271907115,32564100,MSFT
2026-05-19,415.7352600097656,430.9535870211983,414.808990493047,428.16486989475214,33018700,MSFT
2026-05-20,419.36053466796875,420.3963455784958,409.63991780241736,412.49835957243755,27864000,MSFT
2026-05-21,418.3025207519531,425.5388979071037,414.92886694253497,423.9518891931334,31393500,MSFT
2026-05-22,417.7835388183594,423.60257118762803,415.54772693408205,418.7517174636334,22390300,MSFT
2026-05-26,415.248291015625,418.9812539216563,412.24393696715845,415.6475333356961,30398000,MSFT
2026-05-27,411.8946228027344,415.15846763645,408.8104019854481,410.23773822181624,28901500,MSFT
2026-05-28,426.18768310546875,428.68298564682067,411.89461329838434,412.2040283766931,47250500,MSFT
2026-05-29,449.3940124511719,449.48383969057267,431.54760317786213,431.7372486144539,79654400,MSFT
2026-06-01,459.6546936035156,465.4438139523178,457.40892124774234,463.96658383705716,53628900,MSFT
2026-06-02,440.48077392578125,452.64787129328397,439.6024225764256,446.0403151791343,37036800,MSFT
2026-06-03,426.53704833984375,439.56254639446627,423.45285793258154,437.62618910935214,39037000,MSFT
2026-06-04,427.2456970214844,435.33048350032107,425.60879436274143,434.9911260035114,26899500,MSFT
2026-06-05,415.8870849609375,428.66302140752947,413.6213308264138,427.5351398188391,34782200,MSFT
2026-06-08,410.9663391113281,416.37616844333525,407.79232157753756,413.3618539280056,32086700,MSFT
2026-06-09,402.6520080566406,411.20591258759293,397.7312786929967,408.26144336727174,35317300,MSFT
2026-06-10,396.61334228515625,404.2789346443135,396.41373636313654,397.80110870103243,32576000,MSFT
2026-06-11,389.6065673828125,396.1043451719433,383.278483574852,394.46741202742857,47224100,MSFT
2026-06-12,390.00579833984375,391.003919361718,381.55171206615995,390.6945042817559,34865800,MSFT
2026-06-15,399.0088806152344,400.99513175706005,392.11186050588947,396.05442037645633,32266400,MSFT
2026-06-16,393.0899963378906,396.094350419825,389.9559121071713,395.0463355104342,31506800,MSFT
2026-06-17,378.1980285644531,389.6364865987809,376.6110198431126,389.51671695343225,41987800,MSFT
2026-06-18,378.6871032714844,380.6534028700893,372.5786075934489,377.11008548581106,59714200,MSFT
2026-06-22,366.6497802734375,380.9129385065033,366.3802985575179,375.0339909424311,45171100,MSFT
2026-06-23,373.23736572265625,376.51120135394876,369.9735210485466,371.6802994138851,40647600,MSFT
2026-06-24,364.7733154296875,378.16811350773463,364.09460041679364,370.87185096853153,44509900,MSFT
2026-06-25,352.1670227050781,363.5456265920902,348.54386902384044,362.0883479855026,66179000,MSFT
2026-06-26,372.2691955566406,375.90234020580533,354.762144454129,356.4789138154501,186201600,MSFT
2026-06-29,367.8774719238281,379.7850483907747,359.2237492715265,376.790685328561,51229900,MSFT
2026-06-30,372.319091796875,373.44697342275583,366.7595808670141,370.3328407149792,44945700,MSFT
2026-07-01,383.5579528808594,388.09939143880604,374.18561213385976,380.1144231011508,48065800,MSFT
2026-07-02,389.7562561035156,391.4630649298244,382.97903650468743,383.7575696594082,42128900,MSFT
2026-07-06,386.0133056640625,388.418780928489,380.5036887115837,386.31276024010407,34224500,MSFT
2026-07-07,388.109375,394.8267404517197,387.4905448392632,391.75251064257776,29297500,MSFT
2026-07-08,382.6197204589844,384.58602015004215,380.6134873969759,383.3084264217563,25908300,MSFT
2026-07-09,383.6377868652344,383.92725049460796,372.64849496928053,373.74643420118315,31083200,MSFT
2026-07-10,384.37640380859375,391.1736053926777,380.783162110783,387.07131223677504,24644600,MSFT
2026-07-13,390.2553405761719,392.91034623109437,383.4281962321871,387.02143811329415,28914900,MSFT
2026-07-14,384.20672607421875,387.46061042423804,377.93852713765,382.1007052927433,27863900,MSFT
2026-07-15,394.8866271972656,398.2103568181361,385.6739591427675,387.07132248997675,36253700,MSFT
2026-07-16,400.3463439941406,405.2271399033625,391.31333055964967,397.56157784187184,37047400,MSFT
2026-07-17,393.08001708984375,397.64143734197864,388.6583483977542,394.1180409920291,33049800,MSFT
2026-07-20,401.53411865234375,402.4224305318551,388.91785418191677,390.67455694621333,27915800,MSFT
2026-07-21,397.00262451171875,400.7156358198418,395.57531880381754,398.0606303262699,24126600,MSFT
2026-07-22,389.6065673828125,400.246541441447,386.2329133568751,398.8291961465565,28142500,MSFT
2026-07-23,380.8630065917969,391.04385321150613,376.68090752842744,389.23725659651495,30351800,MSFT
2026-07-24,380.9828186035156,388.29903252889795,379.9347732203772,386.32274187573427,27659400,MSFT
2026-07-27,388.368896484375,393.45931979821836,387.2609663085435,389.3470355932277,27856200,MSFT
2026-07-28,392.61090087890625,399.56780545733704,390.5647345556998,392.4212554523594,32367500,MSFT
2026-07-29,389.8061828613281,400.4960502148319,388.00954678983055,392.6607942930367,47209000,MSFT
2026-07-30,450.2524108886719,457.8281459885008,431.6274684759506,437.07720086969465,110160700,MSFT
2026-07-31,463.8468017578125,465.962813447145,448.4857046349594,449.1544591210436,60846000,MSFT
2026-08-03,486.73370361328125,490.7261876465455,474.10747895013026,475.2353605631651,66762100,MSFT
2026-08-04,491.884033203125,498.50158065157444,478.2696778930625,479.99640781848416,50455500,MSFT
2026-08-05,486.5440673828125,497.3038108374591,484.7674131728324,495.42733843271316,33388900,MSFT
2026-08-06,498.9207458496094,500.61756372489685,487.60205742358346,487.6319998350186,36441500,MSFT
2026-08-07,499.0505065917969,504.23075699317457,497.79289485093346,498.2719734340298,28846200,MSFT
2026-08-10,505.109130859375,512.7647021753171,501.32624359045303,502.4940586092805,31206100,MSFT
2026-08-11,502.86334228515625,504.38047525067043,498.61133704649393,503.3823542433026,23049800,MSFT
2026-08-12,491.5047302246094,500.557695253814,490.59643643442394,499.0505227551261,29001500,MSFT
2026-08-13,495.9463806152344,500.3979918654044,492.0836571155829,492.34314786956145,23039000,MSFT
2026-08-14,494.4691467285156,499.07050046550256,492.991947114923,495.42733437790497,16217600,MSFT
2026-08-17,479.44744873046875,491.73431632358415,477.51109147171053,489.21906226283284,29635800,MSFT
2026-08-18,480.72503662109375,483.36006030134655,476.2534434403709,480.6352093836093,24087600,MSFT
2026-08-19,483.3999938964844,488.3806080919379,478.4592826108848,479.16797047398614,19961900,MSFT
2026-08-20,481.1499938964844,484.1600036621094,479.5,483.29998779296875,20020800,MSFT
2026-08-21,483.239990234375,486.3599853515625,478.5299987792969,479.8800048828125,22510800,MSFT
2026-08-24,487.30999755859375,490.6099853515625,481.8599853515625,483.2099914550781,17230800,MSFT
2026-08-25,491.7099914550781,492.44000244140625,484.29998779296875,485.44000244140625,19519000,MSFT
2026-08-26,496.3699951171875,497.3999938964844,487.30999755859375,487.8500061035156,20758900,MSFT
2026-08-27,505.05999755859375,506.4800109863281,490.0799865722656,494.8800048828125,28688800,MSFT
2026-08-28,513.530029296875,517.780029296875,504.8699951171875,505.3299865722656,29207300,MSFT
2026-08-31,507.2900085449219,512.1900024414062,506.3900146484375,510.3800048828125,27208900,MSFT
2026-09-01,501.0199890136719,505.9700012207031,496.7799987792969,497.5199890136719,21046900,MSFT
2026-09-02,496.82000732421875,500.2699890136719,493.80999755859375,499.8500061035156,15336100,MSFT
2026-09-03,510.1199951171875,515.6500244140625,500.79998779296875,501.6600036621094,24125900,MSFT
2026-09-04,499.70001220703125,511.0,499.3599853515625,510.0,18101800,MSFT
2026-09-08,493.95001220703125,495.19000244140625,490.1499938964844,493.010009765625,18882300,MSFT
2026-09-09,491.6499938964844,494.3900146484375,489.79998779296875,493.07000732421875,12889600,MSFT
2026-09-10,492.44000244140625,494.5199890136719,486.0,488.32000732421875,16038800,MSFT
2026-09-11,495.6300048828125,498.9700012207031,492.5799865722656,495.6499938964844,14510500,MSFT
2026-09-14,505.4100036621094,509.95001220703125,495.3399963378906,497.05999755859375,23091900,MSFT
2026-09-15,497.1199951171875,505.8999938964844,495.5400085449219,500.05999755859375,17794600,MSFT
2026-09-16,490.29998779296875,495.9700012207031,487.2300109863281,493.0299987792969,16670300,MSFT
2026-09-17,497.75,501.4700012207031,493.1700134277344,497.79998779296875,17841600,MSFT
2026-09-18,493.7799987792969,498.6499938964844,491.1000061035156,497.9700012207031,39622300,MSFT
2026-09-21,501.6099853515625,501.8699951171875,491.3299865722656,494.95001220703125,27959900,MSFT
2026-09-22,498.0,508.5,493.6499938964844,507.32000732421875,21652800,MSFT
2026-09-23,500.5899963378906,509.44000244140625,495.8800048828125,500.760009765625,19445600,MSFT
2026-09-24,497.92999267578125,498.8999938964844,491.2200012207031,495.07000732421875,16657600,MSFT
2026-09-25,516.1699829101562,519.4000244140625,497.25,499.0400085449219,38154200,MSFT
