Price,Close,High,Low,Open,Volume,ticker
Ticker,NVDA,NVDA,NVDA,NVDA,NVDA,
Date,,,,,,
2021-09-27,21.56501579284668,21.703406185279654,21.231485755998357,21.614795771814215,245215000,NVDA
2021-09-28,20.60822868347168,21.32507250371504,20.560438842257536,21.120971560225616,343069000,NVDA
2021-09-29,20.427024841308594,20.92483213876471,20.3772429721725,20.848170149177676,218394000,NVDA
2021-09-30,20.625150680541992,20.97361615381417,20.597273594598942,20.67692268286252,221009000,NVDA
2021-10-01,20.651039123535156,20.7675247129361,20.114401382383377,20.659003463241838,240978000,NVDA
2021-10-04,19.645471572875977,20.451919028744175,19.46924770779128,20.414085560020563,345635000,NVDA
2021-10-05,20.361316680908203,20.557453280437706,19.766934576510337,19.86251425727249,279282000,NVDA
2021-10-06,20.609228134155273,20.629138987907215,19.99194609221421,20.03177159768733,297202000,NVDA
2021-10-07,20.98258399963379,21.22850061256001,20.880035030674634,20.999507750816413,256919000,NVDA
2021-10-08,20.739648818969727,21.113004324739432,20.683894639844777,21.00846523888015,151258000,NVDA
2021-10-11,20.6042423248291,20.97062850101373,20.42104923673679,20.484769645064205,163388000,NVDA
2021-10-12,20.58034896850586,20.964655885876756,20.437976429822484,20.736660050850766,162134000,NVDA
2021-10-13,20.8471736907959,20.8979506288575,20.622164953970238,20.826265874944212,180652000,NVDA
2021-10-14,21.650638580322266,21.6595979888479,21.029374431188767,21.194646843821843,243589000,NVDA
2021-10-15,21.76612663269043,21.834824285475865,21.56700484536949,21.71435462616983,226994000,NVDA
2021-10-18,22.12455177307129,22.193249435993522,21.54908541210571,21.653626407282953,189494000,NVDA
2021-10-19,22.19225311279297,22.280861623084096,21.940362329321403,22.178312668438,161473000,NVDA
2021-10-20,22.006072998046875,22.334625782730672,21.885603327165416,22.207186839128415,146276000,NVDA
2021-10-21,22.59248924255371,22.611406925381793,21.986160606952357,22.00009915262171,187590000,NVDA
2021-10-22,22.626340866088867,23.02856856064082,22.46206541817937,22.72291561933294,249384000,NVDA
2021-10-25,23.06441307067871,23.25258344955109,22.67014969676888,22.872258622224397,230235000,NVDA
2021-10-26,24.60860824584961,25.148233144137606,23.81908649717466,23.88380198609397,485898000,NVDA
2021-10-27,24.343772888183594,24.979970559191603,24.17551339728853,24.36667273808714,245990000,NVDA
2021-10-28,24.831623077392578,24.840584383344975,24.415456914629402,24.7688996326781,234204000,NVDA
2021-10-29,25.454879760742188,25.596257241681755,24.890366803732874,24.89136187149755,292503000,NVDA
2021-11-01,25.7137451171875,25.78045075190704,25.116375810653224,25.536526170254046,265740000,NVDA
2021-11-02,26.28522491455078,26.56101063434502,25.68686059809661,25.708765384211045,294112000,NVDA
2021-11-03,26.48135757446289,26.666542716501237,26.119950495850016,26.553042329347175,239910000,NVDA
2021-11-04,29.67031478881836,31.227455386633288,26.999079939655886,27.109593234066324,1153631000,NVDA
2021-11-05,29.621530532836914,31.26230243845938,29.28102933486203,30.054622412775466,851260000,NVDA
2021-11-08,30.668916702270508,30.963618188602332,29.775849037020173,30.01678837668219,503101000,NVDA
2021-11-09,30.522558212280273,32.16831102221569,29.832598362114123,32.14043393327905,646746000,NVDA
2021-11-10,29.329816818237305,30.714717786724723,28.65180336425327,29.227269752002172,636206000,NVDA
2021-11-11,30.256729125976562,30.45585281899345,29.646418368081974,30.334388087867172,332172000,NVDA
2021-11-12,30.256729125976562,30.54545829095262,29.500061751090385,29.87839638802561,413054000,NVDA
2021-11-15,29.893335342407227,30.509620414960658,29.118747114504277,30.41802479111372,384909000,NVDA
2021-11-16,30.0705509185791,30.25673114722093,29.575730654228828,29.62849963276353,264484000,NVDA
2021-11-17,29.13267707824707,30.375205132582746,28.673698329349342,30.28460270438273,428508000,NVDA
2021-11-18,31.53609275817871,32.61633372407065,31.18364508674992,32.22505942148186,781711000,NVDA
2021-11-19,32.84035873413086,32.94290770891931,31.7650946968093,32.101611886418695,533867000,NVDA
2021-11-22,31.81585693359375,34.49505558796112,31.760102763621962,33.3700101185093,754335000,NVDA
2021-11-23,31.60678482055664,32.21809257052514,30.744581358909567,31.39670967652622,532163000,NVDA
2021-11-24,32.53071594238281,32.71092196803006,30.792372310199486,31.323035910804574,435162000,NVDA
2021-11-26,31.364856719970703,32.566562744726234,31.21252776050895,32.457044497118794,283069000,NVDA
2021-11-29,33.22963333129883,33.26547475913897,31.895509575688923,32.22406422648845,454964000,NVDA
2021-11-30,32.5327033996582,33.20673647061269,31.724265919380148,33.023541458568594,622066000,NVDA
2021-12-01,31.30097770690918,33.14707524856972,31.246211893152907,33.07737399441328,484368000,NVDA
2021-12-02,31.98902702331543,32.339527421049986,30.892721414598597,31.08091667285877,472890000,NVDA
2021-12-03,30.562143325805664,31.992021860446783,30.001542011299605,31.86357023241154,544325000,NVDA
2021-12-06,29.908937454223633,30.112066268959172,27.918459673671148,29.752605337087843,658938000,NVDA
2021-12-07,32.288753509521484,32.310662878163335,30.52032598088665,30.825023080342124,593053000,NVDA
2021-12-08,31.69031524658203,32.15233775708551,31.287041214384153,31.86257802352817,475551000,NVDA
2021-12-09,30.360004425048828,32.067694504402716,30.29826849106695,31.598700064194155,488507000,NVDA
2021-12-10,30.069252014160156,31.17153271430594,29.733688906259296,31.017192866760514,488825000,NVDA
2021-12-13,28.040939331054688,30.16484694472882,27.99613110546957,30.120038719143704,598344000,NVDA
2021-12-14,28.216190338134766,28.555736152702433,27.13382466783278,27.580909846868153,667035000,NVDA
2021-12-15,30.32914161682129,30.369967183258264,27.71931562363803,28.27891988260038,698297000,NVDA
2021-12-16,28.265975952148438,31.027154448930762,27.97323064778504,31.01918913294205,707366000,NVDA
2021-12-17,27.682472229003906,28.798693182569515,27.64164666608465,27.86568776813946,713758000,NVDA
2021-12-20,27.6008243560791,28.024011677111307,27.02927210549903,27.188589819244115,461847000,NVDA
2021-12-21,28.95104217529297,28.995850397906604,27.284177433595826,28.25303061151138,524385000,NVDA
2021-12-22,29.2746524810791,29.42899232103665,28.327706864600266,28.767823731054484,395184000,NVDA
2021-12-23,29.513629913330078,29.930844139118374,29.305521344818228,29.628139385488993,343022000,NVDA
2021-12-27,30.813072204589844,30.954467015008788,29.513635493426495,29.53355068344991,403686000,NVDA
2021-12-28,30.192726135253906,31.196428065606888,29.88404641723083,31.178505155996454,420591000,NVDA
2021-12-29,29.873088836669922,30.417757558740163,29.240795959898424,30.143930413484238,343139000,NVDA
2021-12-30,29.45985984802246,30.32714660813748,29.41405644108792,29.69983156408998,308864000,NVDA
2021-12-31,29.285612106323242,29.9019745214391,29.2059532443293,29.54749135107495,266530000,NVDA
2022-01-03,29.992584228515625,30.580069009930835,29.658016270092954,29.687889053615017,391547000,NVDA
2022-01-04,29.165124893188477,30.33810206507223,28.228136800951273,30.147916396398475,527154000,NVDA
2022-01-05,27.48631477355957,29.290589869699456,27.415618321755158,28.825579893631648,498064000,NVDA
2022-01-06,28.0578670501709,28.316758809179447,26.949613182894534,27.522160621764158,454186000,NVDA
2022-01-07,27.130834579467773,28.300826210955492,26.941644095796043,28.02102409273095,409939000,NVDA
2022-01-10,27.283184051513672,27.351890124020873,25.53466996334042,26.467675485447426,594681000,NVDA
2022-01-11,27.69840431213379,27.94534808174242,26.72457518291045,27.206510950592097,404089000,NVDA
2022-01-12,27.879629135131836,28.473086907923104,27.49029538667551,27.947338113635016,383413000,NVDA
2022-01-13,26.46170425415039,28.358581501754113,26.385030961290575,28.258012259555365,540171000,NVDA
2022-01-14,26.827136993408203,27.081050909641085,26.09825739628388,26.187873849164077,395832000,NVDA
2022-01-18,25.792564392089844,26.524431382788112,25.660132004918143,26.148042698978056,424270000,NVDA
2022-01-19,24.960128784179688,26.42983583830402,24.94519334293258,25.96781525631739,488315000,NVDA
2022-01-20,24.047039031982422,25.46994751510898,23.97534549383341,25.19612032401024,435181000,NVDA
2022-01-21,23.27435302734375,24.717175090048293,23.16382617931283,23.406785447324438,718958000,NVDA
2022-01-24,23.272357940673828,23.280323256927787,20.79894871741768,22.234800479522537,913982000,NVDA
2022-01-25,22.22882652282715,22.84518895116685,21.906208409712576,22.44988020196596,664616000,NVDA
2022-01-26,22.67491340637207,23.954434796117226,22.204925605698346,23.140918549293506,755959000,NVDA
2022-01-27,21.850448608398438,23.892705380193526,21.58259440609181,23.46752572050447,573353000,NVDA
2022-01-28,22.742626190185547,22.760549101180075,21.20520811526972,21.918155191484143,543774000,NVDA
2022-01-31,24.38160514831543,24.40450780299976,22.95371892485848,23.083163840300895,564680000,NVDA
2022-02-01,24.532960891723633,25.03779935981821,23.788148758594023,24.996973791149287,518925000,NVDA
2022-02-02,25.13438606262207,25.706933518845947,24.448322405650178,25.6840327601272,543419000,NVDA
2022-02-03,23.845897674560547,24.970083895234886,23.678614671732475,24.353723517852895,410178000,NVDA
2022-02-04,24.215320587158203,24.529973363145128,23.531249213857308,23.869799837318162,354829000,NVDA
2022-02-07,24.62257194519043,25.074634872099356,24.098813592190186,24.26808886721252,376868000,NVDA
2022-02-08,25.000953674316406,25.12243327791411,23.877762561815906,24.255146434255927,410359000,NVDA
2022-02-09,26.591150283813477,26.611065474963386,25.244914889084622,25.51276718294738,524282000,NVDA
2022-02-10,25.713903427124023,26.81020934447509,25.490859383243375,25.884175827584478,513200000,NVDA
2022-02-11,23.846893310546875,26.040501880764474,23.671644989793617,25.80550800141122,605472000,NVDA
2022-02-14,24.16353988647461,24.768947532154037,23.653721722186578,23.831959421608797,440424000,NVDA
2022-02-15,26.38204002380371,26.43182609028829,24.67833439160507,24.84262993037753,699869000,NVDA
2022-02-16,26.397974014282227,26.468672364813905,25.44306293139375,26.147049472381745,732676000,NVDA
2022-02-17,24.402515411376953,25.675066590866578,24.06197445592718,25.52072674309447,810595000,NVDA
2022-02-18,23.54120445251465,24.87947428103264,23.00151540777712,24.562829258106373,761255000,NVDA
2022-02-22,23.29027557373047,23.96140174606812,22.901938955709063,22.936789580443467,633422000,NVDA
2022-02-23,22.291555404663086,24.052019342712313,22.205923511795177,23.700523668904758,566511000,NVDA
2022-02-24,23.646753311157227,23.698531662871755,20.800938144655944,20.9254052267072,735801000,NVDA
2022-02-25,24.05400848388672,24.11375214772827,23.281317813989904,23.619868407786754,528866000,NVDA
2022-02-28,24.281038284301758,24.559845228253224,23.605929341272788,23.88971413278726,477319000,NVDA
2022-03-01,23.376911163330078,24.273075765282154,23.033382665393212,24.18744196343962,412056000,NVDA
2022-03-02,24.120853424072266,24.309080821194527,23.319150331128935,23.658754033910338,389642000,NVDA
2022-03-03,23.61692237854004,24.226416539633046,23.372924502534758,24.162677458354135,365095000,NVDA
2022-03-04,22.84211540222168,23.583069422027354,22.389973318820534,23.2882815291373,431415000,NVDA
2022-03-07,21.264591217041016,22.938711412053266,21.24268191605436,22.723594140609173,450821000,NVDA
2022-03-08,21.425926208496094,22.281408900955046,20.56546292122889,21.22176551078603,557467000,NVDA
2022-03-09,22.919784545898438,23.12494059396146,22.15592431561285,22.295350571622645,492742000,NVDA
2022-03-10,22.565248489379883,22.6947154875098,21.792424138907304,22.438767569291258,428066000,NVDA
2022-03-11,22.009531021118164,23.05025324732895,21.95575122647575,22.927755670439296,367209000,NVDA
2022-03-14,21.242685317993164,22.17086937481578,21.07238577959174,21.77947847445638,385354000,NVDA
2022-03-15,22.87895393371582,22.943688372057732,21.234713636338597,21.429910411009644,491996000,NVDA
2022-03-16,24.395723342895508,24.496309721640184,23.077143868450847,23.403800284654025,671422000,NVDA
2022-03-17,24.664613723754883,24.74030090825493,23.80813378286248,24.02125840895199,471941000,NVDA
2022-03-18,26.344711303710938,26.460237571454236,24.523199913712308,24.697482775125827,730719000,NVDA
2022-03-21,26.624563217163086,27.040853297881945,25.86070274585129,26.398493159365138,591727000,NVDA
2022-03-22,26.415416717529297,27.126494456861913,25.965267440901066,26.6175847985813,547007000,NVDA
2022-03-23,25.52906036376953,26.503055368285953,25.470301882639813,26.019044893201844,502120000,NVDA
2022-03-24,28.034759521484375,28.204063653708854,25.800941854899072,26.058882339128612,877379000,NVDA
2022-03-25,27.57863998413086,28.24191402369098,27.159363852947997,27.771846072498157,579016000,NVDA
2022-03-28,28.103473663330078,28.134346888718213,27.09462031339218,27.642369799622262,425494000,NVDA
2022-03-29,28.53868865966797,28.827500474518697,27.86545546506131,28.5775285613948,488984000,NVDA
2022-03-30,27.576644897460938,28.379345100642087,27.390410153130244,28.188131660804462,463487000,NVDA
2022-03-31,27.174301147460938,28.13236299140276,27.158367800089522,27.668271007248077,523440000,NVDA
2022-04-01,26.60264778137207,27.38343868051935,26.1594698017538,27.26293373491524,517235000,NVDA
2022-04-04,27.247995376586914,27.44518476682431,26.50405367248858,26.618582662321668,397120000,NVDA
2022-04-05,25.824846267700195,27.207164711525582,25.714300606563835,27.142430269538746,436615000,NVDA
2022-04-06,24.307085037231445,25.19642902764495,23.90473955432291,24.83192809110766,703833000,NVDA
2022-04-07,24.108901977539062,24.620797799219233,23.381890771561523,24.340947967952697,557992000,NVDA
2022-04-08,23.024356842041016,23.825066344638063,22.967590974113833,23.819090390264524,524781000,NVDA
2022-04-11,21.8272762298584,22.228626311058377,21.57132836419141,22.12306125571871,575207000,NVDA
2022-04-12,21.41596794128418,22.63197015423266,21.194876629839,22.44474005075557,662258000,NVDA
2022-04-13,22.112106323242188,22.40789137072251,21.367169228856223,21.639052358381548,516943000,NVDA
2022-04-14,21.170974731445312,22.683757345759695,21.07636432042871,22.41286958131203,569097000,NVDA
2022-04-18,21.69382667541504,21.9975764845038,20.992708207900467,21.113213152266766,525701000,NVDA
2022-04-19,22.107128143310547,22.281410987109858,21.226746193463015,21.631084290617952,512781000,NVDA
2022-04-20,21.394058227539062,22.57719456880331,21.11321307776146,22.42482103543778,468974000,NVDA
2022-04-21,20.100379943847656,22.300336872596574,19.918128505755924,21.620132221860942,656209000,NVDA
2022-04-22,19.435108184814453,20.402133738806455,19.42017020020564,20.219882348509838,624713000,NVDA
2022-04-25,19.820526123046875,19.863349361314793,19.017825948530263,19.12339100546342,641566000,NVDA
2022-04-26,18.711090087890625,19.706996516542763,18.593573098917023,19.637283370463635,653143000,NVDA
2022-04-27,18.33962059020996,19.088541244549987,18.215132267657488,18.521870157149877,499460000,NVDA
2022-04-28,19.701013565063477,19.954970677927243,18.414303098537996,18.889349582079028,570327000,NVDA
2022-04-29,18.4710750579834,20.045602297833724,18.441197185099483,19.32257448999954,500435000,NVDA
2022-05-02,19.453039169311523,19.493869793767686,18.315713949725147,18.46509951842047,572049000,NVDA
2022-05-03,19.521753311157227,19.743841875684236,19.0546734235437,19.320580585935083,475751000,NVDA
2022-05-04,20.250757217407227,20.316487014368857,18.67423744950525,19.84144044981811,648855000,NVDA
2022-05-05,18.766855239868164,19.843429158431288,18.424263663115507,19.785667939358376,626331000,NVDA
2022-05-06,18.598548889160156,19.432122333318322,17.916353624000763,18.65929999241693,633297000,NVDA
2022-05-09,16.880611419677734,18.180267458938104,16.75811385880719,17.960173412210224,644455000,NVDA
2022-05-10,17.52297019958496,18.12350232079174,16.955303927577983,17.61658525253339,761474000,NVDA
2022-05-11,16.561922073364258,17.680326019393185,16.500177504520302,17.27598789699067,670167000,NVDA
2022-05-12,16.108783721923828,16.719275153017346,15.503273835867764,16.152604222388675,708728000,NVDA
2022-05-13,17.633516311645508,17.854607631651785,16.525073633919344,16.71927505834853,670437000,NVDA
2022-05-16,17.193326950073242,17.71518203809066,17.035974706114335,17.437324838562272,521446000,NVDA
2022-05-17,18.10259246826172,18.29579857210596,17.561815969016706,18.00001346067366,585830000,NVDA
2022-05-18,16.868663787841797,18.04383374535337,16.794967300527965,17.632524260224322,545161000,NVDA
2022-05-19,17.05390167236328,17.614596699783718,16.665496886231242,16.86766690277533,621310000,NVDA
2022-05-20,16.625659942626953,17.33872845520384,15.69050380184821,17.26104864553038,739105000,NVDA
2022-05-23,16.828821182250977,16.845751782688478,16.112764867573357,16.207375258686408,639889000,NVDA
2022-05-24,16.08786964416504,16.529056923699873,15.715401091996485,16.44241318228326,588550000,NVDA
2022-05-25,16.90550994873047,17.040952887419728,15.934500919066734,15.954419501105296,781132000,NVDA
2022-05-26,17.777921676635742,18.017934299435986,15.95640873833212,15.970351364556697,996575000,NVDA
2022-05-27,18.73399543762207,18.80370857918977,18.02590557198039,18.111553959995266,738379000,NVDA
2022-05-31,18.595561981201172,19.121400348314285,18.27487967412374,18.902299762323565,664100000,NVDA
2022-06-01,18.24500274658203,18.97500185230617,18.047813348721185,18.6473501146243,544514000,NVDA
2022-06-02,19.511796951293945,19.538686849184053,18.12350434729059,18.217119410706687,648656000,NVDA
2022-06-03,18.64336395263672,19.25285997901017,18.446174564570704,19.00388342136499,598779000,NVDA
2022-06-06,18.70909881591797,19.257843890249216,18.48800745127705,19.060654448775498,422406000,NVDA
2022-06-07,18.84852409362793,18.92222057056187,18.11354434422296,18.396382141540013,388914000,NVDA
2022-06-08,18.57558822631836,19.105521994199414,18.463026152906487,18.726000947489727,363252000,NVDA
2022-06-09,17.977916717529297,18.859480331996103,17.970943930182248,18.40923586335072,395574000,NVDA
2022-06-10,16.9080867767334,17.628278767149297,16.803493073192044,17.531655320031188,465248000,NVDA
2022-06-13,15.586240768432617,16.248658440141707,15.54539961251888,15.9378697072585,604153000,NVDA
2022-06-14,15.774505615234375,16.003612016416973,15.35215136745031,15.669912860368118,469680000,NVDA
2022-06-15,16.46282196044922,16.80249737716836,15.86415501064633,16.03249841468416,563936000,NVDA
2022-06-16,15.540420532226562,15.880096970510953,15.34119733013796,15.798414650179138,545749000,NVDA
2022-06-17,15.818334579467773,15.932887781168011,15.26847807134145,15.58723513693202,630334000,NVDA
2022-06-21,16.501670837402344,16.94195389912008,16.343287871553795,16.411024604098987,483089000,NVDA
2022-06-22,16.296476364135742,16.59730377393721,16.117174982143233,16.162995897557902,437135000,NVDA
2022-06-23,16.1619930267334,16.520593728784007,15.791436941343258,16.45485004508153,463680000,NVDA
2022-06-24,17.05949592590332,17.073441500432935,16.24666462485629,16.43592735057394,472153000,NVDA
2022-06-27,16.803495407104492,17.26270573709096,16.561438970901577,17.244775982546706,427968000,NVDA
2022-06-28,15.919939994812012,17.135201879170452,15.883083017438073,16.83437454206532,461149000,NVDA
2022-06-29,15.481646537780762,15.758566876112974,15.111091360585093,15.752590608725741,482352000,NVDA
2022-06-30,15.100133895874023,15.50654951386169,14.804287295645784,15.301349140819207,686070000,NVDA
2022-07-01,14.466604232788086,15.004507273555733,14.336113363533372,14.84114455708728,577610000,NVDA
2022-07-05,14.90589427947998,14.912867067960342,14.00042449691902,14.119958420855697,651397000,NVDA
2022-07-06,15.071248054504395,15.259514268350555,14.73157165387112,14.951714146500859,529066000,NVDA
2022-07-07,15.796420097351074,15.883082152996206,15.329241452564782,15.395981666093258,492903000,NVDA
2022-07-08,15.776498794555664,15.974726402731946,15.329241976596508,15.37008313178978,467972000,NVDA
2022-07-11,15.093160629272461,15.466704390913305,14.97960300654342,15.465707871427929,437321000,NVDA
2022-07-12,15.02343463897705,15.371079409038126,14.819230753552452,15.20871225038852,458483000,NVDA
2022-07-13,15.105113983154297,15.315295058565692,14.408828966444313,14.533343560416391,521918000,NVDA
2022-07-14,15.31230640411377,15.412914028547368,14.670807164690196,15.04933164322953,456235000,NVDA
2022-07-15,15.700794219970703,15.720716063425629,15.38502478396033,15.59819449374581,385935000,NVDA
2022-07-18,16.03847885131836,16.83138747265714,15.939864245998463,16.238698571143832,670517000,NVDA
2022-07-19,16.92601776123047,17.0435595776271,16.109202264221235,16.421982128219415,702366000,NVDA
2022-07-20,17.737852096557617,17.86336417339984,16.735759920763662,16.88119289080597,760538000,NVDA
2022-07-21,17.979907989501953,18.073542834559365,17.476869827222348,17.815549700814543,557049000,NVDA
2022-07-22,17.25174903869629,17.897231611980214,17.07045465118201,17.823519553288822,536671000,NVDA
2022-07-25,16.957895278930664,17.05750735482923,16.584351419267783,16.952913630167462,480748000,NVDA
2022-07-26,16.468801498413086,16.853302299081996,16.414014765426856,16.823418108378,397865000,NVDA
2022-07-27,17.72092056274414,17.86635353894504,16.84732523587989,16.965862630194085,569776000,NVDA
2022-07-28,17.91416358947754,18.069557945364984,17.372277332995978,17.90519966314176,474646000,NVDA
2022-07-29,18.092470169067383,18.173155009470385,17.623298471299282,17.743828897049305,435460000,NVDA
2022-08-01,18.3693904876709,18.77281848869698,17.920141583548578,18.111395452950937,476469000,NVDA
2022-08-02,18.454055786132812,18.86445649184929,18.02174115290596,18.05162533582695,489527000,NVDA
2022-08-03,18.819639205932617,18.894348745175176,18.06657419415145,18.113392577397853,418146000,NVDA
2022-08-04,19.140380859375,19.19915175470648,18.687147876727973,18.775802954410633,409652000,NVDA
2022-08-05,18.915264129638672,19.154331957599457,18.593518416599398,18.736958353398986,386068000,NVDA
2022-08-08,17.723907470703125,18.16817666184887,17.175048359813875,17.434038984708703,981859000,NVDA
2022-08-09,17.019649505615234,17.379247676702683,16.659055765062003,17.18500523413819,668263000,NVDA
2022-08-10,18.0267276763916,18.047646040112355,17.249755809744542,17.62927686575505,597422000,NVDA
2022-08-11,17.872325897216797,18.634356491462075,17.80658220790549,18.06059303930121,509327000,NVDA
2022-08-12,18.636350631713867,18.645316458949107,17.883285741988434,18.089482668919175,478094000,NVDA
2022-08-15,18.95809555053711,19.089582944835495,18.540723865569156,18.628381495120706,457666000,NVDA
2022-08-16,18.805686950683594,19.067666130006987,18.42915457848667,18.846528100303107,451240000,NVDA
2022-08-17,18.26380157470703,18.615431461944837,18.074540740730857,18.45107316928741,446799000,NVDA
2022-08-18,18.700098037719727,18.791739824467466,18.112389079418975,18.229930871079127,415447000,NVDA
2022-08-19,17.77968978881836,18.448083694133654,17.70099608999701,18.334526059114626,441588000,NVDA
2022-08-22,16.967853546142578,17.489818903609883,16.900116815044345,17.42208217251165,409593000,NVDA
2022-08-23,17.11428451538086,17.397182115122416,16.904103405013966,16.92303062961487,369986000,NVDA
2022-08-24,17.155120849609375,17.33840632607673,16.8293910435938,16.945935367801415,522661000,NVDA
2022-08-25,17.84343910217285,17.877307466202186,16.76763310909007,16.778590073936765,770691000,NVDA
2022-08-26,16.19685935974121,17.85439727044476,16.173947959014292,17.787658007376972,769127000,NVDA
2022-08-29,15.739640235900879,16.27455462835807,15.705772821557588,15.957790614919103,496132000,NVDA
2022-08-30,15.407934188842773,15.97671599783805,15.12304454959439,15.898023253937998,530181000,NVDA
2022-08-31,15.03538703918457,15.479655236596056,14.900911041431531,15.324260876966457,573710000,NVDA
2022-09-01,13.882880210876465,14.32415979672276,13.218470483091595,14.153823343963365,1178865000,NVDA
2022-09-02,13.594003677368164,14.115967997813975,13.538220440474564,14.045244569734505,743157000,NVDA
2022-09-06,13.412714004516602,13.725494835509304,13.299156360470214,13.677680890653752,535751000,NVDA
2022-09-07,13.664806365966797,13.788362113873305,13.298126385508025,13.514347994091015,512657000,NVDA
2022-09-08,13.939815521240234,13.957751553071784,13.321043803751946,13.410720161896329,624873000,NVDA
2022-09-09,14.335390090942383,14.422077892391746,14.07532668659429,14.10621466793855,486612000,NVDA
2022-09-12,14.452966690063477,14.494815842064591,14.14706782384788,14.317454878749421,484159000,NVDA
2022-09-13,13.083895683288574,13.87205855128794,13.052010885075777,13.752489132610048,714956000,NVDA
2022-09-14,13.08090877532959,13.242327368226784,12.86667985035143,13.206456253054055,588507000,NVDA
2022-09-15,12.882619857788086,13.185529223484204,12.744118551602249,12.968311791958639,523625000,NVDA
2022-09-16,13.150655746459961,13.164605464480621,12.571739597842733,12.6962911946005,670751000,NVDA
2022-09-19,13.333996772766113,13.414706540772462,12.963331449798705,12.965324131066843,569685000,NVDA
2022-09-20,13.128734588623047,13.434633475375263,13.010161983326146,13.167595196842449,524818000,NVDA
2022-09-21,13.213430404663086,13.98066875064519,13.06297204241683,13.165603203916465,807679000,NVDA
2022-09-22,12.515941619873047,13.10183266935545,12.38341928920965,13.023115583255532,759162000,NVDA
2022-09-23,12.471102714538574,12.565762199000392,12.213031967666868,12.375447364597502,663309000,NVDA
2022-09-26,12.184136390686035,12.61359104915648,12.170186671175692,12.446193464778984,547343000,NVDA
2022-09-27,12.368473052978516,12.690314364148412,12.21402932430884,12.462135725855696,553854000,NVDA
2022-09-28,12.690314292907715,12.777002105621296,12.309684609382174,12.365483486484552,542414000,NVDA
2022-09-29,12.176164627075195,12.455159943744142,11.903147353863744,12.403346432766009,532763000,NVDA
2022-09-30,12.09545612335205,12.587684528904116,12.03168556856468,12.043642606978148,565638000,NVDA
2022-10-03,12.467117309570312,12.632522202880898,12.061576751367282,12.3027092319889,547478000,NVDA
2022-10-04,13.119766235351562,13.172576558568696,12.832799262641858,12.832799262641858,584182000,NVDA
2022-10-05,13.161617279052734,13.273215984590474,12.575727163303043,12.864686858561551,507131000,NVDA
2022-10-06,13.082900047302246,13.607013197671234,13.055996476257599,13.172577350446693,644157000,NVDA
2022-10-07,12.032681465148926,12.624550545260242,11.978875271525471,12.460142467451544,672478000,NVDA
2022-10-10,11.628135681152344,12.080506544532378,11.36707548368734,11.993818750562575,698699000,NVDA
2022-10-11,11.544439315795898,11.803505925509853,11.242525784323794,11.51952842526829,667482000,NVDA
2022-10-12,11.458748817443848,11.692905516404727,11.304305077714478,11.537465911080686,492590000,NVDA
2022-10-13,11.917097091674805,12.034673832144149,10.774211301684586,10.931644516028966,850103000,NVDA
2022-10-14,11.186724662780762,12.067553239477103,11.163807408301581,12.013747057100579,713432000,NVDA
2022-10-17,11.845353126525879,11.905138303672846,11.475684694532076,11.476680559836852,580774000,NVDA
2022-10-18,11.924073219299316,12.447189613338601,11.576325138914761,12.29972073933894,659362000,NVDA
2022-10-19,12.007769584655762,12.305697731615245,11.791548012253855,11.836386661619711,523131000,NVDA
2022-10-20,12.15025806427002,12.72319524071747,12.061576624677791,12.069548299667495,652398000,NVDA
2022-10-21,12.421280860900879,12.453166608425773,11.844358361540095,12.054600941010673,609494000,NVDA
2022-10-24,12.553804397583008,12.664406275262714,12.02072372059677,12.46313123131559,517457000,NVDA
2022-10-25,13.213430404663086,13.252291014913888,12.618571815177777,12.64846488467942,505482000,NVDA
2022-10-26,12.849740028381348,13.339974778311161,12.662414686166759,12.82283740595862,532953000,NVDA
2022-10-27,13.128734588623047,13.788360510627266,13.07492839668743,13.581106467465899,583113000,NVDA
2022-10-28,13.784375190734863,13.800318541551777,13.014148282801942,13.056994256397354,521040000,NVDA
2022-10-31,13.448583602905273,13.788360930226967,13.24930122851385,13.728575742782882,486341000,NVDA
2022-11-01,13.49441909790039,13.875048766316969,13.470505022876246,13.761457385078938,432817000,NVDA
2022-11-02,13.171579360961914,14.159024522745352,13.163608637105877,13.800316292387196,672628000,NVDA
2022-11-03,13.372856140136719,13.731565367636188,12.909524971705448,12.996212781616933,500065000,NVDA
2022-11-04,14.105218887329102,14.177956971752689,13.647864854214127,13.935828645472183,612576000,NVDA
2022-11-07,14.249698638916016,14.360300516988321,13.90394423701555,14.176960552458848,410061000,NVDA
2022-11-08,14.54962158203125,14.837584472787446,14.165005566889713,14.74790715863396,595292000,NVDA
2022-11-09,13.726582527160645,14.160022506058544,13.70964331218987,14.111197542274558,454414000,NVDA
2022-11-10,15.693501472473145,15.716418731024099,14.49481681539553,14.746909510215898,700819000,NVDA
2022-11-11,16.2684326171875,16.33021048888852,15.426464425019901,15.750298418180774,655487000,NVDA
2022-11-14,16.236547470092773,16.480669454615672,15.86488533252821,16.15982401511625,527852000,NVDA
2022-11-15,16.606218338012695,16.93702626168871,16.323236669194443,16.662017219102463,545876000,NVDA
2022-11-16,15.852927207946777,16.30330545087524,15.816060231495598,16.104024034799696,649547000,NVDA
2022-11-17,15.62076187133789,16.207649648312586,15.47927107093897,15.658625660191303,710894000,NVDA
2022-11-18,15.353724479675293,15.94459765168975,15.065760685221573,15.908725591523805,492072000,NVDA
2022-11-21,15.262055397033691,15.421481294578124,15.025905097362354,15.092665143329405,404739000,NVDA
2022-11-22,15.980467796325684,16.000396507453974,15.067753352120171,15.273014705576616,472866000,NVDA
2022-11-23,16.45974349975586,16.46771612556409,15.99043426388969,16.040254147784076,427241000,NVDA
2022-11-25,16.211637496948242,16.427858142364496,16.11398946353445,16.259465648152826,167934000,NVDA
2022-11-28,15.770224571228027,16.298324023340506,15.668591183311177,15.968510119436205,303741000,NVDA
2022-11-29,15.582897186279297,15.874846309698507,15.46432459928425,15.770222488567383,298384000,NVDA
2022-11-30,16.86660385131836,16.87358049316019,15.545022579304094,15.644688755545094,565298000,NVDA
2022-12-01,17.077898025512695,17.207463965478787,16.579564270117494,16.942351563411925,470977000,NVDA
2022-12-02,16.819765090942383,16.876576265200864,16.390201516412013,16.603489123219873,371389000,NVDA
2022-12-05,16.554649353027344,16.938366605030453,16.417108738331706,16.623419660375163,352255000,NVDA
2022-12-06,15.933728218078613,16.51777502605684,15.766287810992363,16.474919041618143,352694000,NVDA
2022-12-07,16.066286087036133,16.132066147916248,15.614794545863099,15.719445161170468,372388000,NVDA
2022-12-08,17.111791610717773,17.121758517727503,15.905822476444317,16.218777273371813,515456000,NVDA
2022-12-09,16.944347381591797,17.524408725344184,16.91843494852363,17.102817944678048,465338000,NVDA
2022-12-12,17.4765682220459,17.47955848372448,16.741028482869503,16.9802285062354,457328000,NVDA
2022-12-13,18.01177978515625,18.72738762856205,17.651982672461422,18.469249909930564,656589000,NVDA
2022-12-14,17.6151065826416,18.19118159319031,17.361953248979066,17.927063332040404,496888000,NVDA
2022-12-15,16.895511627197266,17.26228539533921,16.64435244524807,17.088865417042985,478542000,NVDA
2022-12-16,16.515779495239258,16.98421452775994,16.355316696171542,16.80780430040909,478232000,NVDA
2022-12-19,16.19983673095703,16.55365331311345,16.091200695343332,16.516777854754576,354039000,NVDA
2022-12-20,16.03139877319336,16.255649382131462,15.799176351187127,16.010468843091985,403260000,NVDA
2022-12-21,16.44601058959961,16.571592053600934,16.04834007241244,16.060301117075653,325025000,NVDA
2022-12-22,15.287886619567871,16.084224902594713,14.832409670787916,16.040370897342594,565045000,NVDA
2022-12-23,15.155329704284668,15.287885933378956,14.833406075775102,15.145362798947778,349326000,NVDA
2022-12-27,14.073945045471191,15.049682826445732,14.009161111934528,15.023769443130346,464902000,NVDA
2022-12-28,13.989229202270508,14.214475953122395,13.837735273982746,13.880592209011148,351066000,NVDA
2022-12-29,14.554339408874512,14.634072755943127,14.179592867751314,14.354009920900088,354923000,NVDA
2022-12-30,14.565302848815918,14.580252256779966,14.185571918188986,14.286235193865508,310490000,NVDA
2023-01-03,14.267298698425293,14.946030156445817,14.049028593833635,14.801512873667992,401277000,NVDA
2023-01-04,14.699851989746094,14.803505525216863,14.193545359327329,14.518459253168668,431324000,NVDA
2023-01-05,14.2174654006958,14.515468836750369,14.100854699285643,14.442712138646769,389168000,NVDA
2023-01-06,14.809487342834473,14.959984206467885,13.987236581425599,14.425770004011499,405044000,NVDA
2023-01-09,15.575922966003418,16.002496236779955,15.090545335630782,15.233069416455065,504231000,NVDA
2023-01-10,15.855987548828125,15.908810437445068,15.42044347056914,15.455326689560788,384101000,NVDA
2023-01-11,15.947678565979004,15.974589018428674,15.511138407767845,15.787215773433328,353285000,NVDA
2023-01-12,16.455978393554688,16.581557963434708,15.440374057820266,16.046348710283624,551409000,NVDA
2023-01-13,16.842689514160156,16.865613588598475,16.11113608569389,16.22375851425544,447287000,NVDA
2023-01-17,17.64301109313965,17.668925426357585,16.842687440869174,16.842687440869174,511102000,NVDA
2023-01-18,17.3190975189209,17.813443145734695,17.224412859359354,17.608130198283973,439624000,NVDA
2023-01-19,16.709135055541992,17.139696655240964,16.67524985593479,16.97923193804357,452932000,NVDA
2023-01-20,17.77955436706543,17.79649791430325,16.768933461540048,16.954312559037017,564967000,NVDA
2023-01-23,19.12904167175293,19.18086843158552,17.758623747963394,18.003802360832424,655163000,NVDA
2023-01-24,19.200803756713867,19.430038785893963,18.757286908397305,18.76426355229002,496204000,NVDA
2023-01-25,19.258609771728516,19.30545403532492,18.518085645970668,18.849976169985318,449537000,NVDA
2023-01-26,19.736011505126953,20.09879882435529,19.21375752485205,19.635348246628528,489535000,NVDA
2023-01-27,20.29714012145996,20.55926424729607,19.340339917531214,19.397149193004687,542142000,NVDA
2023-01-30,19.098148345947266,20.07288815679004,19.086187298640233,19.883522650362398,488611000,NVDA
2023-01-31,19.47189712524414,19.621396897100432,18.88685330332513,19.106119508648174,498017000,NVDA
2023-02-01,20.873214721679688,21.121383652696668,19.54565246966647,19.625385818373413,660477000,NVDA
2023-02-02,21.636659622192383,21.875859651889073,20.631022997012753,20.9300225588854,564276000,NVDA
2023-02-03,21.02968978881836,21.672540940249053,20.71972529905481,20.93002263417135,429366000,NVDA
2023-02-06,21.01872444152832,21.498120569952917,20.716732749173072,20.736666558099405,452197000,NVDA
2023-02-07,22.099111557006836,22.184825413683594,21.07951986309014,21.310747101593492,664150000,NVDA
2023-02-08,22.131006240844727,22.80176393868283,21.934662201742093,22.312398971746344,559651000,NVDA
2023-02-09,22.262563705444336,22.94328822764602,22.046287782724328,22.530668289120996,523876000,NVDA
2023-02-10,21.194137573242188,22.00442812205311,20.74165187678693,21.6177224771655,550737000,NVDA
2023-02-13,21.715396881103516,21.974530722285284,20.89214911284721,21.466229945466377,474919000,NVDA
2023-02-14,22.894453048706055,22.972192242637163,21.294800040276197,21.506093473695493,675474000,NVDA
2023-02-15,22.68814468383789,22.778841054015846,22.032338260019806,22.473860964718224,420575000,NVDA
2023-02-16,21.928688049316406,22.474860494775402,21.853937196052712,22.05925016093341,412026000,NVDA
2023-02-17,21.316728591918945,21.667554896645086,20.905104738152975,21.5589188659097,465888000,NVDA
2023-02-21,20.586172103881836,21.422375105842487,20.549294744904135,20.930021777294268,410015000,NVDA
2023-02-22,20.68484115600586,21.03367523119019,20.352950629424083,20.637998793039895,513184000,NVDA
2023-02-23,23.585142135620117,23.808396610345156,22.94827158681363,23.3618895618877,1117995000,NVDA
2023-02-24,23.20840072631836,23.395775859883635,22.870531615825424,23.147605083288227,589716000,NVDA
2023-02-27,23.422683715820312,23.80042043107323,23.375841359560795,23.59112115652379,452994000,NVDA
2023-02-28,23.138633728027344,23.745605429194818,23.1286668242865,23.294114004597965,455963000,NVDA
2023-03-01,22.622364044189453,23.1785051990992,22.43299664359423,23.114717384744207,460026000,NVDA
2023-03-02,23.236309051513672,23.302089102000206,22.35724820401247,22.413063250752206,389415000,NVDA
2023-03-03,23.81039047241211,23.82035737741727,23.05292280095457,23.24229019406714,412393000,NVDA
2023-03-06,23.47551155090332,24.16719726800564,23.408733477576387,23.811388454961868,437429000,NVDA
2023-03-07,23.214340209960938,24.04869267419401,23.167487988654617,23.525353628386604,515154000,NVDA
2023-03-08,24.10451316833496,24.123454073591056,23.34990765503741,23.412708106815042,513573000,NVDA
2023-03-09,23.36187171936035,24.376651390603612,23.309037961330453,24.09853264786072,501257000,NVDA
2023-03-10,22.892358779907227,23.552265439254963,22.65411444951107,23.334954591781766,474866000,NVDA
2023-03-13,22.893356323242188,23.22430691098968,22.22647370103853,22.68003442386319,421890000,NVDA
2023-03-14,23.986886978149414,24.14239367745541,23.3857936653715,23.42168099679016,474910000,NVDA
2023-03-15,24.151369094848633,24.20918430620047,23.286114490388712,23.68584522635948,524486000,NVDA
2023-03-16,25.460214614868164,25.507064935559395,23.818422785484607,23.951003432054158,583253000,NVDA
2023-03-17,25.64362907409668,26.31549691711218,25.586808261666317,25.899816121394398,848547000,NVDA
2023-03-20,25.81808090209961,25.941689251957087,25.050515867118953,25.533982476387376,432747000,NVDA
2023-03-21,26.116130828857422,26.308521152399816,25.300719308848564,26.097191824105813,547408000,NVDA
2023-03-22,26.384279251098633,27.501733695308825,26.154009031774457,26.341414093559983,797295000,NVDA
2023-03-23,27.104997634887695,27.412024025202122,26.60558279418749,27.02923780216144,564889000,NVDA
2023-03-24,26.694297790527344,27.08107103959281,26.27163910855887,26.945501524795564,454920000,NVDA
2023-03-27,26.447080612182617,26.91459699343309,26.281605317466703,26.752112468073136,361026000,NVDA
2023-03-28,26.32646369934082,26.42913854404045,25.768235539667923,26.36334732054611,356104000,NVDA
2023-03-29,26.898653030395508,26.99235558601917,26.51287791862298,26.740157428680025,393694000,NVDA
2023-03-30,27.29638671875,27.412020935167096,27.01627538766958,27.142874491555478,364516000,NVDA
2023-03-31,27.68914031982422,27.745959234891043,27.019265008815836,27.054154149877146,433933000,NVDA
2023-04-03,27.876544952392578,27.911434092903463,27.249534811234103,27.42198793508251,398716000,NVDA
2023-04-04,27.366165161132812,27.911435879998983,27.220627051021687,27.877543026671038,368592000,NVDA
2023-04-05,26.795976638793945,26.91260524763218,26.31151378285065,26.744141067760594,515015000,NVDA
2023-04-06,26.95148277282715,26.994346033960124,26.34341159102696,26.49991459021249,397654000,NVDA
2023-04-10,27.491769790649414,27.53363676470612,26.584648216789198,26.738160454997114,395279000,NVDA
2023-04-11,27.083065032958984,27.702101097960746,27.04019987081764,27.636309871277366,314378000,NVDA
2023-04-12,26.41119384765625,27.381115701428637,26.364341632306775,27.283426113543882,446259000,NVDA
2023-04-13,26.379297256469727,26.801955937603214,26.245722222126854,26.649439996093154,353615000,NVDA
2023-04-14,26.67336082458496,26.797965435367647,26.137062473302613,26.420164544474495,395660000,NVDA
2023-04-17,26.916593551635742,26.920580610646343,26.349393053761112,26.480975507689482,321471000,NVDA
2023-04-18,27.579492568969727,28.021092206518258,27.270473592429965,27.445917519730365,604812000,NVDA
2023-04-19,27.842653274536133,27.911435269103396,27.145864822992923,27.274456503625604,358660000,NVDA
2023-04-20,27.01827049255371,27.94134215983428,26.914599351934957,27.583476516154896,427713000,NVDA
2023-04-21,27.033222198486328,27.09702084669948,26.637478546679382,26.866750601318966,345103000,NVDA
2023-04-24,26.95646858215332,27.279443208222265,26.58664173033635,26.9275609756168,339282000,NVDA
2023-04-25,26.15799903869629,27.160817581589445,26.142050802636824,26.992351504330397,378527000,NVDA
2023-04-26,26.87073516845703,27.24355272101591,26.620529651196374,26.91659109618502,406337000,NVDA
2023-04-27,27.139881134033203,27.4080312626638,26.54078232749637,27.276448822954162,377161000,NVDA
2023-04-28,27.661231994628906,27.670202402547503,26.98537507177856,27.138889210344786,292216000,NVDA
2023-05-01,28.81855583190918,28.96608841417271,27.69213092438785,27.751940608520385,570329000,NVDA
2023-05-02,28.120769500732422,28.744790786364405,27.994172302997715,28.58928408497182,402730000,NVDA
2023-05-03,27.714061737060547,28.277275162589756,27.385105610028088,27.75194164873796,383387000,NVDA
2023-05-04,27.474822998046875,27.770882582276077,27.15384096655844,27.563540293710812,321850000,NVDA
2023-05-05,28.589284896850586,28.66404652957751,27.64328719583459,27.737986024481625,361494000,NVDA
2023-05-08,29.05879020690918,29.12757219321254,28.260325194855845,28.43178011466119,344979000,NVDA
2023-05-09,28.480627059936523,28.881355931475877,28.360011403786928,28.807590591905967,314869000,NVDA
2023-05-10,28.793642044067383,29.020921558936134,28.37098329457941,28.913261440397022,369350000,NVDA
2023-05-11,28.48760986328125,28.8584349085419,28.15666111611045,28.804604853160228,322149000,NVDA
2023-05-12,28.250362396240234,28.688971234445617,27.957291677344866,28.438763778969957,274222000,NVDA
2023-05-15,28.861419677734375,28.877369814441632,28.06295457930079,28.4178275338678,293926000,NVDA
2023-05-16,29.120595932006836,29.77551927102902,28.74080245431232,28.74977286090327,449405000,NVDA
2023-05-17,30.08254623413086,30.103479719693794,29.336912970483333,29.49042519794485,432535000,NVDA
2023-05-18,31.577800750732422,31.727325914629347,30.22409635534029,30.313811833941568,748725000,NVDA
2023-05-19,31.165109634399414,31.48011008821705,30.818210809592202,31.436248639784157,473908000,NVDA
2023-05-22,31.077392578125,31.420304387689416,30.582961110509476,30.803260867315778,372000000,NVDA
2023-05-23,30.590932846069336,31.189035411939713,30.534113929383956,30.901946256374558,356253000,NVDA
2023-05-24,30.44140625,30.510188241482325,29.711721267992726,30.114442718121378,721419000,NVDA
2023-05-25,37.859867095947266,39.3551225285011,36.51912017458201,38.40114883242656,1543911000,NVDA
2023-05-26,38.82281494140625,39.04610546738504,37.431230509295986,37.77015525878446,714397000,NVDA
2023-05-30,39.984130859375,41.8053518099001,39.82264450499864,40.4666011461992,923401000,NVDA
2023-05-31,37.71432876586914,40.1675430373075,37.70236568816468,39.36309641035941,1002580000,NVDA
2023-06-01,39.64420700073242,39.92332013723305,38.21872982052202,38.367256795979486,635873000,NVDA
2023-06-02,39.202606201171875,40.37189627228211,38.934456059073696,39.970171105133474,482731000,NVDA
2023-06-05,39.04710006713867,39.43985101130171,38.584567040791214,38.785927762163986,396094000,NVDA
2023-06-06,38.53173828125,39.03613834073106,38.02733822176895,38.70718409484521,388729000,NVDA
2023-06-07,37.36033248901367,39.378141523481524,37.241697122376735,38.79592881153469,511998000,NVDA
2023-06-08,38.39215850830078,38.74507536675845,37.390236526079995,37.60856435210394,417772000,NVDA
2023-06-09,38.651371002197266,39.58948978920315,38.44899302917782,38.917552324899084,427717000,NVDA
2023-06-12,39.36118698120117,39.4090404400651,38.49983232769968,39.08005218877828,388701000,NVDA
2023-06-13,40.8964729309082,40.97523356570902,39.61839813533891,40.06303253313572,613208000,NVDA
2023-06-14,42.865440368652344,42.86842954641151,40.42791802705582,40.69908893155934,740465000,NVDA
2023-06-15,42.522491455078125,43.15654702262012,42.018039182120376,42.47164881165265,568622000,NVDA
2023-06-16,42.56136703491211,43.5872177031006,42.53045985415552,43.31704703395712,655709000,NVDA
2023-06-20,43.673946380615234,43.85539247343839,42.54341754115194,42.86642741086615,451153000,NVDA
2023-06-21,42.913291931152344,43.481551381643484,41.9512482252179,43.36789797033513,551603000,NVDA
2023-06-22,42.893348693847656,43.293118838626924,42.10476872123709,42.12370778383283,417737000,NVDA
2023-06-23,42.07984924316406,42.678011851996246,41.886442597723466,42.33407006327904,358140000,NVDA
2023-06-26,40.50767135620117,42.633147684220695,39.97729771593512,42.33107342513513,594322000,NVDA
2023-06-27,41.74787139892578,41.811674756586335,40.32424305595563,40.6741670319384,462175000,NVDA
2023-06-28,40.99118423461914,41.71695722321169,40.39401812376897,40.535581905804115,582639000,NVDA
2023-06-29,40.697086334228516,41.472705590731,40.475765515924735,41.43083429013432,380514000,NVDA
2023-06-30,42.17255783081055,42.41980006839875,41.37401012697036,41.552463254955796,501148000,NVDA
2023-07-03,42.28321838378906,42.76673493754276,42.07286548445585,42.38690024476898,198209000,NVDA
2023-07-05,42.18751525878906,43.04488054432272,41.95622290579701,42.00606914984757,323618000,NVDA
2023-07-06,41.97417449951172,42.04994216880029,41.21949078738844,41.71596810959315,303582000,NVDA
2023-07-07,42.37295150756836,43.08177839649904,42.050941741012366,42.192505558452375,355881000,NVDA
2023-07-10,42.050933837890625,42.680003559932054,41.521556604913506,42.52647545344216,353908000,NVDA
2023-07-11,42.275238037109375,42.627158483980864,41.93827488426671,42.35100568748728,298244000,NVDA
2023-07-12,43.76766586303711,43.80056583036438,42.64610822063504,42.90132541025079,481277000,NVDA
2023-07-13,45.8363151550293,46.01376808541058,44.35585853064173,44.38177994624532,478204000,NVDA
2023-07-14,45.32987594604492,47.94086182574558,44.92212700668265,46.44046575236375,772075000,NVDA
2023-07-17,46.31883239746094,46.353725148743315,45.123503715655524,46.147361621458764,510488000,NVDA
2023-07-18,47.348670959472656,47.749441291791726,45.594058117307526,46.55809821761458,569164000,NVDA
2023-07-19,46.93295669555664,47.6716905603688,46.59898261826371,47.31877361397163,427502000,NVDA
2023-07-20,45.38071823120117,46.942924858819666,44.92411943835553,46.36469771901338,537865000,NVDA
2023-07-21,44.17341995239258,45.72565880367255,43.965059822678604,45.64789454996022,963769000,NVDA
2023-07-24,44.475494384765625,44.970975292246095,43.90524600694248,44.594129747804274,382516000,NVDA
2023-07-25,45.53922653198242,46.04168213917605,44.7855393181674,44.803485791149136,348081000,NVDA
2023-07-26,45.31292724609375,45.912090061766605,44.49344377208364,45.88018648344698,364237000,NVDA
2023-07-27,45.759552001953125,47.24997638304764,45.61000946610031,46.37665740516835,455976000,NVDA
2023-07-28,46.60696029663086,46.8831131932043,46.23908983310529,46.5252104596195,331194000,NVDA
2023-07-31,46.58601379394531,46.985787745643954,46.36369657868276,46.610938817532,251055000,NVDA
2023-08-01,46.36469650268555,46.75649554152621,45.886165676964275,46.31783943234634,237858000,NVDA
2023-08-02,44.133548736572266,45.699741010536016,43.254247470375134,45.69076967402106,530142000,NVDA
2023-08-03,44.3787841796875,44.97993964791756,43.665971916513115,43.665971916513115,324176000,NVDA
2023-08-04,44.543277740478516,45.502331974506376,44.25715721919989,44.84734473268043,362666000,NVDA
2023-08-07,45.27803039550781,45.400655128648054,44.42664342016852,44.97296695444659,322154000,NVDA
2023-08-08,44.52734375,45.10357437055074,43.9212023339013,44.71576464833741,353843000,NVDA
2023-08-09,42.42379379272461,44.17641407263371,42.005076934408166,44.138528337331145,586449000,NVDA
2023-08-10,42.258304595947266,43.44067657606507,41.70699522784932,42.03100157577808,492705000,NVDA
2023-08-11,40.72998809814453,41.889431464332574,40.51464942799337,41.623246353337215,533085000,NVDA
2023-08-14,43.61912155151367,43.665978621737146,40.187655955736346,40.36211972462702,690286000,NVDA
2023-08-15,43.805545806884766,45.12948515568442,43.5762500445296,44.423651395520004,676512000,NVDA
2023-08-16,43.35293960571289,44.53830062758481,43.27318256792619,44.38377612065419,527451000,NVDA
2023-08-17,43.21137237548828,43.927173858554056,42.86941961752367,43.83545631480397,452395000,NVDA
2023-08-18,43.16650390625,43.44464949085575,41.53251934270982,42.50453430031579,583768000,NVDA
2023-08-21,46.82329177856445,46.92099149712555,44.086691857163586,44.35785896625514,692573000,NVDA
2023-08-22,45.52825927734375,48.03955236680591,45.194285260085415,47.98770953500303,755293000,NVDA
2023-08-23,46.971839904785156,47.055582524189234,45.06967688525946,45.725664540283454,779046000,NVDA
2023-08-24,47.0186882019043,50.11219423827407,47.014702631702306,50.06234798957418,1156044000,NVDA
2023-08-25,45.877193450927734,47.65872425455991,44.88623165435981,46.8681514444708,925341000,NVDA
2023-08-28,46.69169235229492,46.836249134555814,44.750651224061855,46.33977183033874,685192000,NVDA
2023-08-29,48.63473129272461,48.93082341552477,46.249051833640735,46.52321191086775,701397000,NVDA
2023-08-30,49.11326599121094,49.77423560314373,48.276832394862886,48.89393791220456,735206000,NVDA
2023-08-31,49.20398712158203,49.59179683011506,48.80820246885937,49.22891214982183,528570000,NVDA
2023-09-01,48.360572814941406,49.64762302557311,47.9946951700236,49.60974109160753,463830000,NVDA
2023-09-05,48.39944839477539,48.7015226451209,47.7135538785842,48.075442101099355,382653000,NVDA
2023-09-06,46.92086410522461,48.404432152677344,46.441297415473116,48.29675585100986,468670000,NVDA
2023-09-07,46.103309631347656,46.206003567946354,45.01755163903208,45.38944205496558,433330000,NVDA
2023-09-08,45.43629837036133,46.46721981309031,45.13619596961709,45.805199355822154,473069000,NVDA
2023-09-11,45.04347229003906,46.02553600450633,44.180049901886676,46.01058127939669,473966000,NVDA
2023-09-12,44.736392974853516,45.53700334292315,44.398401689358636,44.604786051563885,349256000,NVDA
2023-09-13,45.34955596923828,45.79323054977972,44.37047790444444,44.46718918081737,398355000,NVDA
2023-09-14,45.445274353027344,45.85006363868303,44.996613561123056,45.8131750613874,370097000,NVDA
2023-09-15,43.7692756652832,45.46321387121769,43.67754676368698,45.20598272428771,506831000,NVDA
2023-09-18,43.83507537841797,44.110254465014556,41.87493023032647,42.620703892646866,500271000,NVDA
2023-09-19,43.390403747558594,43.83507476757458,42.873944730153006,43.70247140180037,373064000,NVDA
2023-09-20,42.11322021484375,43.772266659114486,42.097269015445136,43.470167525058194,367108000,NVDA
2023-09-21,40.89486312866211,41.97463849257789,40.85797455001659,41.45917965283468,450736000,NVDA
2023-09-22,41.48609924316406,41.98959657847822,41.10822617218465,41.448210386933276,479236000,NVDA
2023-09-25,42.096282958984375,42.40934719385333,41.05439249740193,41.46716126153223,419091000,NVDA
2023-09-26,41.78619384765625,42.6924873606105,41.53095566477393,41.87592599161224,402282000,NVDA
2023-09-27,42.3415412902832,42.744341431006085,41.50504268914909,42.20395553022343,444935000,NVDA
2023-09-28,42.960693359375,43.31662875856255,41.98959464052307,42.33356473794384,424663000,NVDA
2023-09-29,43.369476318359375,44.01255619893268,43.178046685877014,43.696498771068015,397830000,NVDA
2023-10-02,44.64865493774414,45.04048245716081,43.73039595276652,43.898891446595,433298000,NVDA
2023-10-03,43.387413024902344,44.995612589410996,43.117220102153354,44.67456903988094,470850000,NVDA
2023-10-04,43.90986251831055,44.0115599865903,43.16309221624776,43.611753042966086,361821000,NVDA
2023-10-05,44.554931640625,44.7663021604217,43.75731457253386,43.918830935362585,393483000,NVDA
2023-10-06,45.625732421875,45.65265244811673,43.894901766019856,44.06140429622766,434436000,NVDA
2023-10-09,45.138187408447266,45.46919952767431,44.235883483851424,44.708471059532506,409675000,NVDA
2023-10-10,45.661624908447266,46.12125070086953,44.95374003044169,45.17507908955567,368582000,NVDA
2023-10-11,46.666622161865234,46.71946573957931,45.91287284021887,46.05843799423147,378137000,NVDA
2023-10-12,46.80521011352539,47.4672343606174,46.19204354796514,46.637711102575786,481325000,NVDA
2023-10-13,45.32563018798828,46.97570471236393,45.145169391645375,46.82016719199545,474115000,NVDA
2023-10-16,45.95774841308594,46.08735858574587,44.77826845784265,44.92881981280981,375099000,NVDA
2023-10-17,43.80716323852539,44.62073527897283,42.353504619053396,43.86897889171314,812333000,NVDA
2023-10-18,42.070350646972656,43.090307040885016,41.700456999229225,42.464174898094846,627294000,NVDA
2023-10-19,41.97563552856445,43.16807328895168,41.75728589082115,42.683520414055806,501233000,NVDA
2023-10-20,41.263763427734375,42.34353877331354,40.95568161669413,41.76526400722088,477266000,NVDA
2023-10-23,42.8470344543457,43.119224175669935,40.82308027803106,41.10623502417962,478530000,NVDA
2023-10-24,43.53298568725586,43.56688484318148,42.56388363101051,42.94873204239224,401463000,NVDA
2023-10-25,41.65459442138672,43.52002535417708,41.43126239759443,43.26877302407248,398379000,NVDA
2023-10-26,40.20592498779297,42.130178498809435,39.76125385517592,41.72837859858881,541001000,NVDA
2023-10-27,40.37940216064453,41.08330116511961,39.895845748458264,41.00752725918924,416784000,NVDA
2023-10-30,41.03843307495117,41.64163109365404,40.3604576251133,40.96465592174652,388028000,NVDA
2023-10-31,40.6585693359375,40.75727737613491,39.11318548755272,40.329553945294535,517969000,NVDA
2023-11-01,42.198970794677734,42.25480380163395,40.74730500713954,40.7622597335259,437593000,NVDA
2023-11-02,43.37644577026367,43.75331849640394,42.766268706986494,43.19897442959199,409172000,NVDA
2023-11-03,44.87098693847656,45.174078747791896,43.59280293696078,43.888919424366684,424610000,NVDA
2023-11-06,45.61476516723633,45.798219181155844,44.765301009531704,45.15015318659169,400733000,NVDA
2023-11-07,45.81816482543945,46.08037839216094,45.02353711440928,45.582867485335434,343165000,NVDA
2023-11-08,46.43531799316406,46.72744479735544,45.83111967900613,45.96272659241924,346719000,NVDA
2023-11-09,46.81019592285156,48.08638320008785,46.610790709948866,47.32565472798377,540496000,NVDA
2023-11-10,48.191070556640625,48.32766364227746,47.14220498356334,47.35855787314543,421245000,NVDA
2023-11-13,48.4752197265625,48.96974494304787,47.9557712363459,48.176113818422,384136000,NVDA
2023-11-14,49.50813293457031,49.68560428700353,48.89396993275051,49.53206353654858,416954000,NVDA
2023-11-15,48.742427825927734,49.81123435682442,48.05647674137133,49.78631108074614,475497000,NVDA
2023-11-16,49.33266830444336,49.377536290551284,48.18609481694431,48.53405466377334,339756000,NVDA
2023-11-17,49.151214599609375,49.5689657411974,48.86108069253804,49.376539611283306,325205000,NVDA
2023-11-20,50.25889587402344,50.39748190834169,49.0345518906684,49.16516232495467,414120000,NVDA
2023-11-21,49.79528045654297,50.3665722694878,49.075430256470796,49.976737718443786,565747000,NVDA
2023-11-22,48.57093811035156,50.18511670142029,47.547992253967436,49.703557028583894,899420000,NVDA
2023-11-24,47.63373565673828,48.77532658141017,47.60282592861512,48.325669336815935,294645000,NVDA
2023-11-27,48.09834289550781,48.38548347808236,47.51009967784497,47.65765776865844,395662000,NVDA
2023-11-28,47.67860794067383,48.179115899772775,47.33164456706531,48.092373154701306,401491000,NVDA
2023-11-29,47.99665832519531,48.61680790876067,47.71749326678707,48.234948902912635,382005000,NVDA
2023-11-30,46.6307373046875,47.96674744990859,46.283773941411816,47.88100118212253,526247000,NVDA
2023-12-01,46.62574768066406,47.05945375436282,46.04946966832762,46.38646445632827,369317000,NVDA
2023-12-04,45.374481201171875,45.93979415914972,44.87597007312704,45.93979415914972,437543000,NVDA
2023-12-05,46.43142318725586,46.46532151700449,45.140163841646064,45.33459997495961,371718000,NVDA
2023-12-06,45.371490478515625,47.25004822206123,45.2807538725136,47.07854443551646,380590000,NVDA
2023-12-07,46.461341857910156,46.49424743379082,45.4722080825041,45.56793131942615,350823000,NVDA
2023-12-08,47.36870574951172,47.60302719608969,46.41546736033398,46.46033928594401,359224000,NVDA
2023-12-11,46.49224853515625,47.39363533790565,45.697554757992016,47.35375382727248,509728000,NVDA
2023-12-12,47.51927185058594,47.52824471452688,45.912927610504205,45.912927610504205,372387000,NVDA
2023-12-13,47.94902801513672,48.45356620387965,47.47041566072205,47.49135487990882,447792000,NVDA
2023-12-14,48.210262298583984,48.52933716331639,47.28494671232897,48.25014760759364,391232000,NVDA
2023-12-15,48.74870681762695,49.261221291787095,47.980931668648175,48.05471911639448,479948000,NVDA
2023-12-18,49.932273864746094,50.28724399732617,49.0079548114807,49.25723229515319,412587000,NVDA
2023-12-19,49.46064376831055,49.55636699628033,48.75369315436852,49.281163666785375,464444000,NVDA
2023-12-20,47.971954345703125,49.85449831929735,47.95899143016388,49.511490749608875,397894000,NVDA
2023-12-21,48.84841537475586,48.95311145717248,48.279062673701084,48.669931851728876,300425000,NVDA
2023-12-22,48.68887710571289,49.24027646361489,48.32692345139222,49.05282008065704,252507000,NVDA
2023-12-26,49.13658142089844,49.45665286845571,48.81850309781851,48.82647939940057,244200000,NVDA
2023-12-27,49.27418518066406,49.536425600159234,48.94314392704513,49.36791528650649,233648000,NVDA
2023-12-28,49.37887954711914,49.73983287122963,49.26919684127221,49.49953204501984,246587000,NVDA
2023-12-29,49.37887954711914,49.85250906748791,48.61010784761711,49.66903891502132,389293000,NVDA
2024-01-02,48.02878952026367,49.15253129584884,47.457447488056715,49.10167999879026,411254000,NVDA
2024-01-03,47.4315299987793,48.044750572574365,47.18324903924687,47.34777311657652,320896000,NVDA
2024-01-04,47.859283447265625,48.35983153595327,47.3706979086473,47.62894825426151,306535000,NVDA
2024-01-05,48.955101013183594,49.40380119345811,48.16638677946172,48.321937950337194,415039000,NVDA
2024-01-08,52.10198974609375,52.12392933182719,49.3360082047019,49.368913779629096,642510000,NVDA
2024-01-09,52.986419677734375,54.16799628302355,51.54060955653382,52.249557041176296,773100000,NVDA
2024-01-10,54.19293212890625,54.44220965259703,53.334420276456434,53.46105596670663,533796000,NVDA
2024-01-11,54.6635627746582,55.18605048150879,53.40521272938546,54.840053191345746,596759000,NVDA
2024-01-12,54.5518798828125,54.8111305781565,54.172980872190166,54.46213984268147,352994000,NVDA
2024-01-16,56.21905517578125,56.670745116790805,54.74133972907017,54.8589987377964,449580000,NVDA
2024-01-17,55.89101028442383,56.30780154944078,54.5818050801591,56.18415935716655,474394000,NVDA
2024-01-18,56.941959381103516,57.43353464294008,55.94484937824919,57.094517089822695,491650000,NVDA
2024-01-19,59.31906509399414,59.32803795704181,57.05961145486245,57.82140334356974,543501000,NVDA
2024-01-22,59.481597900390625,60.15664330232137,58.89928603895681,59.87545679775879,452955000,NVDA
2024-01-23,59.69996643066406,59.736858252012084,58.41568677878363,59.39784070948938,294654000,NVDA
2024-01-24,61.18465805053711,62.667360005652704,59.76477374613349,60.12971710051197,560271000,NVDA
2024-01-25,61.43892288208008,62.53773920716308,60.67413746929077,62.169802358134476,482777000,NVDA
2024-01-26,60.8546142578125,61.60444363196895,60.39794153183259,60.78382030493906,390309000,NVDA
2024-01-29,62.28446960449219,62.308398507444245,60.730973730437555,61.055031402652325,348733000,NVDA
2024-01-30,62.59257888793945,63.309502714007664,62.08006442941247,62.71821799882993,410735000,NVDA
2024-01-31,61.349185943603516,62.08904212424609,60.52457632784889,61.262435580323725,453795000,NVDA
2024-02-01,62.8448486328125,63.0083761236307,61.47182934048774,61.92052577068121,369146000,NVDA
2024-02-02,65.96879577636719,66.40751896695984,63.50592925992764,63.789108872006786,476578000,NVDA
2024-02-05,69.13163757324219,69.2961616511714,67.010785504722,68.02783445051155,680078000,NVDA
2024-02-06,68.02583312988281,69.55240673067756,66.10839412447636,69.42876454653677,683111000,NVDA
2024-02-07,69.89639282226562,70.01704528849567,67.40461510087938,68.12153874968051,495575000,NVDA
2024-02-08,69.43973541259766,70.5894031052992,69.25427593719057,69.87148269785355,414422000,NVDA
2024-02-09,71.9245376586914,71.9763817179636,70.00908414671076,70.32915559936207,436637000,NVDA
2024-02-12,72.03919982910156,74.39536957580593,71.0440830164451,72.39017991002451,613710000,NVDA
2024-02-13,71.91954803466797,73.23772604754565,69.4188005504822,70.19654512895808,602580000,NVDA
2024-02-14,73.6864242553711,74.0214517262709,71.73009661007124,72.99044348203591,504917000,NVDA
2024-02-15,72.4480209350586,73.76121624211152,72.19077091766044,73.65552738205378,420122000,NVDA
2024-02-16,72.40313720703125,74.18696820662582,72.29146138961607,73.88583908151942,495327000,NVDA
2024-02-20,69.25128173828125,71.74804279084927,67.53824458047887,71.73906612377016,704833000,NVDA
2024-02-21,67.27701568603516,68.6889240135881,66.05655384481933,67.80946909427277,673755000,NVDA
2024-02-22,78.31102752685547,78.34791554573746,74.00550573707999,74.80817959484354,865100000,NVDA
2024-02-23,78.58922576904297,82.15588435298636,77.34582786788651,80.556523512217,829388000,NVDA
2024-02-26,78.86341857910156,80.41292820605618,78.27810947244775,79.46965549121944,503973000,NVDA
2024-02-27,78.47354888916016,79.25030450092336,76.93900277777333,79.1515839793688,391705000,NVDA
2024-02-28,77.43856048583984,78.70488691297152,76.9021132659983,77.39568548362723,393110000,NVDA
2024-02-29,78.88336944580078,79.75883042270817,78.1235705564048,78.8654237167532,507289000,NVDA
2024-03-01,82.04121398925781,82.06215701188974,79.20543135087004,79.76880094187264,479135000,NVDA
2024-03-04,84.99066162109375,87.44155809825308,83.47705094561937,83.88685863778845,615616000,NVDA
2024-03-05,85.7195816040039,85.85220668028344,83.17982622827054,85.02755456111447,520639000,NVDA
2024-03-06,88.44779205322266,89.4688825349032,86.78254226902789,87.77172605056263,582520000,NVDA
2024-03-07,92.40550231933594,92.50322323865802,89.3472217334553,89.90164055140126,608119000,NVDA
2024-03-08,87.27914428710938,97.12307831319924,86.26004682578466,94.86750849310265,1142269000,NVDA
2024-03-11,85.5301284790039,88.5445284611464,83.92669865835357,86.18326495849031,678364000,NVDA
2024-03-12,91.65167236328125,91.69853581019218,85.90505740123257,87.79866017993605,668075000,NVDA
2024-03-13,90.62958526611328,91.24383116033475,88.18355678072699,90.79611026460987,635713000,NVDA
2024-03-14,87.6939468383789,90.3882676423802,86.35376650266996,89.32230691373881,602318000,NVDA
2024-03-15,87.58724975585938,89.29139016582063,86.01174797498194,86.68283095505842,642086000,NVDA
2024-03-18,88.2034912109375,92.14225684199752,86.8373838940454,90.13099363074502,668976000,NVDA
2024-03-19,89.14383697509766,90.28657491057966,84.76831192207213,86.45350194408529,672171000,NVDA
2024-03-20,90.11505889892578,90.15295286698971,87.97216679685033,89.54168915568671,479063000,NVDA
2024-03-21,91.17501831054688,92.38457441104313,90.14794815065484,92.03756431354115,480372000,NVDA
2024-03-22,94.02091217041016,94.50852022791372,90.57573384993215,90.88186017417289,586719000,NVDA
2024-03-25,94.73188781738281,96.4908723257128,93.2441331194467,93.67390745044557,552136000,NVDA
2024-03-26,92.2978286743164,96.10098773672114,92.23899830913079,95.57847549804553,513648000,NVDA
2024-03-27,89.9933853149414,92.97488149050997,88.86959089521561,92.84724708590295,586067000,NVDA
2024-03-28,90.0990982055664,91.04041442208826,88.93940289555813,89.74410760252643,435212000,NVDA
2024-04-01,90.1060791015625,91.96278458075767,88.95037777581965,90.04226569169144,452441000,NVDA
2024-04-02,89.1976547241211,89.8378275505344,87.37086312159137,88.19650409145588,433064000,NVDA
2024-04-03,88.7110595703125,90.11705439114243,88.14866772814298,88.23242853900666,370067000,NVDA
2024-04-04,85.6607437133789,90.3763015666953,85.63581327474101,90.1489453998678,434965000,NVDA
2024-04-05,87.75775909423828,88.22941372826789,85.68167837437112,86.6190003818051,399678000,NVDA
2024-04-08,86.88526153564453,88.57743512523471,86.4854007087341,88.44779987998065,283220000,NVDA
2024-04-09,85.11129760742188,87.38581757145292,82.78593537872872,87.19336556349879,501700000,NVDA
2024-04-10,86.79151916503906,87.15149277673736,83.47098569296867,83.68737154662665,431929000,NVDA
2024-04-11,90.35836029052734,90.48101167566662,86.67885677486333,87.1714479258609,431637000,NVDA
2024-04-12,87.93526458740234,89.91861544290224,87.2811315064311,89.44396327846418,426805000,NVDA
2024-04-15,85.7564697265625,90.35535577476978,85.68467584656017,88.84466403718538,443077000,NVDA
2024-04-16,87.16647338867188,87.86747001961128,85.81931645419519,86.1872630378248,370453000,NVDA
2024-04-17,83.79606628417969,88.5225868752461,83.71130127056159,88.08881854088399,495400000,NVDA
2024-04-18,84.43025207519531,85.94493790164843,82.16770633584548,84.72840551757585,447260000,NVDA
2024-04-19,75.98333740234375,84.08423897081519,75.39103216599602,82.91358102333888,875198000,NVDA
2024-04-22,79.29190826416016,79.8453305652036,76.18277728835372,77.88192715774476,596341000,NVDA
2024-04-23,82.18865203857422,82.53366896329221,80.03579390039872,80.53935534918725,438559000,NVDA
2024-04-24,79.45046997070312,83.84294477091471,78.95787118982408,83.71131629050129,512208000,NVDA
2024-04-25,82.39704895019531,83.086078448213,78.0005812476897,78.64374391515038,424641000,NVDA
2024-04-26,87.48555755615234,88.0798637130723,83.14991996305922,83.5796943254643,551011000,NVDA
2024-04-29,87.50748443603516,87.74180926182623,85.0235621625501,87.34594249418755,388971000,NVDA
2024-04-30,86.15634155273438,88.56646933597486,86.05463417701857,86.99195638809022,363709000,NVDA
2024-05-01,82.80488586425781,85.75547203094351,81.02396098069623,84.83509991070004,559863000,NVDA
2024-05-02,85.572998046875,85.99180203592717,82.96343457532701,84.20888384405981,377898000,NVDA
2024-05-03,88.53654479980469,89.0271426544853,86.79251724081982,87.53938813243457,398341000,NVDA
2024-05-06,91.8780288696289,91.95780324115003,88.80180099005936,89.13584761213842,376203000,NVDA
2024-05-07,90.29652404785156,91.52003263915564,88.75791206874568,90.8389759868272,437342000,NVDA
2024-05-08,90.15493774414062,90.93471200217493,89.16575387590268,89.22857828050421,325721000,NVDA
2024-05-09,88.49467468261719,90.8130611604946,87.98014293885268,90.27160575755214,378013000,NVDA
2024-05-10,89.62244415283203,91.14111635473476,88.97329419694542,90.04823199188911,335325000,NVDA
2024-05-13,90.14198303222656,90.73927900416781,88.27729700712642,90.22075318829799,289680000,NVDA
2024-05-14,91.09625244140625,91.39041184902159,88.68113417048747,89.34424430460986,296507000,NVDA
2024-05-15,94.36093139648438,94.5922739920117,91.33855134424653,92.2090701983953,417735000,NVDA
2024-05-16,94.09070587158203,95.54655367350442,93.8354294469824,94.64014168326462,323952000,NVDA
2024-05-17,92.21604919433594,94.47062203748345,91.5449662156453,94.10068232469492,359691000,NVDA
2024-05-20,94.51051330566406,94.9293173048801,93.17432694405993,93.48344309476195,318764000,NVDA
2024-05-21,95.11478424072266,95.1287443727323,92.91505542877422,93.33286278018406,328946000,NVDA
2024-05-22,94.6800308227539,95.74698824605449,92.98387077371804,95.18758628884531,548648000,NVDA
2024-05-23,103.5038833618164,106.0177117858919,101.23135605250833,101.73791493789797,835065000,NVDA
2024-05-24,106.16629028320312,106.172269937542,102.7071515406011,104.15202926452054,429494000,NVDA
2024-05-28,113.57714080810547,114.61219142145016,109.57056763172464,109.93054124400538,652728000,NVDA
2024-05-29,114.49852752685547,115.16363093573716,110.58568822600918,112.72858027740573,557442000,NVDA
2024-05-30,110.1858139038086,115.48969056494155,109.35119576529627,114.32401567603497,484553000,NVDA
2024-05-31,109.3212890625,112.39652011050696,106.63594514688756,112.20007402311614,613263000,NVDA
2024-06-03,114.67301940917969,114.67301940917969,111.68453916444382,113.29794252397816,438392000,NVDA
2024-06-04,116.10594177246094,116.26848033786769,113.72074443192332,115.38699866419654,403324000,NVDA
2024-06-05,122.09187316894531,122.10084264977675,117.13400975669744,118.03444216742467,528402000,NVDA
2024-06-06,120.65396881103516,125.22991785379394,117.98358173920542,123.69529221491227,664696000,NVDA
2024-06-07,120.5442886352539,121.34600353396539,117.68643999762348,119.42946352714927,412386000,NVDA
2024-06-10,121.44371032714844,122.74998311505551,116.6773027177119,120.02774969821236,313434100,NVDA
2024-06-11,120.57613372802734,122.53072064853247,118.41211998717576,121.43375200225071,222551200,NVDA
2024-06-12,124.85426330566406,126.52962437250758,122.23152866049337,122.72017341922755,299595000,NVDA
2024-06-13,129.2521209716797,129.44159877760444,126.80888896455666,129.03272721920433,260704500,NVDA
2024-06-14,131.51583862304688,132.4731792100278,127.9656714477386,129.60114223243076,309320400,NVDA
2024-06-17,130.6183319091797,133.36073857025062,129.22220369566065,132.6227916073861,288504400,NVDA
2024-06-18,135.2056121826172,135.95354113797538,130.3291160023479,130.7778703322321,294335100,NVDA
2024-06-20,130.4188690185547,140.3713064535189,129.16235380151105,139.41396587386305,517768400,NVDA
2024-06-21,126.22049713134766,130.269291272292,123.9567687165166,126.76898143871918,649445800,NVDA
2024-06-24,117.78385162353516,124.1163152101961,117.71404522588668,122.89968290118539,476060900,NVDA
2024-06-25,125.74180603027344,126.1506774907381,118.99050434542877,120.86531009404065,414192600,NVDA
2024-06-26,126.05097961425781,127.76622387452235,122.26146931814304,125.78172089089642,362975900,NVDA
2024-06-27,123.64762115478516,126.0609445300648,122.58057607711103,123.75731801767638,252571700,NVDA
2024-06-28,123.19886016845703,127.35734339260638,122.41104074475835,124.23598924744037,315516700,NVDA
2024-07-01,123.95677947998047,124.4952817088337,118.50188230843665,123.12906949273948,284885500,NVDA
2024-07-02,122.33126831054688,123.0692304193492,120.69579746715523,120.79551981451768,218374000,NVDA
2024-07-03,127.92576599121094,127.92576599121094,121.02487672675784,121.32405134915433,215749000,NVDA
2024-07-05,125.48252868652344,128.49419337092286,125.33294138222224,127.02824387543221,214176700,NVDA
2024-07-08,127.84596252441406,130.4088725702871,126.68916991242357,127.13792415852778,237677300,NVDA
2024-07-09,131.01722717285156,133.45049207075732,128.29475452643044,129.99007251430768,285366600,NVDA
2024-07-10,134.53749084472656,134.72696865235594,132.0543607420923,133.65991582693005,248978600,NVDA
2024-07-11,127.0482177734375,135.7740491933907,126.69918573397183,135.37515978161727,374782700,NVDA
2024-07-12,128.88311767578125,131.5557097271737,126.86869151292463,127.90581292565753,252680500,NVDA
2024-07-15,128.08534240722656,131.02719355977734,126.82881950170466,130.19948360408995,208326200,NVDA
2024-07-16,126.01107788085938,128.68367018979245,124.23599428065054,128.0853361228611,214769500,NVDA
2024-07-17,117.6641845703125,121.51352631521466,116.39769484983655,121.01490699704938,390086200,NVDA
2024-07-18,120.75563049316406,122.0620183634174,116.23814040091202,121.51353403525827,320979500,NVDA
2024-07-19,117.60435485839844,121.26421889531369,117.04590364640599,120.01767057688257,217223800,NVDA
2024-07-22,123.19886016845703,123.72739542032818,119.52902173833405,120.01766653236042,258068900,NVDA
2024-07-23,122.25148010253906,124.34568731396223,121.76283530375956,122.44095787706307,173911000,NVDA
2024-07-24,113.93450927734375,119.6187662154648,113.1267484514862,118.84092133007209,327776900,NVDA
2024-07-25,111.96995544433594,116.30794209044977,106.00647252262672,112.72785895570485,460067000,NVDA
2024-07-26,112.747802734375,115.87913158113766,111.27189374853045,115.8691646723326,293399100,NVDA
2024-07-29,111.28184509277344,115.9588962828189,110.9926526113286,113.3760521146797,248152100,NVDA
2024-07-30,103.44355773925781,111.68074265241845,102.25684143468115,111.21203931839821,486833300,NVDA
2024-07-31,116.69686126708984,118.01321595584747,110.57381668062193,112.58824297616627,473174200,NVDA
2024-08-01,108.90843963623047,119.82820817901357,106.5150651879268,117.20546547757625,523462300,NVDA
2024-08-02,106.97377014160156,108.41977052611269,101.0900691005783,103.47346849787236,482027500,NVDA
2024-08-05,100.17261505126953,103.12444802394918,90.43957172286065,91.80578374541406,552842400,NVDA
2024-08-06,103.96212768554688,107.41257244920943,100.27234777984627,103.55325619325184,409012100,NVDA
2024-08-07,98.63687133789062,108.49956025923653,98.41747763354093,107.51228858966286,411440400,NVDA
2024-08-08,104.68013763427734,105.208672877848,97.2507054584759,101.71833775867768,391910000,NVDA
2024-08-09,104.46075439453125,106.30564447792429,103.14439960768745,105.34829623370402,290844200,NVDA
2024-08-12,108.71894836425781,110.76329052893722,105.96657531790058,106.02640719898284,325559900,NVDA
2024-08-13,115.81929779052734,115.90905322658823,111.27189191883488,112.1295177782614,312646700,NVDA
2024-08-14,117.75394439697266,118.27250515954668,113.75501518576698,118.20269875673235,339246400,NVDA
2024-08-15,122.52074432373047,122.89969228155606,117.1456284695593,118.43206727440648,318086700,NVDA
2024-08-16,124.23600006103516,124.65483849237091,120.84538693237715,121.60329048074249,302589900,NVDA
2024-08-19,129.64102172851562,129.64102172851562,123.07918972579691,123.93681555512863,318333600,NVDA
2024-08-20,126.89861297607422,129.52135538667704,125.54236785937302,128.0454312895895,300087400,NVDA
2024-08-21,128.14515686035156,128.9928157355832,126.31024153473705,126.9684150377678,257883600,NVDA
2024-08-22,123.39832305908203,130.38896895519528,122.76009085603641,129.66098891500013,376189100,NVDA
2024-08-23,129.01275634765625,129.2421321879317,124.87422213092064,125.51245424374224,323230300,NVDA
2024-08-26,126.11078643798828,130.8975269250622,124.02656151522957,129.21220655330094,331964700,NVDA
2024-08-27,127.94572448730469,128.84323320422493,123.53792378071748,124.70469880770285,303134600,NVDA
2024-08-28,125.26314544677734,127.97563574905244,122.30134548595971,127.76620894054898,448101100,NVDA
2024-08-29,117.26528930664062,124.0864056350864,116.38772203285157,121.02488328117458,453023300,NVDA
2024-08-30,119.04037475585938,121.41379989153823,116.89631023816276,119.19992897597831,333751600,NVDA
2024-09-03,107.70177459716797,115.88910303086084,106.99373606605621,115.68965834345619,477155100,NVDA
2024-09-04,105.91671752929688,112.95722005840781,103.83249237473713,105.11893116355375,372470300,NVDA
2024-09-05,106.91394805908203,109.3472126473878,104.47071656289586,104.70007717737126,306850700,NVDA
2024-09-06,102.54605102539062,107.85136027800363,100.67123751563678,107.74166341909986,413638100,NVDA
2024-09-09,106.1760025024414,106.25578342210773,103.40368021481835,104.59038905946406,273912000,NVDA
2024-09-10,107.8014907836914,109.09790400275718,104.66018768236026,107.5122906776436,268283700,NVDA
2024-09-11,116.58716583251953,116.86639141709085,107.12336624714985,109.08792746358935,441422400,NVDA
2024-09-12,118.82117462158203,120.46676065848584,115.07123444451854,116.52732649632485,366052700,NVDA
2024-09-13,118.7812728881836,119.63897203588232,117.28528706438033,118.76132975848293,238358300,NVDA
2024-09-16,116.46748352050781,117.86373849865818,114.05396151496328,116.47745888999548,248772300,NVDA
2024-09-17,115.28067779541016,118.48209453930119,114.52271703198278,117.85377554798693,231925900,NVDA
2024-09-18,113.06661987304688,117.38502682895009,112.91701975753097,115.57987289959789,310318900,NVDA
2024-09-19,117.55458068847656,119.33979153223306,116.93623707940027,117.0359679559666,293506400,NVDA
2024-09-20,115.68958282470703,118.30257441739377,115.0812145821692,116.74674381909426,382462400,NVDA
2024-09-23,115.94889068603516,116.67693294698849,114.55263556044001,116.2381155598996,206228500,NVDA
2024-09-24,120.54654693603516,121.47405850127808,115.07123304654733,116.20818172536411,354966800,NVDA
2024-09-25,123.17948150634766,124.60565503965537,121.28456450552947,121.69346336275538,284692900,NVDA
2024-09-26,123.70806121826172,127.32834434574869,121.47405774507013,126.46067739619816,302582900,NVDA
2024-09-27,121.07513427734375,123.69809363981746,118.94086154094774,123.63825663510784,271009200,NVDA
2024-09-30,121.11502838134766,121.1748653861715,117.83383152489164,117.99339940741461,226553700,NVDA
2024-10-01,116.6868896484375,122.11233379004094,115.4801287113044,121.4441210323085,302094500,NVDA
2024-10-02,118.53194427490234,119.06052472572213,114.83187351018621,116.12839762685847,221845900,NVDA
2024-10-03,122.52124786376953,124.0272091849403,120.01796257527629,120.59641230247804,277118000,NVDA
2024-10-04,124.585693359375,124.70537496045645,121.50396631905444,124.60564409737714,243678100,NVDA
2024-10-07,127.37821960449219,130.29040379219748,124.61562792620683,124.65552179837816,346250200,NVDA
2024-10-08,132.5343780517578,133.1227955252644,129.07366275536995,129.9114112143918,285722500,NVDA
2024-10-09,132.29501342773438,134.16001952786942,131.02842299164354,133.75111306364067,246191600,NVDA
2024-10-10,134.44923400878906,134.63872798675436,130.64943234270237,131.55700075403345,242311300,NVDA
2024-10-11,134.4392547607422,135.4166278489941,133.30230620805418,133.65136041631004,170209500,NVDA
2024-10-14,137.70053100585938,139.22643549757692,135.93526327737888,136.104806530019,232347700,NVDA
2024-10-15,131.24783325195312,138.1991821543322,128.3954862474048,137.50104323972985,377831000,NVDA
2024-10-16,135.3568115234375,136.25439701653355,131.22789086287455,133.62146232310147,264879700,NVDA
2024-10-17,136.5635528564453,140.51296215395072,136.50371585796043,138.96710708195366,306435900,NVDA
2024-10-18,137.63072204589844,138.5283076242321,136.91264749604844,138.29892734851708,176090200,NVDA
2024-10-21,143.32545471191406,143.32545471191406,137.6307273412408,137.76038434543935,264554500,NVDA
2024-10-22,143.20574951171875,144.0335302578968,141.400595506541,142.5275764963188,226311600,NVDA
2024-10-23,139.18653869628906,142.04885378245024,137.09216737152124,141.64993025905358,285930000,NVDA
2024-10-24,140.0342559814453,140.9717429059513,138.08947737101022,140.44316244306268,172354900,NVDA
2024-10-25,141.16122436523438,143.74430494634163,140.4232143860229,140.55285615055817,205122100,NVDA
2024-10-28,140.14395141601562,142.75693502866474,139.67520798990546,142.617310298629,173586700,NVDA
2024-10-29,140.87200927734375,141.8793009979601,138.52829188537018,139.91457158033694,157593600,NVDA
2024-10-30,138.96713256835938,139.9544888783044,136.44390388312416,139.1665943392083,179418100,NVDA
2024-10-31,132.40472412109375,137.24175143875112,131.756469630996,137.2317836775648,270039600,NVDA
2024-11-01,135.03765869140625,136.94255111570317,134.2098931927627,134.3395349599235,207127800,NVDA
2024-11-04,135.68592834472656,138.58814473225323,135.207217103038,136.84282779526694,187528200,NVDA
2024-11-05,139.5355987548828,139.99435925396384,136.9625011145287,137.08217511986183,160537400,NVDA
2024-11-06,145.2203369140625,146.09798683530676,141.58011068537002,142.57743460752744,242043900,NVDA
2024-11-07,148.48159790039062,148.53145192465237,145.77884323892675,145.9982557303204,207323300,NVDA
2024-11-08,147.23492431640625,149.3691967390222,145.868580298605,148.3718728926044,175665800,NVDA
2024-11-11,144.87127685546875,148.45168153400843,143.18581210072784,148.28212306443757,182325600,NVDA
2024-11-12,147.8931427001953,149.2495037052901,145.61924560605905,146.3871892091523,198634700,NVDA
2024-11-13,145.8785858154297,148.93039482211316,145.50956558703103,148.67109606044525,191903300,NVDA
2024-11-14,146.3672637939453,148.60127501764129,145.16051028397845,147.24491377788954,194463300,NVDA
2024-11-15,141.6000518798828,144.85133773586546,139.70514243904907,144.4823175216733,250132900,NVDA
2024-11-18,139.77493286132812,141.1711953957962,136.7829612819808,139.1266784396513,221205300,NVDA
2024-11-19,146.61659240722656,146.73628163269873,140.61271302151263,140.9418317601378,227834900,NVDA
2024-11-20,145.4995880126953,147.16511715506326,142.34804073132528,147.0155246522584,309871700,NVDA
2024-11-21,146.27749633789062,152.48085228758558,140.3234713661803,148.95033233522298,400946600,NVDA
2024-11-22,141.5701446533203,146.7662096056562,140.72242834878378,145.53949007763015,236406200,NVDA
2024-11-25,135.65602111816406,141.66988390343687,135.45655935237875,141.610046895497,344941900,NVDA
2024-11-26,136.55360412597656,138.9272401830298,135.30694909062626,137.33151565059862,190287700,NVDA
2024-11-27,134.97779846191406,136.8527720620769,131.44727893138864,134.64867978414378,226370900,NVDA
2024-11-29,137.88003540039062,138.97709782710584,135.68592576491588,136.41396798376013,141863200,NVDA
2024-12-02,138.25904846191406,140.07417045795853,137.45121835469945,138.45851024352928,171682800,NVDA
2024-12-03,139.8846435546875,140.1638930268938,137.58082780000817,137.8899957715255,164414000,NVDA
2024-12-04,144.75160217285156,145.39985667412174,139.9145747718299,141.6200054773523,231224300,NVDA
2024-12-05,144.68179321289062,146.15793025557377,143.57468662612678,144.73166589534063,172621200,NVDA
2024-12-06,142.06861877441406,145.3201135010368,140.94156015213164,144.2229906612707,188505600,NVDA
2024-12-09,138.4480743408203,139.58510137793925,136.77246195727844,138.60766082087318,189308600,NVDA
2024-12-10,134.71783447265625,141.4502349567079,133.44115786086326,138.6475487860502,210020900,NVDA
2024-12-11,138.94676208496094,139.8045203384501,134.85746151474785,137.00184953896905,184905200,NVDA
2024-12-12,136.98190307617188,138.07904108019704,135.44592508954074,136.72258646567687,159211400,NVDA
2024-12-13,133.8999786376953,139.2360360155149,132.19443031399229,138.57775313836598,231514900,NVDA
2024-12-16,131.6558074951172,134.0495433619733,130.07992554881972,133.83011579862796,237951100,NVDA
2024-12-17,130.05001831054688,131.24688636654815,126.52922370948323,128.75340490862754,259410300,NVDA
2024-12-18,128.57391357421875,136.34359703602587,127.94555122022808,133.51100504684126,277444500,NVDA
2024-12-19,130.33926391601562,133.68053537391728,129.212220572867,131.41644980197495,209719200,NVDA
2024-12-20,134.34878540039062,134.92727495716574,127.88568536239204,129.4715360054975,306528600,NVDA
2024-12-23,139.3058319091797,139.42551415908295,134.76769223262775,135.92467137837366,176053500,NVDA
2024-12-24,139.85440063476562,141.53001300601622,138.28848684636677,139.63497303105362,105157000,NVDA
2024-12-26,139.56515502929688,140.48276971800976,137.37089410442982,139.33575896662117,116205600,NVDA
2024-12-27,136.65274047851562,138.65750913681617,134.35874991156737,138.18873344590025,170582600,NVDA
2024-12-30,137.1315155029297,139.9042657427297,133.67056192681179,134.47844750631418,167734700,NVDA
2024-12-31,133.9398651123047,137.71002369221526,133.48107297196478,137.67011945974758,155659200,NVDA
2025-01-02,137.94935607910156,138.51787711680194,134.27895893528864,135.64538180842524,198247200,NVDA
2025-01-03,144.0933074951172,144.52217900012494,139.36566117903786,139.64492988439244,229322500,NVDA
2025-01-06,149.04037475585938,151.7632676182901,147.43458721714921,148.2025685915748,265377400,NVDA
2025-01-07,139.77459716796875,152.73073241075815,139.6449312609891,152.63098706400407,351782200,NVDA
2025-01-08,139.74468994140625,143.57467420574872,137.20133554653654,142.20825109505992,227349900,NVDA
2025-01-10,135.55563354492188,139.55517244006612,133.870037595658,137.09161147098868,207602500,NVDA
2025-01-13,132.8826141357422,133.1419459563911,129.17231238202828,129.6510717959939,204808900,NVDA
2025-01-14,131.41644287109375,136.02440701006375,129.71091005586072,135.69526562735138,195590500,NVDA
2025-01-15,135.88479614257812,136.09424010113995,130.94768976753863,133.30153730793728,185217300,NVDA
2025-01-16,133.22174072265625,138.38822723428095,133.14194748607855,138.2785134363621,209235600,NVDA
2025-01-17,137.3509521484375,138.13888566634566,135.10681862678206,136.33360735729912,201188800,NVDA
2025-01-21,140.4628143310547,141.4602070208564,136.7325601923546,138.79717036536638,197749000,NVDA
2025-01-22,146.68655395507812,147.40466270866227,143.2954095914058,144.2828338584672,237651400,NVDA
2025-01-23,146.83615112304688,146.8461195709751,143.34527675360425,144.67181084027297,155915500,NVDA
2025-01-24,142.24813842773438,148.58158800111045,141.51007758845265,147.98314630855361,234657600,NVDA
2025-01-27,118.11124420166016,128.06521929651885,116.39572750391632,124.47461463210544,818830900,NVDA
2025-01-28,128.65367126464844,128.6636397113665,115.94688462361518,121.49238479939024,579666400,NVDA
2025-01-29,123.37747192382812,126.55915701971556,119.7369947161038,126.17017448185184,467120600,NVDA
2025-01-30,124.32498168945312,124.67406755671168,117.79205750568096,122.77902020794942,392925500,NVDA
2025-01-31,119.7569351196289,127.51664871512425,118.8792323275003,123.45726093608867,388161100,NVDA
2025-02-03,116.3558349609375,118.26085104341853,112.71535011762803,114.45081126895413,371235700,NVDA
2025-02-04,118.34063720703125,120.88398385074507,116.39571701060105,116.65504122535879,256550000,NVDA
2025-02-05,124.50453186035156,124.67408679210826,120.44514389878061,121.44253659311748,262230800,NVDA
2025-02-06,128.34449768066406,128.4342745987464,124.8835510706209,127.08778823658054,251483600,NVDA
2025-02-07,129.50146484375,130.03008175856976,124.67408781607283,128.88308623826384,228186300,NVDA
2025-02-10,133.22174072265625,134.64800487659767,129.621152724233,129.7508034170435,216989100,NVDA
2025-02-11,132.4537353515625,134.12934755153938,130.67837780772868,132.23430777027943,178902400,NVDA
2025-02-12,130.798095703125,131.89523390864048,128.74346889916592,129.68102059860516,160278600,NVDA
2025-02-13,134.93722534179688,136.144076969536,130.8279730901596,131.21695555845534,197430000,NVDA
2025-02-14,138.48797607421875,138.8869270481558,135.1467045962306,136.12414513567924,195479600,NVDA
2025-02-18,139.03651428222656,143.06598867498343,137.5703460278079,140.90164868488978,219176600,NVDA
2025-02-19,138.86697387695312,140.99142508356047,136.86222013681927,139.1462426003846,167536000,NVDA
2025-02-20,139.74468994140625,140.29325896288867,136.43333891646114,139.6648967001902,143903600,NVDA
2025-02-21,134.07948303222656,141.09116717483585,133.68053207054632,139.6748562571626,228217600,NVDA
2025-02-24,129.94032287597656,138.22865397806314,129.74084737496105,136.20394796569565,251381100,NVDA
2025-02-25,126.29981994628906,129.8605111604116,124.11553536570229,129.64108357480436,271428700,NVDA
2025-02-26,130.93771362304688,133.38132271635274,128.1549946612343,129.6510837247691,322553800,NVDA
2025-02-27,119.83673095703125,134.6579790491402,119.69709659183455,134.64801060127058,443175800,NVDA
2025-02-28,124.59428405761719,124.76383897645573,116.09650229748219,117.71227346912306,389091100,NVDA
2025-03-03,113.76261138916016,123.3774766164976,111.9872535622559,123.18797717385785,411381400,NVDA
2025-03-04,115.68757629394531,118.9989197292815,109.82291000037466,110.36150296756519,398163300,NVDA
2025-03-05,116.99415588378906,117.971596377653,114.2114295961939,117.27342459632162,284337900,NVDA
2025-03-06,110.28170776367188,115.04924353236196,109.93262184934352,113.2339891683523,321181900,NVDA
2025-03-07,112.39618682861328,113.18412798197828,107.27955736061682,110.9599388924034,341755500,NVDA
2025-03-10,106.70106506347656,111.5583622176382,105.18502403072868,109.61344966651625,366487400,NVDA
2025-03-11,108.47642517089844,111.94734728122161,104.49682307629253,106.71103594468934,354865700,NVDA
2025-03-12,115.44883728027344,116.46627558552667,112.59603141211886,113.83291749341501,323857500,NVDA
2025-03-13,115.28925323486328,117.46376961532557,113.50375517662202,116.73560262668995,299033100,NVDA
2025-03-14,121.36392211914062,121.57339292473429,117.85278046649132,118.31162236591584,277593500,NVDA
2025-03-17,119.22931671142578,122.58086511779604,117.73309001608916,122.43124092622188,255501500,NVDA
2025-03-18,115.1396255493164,118.7205909220559,114.25186503478537,117.70316017412442,299686900,NVDA
2025-03-19,117.22434997558594,120.14697923880557,115.38898254172027,116.97497890401499,273426200,NVDA
2025-03-20,118.23181915283203,119.89761619602571,116.17700382075364,116.25680439544837,248829700,NVDA
2025-03-21,117.4039077758789,117.6931791575635,115.1296446207881,116.64582513098318,266498500,NVDA
2025-03-24,121.10458374023438,121.91254366285413,119.03978374206928,119.57842622721644,228452500,NVDA
2025-03-25,120.38639068603516,120.98487978418257,118.62083909476823,120.24674348347415,167447200,NVDA
2025-03-26,113.47382354736328,118.5410383402261,112.42646191953317,118.4313220614094,293463300,NVDA
2025-03-27,111.14967346191406,114.1620726346108,110.38161391592817,111.06987289318275,236902100,NVDA
2025-03-28,109.39411163330078,112.58606625933987,108.79562251910656,111.20953292547101,229872500,NVDA
2025-03-31,108.10735321044922,110.68086470981991,103.38925640513808,104.86552901006266,299212700,NVDA
2025-04-01,109.8729019165039,109.92277156753886,106.20215922942107,108.24699756669231,222614000,NVDA
2025-04-02,110.14221954345703,111.69830029652357,106.5213541109438,107.0200962834212,220601200,NVDA
2025-04-03,101.54391479492188,105.36427425680411,101.344413349133,103.24961220285616,338769400,NVDA
2025-04-04,94.07276153564453,99.87812106911886,91.87829866162578,98.66119636165205,532273800,NVDA
2025-04-07,97.39437866210938,101.49404025826172,86.40210364552667,87.2399869097494,611041300,NVDA
2025-04-08,96.05775451660156,105.58372634261488,94.2223791915971,103.54885717389794,476243400,NVDA
2025-04-09,114.04239654541016,114.8104562069238,97.28465510127192,98.6412345329499,612918300,NVDA
2025-04-10,107.29940032958984,110.58112503277279,98.90058321638736,109.09487535601897,437812400,NVDA
2025-04-11,110.65095520019531,111.26939832601622,107.2096367407114,108.2270675758849,313417300,NVDA
2025-04-14,110.43150329589844,114.00249947758738,108.7956293956101,113.82295197096049,264705000,NVDA
2025-04-15,111.9177474975586,113.33418114021705,110.22202704858428,110.69084593782598,228966900,NVDA
2025-04-16,104.2271499633789,106.52136728458446,100.19731179816195,104.28700420641553,397016900,NVDA
2025-04-17,101.23469543457031,104.20720246563869,99.79832299108041,104.18724851478048,292517500,NVDA
2025-04-21,96.66620635986328,99.18984040018822,94.80090799474428,98.52152014100793,288501100,NVDA
2025-04-22,98.64122009277344,99.55890380627321,97.03526978904827,98.5314962128766,241004800,NVDA
2025-04-23,102.45162200927734,104.53636836662163,101.76335533667917,104.25706634151078,247526000,NVDA
2025-04-24,106.16226196289062,106.2719858525715,102.85061415392688,103.21968611105362,220815000,NVDA
2025-04-25,110.7307357788086,111.63844254684066,105.46401982086034,106.58119738151521,251064700,NVDA
2025-04-28,108.45648956298828,110.0923634818257,105.75329995750923,109.41407373912219,207708500,NVDA
2025-04-29,108.74573516845703,109.9227669482824,107.16971575631223,107.39913288387578,170444300,NVDA
2025-04-30,108.64599609375,108.64599609375,103.81817538074749,104.20719367744803,235044600,NVDA
2025-05-01,111.32923889160156,114.65086390129245,111.02002115064856,112.79554223516973,236121500,NVDA
2025-05-02,114.21196746826172,115.10970497913567,113.08481279973248,113.8927727544179,190194800,NVDA
2025-05-05,113.53367614746094,114.38153638068397,112.3765981799359,112.62596928442517,133163200,NVDA
2025-05-06,113.25438690185547,114.4513652140045,110.541227943435,111.19957134225872,158525600,NVDA
2025-05-07,116.7655258178711,117.38396890879066,111.99755142427854,112.7656187028628,206758800,NVDA
2025-05-08,117.07474517822266,118.38144728921775,115.55856464909375,117.95252869863282,198428100,NVDA
2025-05-09,116.35655975341797,117.9325869721132,114.92017974547274,117.05479580716789,132972200,NVDA
2025-05-12,122.69058227539062,122.69058227539062,119.9774234659773,121.66317455201767,225023300,NVDA
2025-05-13,129.60313415527344,130.88989748886456,124.1568781333485,124.66559728217729,330430100,NVDA
2025-05-14,134.99954223632812,135.099296769805,131.34874548490453,132.8649261154048,281180800,NVDA
2025-05-15,134.49081420898438,135.9571173935552,132.32627503661865,133.9521641466833,226632600,NVDA
2025-05-16,135.05938720703125,136.0070096021913,133.1242801768634,135.87733175434735,226542500,NVDA
2025-05-19,135.2289581298828,135.52819125301625,132.05695004104146,132.05695004104146,193154600,NVDA
2025-05-20,134.04197692871094,134.24147079199417,132.28639440284374,133.95219175288827,161514200,NVDA
2025-05-21,131.46844482421875,137.0543482410567,130.26148202288624,132.72526966841644,270608700,NVDA
2025-05-22,132.495849609375,133.9122755767364,131.21907084385478,131.89735290411087,187344000,NVDA
2025-05-23,130.959716796875,132.3462194682512,128.8350854296202,129.67296865108418,198821300,NVDA
2025-05-27,135.1591339111328,135.31873506532702,132.9746406768617,133.81252390577552,192953600,NVDA
2025-05-28,134.4708709716797,136.904735369061,134.45091702175245,135.68780317037033,304021100,NVDA
2025-05-29,138.83984375,143.12902933343943,137.56306504893934,141.89214330786072,369241900,NVDA
2025-05-30,134.7900848388672,139.26878048564038,132.5856374053386,138.37105052724368,333170900,NVDA
2025-06-02,137.03440856933594,137.7725372671851,135.05937854437917,135.14916370580715,197663100,NVDA
2025-06-03,140.86474609375,141.64278269656361,137.60296789247522,138.43088175862894,225578800,NVDA
2025-06-04,141.56298828125,142.03180718032695,139.18897047063936,141.83231333868676,167120800,NVDA
2025-06-05,139.63783264160156,143.63773920540723,138.4807472006614,141.8123411098902,231397900,NVDA
2025-06-06,141.36351013183594,142.90961421188257,141.1540316815974,142.1515162209299,153986200,NVDA
2025-06-09,142.27120971679688,144.63524295526028,141.58294302195193,142.8297985646697,185114500,NVDA
2025-06-10,143.59786987304688,143.92702635161132,141.17397471532814,142.33106034435926,155881900,NVDA
2025-06-11,142.4805908203125,144.6353103750697,141.52293261104455,144.25623511410478,167694000,NVDA
2025-06-12,144.645263671875,144.645263671875,141.50297610137997,141.62267765562083,162365000,NVDA
2025-06-13,141.62269592285156,143.22875794239724,140.50544068193668,142.13144281545507,180820600,NVDA
2025-06-16,144.33604431152344,145.82238955213242,142.84968384945327,142.9993260342438,183133700,NVDA
2025-06-17,143.76744079589844,144.86475600350525,143.4282761758971,144.1365460319819,139108000,NVDA
2025-06-18,145.1240997314453,145.2936820241915,142.7698725249477,143.6576946584193,161494100,NVDA
2025-06-20,143.49810791015625,145.84235000620308,142.3010312756641,145.09418472037632,242956200,NVDA
2025-06-23,143.8173065185547,144.42581484809375,141.68254233682853,142.1513937655616,154308900,NVDA
2025-06-24,147.53819274902344,147.59805875973223,145.14406985038545,145.20392063963206,187566100,NVDA
2025-06-25,153.9324951171875,154.0721520137232,148.8948463426075,148.90483162044157,269146500,NVDA
2025-06-26,154.6407470703125,156.33658496766782,153.62323824331597,155.59838990157883,198145700,NVDA
2025-06-27,157.36407470703125,158.32173282582838,154.88016085316636,155.65825141530053,263234500,NVDA
2025-06-30,157.60353088378906,158.27189010551226,155.5784978805412,158.01251637488383,194580300,NVDA
2025-07-01,152.92498779296875,156.81544119896878,151.1194180014287,155.9076636637482,213143600,NVDA
2025-07-02,156.8653106689453,157.21446053326332,152.59578228626097,152.6057523429847,171224100,NVDA
2025-07-03,158.95021057128906,160.5861981093371,157.38405910191088,157.98258221790178,143716100,NVDA
2025-07-07,157.85292053222656,158.92029519483475,156.95511296944946,157.8130098557672,140139000,NVDA
2025-07-08,159.60858154296875,159.82804456030718,158.0025195823342,158.94022243433284,138133000,NVDA
2025-07-09,162.4815673828125,164.0177935332838,160.76577363365794,160.8256244260647,183656400,NVDA
2025-07-10,163.69854736328125,164.09756270376434,161.21463348761435,163.91801036698482,167704100,NVDA
2025-07-11,164.51654052734375,167.47927598463818,163.07009082840767,163.31947923241253,193633300,NVDA
2025-07-14,163.6686248779297,165.08514914967665,161.62363697338392,164.96543236823985,136975800,NVDA
2025-07-15,170.28240966796875,171.97824787505814,168.78607915204378,170.77121644956358,230627400,NVDA
2025-07-16,170.95077514648438,171.32985042878116,168.4868162544787,170.64153593048928,158831500,NVDA
2025-07-17,172.5767822265625,173.7339481189201,170.4120926228971,171.59918390717252,160841100,NVDA
2025-07-18,171.9882354736328,173.8237306114437,170.841039596405,173.21522225123383,146456400,NVDA
2025-07-21,170.96075439453125,172.9558617527255,170.58167912560677,172.32739806402674,123126100,NVDA
2025-07-22,166.62139892578125,170.97073381366536,164.17739532245605,170.9208530826869,193114300,NVDA
2025-07-23,170.36221313476562,170.84103463039327,167.55908978070133,169.1152710575868,154082200,NVDA
2025-07-24,173.31495666503906,173.40473283004638,170.8809236040032,172.0181340251394,128984600,NVDA
2025-07-25,173.0755615234375,174.29257821699642,172.53688923976992,173.18529303585547,122316800,NVDA
2025-07-28,176.31761169433594,176.56700011257405,173.54441370124516,173.594294429185,140023500,NVDA
2025-07-29,175.08065795898438,178.94120142739456,174.59186634988595,177.52467689032716,154077500,NVDA
2025-07-30,178.83145141601562,179.4499298230835,175.60934208925488,176.07819353379378,174312200,NVDA
2025-07-31,177.43487548828125,182.85160010862035,175.49961883405416,182.45256948733228,221685400,NVDA
2025-08-01,173.29502868652344,176.1081221843386,170.47194991004753,173.6641186818972,204529000,NVDA
2025-08-04,179.5596466064453,179.75915428060495,174.09305718288007,174.7314908730668,148174600,NVDA
2025-08-05,177.82391357421875,179.81902093485988,175.46968627980374,179.18058718831315,156407600,NVDA
2025-08-06,178.9810791015625,179.4599006050506,175.81883576850015,175.898641889325,137192300,NVDA
2025-08-07,180.32777404785156,183.43016644757114,178.36259217804582,181.12581999654523,151878400,NVDA
2025-08-08,182.2530517578125,182.85159004607542,179.95867528141937,181.10587113034643,123396700,NVDA
2025-08-11,181.6146240234375,183.39026839012567,179.80905426349312,181.6046539661726,138323200,NVDA
2025-08-12,182.71194458007812,184.02870758664506,179.02099882862018,182.51243687865426,145485700,NVDA
2025-08-13,181.145751953125,183.51993435768304,178.91124166315015,182.17323092856017,179871700,NVDA
2025-08-14,181.57472229003906,182.57227595462552,179.02098734413144,179.3102712094187,129554000,NVDA
2025-08-15,180.00856018066406,181.45500998578265,177.6044521364236,181.43506987144983,156602200,NVDA
2025-08-18,181.5647430419922,182.49247589603021,180.14821861780752,180.15820389652,132008000,NVDA
2025-08-19,175.2103271484375,182.0535459787435,175.06070018553257,181.98370991508045,185229200,NVDA
2025-08-20,174.9709014892578,175.56943975883806,168.38705663117767,174.74146841521826,215142700,NVDA
2025-08-21,174.55194091796875,176.4672421817212,173.38480492387563,174.42226928848822,140040900,NVDA
2025-08-22,177.55459594726562,178.15311905934888,170.78119751777692,172.18775194658505,172789400,NVDA
2025-08-25,179.37013244628906,181.46500135257926,176.13806812642193,177.91371253514103,163012800,NVDA
2025-08-26,181.32533264160156,181.94381103857447,178.37256711704984,179.61950918930867,168688200,NVDA
2025-08-27,181.15573120117188,182.04355325393357,178.66184732021665,181.5347912004848,235518900,NVDA
2025-08-28,179.72923278808594,184.01871637210735,175.9784366795831,180.3776517699909,281787800,NVDA
2025-08-29,173.75390625,177.71419588670034,172.72642709704877,177.67430043382657,243257900,NVDA
2025-09-02,170.36221313476562,171.9583050821389,166.81092453439402,169.58412249632292,231164900,NVDA
2025-09-03,170.20260620117188,171.9882358353705,168.46687251736884,170.64153226145447,164424900,NVDA
2025-09-04,171.24008178710938,171.43958949445846,168.9955858311417,170.1527518438138,141670100,NVDA
2025-09-05,166.6114044189453,168.6164816497661,163.66862438059468,167.61892806242963,224441400,NVDA
2025-09-08,167.8982391357422,170.54176523233733,166.94059623139324,167.14010390134433,163769100,NVDA
2025-09-09,170.34225463867188,170.5617176578999,166.3320999523285,168.6763418810487,157548400,NVDA
2025-09-10,176.8961944580078,178.85139113084074,175.04074401948455,176.2078799889887,226852000,NVDA
2025-09-11,176.74655151367188,179.84911904071384,176.05819821844705,179.25054698686972,151159300,NVDA
2025-09-12,177.39500427246094,178.1731387966239,176.02826832324598,177.3451207317183,124911000,NVDA
2025-09-15,177.32516479492188,178.4225418052247,174.0929031464731,175.2501343169162,147061600,NVDA
2025-09-16,174.4620361328125,177.07576937869646,173.96323114864717,176.57696439453113,140737800,NVDA
2025-09-17,169.8829803466797,172.78602876073558,168.00748411706098,172.22736966160153,211843800,NVDA
2025-09-18,175.8187713623047,176.67671647107687,172.54661216194535,173.56416328312818,191763300,NVDA
2025-09-19,176.24774169921875,177.65437533147113,174.76129744715922,175.34989886544702,237182100,NVDA
2025-09-22,183.171142578125,184.10889825944,174.29242112755998,174.88100727738347,269637000,NVDA
2025-09-23,178.0035400390625,181.98400930831284,175.78885990523673,181.53508786527138,192559600,NVDA
2025-09-24,176.54702758789062,179.35030900890538,174.98077271717747,179.34033838980653,143564100,NVDA
2025-09-25,177.2653045654297,179.82915407834395,172.7162058826927,174.06297010669513,191586700,NVDA
2025-09-26,177.76409912109375,179.3403244887289,174.51188131329135,177.74414266212372,148573700,NVDA
2025-09-29,181.41537475585938,183.56023005067578,179.88903275637574,179.99875523700084,193063500,NVDA
2025-09-30,186.13406372070312,186.90222763381766,181.04624695721463,181.6448190078555,236981000,NVDA
2025-10-01,186.79248046875,187.6903232769056,183.46045188172369,184.79726069745416,173844900,NVDA
2025-10-02,188.4385528564453,190.59339411626704,187.6105347272827,189.14686265639136,136805800,NVDA
2025-10-03,187.17156982421875,189.90502650703218,184.93693332773543,188.73782471792558,137596900,NVDA
2025-10-06,185.09652709960938,186.78249020197808,182.89181782906448,185.05662940294908,157678100,NVDA
2025-10-07,184.5977325439453,188.6081286768816,183.56022492696124,185.78489078203316,140088000,NVDA
2025-10-08,188.6580047607422,189.14683908131633,186.09414006589398,186.12408236678675,130168900,NVDA
2025-10-09,192.10975646972656,194.833227386451,190.60335569438294,191.7705575158363,182997200,NVDA
2025-10-10,182.7222442626953,195.15245586263575,181.61489659616785,193.04749823427522,268774400,NVDA
2025-10-13,187.86990356445312,189.65561858658472,185.51554359294212,187.52073401073042,153482800,NVDA
2025-10-14,179.59971618652344,184.35831986008523,179.2705030798172,184.32839277968645,205641400,NVDA
2025-10-15,179.4001922607422,184.42813951825556,176.86625456034105,184.35831474003746,214450500,NVDA
2025-10-16,181.37545776367188,182.84194556906473,179.34034021746592,181.79445210488134,179723300,NVDA
2025-10-17,182.7821044921875,183.66000615888444,179.32039659193174,179.74936158304564,173135200,NVDA
2025-10-20,182.20347595214844,184.75735492260156,181.2956472677441,182.69231029505525,128544700,NVDA
2025-10-21,180.72702026367188,182.35311411361405,179.37027013728058,182.35311411361405,124240200,NVDA
2025-10-22,179.84910583496094,183.00155667206866,176.33751483638122,180.7070509305708,162249600,NVDA
2025-10-23,181.72462463378906,182.59254038327154,179.3602787988416,179.988777912505,111363700,NVDA
2025-10-24,185.81480407714844,187.0219186862977,183.06140638753934,183.40059008116805,131296700,NVDA
2025-10-27,191.03231811523438,191.54109366524804,187.97961914819697,189.53590332097463,153452700,NVDA
2025-10-28,200.54953002929688,202.6644582837766,191.45133202040452,192.58860677151606,297986200,NVDA
2025-10-29,206.54515075683594,211.68285096872194,204.29055782184227,207.48290651547202,308829600,NVDA
2025-10-30,202.4050750732422,205.66726375798942,200.9286166610889,204.65966800141675,178864400,NVDA
2025-10-31,202.0060272216797,207.4729250244422,201.58703290468912,205.95655376605836,179802200,NVDA
2025-11-03,206.3855438232422,210.83487551397138,205.06869143040765,207.58267267525224,180267300,NVDA
2025-11-04,198.21511840820312,203.4824975937368,197.4569251230167,202.51481474882632,188919300,NVDA
2025-11-05,194.74343872070312,202.43500266122365,194.18476438007542,198.29492759193732,171350300,NVDA
2025-11-06,187.63047790527344,197.1476699621838,185.9345440647224,195.95054108781363,223029800,NVDA
2025-11-07,187.70030212402344,187.86990920765928,178.4823961188316,184.45806985353664,264942300,NVDA
2025-11-10,198.5742645263672,199.46213677715232,193.32682642239038,194.6436788693004,198897100,NVDA
2025-11-11,192.69833374023438,194.9529266552934,190.84277869998112,194.69355355890158,176483300,NVDA
2025-11-12,193.33680725097656,195.4218083488666,190.673190567689,195.25221648764446,154935300,NVDA
2025-11-13,186.41339111328125,190.9824463944715,183.41059072037282,190.59337913278358,207423100,NVDA
2025-11-14,189.71546936035156,190.55345800755302,180.14839424900484,182.42294356130517,186591900,NVDA
2025-11-17,186.1540069580078,188.54826454585316,183.8794576828592,185.52550787171305,173628900,NVDA
2025-11-18,180.92652893066406,184.35830936263392,179.22060933347112,182.94170515591497,213598900,NVDA
2025-11-19,186.07420349121094,187.41099710874653,182.39302051116815,184.3483273978252,247246400,NVDA
2025-11-20,180.20826721191406,195.5315572014955,179.4201620210147,195.48167365774535,343504800,NVDA
2025-11-21,178.4524688720703,184.11888595894638,172.51667761994415,180.80682891210233,346926200,NVDA
2025-11-24,182.1136932373047,183.06141961318156,176.0581937395723,179.0610093294625,256618300,NVDA
2025-11-25,177.39500427246094,177.73418799379976,169.1447659257062,174.49195573568102,320600300,NVDA
2025-11-26,179.82916259765625,182.47283807635972,177.81400147563977,181.19589856886267,183852000,NVDA
2025-11-28,176.5769500732422,178.86147001761242,176.07814512953246,178.5821404669205,121332800,NVDA
2025-12-01,179.48997497558594,179.8690716163194,173.2648835948944,174.3423041351479,188131000,NVDA
2025-12-02,181.02630615234375,185.2162648499111,179.56978894419797,181.32557695606172,182632200,NVDA
2025-12-03,179.16078186035156,182.01394715864362,178.68193330759738,180.64722628696225,165138000,NVDA
2025-12-04,182.95188903808594,184.08922700452197,179.53987513877786,181.19598816136636,167364900,NVDA
2025-12-05,181.98414611816406,184.22889322931675,180.4876480440623,183.4606866221248,143971100,NVDA
2025-12-08,185.1168212890625,187.5610985176648,181.97416608957425,182.21361127014939,204378100,NVDA
2025-12-09,184.53817749023438,185.2864265695677,182.89203560496765,185.12679644575,144719700,NVDA
2025-12-10,183.35096740722656,185.0469957406681,181.61502392815055,184.53819180758595,162785400,NVDA
2025-12-11,180.5076141357422,180.896718300432,176.20767820623186,179.85913764092777,182136600,NVDA
2025-12-12,174.61141967773438,182.39321360477518,174.21234434473615,180.6871989054384,204274900,NVDA
2025-12-15,175.87843322753906,178.0034654802094,174.6213802569945,177.52459033283526,164775600,NVDA
2025-12-16,177.3050994873047,178.0733061224419,174.4916756985292,175.84850127733236,148588100,NVDA
2025-12-17,170.5409393310547,175.71882560019336,169.91240520818417,175.68889685369163,222775500,NVDA
2025-12-18,173.73345947265625,175.7387615308714,171.41888356310693,174.1225483861358,176096000,NVDA
2025-12-19,180.56747436523438,181.0263919449467,175.92832091222974,176.2575523358494,324925900,NVDA
2025-12-22,183.26116943359375,183.73007341419415,181.9243013805983,183.49062822521734,129064400,NVDA
2025-12-23,188.76828002929688,188.88799500778453,182.47299846788633,182.5428423541149,174873600,NVDA
2025-12-24,188.169677734375,188.4689804086018,186.154389299292,187.50124372172942,65528500,NVDA
2025-12-26,190.085205078125,192.240166195598,187.5611125998212,189.47662851874142,139740300,NVDA
2025-12-29,187.7805938720703,188.31932652162573,185.47598909796272,187.2717899684254,120006100,NVDA
2025-12-30,187.1021728515625,188.5487999407664,186.49359631469858,187.8005508490403,97687300,NVDA
2025-12-31,186.06460571289062,190.11512498868174,186.05463453876877,189.12744593978846,120100500,NVDA
2026-01-02,188.4091339111328,192.47959571470966,187.8204997023152,189.39681300359115,148240500,NVDA
2026-01-05,187.68081665039062,193.17796293683364,185.7154145267434,191.31231822272787,183529700,NVDA
2026-01-06,186.80288696289062,191.72137039337454,186.3838692947835,190.07522846701318,176862600,NVDA
2026-01-07,188.66851806640625,190.9232365533545,186.12446806753155,188.12978540958392,153543200,NVDA
2026-01-08,184.60801696777344,189.10749810453436,183.28113525242415,188.66852284990722,172457000,NVDA
2026-01-09,184.42843627929688,185.9049768874807,183.2412119543349,184.64792389684447,131327500,NVDA
2026-01-12,184.5082550048828,186.6831584288149,182.59273912358015,182.79226917353867,137968500,NVDA
2026-01-13,185.37620544433594,187.6708389078061,182.97182817799478,184.56809890645206,160128900,NVDA
2026-01-14,182.7124481201172,184.02937380837906,180.37791464347094,183.88970125566945,159586100,NVDA
2026-01-15,186.6133270263672,189.25713440169068,185.895006678512,186.06460797964908,206188600,NVDA
2026-01-16,185.7952423095703,189.99542077422674,185.64559857342888,188.63859508159712,187967200,NVDA
2026-01-20,177.654296875,181.95423259865512,177.1953640623503,181.4753422141945,223345300,NVDA
2026-01-21,182.8920440673828,184.94723253133864,177.9835164834521,178.6320081827799,200381000,NVDA
2026-01-22,184.40847778320312,185.7353746560278,183.5005985718231,184.31869154642928,139636600,NVDA
2026-01-23,187.23187255859375,189.15737478680413,186.38386606278428,187.06227125943187,142748100,NVDA
2026-01-26,186.03468322753906,188.6784906596197,185.55580805974404,186.7230748442759,124799600,NVDA
2026-01-27,188.07989501953125,189.55643562401056,185.2664711415707,186.80288446054914,143711600,NVDA
2026-01-28,191.07289123535156,191.9009553855833,189.3968053634026,190.82347487286611,148552700,NVDA
2026-01-29,192.06057739257812,193.0283141326731,185.62563804704834,190.89331059974717,171764400,NVDA
2026-01-30,190.68380737304688,194.0359639826301,189.0276790286862,190.76362243793778,179489500,NVDA
2026-02-02,185.1766815185547,189.8557348322644,184.44839001538193,186.7629659025267,165794100,NVDA
2026-02-03,179.9189910888672,185.83515536968403,175.8185853097543,185.8052266227915,204019600,NVDA
2026-02-04,173.78335571289062,179.16077214377114,171.50867959294058,179.04105715530034,207014100,NVDA
2026-02-05,171.47874450683594,176.40721432559468,170.63072277473634,174.52161198787914,206312900,NVDA
2026-02-06,184.97715759277344,186.56344202919422,174.19239634754115,176.27751351666032,231346200,NVDA
2026-02-09,189.59632873535156,193.20788788877485,183.5205500126207,183.8298238555102,196387400,NVDA
2026-02-10,188.09983825683594,192.0306425866914,187.6808205923615,190.93321971968697,136764800,NVDA
2026-02-11,189.6063232421875,192.80882083578368,188.329312674443,192.00071425091673,144192700,NVDA
2026-02-12,186.5035858154297,193.1580126884611,186.07458174632154,192.5793648877844,189932500,NVDA
2026-02-13,182.38320922851562,187.0622623874058,181.16605622339495,187.04230481693136,161888000,NVDA
2026-02-17,184.53817749023438,186.71308084037668,178.76168607280786,181.3256935584433,162276900,NVDA
2026-02-18,187.5411376953125,189.92555739322245,186.3239846890322,188.3093443160685,164749100,NVDA
2026-02-19,187.46133422851562,187.9900957055448,185.22657333636724,186.62329889395997,126554500,NVDA
2026-02-20,189.37686157226562,189.88566546751952,185.5059147845697,186.13444888465776,178422300,NVDA
2026-02-23,191.10281372070312,193.49720463285962,189.13741163084848,190.9531547742145,171584800,NVDA
2026-02-24,192.39979553222656,193.31764595479845,186.96250644177093,191.04296985904048,175123600,NVDA
2026-02-25,195.10345458984375,197.16862939564908,193.33758246616242,193.9960453222018,250637100,NVDA
2026-02-26,184.4583740234375,193.83642365132246,183.8897126034445,193.81648130196652,360807900,NVDA
2026-02-27,176.77635192871094,182.16373952566906,175.96824531148394,180.82687141264745,311636500,NVDA
2026-03-02,182.05398559570312,183.03170868955394,174.23229218389588,174.6014235260267,209095300,NVDA
2026-03-03,179.62966918945312,180.4776756968921,176.50697142699124,178.07331350693755,178099400,NVDA
2026-03-04,182.6126708984375,184.26879914121506,179.6396322236537,180.01874995283958,177731200,NVDA
2026-03-05,182.91197204589844,183.63029235671348,177.46472744924466,180.74703993972415,198779700,NVDA
2026-03-06,177.40489196777344,182.33334690173646,176.40722643712078,179.4201653790109,189021900,NVDA
2026-03-09,182.22360229492188,182.4830050745951,175.1501573668019,176.4171968477281,177213600,NVDA
2026-03-10,184.33865356445312,186.00475307627937,181.5850871183009,181.97417604353973,179118500,NVDA
2026-03-11,185.60574340820312,187.1921136401388,184.02934488988058,185.4860219488843,145280400,NVDA
2026-03-12,182.7223358154297,184.5182338343672,181.3355064165816,183.63026415055788,155762700,NVDA
2026-03-13,179.8389434814453,185.66562182453413,179.52965286608148,184.49829181300376,160988400,NVDA
2026-03-16,182.80215454101562,188.44925014875608,180.99628481489137,182.55272468439094,217307400,NVDA
2026-03-17,181.51510620117188,184.9771941770484,181.2656763194747,184.63797319169822,182497800,NVDA
2026-03-18,179.98858642578125,182.96180140975886,179.91875397930713,182.06384475172882,156683100,NVDA
2026-03-19,178.15277099609375,179.56953069628346,175.3890840362079,177.6040222894031,170968500,NVDA
2026-03-20,172.30615234375,177.85347025510498,171.32839150930033,177.59406866914642,241323500,NVDA
2026-03-23,175.23944091796875,177.96321071223454,174.36144294367455,176.85574153065542,182836300,NVDA
2026-03-24,174.80044555664062,175.81812366395545,173.58322660302642,174.4312942297872,147667800,NVDA
2026-03-25,178.2725067138672,180.8067226806179,176.44669348987364,176.69612335614488,162602100,NVDA
2026-03-26,170.8494873046875,176.10745794358192,170.74970926821888,175.66847416549638,186152200,NVDA
2026-03-27,167.13796997070312,170.58009909933227,166.629123297364,169.61230999497113,196212700,NVDA
2026-03-30,164.79331970214844,169.0635577295173,163.89537828689438,168.3950875250076,185627000,NVDA
2026-03-31,174.00225830078125,174.22175778800025,166.57923870897636,166.58921042239905,226181300,NVDA
2026-04-01,175.34918212890625,176.9654826629128,174.35146274268203,175.5986119754623,168132000,NVDA
2026-04-02,176.98545837402344,177.0852364118599,170.97918282725632,171.78733317216196,143143200,NVDA
2026-04-06,177.23487854003906,177.3845303646084,175.35916114415525,176.75597747742694,107564300,NVDA
2026-04-07,177.69383239746094,177.8235255680002,173.26395579650787,175.32922705160684,132534900,NVDA
2026-04-08,181.66476440429688,184.83750503722598,179.8888249511496,184.079243714486,147732700,NVDA
2026-04-09,183.4906005859375,183.66021107746678,180.2080948395415,181.42531387192042,116428500,NVDA
2026-04-10,188.1998291015625,189.56669990817062,183.87970195572368,183.88967366981893,160459500,NVDA
2026-04-13,188.87826538085938,189.2274732756209,185.3164148846483,185.605746824658,133648200,NVDA
2026-04-14,196.0618438720703,196.0618438720703,190.33494396561244,190.40477641072036,161307000,NVDA
2026-04-15,198.41647338867188,199.94298301571828,195.2936216855987,196.09178511161633,185338400,NVDA
2026-04-16,197.8976593017578,199.39423847906178,195.36344336942167,196.97974400923295,134012900,NVDA
2026-04-17,201.2200469970703,201.2400056483541,198.8155547450397,199.44410763257105,160324400,NVDA
2026-04-20,201.59918212890625,201.70893187328167,197.38880498867078,199.52392392325544,119381400,NVDA
2026-04-21,199.42417907714844,202.28762917830338,198.54618104306965,201.66904795828867,107945300,NVDA
2026-04-22,202.03819274902344,202.03819274902344,198.54617460274403,200.53164182940822,107501000,NVDA
2026-04-23,199.18470764160156,203.3651545152774,196.77022843278436,201.99828375930824,113561800,NVDA
2026-04-24,207.79502868652344,210.46890943516505,199.35431566144254,199.50398270942756,214134400,NVDA
2026-04-27,216.1160125732422,216.33551207209098,206.90706623150768,209.17187844164343,187172400,NVDA
2026-04-28,212.68385314941406,214.2402930542568,207.72518626919629,209.01225288404052,180275400,NVDA
2026-04-29,208.77279663085938,212.23488436877426,207.10660696252424,212.2149257168926,123711800,NVDA
2026-04-30,199.1148681640625,209.82039307402036,198.24684193288383,209.45122654333912,225239200,NVDA
2026-05-01,197.9974365234375,202.5370634031337,196.6704677294345,200.82098460367052,128647000,NVDA
2026-05-04,198.02734375,201.2699318245734,194.29588290907526,199.04502180842945,125368100,NVDA
2026-05-05,196.05186462402344,199.7833407086998,195.58293528206713,198.84548202478717,113406600,NVDA
2026-05-06,207.3560333251953,207.7950323152332,198.15705885791613,199.43413852494058,188362800,NVDA
2026-05-07,211.01766967773438,213.7115092245668,206.02907228582575,207.86487247229027,168307900,NVDA
2026-05-08,214.709228515625,217.30330524675068,212.40449895841255,212.5441790763045,136421400,NVDA
2026-05-11,218.93955993652344,221.79303819063418,213.40221390900197,213.55186573785767,160685800,NVDA
2026-05-12,220.27650451660156,223.23973257586303,214.42986778297353,218.05159434962442,159176600,NVDA
2026-05-13,225.3149871826172,227.32039781394542,221.0647077692387,224.41703053540263,150405400,NVDA
2026-05-14,235.202392578125,236.00055597235212,228.77707677625682,229.32582552778115,180782900,NVDA
2026-05-15,224.80615234375,230.97205119780003,223.72861351776262,229.23601388526635,180977600,NVDA
2026-05-18,221.81300354003906,229.4754818886306,217.8719993892805,229.34577348371204,146280900,NVDA
2026-05-19,220.1068878173828,223.96805720569674,217.41304835521052,219.11914008419038,140948200,NVDA
2026-05-20,222.9603729248047,225.61431038954527,219.9971448577806,222.6710257508039,184201600,NVDA
2026-05-21,219.0093994140625,226.8814055684356,217.43300079554024,221.78305837384474,203381800,NVDA
2026-05-22,214.83892822265625,220.50596731800164,214.3101381389001,220.39621757095847,169275700,NVDA
2026-05-26,214.37001037597656,217.68243116855118,211.5165320236786,216.04617181279934,187202600,NVDA
2026-05-27,212.1151580810547,213.66161102691768,208.30386252985457,213.63168066177133,167601200,NVDA
2026-05-28,213.7613983154297,215.0285063161196,210.73830951283205,210.79817024571656,143996000,NVDA
2026-05-29,210.6584930419922,217.36316924965476,210.64852132770383,214.09065053210412,289410600,NVDA
2026-06-01,223.8483428955078,224.35717434911126,215.20808855445495,215.23801892090273,212850700,NVDA
2026-06-02,222.3118438720703,231.75026086454594,220.84519513709748,226.66188583823322,193362900,NVDA
2026-06-03,214.26025390625,222.31185725112735,214.02079575535723,221.2143597561905,160907000,NVDA
2026-06-04,218.4156036376953,221.35231998810906,210.73419644348996,213.67091279390368,169022200,NVDA
2026-06-05,204.87075805664062,214.62982678346356,204.10161444712602,214.2902104723603,219655500,NVDA
2026-06-08,208.40679931640625,210.23475572682116,205.76975069388217,209.94507132882276,138372800,NVDA
2026-06-09,207.95730590820312,211.16370951624515,199.11719156565087,210.3845825512031,180962500,NVDA
2026-06-10,200.19598388671875,206.98838641050182,199.696542748819,204.20149632565034,161746600,NVDA
2026-06-11,204.64100646972656,205.43013200106668,199.31696212361035,201.26479475008583,158643200,NVDA
2026-06-12,204.96066284179688,206.83856645475237,203.21261880599855,204.6310298517525,112001800,NVDA
2026-06-15,212.21253967285156,212.47225882321928,208.10713284720606,208.68648640498938,149936700,NVDA
2026-06-16,207.1781768798828,211.25361840198772,207.05830064217733,210.94395209283806,125694100,NVDA
2026-06-17,204.42124938964844,208.9761653200819,202.8530121596522,208.29691745433288,128363500,NVDA
2026-06-18,210.4545135498047,211.1537281092123,206.26919428756833,207.09826842291386,241272000,NVDA
2026-06-22,208.41677856445312,213.7508214450341,207.48782537372824,211.2036686200953,122041400,NVDA
2026-06-23,199.81640625,203.54224815949766,199.77645766483005,201.94403040148535,153496200,NVDA
2026-06-24,198.77757263183594,201.44458647582786,196.36027935647695,199.89631590195674,151810700,NVDA
2026-06-25,195.52122497558594,200.5755669254449,191.9152592982058,199.85637045714446,149550000,NVDA
2026-06-26,192.31480407714844,195.33143282930595,191.0062707295152,192.90414096411192,179304100,NVDA
2026-06-29,194.7520751953125,195.96071419295149,189.58785574691487,193.63333194293918,148835700,NVDA
2026-06-30,199.86634826660156,200.4057532237791,194.89191886651452,197.0195429632178,166476700,NVDA
2026-07-01,197.35916137695312,199.62662840490702,193.23377271109229,195.98069896251877,146147600,NVDA
2026-07-02,194.61224365234375,199.8363939026278,192.1350197738411,196.9196593659626,142068700,NVDA
2026-07-06,195.33143615722656,197.32920075051607,193.77318221313826,194.20269428466304,108999000,NVDA
2026-07-07,196.7098846435547,198.18824142626735,190.92636281467173,192.15498377986222,124154600,NVDA
2026-07-08,203.891845703125,204.93069180759116,194.84197470333905,194.9618356993413,147419100,NVDA
2026-07-09,202.5533447265625,204.36131918975943,198.73762239526957,204.23147485952867,132037400,NVDA
2026-07-10,210.72421264648438,210.7641612313501,201.69430829342895,201.7742207048944,148421000,NVDA
2026-07-13,203.30250549316406,210.33464515051216,202.77309911383117,208.3069001369788,121411000,NVDA
2026-07-14,211.5632781982422,212.31243993744155,203.57221964678251,207.96729575339148,124379600,NVDA
2026-07-15,212.26248168945312,213.57101502024952,205.80969553973085,211.7230919717581,124797200,NVDA
2026-07-16,207.16818237304688,210.84407715298516,205.61992700554663,209.93509060438328,122986100,NVDA
2026-07-17,202.58331298828125,206.41901728963356,197.74872640584337,202.41350482950477,144281900,NVDA
2026-07-20,203.05279541015625,207.50781723343968,202.05391309694542,205.63989694335598,88701500,NVDA
2026-07-21,207.0583038330078,208.4167843613107,203.78197113093626,207.30802440628602,108685600,NVDA
2026-07-22,211.82298278808594,214.15038042761168,204.72092886821054,205.57996827489498,137645600,NVDA
2026-07-23,208.5266571044922,210.63429930291466,205.72979894313582,209.22588688656515,110505300,NVDA
2026-07-24,206.6088104248047,211.6731509810223,204.5810805834776,207.21812923496972,114836800,NVDA
2026-07-27,196.2903594970703,208.51668459839084,195.22156333884286,207.96729627325774,154353700,NVDA
2026-07-28,196.789794921875,198.47790843456414,192.52457850774027,194.78204700134697,134111500,NVDA
2026-07-29,189.79762268066406,196.84974460884015,189.79762268066406,195.63110696844683,147680800,NVDA
2026-07-30,194.82199096679688,197.02952748682713,191.3059363552755,193.23377181769484,129010200,NVDA
2026-07-31,200.52561950683594,201.77422236802423,194.73209918257555,198.2182038580375,139961200,NVDA
2026-08-03,206.40904235839844,208.50670133078404,196.62999113475112,197.46904862701152,128406900,NVDA
2026-08-04,211.70310974121094,212.82185300096492,208.8163406042335,211.06382570110384,134922000,NVDA
2026-08-05,218.9749755859375,221.9716224388697,216.15812022814887,216.6176127852948,158187400,NVDA
2026-08-06,218.7452392578125,223.38005249670454,216.75745800384053,221.28239358061882,113940600,NVDA
2026-08-07,223.70968627929688,224.50877992471257,220.41337164588714,221.29237770419127,105669400,NVDA
2026-08-10,217.3068389892578,223.88946943306019,216.5277120448001,223.15029107269072,115846600,NVDA
2026-08-11,217.25689697265625,221.9516406634887,215.95834695389817,221.92167541427946,101273100,NVDA
2026-08-12,223.8395233154297,224.84840415873398,219.95387191061064,220.7929293559802,108783600,NVDA
2026-08-13,225.04818725585938,226.97602279610956,223.45996804263754,224.80845001468583,98867200,NVDA
2026-08-14,224.90834045410156,227.23573802273873,224.24907448357243,226.51654155338588,75680900,NVDA
2026-08-17,224.7584991455078,227.66525027466162,224.60867289832842,225.72741618855906,93678700,NVDA
2026-08-18,219.49440002441406,221.39227027986857,218.44557057093272,220.20359791537197,103128200,NVDA
2026-08-19,217.31683349609375,222.62089613745684,216.51772459764655,221.4222404106533,96797300,NVDA
2026-08-20,216.60763549804688,219.6142657707553,215.41896310784705,218.1159423024499,92457000,NVDA
2026-08-21,214.48001098632812,218.49552214328025,214.26025565862156,218.17587248780362,98869300,NVDA
2026-08-24,208.24697875976562,215.34903256074918,207.01835779182306,215.28910206110334,135187300,NVDA
2026-08-25,212.81187438964844,214.48998931653267,209.87515802586688,210.79412790131315,122309000,NVDA
2026-08-26,209.4256591796875,213.3612577394914,208.99613188036045,212.40232405945306,179900000,NVDA
2026-08-27,227.7251739501953,230.21239627098788,220.6530857022795,222.61090164325523,298909800,NVDA
2026-08-28,217.3068389892578,229.00374173344596,216.56766062888835,227.10587153371227,195116400,NVDA
2026-08-31,220.53323364257812,221.05265670783686,215.96834944345454,218.62536478578363,124702700,NVDA
2026-09-01,217.1969757080078,220.1636574397174,214.8595947199138,216.50774446342592,109756200,NVDA
2026-09-02,224.1591796875,227.6952163087265,218.23579974693772,218.5454508199983,157104700,NVDA
2026-09-03,228.1946563720703,230.14247379152744,224.49879494304554,225.76737972053164,134681600,NVDA
2026-09-04,230.10252380371094,234.49759976142684,229.37334400327853,230.83170360414334,135352400,NVDA
2026-09-08,225.47769165039062,233.44878317831424,224.59868561283858,232.84944771666764,122965600,NVDA
2026-09-09,223.4199981689453,225.92718720955042,223.21024142511232,225.0281992525124,82955500,NVDA
2026-09-10,218.36000061035156,220.99000549316406,217.1999969482422,220.52999877929688,105768000,NVDA
2026-09-11,218.2899932861328,222.0,218.14999389648438,221.24000549316406,89060100,NVDA
2026-09-14,210.9600067138672,212.77000427246094,208.92999267578125,211.24000549316406,132267200,NVDA
2026-09-15,212.1699981689453,213.94000244140625,211.16000366210938,213.3800048828125,88059700,NVDA
2026-09-16,213.89999389648438,216.75999450683594,212.5,214.13999938964844,96563600,NVDA
2026-09-17,219.33999633789062,219.91000366210938,217.14999389648438,218.3800048828125,94191300,NVDA
2026-09-18,222.27000427246094,222.72999572753906,218.02999877929688,219.35000610351562,190287400,NVDA
2026-09-21,227.3800048828125,228.5,221.55999755859375,222.94000244140625,109806100,NVDA
2026-09-22,228.8699951171875,229.97999572753906,226.5,226.85000610351562,95746700,NVDA
2026-09-23,225.50999450683594,228.9499969482422,224.02000427246094,228.02999877929688,89547300,NVDA
2026-09-24,224.5800018310547,224.94000244140625,221.08999633789062,222.0800018310547,77469900,NVDA
2026-09-25,225.07000732421875,226.94000244140625,223.1300048828125,225.1300048828125,89808400,NVDA
